Price,Close,High,Low,Open,Volume
Ticker,XLF,XLF,XLF,XLF,XLF
Date,,,,,
2020-01-02,27.882179260253906,27.882179260253906,27.630987839494296,27.7117278779134,28843300
2020-01-03,27.586132049560547,27.702755594771588,27.442594588792417,27.523334624362178,51363600
2020-01-06,27.568185806274414,27.586128414281344,27.32596573148471,27.334937035488178,27956100
2020-01-07,27.388771057128906,27.550249432427282,27.388771057128906,27.505394613361343,39627500
2020-01-08,27.568185806274414,27.720694552130755,27.415677060418076,27.415677060418076,47966600
2020-01-09,27.73863983154297,27.79246594964627,27.657899798837295,27.765553746145343,27705300
2020-01-10,27.532306671142578,27.765555478948823,27.49642144943321,27.75658417352148,33458200
2020-01-13,27.7206974029541,27.747611317732346,27.523333827884656,27.59510255619186,27542700
2020-01-14,27.6668701171875,27.88217629302498,27.63098489899723,27.720696233371527,37575400
2020-01-15,27.514362335205078,27.622016282481997,27.424650997657885,27.532304944934804,41457300
2020-01-16,27.75658416748047,27.75658416748047,27.586132786601166,27.648930213477342,34444000
2020-01-17,27.837322235107422,27.900119657539307,27.729668288723172,27.837322235107422,38819400
2020-01-21,27.60407257080078,27.828350050164907,27.60407257080078,27.70275349817206,41276500
2020-01-22,27.684810638427734,27.75657935829444,27.64892542294375,27.693781942298727,27391000
2020-01-23,27.613046646118164,27.67584407286526,27.352883922621285,27.54127791396412,43072300
2020-01-24,27.263168334960938,27.6220136509629,27.09271869207141,27.6220136509629,58924900
2020-01-27,26.841529846191406,26.967124691984022,26.68902108582833,26.724906305255615,50289300
2020-01-28,27.155515670776367,27.272139198823915,26.9402095113108,26.98506431953649,34257900
2020-01-29,27.110660552978516,27.34390933223303,27.065805742433984,27.245228406814793,41167500
2020-01-30,27.45155906677246,27.469501672681528,26.85049545762744,26.8684380635365,51210000
2020-01-31,26.87741470336914,27.254200970757566,26.778733767194655,27.218317460630896,58958800
2020-02-03,27.06580352783203,27.334935791280724,27.047860920641796,27.06580352783203,40168200
2020-02-04,27.325969696044922,27.586132416586995,27.31700010184139,27.43362364860408,79273300
2020-02-05,27.873205184936523,27.900119098768922,27.630985093749096,27.6937842260247,51086900
2020-02-06,27.837322235107422,28.0526284167745,27.783494406364582,28.02571450240308,37044400
2020-02-07,27.73863983154297,27.819379864248646,27.62201629046891,27.68481371343967,27982500
2020-02-10,27.819379806518555,27.819379806518555,27.639957131744627,27.648928436593465,17723700
2020-02-11,27.91806411743164,28.043658970619397,27.89115020127646,27.89115020127646,27997400
2020-02-12,27.936006546020508,28.1513127537409,27.900123033617927,28.06160311718363,26964200
2020-02-13,27.927032470703125,27.9898316056079,27.765554114252392,27.84629414802849,22758700
2020-02-14,27.962915420532227,27.98085802904838,27.828349278863712,27.900118001827007,22080200
2020-02-18,27.7206974029541,27.953946197727873,27.55921733648753,27.882177469420668,37768900
2020-02-19,27.927032470703125,27.998801199492828,27.78349501312372,27.819380233069303,25643300
2020-02-20,27.873205184936523,28.06159915956054,27.684812921413897,27.828350372983916,50344300
2020-02-21,27.60407257080078,27.801436136644718,27.451563816389122,27.73863871619898,51128200
2020-02-24,26.70696258544922,26.9671235710775,26.58136603377567,26.733874787799618,70455400
2020-02-25,25.80088233947754,26.76976101598748,25.67528749416559,26.715934898153993,111826900
2020-02-26,25.612489700317383,26.21355346605699,25.612489700317383,25.971335067584004,95015700
2020-02-27,24.518014907836914,25.468950977387777,24.50007229814126,25.065252525844237,143536200
2020-02-28,23.854156494140625,24.087405313721998,23.297947507277094,23.683705104619307,192063500
2020-03-02,25.074222564697266,25.074222564697266,23.647817676839274,23.899007355490113,127115500
2020-03-03,24.13225746154785,25.3433562437342,23.890037362890293,24.993483908629802,256525000
2020-03-04,24.930686950683594,24.939656544636982,24.042546572368003,24.455218049384502,124408000
2020-03-05,23.728559494018555,24.16814317589595,23.45942547518854,24.10534575149939,130265700
2020-03-06,22.92115592956543,23.18131860678685,22.454660109091098,22.652023659634036,160606600
2020-03-09,20.463077545166016,21.422984920928304,20.202916548615242,20.63352891531397,134165700
2020-03-10,21.66520118713379,21.683143793681587,20.489987835871354,21.414011539869197,149282300
2020-03-11,20.489988327026367,21.216646798619088,20.202913459784856,21.001340648187956,146915400
2020-03-12,18.274127960205078,19.924808470502025,18.2113288348824,18.785480288695588,161437500
2020-03-13,20.67838478088379,20.714270002152347,18.74959862633848,19.646708624834112,160945700
2020-03-16,17.843521118164062,19.14433157712916,16.982296157738922,17.359082505700396,110661600
2020-03-17,18.81239128112793,19.009756525844807,17.5295257459737,18.25618418134659,122295100
2020-03-18,17.21554183959961,17.98705529668745,16.399171854651,17.628211629309202,145056400
2020-03-19,17.592323303222656,17.843512946087742,16.246658635527325,16.85669355865872,105652800
2020-03-20,16.964344024658203,17.870425012812195,16.749037905359373,17.780713701995783,157840900
2020-03-23,15.977301597595215,16.827736034985087,15.823499643233331,16.682981457422215,144547900
2020-03-24,17.958633422851562,18.058151122914825,16.80964237854294,16.927254833385266,158551100
2020-03-25,18.447175979614258,19.207138270027983,17.542459131560822,18.220996767600898,162949600
2020-03-26,19.6052188873291,19.74092610209367,18.664312310487812,18.691454443685068,129753900
2020-03-27,19.008102416992188,19.605215437370116,18.591931742589374,18.809065318736398,109305600
2020-03-30,19.369997024536133,19.478563858513656,18.637176503424534,19.035252593860402,67297200
2020-03-31,18.836210250854492,19.40618300547617,18.673360892391155,19.18904937711774,83819900
2020-04-01,17.687219619750977,18.040060482214972,17.524371982011083,17.84102160451451,79185000
2020-04-02,18.130531311035156,18.27528590737943,17.515323413766527,17.578653333965786,68398300
2020-04-03,17.768644332885742,18.22100290938985,17.5153246344345,17.9586358323352,68418100
2020-04-06,19.044292449951172,19.198094411319225,18.519556650979716,18.655265583536227,69015100
2020-04-07,19.23428726196289,20.102814917803823,19.22523988317983,20.084721885848765,70950900
2020-04-08,20.075668334960938,20.20232814776109,19.30665863093746,19.523790478142228,80003400
2020-04-09,21.15228271484375,21.405604096232626,20.564217009573547,20.600406517890846,147845500
2020-04-13,20.383272171020508,21.107044993419024,20.202328102615617,21.08895024145643,66236300
2020-04-14,20.473743438720703,20.935149281718616,20.09376225775834,20.87181937249332,96169000
2020-04-15,19.587125778198242,19.77711727532646,19.4876080659987,19.659503080530182,63482000
2020-04-16,19.243335723876953,19.578080129636266,19.05334420996097,19.541892338078224,68907600
2020-04-17,20.256614685058594,20.37422887073266,19.831398282539812,19.994247631558753,88698600
2020-04-20,19.903776168823242,20.229474876508572,19.677596894177523,19.858541004138466,59063100
2020-04-21,19.261425018310547,19.64140448712625,19.18904600450489,19.29761279960271,71957900
2020-04-22,19.469512939453125,19.71378697729087,19.424276047847446,19.65950270736406,47507800
2020-04-23,19.38808822631836,19.77711686539301,19.360946091402347,19.523795449676477,71740200
2020-04-24,19.668550491333008,19.749975172291574,19.297616600571097,19.596173188882172,33825300
2020-04-27,20.338035583496094,20.446602371221903,19.831394600533603,19.867582379368503,109435100
2020-04-28,20.5551700592041,21.107047993224313,20.509934898479166,20.953246030904456,46452300
2020-04-29,21.15228271484375,21.405604096232626,20.971340350089466,21.188472223161046,70064400
2020-04-30,20.618501663208008,20.95324599343985,20.518982239058168,20.727066738998044,56745700
2020-05-01,19.958057403564453,20.184236663386933,19.822350192793127,20.129954124200562,37534300
2020-05-04,19.777116775512695,19.804257184694393,19.397135516470268,19.695692096745677,50177200
2020-05-05,19.713781356811523,20.15709241449155,19.713781356811523,20.048525631201727,65123000
2020-05-06,19.28856658935547,19.949009599776463,19.270471834809772,19.894727061750146,63738400
2020-05-07,19.740922927856445,20.066621571409463,19.541885826579925,19.541885826579925,61339000
2020-05-08,20.1661434173584,20.193283823854525,19.912822027859544,20.120906530513537,42218300
2020-05-11,19.777116775512695,19.949011785699987,19.66854996195302,19.88568186346141,54994900
2020-05-12,19.261425018310547,19.930915365516878,19.243330264859132,19.858538077321885,62202700
2020-05-13,18.691452026367188,19.125715747695935,18.546697452590937,19.098575343619537,86848300
2020-05-14,19.17095184326172,19.18904487003279,18.175762895208987,18.365752618384487,103763100
2020-05-15,19.044292449951172,19.207141788530375,18.81811319650467,18.990009912295022,70285000
2020-05-18,20.021385192871094,20.175187142232787,19.614263603815285,19.749970800167223,79548500
2020-05-19,19.532838821411133,20.003292043123608,19.523791444961592,19.903772627789266,56673200
2020-05-20,19.967105865478516,20.084720053316087,19.840446025294273,19.858540781209424,50402600
2020-05-21,19.903776168823242,20.093765931232404,19.79520935772449,19.903776168823242,49939900
2020-05-22,19.831396102905273,19.921868145262266,19.63235899020843,19.894726014871964,37584500
2020-05-26,20.862773895263672,21.079905771920835,20.564217349158724,20.58231210361618,108349200
2020-05-27,21.767494201660156,21.80368371604627,21.297042593917872,21.79463633744974,121521200
2020-05-28,21.4237003326416,22.020813456303838,21.360370414315433,22.011766078598548,101590100
2020-05-29,21.17942237854004,21.36941382384913,20.962290530765745,21.170375002514792,86969000
2020-06-01,21.4237003326416,21.523219761788926,21.116096393105195,21.26085098516811,52619200
2020-06-02,21.595598220825195,21.74940019887622,21.441796242774174,21.6136912515993,52572800
2020-06-03,22.400794982910156,22.50031441335047,22.02081374240545,22.07509628373159,77622900
2020-06-04,22.889339447021484,22.889339447021484,22.183661290263448,22.364603655191598,97575100
2020-06-05,23.739774703979492,24.273557890714375,23.65835003308022,24.228322729375133,135859300
2020-06-08,24.19213104248047,24.246413576324198,23.857386737231742,24.128801132061014,80298400
2020-06-09,23.676450729370117,23.88453528472589,23.450271414693525,23.622168177018878,92833100
2020-06-10,22.789823532104492,23.667398470926873,22.77172877651371,23.540738633013156,110848900
2020-06-11,20.926105499267578,22.0389088296683,20.8899177130426,21.713210125588976,233116600
2020-06-12,21.559404373168945,21.767488852925233,21.00752649366604,21.767488852925233,127502900
2020-06-15,21.857961654663086,21.93033894256817,20.772300610476176,20.817537493923513,92469500
2020-06-16,22.201759338378906,22.726495208060648,21.667976090266844,22.726495208060648,108121300
2020-06-17,21.86701011657715,22.265086082616307,21.83082060802325,22.265086082616307,56320900
2020-06-18,21.839868545532227,22.04795477383476,21.586548881598205,21.64987879758171,61206500
2020-06-19,21.695112228393555,22.26508487800492,21.450838235702967,22.256037501355937,99903900
2020-06-22,21.587675094604492,21.74245816313253,21.423788672002875,21.560361559146795,47929500
2020-06-23,21.687828063964844,22.05202298686491,21.669617883665246,21.91545010785468,47218900
2020-06-24,20.923019409179688,21.41468389401953,20.859285510023078,21.405578803194512,90217500
2020-06-25,21.478416442871094,21.523940157515682,20.81376048399705,20.850179108389042,110208900
2020-06-26,20.558818817138672,21.177950930377996,20.504190023799328,21.114217048712423,123959100
2020-06-29,20.78644561767578,20.923018500885213,20.604347282317587,20.77734052724603,69107100
2020-06-30,21.068693161010742,21.214371111738878,20.658974575819673,20.67718301719707,60653100
2020-07-01,20.8865966796875,21.259896647092315,20.822862793050312,21.15974240430921,60500300
2020-07-02,20.913911819458008,21.423786425025565,20.868388107390828,21.3509474437471,50841900
2020-07-06,21.31452751159668,21.542149549727032,21.196164815880962,21.378261404414246,60271700
2020-07-07,20.87749481201172,21.150640578779342,20.822866005981883,21.14153548833796,43810900
2020-07-08,21.096012115478516,21.150640922395862,20.795551072505422,20.86839006060137,53046100
2020-07-09,20.649873733520508,21.132431393314846,20.47688048022254,21.086907675582044,71163700
2020-07-10,21.36005401611328,21.38736928944135,20.640769184659824,20.640769184659824,94440600
2020-07-13,21.45110321044922,21.769774453097458,21.323635408037347,21.6332015595678,102487100
2020-07-14,21.560361862182617,21.624095761304343,21.168851640013724,21.360053337378904,102468300
2020-07-15,21.9882869720459,22.08844121741717,21.751559860834487,22.0793361281454,90561800
2020-07-16,21.9882869720459,22.215908993985543,21.71514124036561,21.79708530719334,74678500
2020-07-17,21.80619239807129,22.052022884501223,21.797087307963757,22.033814440904525,47033200
2020-07-20,21.70604133605957,21.833509143076437,21.624097249657694,21.687831153166126,40127600
2020-07-21,22.13397216796875,22.243231538354426,21.82440597793125,21.85172125468236,46491300
2020-07-22,22.13397216796875,22.15218235246949,21.951875532817663,22.024714534201856,44437400
2020-07-23,22.152177810668945,22.27964560280221,22.0156049281521,22.088443914602312,49916100
2020-07-24,22.097549438476562,22.28875113042729,22.024710450597457,22.170388426355665,41245600
2020-07-27,21.915447235107422,22.015601477008293,21.724245576880108,21.997391299095742,43060200
2020-07-28,21.86081886291504,21.96097310676269,21.760664619067388,21.833503595515268,35370500
2020-07-29,22.270540237426758,22.29785550824021,21.78798260938453,21.82440123385074,36491600
2020-07-30,21.869924545288086,21.91544825557106,21.587671984355314,21.851714366527606,53994600
2020-07-31,21.8790340423584,21.9063475793834,21.58767633334926,21.860823859929344,50115900
2020-08-03,21.942766189575195,22.11575943558055,21.815296659383566,21.970079724416053,42982100
2020-08-04,21.851720809936523,21.888141178196747,21.73335808632828,21.851720809936523,30754400
2020-08-05,22.152177810668945,22.206806616351997,21.970079476234204,21.99739474738494,34860700
2020-08-06,22.143075942993164,22.23412512346185,21.988292857182,22.079342037650687,33115400
2020-08-07,22.616525650024414,22.63473582970419,21.98828834401865,22.03381379321809,63302800
2020-08-10,22.780414581298828,22.86235865607186,22.643841702216566,22.743994220680424,45436100
2020-08-11,23.044456481933594,23.417756515147797,22.989827674702326,23.208344640245873,73758600
2020-08-12,22.980722427368164,23.463281808373075,22.816834270173345,23.454176717793537,58793600
2020-08-13,22.835050582885742,22.998938784087,22.69847766075767,22.80773530381256,35222500
2020-08-14,22.926095962524414,23.035353587403197,22.69847388463854,22.725787422548915,28276900
2020-08-17,22.543691635131836,22.86236290326972,22.534586543285762,22.844152719577565,53397000
2020-08-18,22.398014068603516,22.616531067246143,22.379803884561948,22.56190225174017,35502500
2020-08-19,22.388906478881836,22.707577717583476,22.325172578465214,22.479955652313524,59847200
2020-08-20,22.179494857788086,22.306962660128022,22.115760956618118,22.13396940222485,45586100
2020-08-21,22.13397216796875,22.334280724239356,22.06113316658456,22.143077260219123,35349200
2020-08-24,22.662052154541016,22.662052154541016,22.206808026171007,22.26143857194075,51010900
2020-08-25,22.725786209106445,22.91698964736297,22.580108225967447,22.853255746816977,55236900
2020-08-26,22.616525650024414,22.725783254866442,22.534581578083735,22.67115445244543,30646600
2020-08-27,22.998931884765625,23.108189495044932,22.598316594965226,22.598316594965226,66463900
2020-08-28,23.089982986450195,23.171927069337325,22.898779547507377,23.16282197828114,49170600
2020-08-31,22.81683349609375,23.071770813816563,22.81683349609375,23.071770813816563,52259000
2020-09-01,22.880571365356445,22.9625154554062,22.62563573997382,22.69847473817153,42036100
2020-09-02,23.208345413208008,23.290289495093322,22.8077300947263,22.8714657313404,48432500
2020-09-03,22.853256225585938,23.68180042327871,22.70757823939503,23.344918994825615,98405500
2020-09-04,23.026247024536133,23.390441951090814,22.662050361363058,23.26297242433288,111105500
2020-09-08,22.434431076049805,22.85325659559364,22.35248699041337,22.798627784042218,84687600
2020-09-09,22.662052154541016,22.82594031861318,22.498163990468846,22.6438437092363,52321200
2020-09-10,22.343381881713867,22.889673427581364,22.297856428479264,22.73489035982065,55515300
2020-09-11,22.498165130615234,22.616529582496206,22.306963420587138,22.379802415352884,69285700
2020-09-14,22.807729721069336,23.00803824533782,22.634738205806464,22.69847210475789,51021000
2020-09-15,22.498165130615234,22.871466932485617,22.479956684387762,22.853256749639527,48459900
2020-09-16,22.75310516357422,23.00804254362499,22.498167783523446,22.543693246006885,62119900
2020-09-17,22.516372680664062,22.652945562803293,22.379799798524832,22.443533694415244,47334200
2020-09-18,22.470848083496094,22.69847012366665,22.425322633490975,22.516371796882865,61707200
2020-09-21,21.907821655273438,22.127540506753185,21.56908733455245,21.999371613265886,72307300
2020-09-22,21.724720001220703,22.06345429484154,21.541621846054632,21.852890630624028,84561500
2020-09-23,21.239505767822266,21.92612769894363,21.239505767822266,21.770493324709328,54282500
2020-09-24,21.285282135009766,21.58739574707923,21.00147886213725,21.248661456615864,56512300
2020-09-25,21.5049991607666,21.578238765233323,21.083871871625423,21.12964596960341,46026600
2020-09-28,22.017677307128906,22.173311691360382,21.8071136538069,21.8071136538069,62803500
2020-09-29,21.743030548095703,21.990214893407508,21.62401683341044,21.953594214322756,53250800
2020-09-30,22.035985946655273,22.219085824400675,21.825422309566957,21.83457747807121,66732200
2020-10-01,22.072608947753906,22.27401743757216,21.898664220174034,22.127538218400698,65766100
2020-10-02,22.246553421020508,22.374724056018202,21.724720949456767,21.779651969957268,63368100
2020-10-05,22.61275291442871,22.685992527872465,22.402187497879055,22.457118517589464,58911700
2020-10-06,22.383878707885742,22.960640440427056,22.301483925212683,22.8050060449524,88404900
2020-10-07,22.75923728942871,22.86909586135916,22.594447685362514,22.594447685362514,53815200
2020-10-08,23.070499420166016,23.1254286900996,22.832470255560477,22.88739952549406,57646300
2020-10-09,23.09796142578125,23.226132040774097,22.91486329120127,23.198666534810656,52031600
2020-10-12,23.354305267333984,23.42754488406591,23.079655394961616,23.079655394961616,45931400
2020-10-13,22.905715942382812,23.354308882579282,22.832476314313396,23.28106925450987,60377800
2020-10-14,22.68599510192871,23.006417355745384,22.658529588957144,22.924024309171326,48982200
2020-10-15,22.85993766784668,22.869092838659228,22.438810287491187,22.47542922457109,41637200
2020-10-16,22.878246307373047,23.024725537135463,22.768387758136313,22.90571181776731,40103600
2020-10-19,22.53035545349121,22.969793081930302,22.493734778036327,22.960637913066584,42989000
2020-10-20,22.713455200195312,22.97894987752846,22.667681098806167,22.676836268318006,67293900
2020-10-21,22.594446182250977,22.823320229079012,22.594446182250977,22.6768409788027,44307200
2020-10-22,23.04303550720215,23.070501017155166,22.576132315021635,22.585287485005974,39511800
2020-10-23,23.116273880004883,23.262753099550917,22.933173982487325,23.1895134897779,45092700
2020-10-26,22.594446182250977,22.823320229079012,22.38388247825008,22.78669954342473,54015100
2020-10-27,22.182470321655273,22.585289098900066,22.16415998037818,22.585289098900066,46083300
2020-10-28,21.614866256713867,21.90782476696406,21.48669559885156,21.715569653255834,89288300
2020-10-29,21.77965545654297,21.935288134365,21.285286669918538,21.55993483170738,60908400
2020-10-30,21.84373664855957,21.880355583115687,21.48669199615899,21.651481567086922,66221600
2020-11-02,22.255706787109375,22.3564119036939,21.93528284484317,22.209932686572778,65136000
2020-11-03,22.750076293945312,22.97895029741323,22.64021600396588,22.667681513003256,79834200
2020-11-04,22.484586715698242,22.887405542168132,22.145854091529614,22.347262631679328,87397400
2020-11-05,23.03388023376465,23.198669800402364,22.676837336829678,22.676837336829678,65942300
2020-11-06,22.85078239440918,23.171206386728166,22.77754277440801,23.14374262058415,60783500
2020-11-09,24.727548599243164,25.121212181391297,24.407124631482812,24.700083089033942,162966800
2020-11-10,24.855716705322266,24.947266656967173,24.526139324038727,24.75501333006595,85851200
2020-11-11,24.75501251220703,25.011350272939747,24.608531546712584,24.993039933981688,65062400
2020-11-12,24.34304428100586,24.507833877634056,24.123325400891744,24.452902847977697,62733800
2020-11-13,24.745861053466797,24.846564440496934,24.5078318498287,24.57191629962159,45031800
2020-11-16,25.295154571533203,25.38670452387923,25.047971970220058,25.368394184176005,67556100
2020-11-17,25.258535385131836,25.304309487761007,24.8374063070291,25.011351040126105,63679700
2020-11-18,25.0205078125,25.57896098043039,25.011352642153742,25.3775507251531,71578400
2020-11-19,25.102903366088867,25.13036887796644,24.73670527190582,24.8923396802049,47194800
2020-11-20,24.88318634033203,25.075439699109115,24.828257058705773,24.974736307156043,39974700
2020-11-23,25.35008430480957,25.423323913737438,25.075434461702557,25.203605086953836,51870500
2020-11-24,26.238117218017578,26.265582728729957,25.725439907911095,25.78952435340313,60983200
2020-11-25,26.14656639099121,26.164876730856296,25.835297597965237,26.091637117566076,45204600
2020-11-27,26.06417465209961,26.174034957951836,25.963471263419585,26.1465694449462,26981200
2020-11-30,25.52402687072754,25.981774855645803,25.47825277070371,25.90853524790568,72524200
2020-12-01,25.917694091796875,26.15572328724293,25.89938549689351,26.000088880457827,53972100
2020-12-02,26.201496124267578,26.247270225512967,25.835296329624313,25.881072177039737,57471800
2020-12-03,26.210651397705078,26.36628579756318,26.055016997846977,26.219806567834397,49566000
2020-12-04,26.531068801879883,26.57684464119828,26.366279272673093,26.384589608400454,52713100
2020-12-07,26.347976684570312,26.421216297992302,26.19234228777732,26.375440448247232,34631600
2020-12-08,26.33881950378418,26.40290394236463,26.100790341792518,26.100790341792518,31628500
2020-12-09,26.274738311767578,26.503612332789352,26.174033183743532,26.48530199202676,47589600
2020-12-10,26.320512771606445,26.34797828311984,25.99093361812664,26.07332840649659,41298300
2020-12-11,26.055015563964844,26.119101751343226,25.844451901088906,26.027551801258454,48216300
2020-12-14,25.752901077270508,26.402904129266307,25.73459248481077,26.402904129266307,38302900
2020-12-15,26.19234275817871,26.265582372916047,25.807834344265153,25.954313573739825,38604200
2020-12-16,26.238117218017578,26.256427558492497,26.1099483270335,26.238117218017578,55602800
2020-12-17,26.311357498168945,26.357133350512186,26.164878263011015,26.283891986763,38510900
2020-12-18,26.08248519897461,26.347979921603528,25.92685078306084,26.347979921603528,56080100
2020-12-21,26.4340763092041,26.562934423991287,25.98307729628953,26.38805668248197,77688100
2020-12-22,26.17636489868164,26.489303291530476,26.15795634485846,26.452486183884112,42317900
2020-12-23,26.60895538330078,26.75622030283017,26.323629821154633,26.33283409806726,52681400
2020-12-24,26.645771026611328,26.673382100295502,26.42487190392062,26.664177823888704,16071000
2020-12-28,26.774629592895508,26.986322701098032,26.68258857677465,26.82985350035348,32824800
2020-12-29,26.682586669921875,26.894279762995897,26.65497384039804,26.88507548648795,23607000
2020-12-30,26.802244186401367,26.8850791752658,26.71020316422963,26.7746313530889,16616700
2020-12-31,27.13358497619629,27.1704020812655,26.691790248582915,26.765422703185145,26239300
2021-01-04,26.765422821044922,27.244034655835044,26.535321179957695,27.23483037952721,47086300
2021-01-05,26.88507843017578,27.00473228234391,26.61816140436518,26.75622205602835,35265400
2021-01-06,28.072399139404297,28.29329649573855,27.400502794445586,27.400502794445586,102254900
2021-01-07,28.47738265991211,28.771912511342894,28.422156996116545,28.48658693721137,64342700
2021-01-08,28.45897102355957,28.6246444859331,28.081604472835952,28.61544020963055,54266400
2021-01-11,28.551010131835938,28.59702975475127,28.06319405346742,28.18284788190502,56590400
2021-01-12,28.845542907714844,28.983603546240353,28.633849811606645,28.716686545829205,60546600
2021-01-13,28.827136993408203,28.90076945773156,28.61544387792061,28.799525916497213,55394700
2021-01-14,28.955989837646484,29.103256503879297,28.79952240612553,28.909970211379875,49828800
2021-01-15,28.47738265991211,28.70748432578446,28.26568779310189,28.532606568171285,68732700
2021-01-19,28.551010131835938,28.698275031808304,28.37613240479272,28.62464258182212,97457200
2021-01-20,28.43136215209961,28.643057025452354,28.330118609751548,28.643057025452354,56113100
2021-01-21,28.127622604370117,28.46817378732598,28.127622604370117,28.41294988798096,43713800
2021-01-22,27.92513656616211,28.035584375780523,27.7962802030952,27.842299831180156,37928000
2021-01-25,27.7226505279541,27.75946588301076,27.37289499946534,27.64901806230433,68321500
2021-01-26,27.501750946044922,27.869915024081575,27.483344146572232,27.833097914063337,55504600
2021-01-27,26.691787719726562,27.151990956273572,26.63656382289101,27.12437813008778,84059200
2021-01-28,27.188814163208008,27.501750819237966,26.949508215802165,27.03234495742482,62985900
2021-01-29,26.645771026611328,27.18881104585886,26.526117188859175,27.115176834604476,78260700
2021-02-01,26.995529174804688,27.03234628646327,26.710203581596705,26.94030526285332,41947400
2021-02-02,27.649015426635742,27.787076067126247,27.299259931487757,27.30846420825863,54263000
2021-02-03,27.805482864379883,27.814687141150507,27.556974413718216,27.612198318805664,46195200
2021-02-04,28.42215347290039,28.431357749058687,27.88831774447239,27.897522020630685,63061800
2021-02-05,28.43136215209961,28.65225954749963,28.366933964549993,28.624648470284907,38461900
2021-02-08,28.799528121948242,28.799528121948242,28.523405042938,28.523405042938,48756300
2021-02-09,28.80872344970703,28.900764453056816,28.606234646766403,28.707479926004776,33572000
2021-02-10,28.80872344970703,28.9928054564066,28.670662822450414,28.955988352852238,38899600
2021-02-11,28.716686248779297,28.937583619242368,28.523399952413953,28.82713405624271,31909500
2021-02-12,29.011213302612305,29.038824374070433,28.661457849496625,28.689070676490836,38271800
2021-02-16,29.508237838745117,29.646296726680866,29.17689088998306,29.30574725648549,71330600
2021-02-17,29.655500411987305,29.69231400587949,29.314949213209843,29.416192740790017,60460900
2021-02-18,29.480623245239258,29.63709419814949,29.241319066231007,29.443807892905806,45188200
2021-02-19,29.83037567138672,29.931620952050643,29.637091141613208,29.67390824568596,54361800
2021-02-22,30.106494903564453,30.216946208349132,29.71992587003425,29.729128389896943,65930200
2021-02-23,30.29058074951172,30.327397855784987,29.97764236833395,30.31819182368042,94331400
2021-02-24,30.8796443939209,30.962481138198456,30.318195739492218,30.336604295006445,66000600
2021-02-25,30.31818962097168,31.14655689657429,30.23535289341142,31.12814834477509,92189400
2021-02-26,29.738340377807617,30.364217186003824,29.6278890508981,30.27217441357923,103105700
2021-03-01,30.667943954467773,30.85202595461349,30.244557811883105,30.244557811883105,67590700
2021-03-02,30.557504653930664,30.80601489655351,30.52989006403495,30.631135367815343,49987000
2021-03-03,30.79680061340332,31.25700386289616,30.640333193890392,30.677150296507136,72541700
2021-03-04,30.447044372558594,31.008489308361757,30.005246225685028,30.71395955116048,101311800
2021-03-05,31.026906967163086,31.10974370514037,30.170928511755378,30.962478783299943,109299800
2021-03-08,31.422679901123047,31.827661041111394,31.12815007808013,31.257006436777353,90538200
2021-03-09,31.137361526489258,31.597564893931974,30.852034174688473,31.17417512746915,117224600
2021-03-10,31.772430419921875,31.892084239053787,31.22939048518091,31.284616135027616,73269300
2021-03-11,31.68039894104004,31.92890918715429,31.42268617221333,31.6067682261209,50904800
2021-03-12,32.00253677368164,32.16821023671939,31.901291489483857,32.0485563998427,68126000
2021-03-15,31.81845474243164,32.13139311567546,31.52392492185774,32.122190594876706,57836400
2021-03-16,31.48710823059082,31.689598801550392,31.238598032887467,31.652781695726386,67373600
2021-03-17,31.69880485534668,31.882886893910456,31.36746139921931,31.717213410310343,64051100
2021-03-18,31.864479064941406,32.48115338151932,31.754031243715858,32.02095003016112,96690500
2021-03-19,31.49631690979004,31.64358183439095,31.164969951669807,31.61596724716576,98510500
2021-03-22,31.090465545654297,31.330830356859135,30.979524685128133,31.26611661820267,68170600
2021-03-23,30.655956268310547,31.1181992781021,30.545018933418174,30.9055679167941,70441900
2021-03-24,30.76689338684082,31.24762653683949,30.76689338684082,30.877834247587312,63357100
2021-03-25,31.284605026245117,31.330828618916502,30.508036678810047,30.748401476681682,60532600
2021-03-26,31.774581909179688,31.830052337156047,31.386299493247517,31.608174151884725,53779900
2021-03-29,31.497243881225586,31.70063196941821,31.173675128769048,31.330836086637966,71777800
2021-03-30,31.719120025634766,31.867037663670732,31.62666929771562,31.663649588883278,55011400
2021-03-31,31.47874641418457,31.783828475528072,31.460256271681867,31.654401004643223,51138300
2021-04-01,31.867036819458008,31.867036819458008,31.432527226335598,31.432527226335598,51690100
2021-04-05,32.11665725708008,32.27381824333679,32.014963194614886,32.20910448115632,51790700
2021-04-06,32.05192947387695,32.19985062658372,31.94099213598127,32.04268616514997,41336800
2021-04-07,32.20908737182617,32.283044406474396,31.98720921461417,32.14437364402135,38660800
2021-04-08,32.21834182739258,32.25532212083006,31.867039619641215,32.088914326996296,39927400
2021-04-09,32.49569320678711,32.51417982840996,32.25532480606786,32.44022276201301,40133700
2021-04-12,32.63435745239258,32.64360428797579,32.48643982277141,32.56040040089923,44435500
2021-04-13,32.32926940917969,32.486430301689076,32.153614850923965,32.4494500234633,39950900
2021-04-14,32.5234260559082,32.75454761484636,32.19985728404883,32.24608089050944,44065300
2021-04-15,32.49569320678711,32.63436402876958,32.19061105048234,32.59738373225352,55483500
2021-04-16,32.72681427001953,32.84699494190771,32.57889661285052,32.78228118731096,39115700
2021-04-19,32.63435745239258,32.81001206212892,32.52342011183532,32.71756133946914,31172300
2021-04-20,32.02419662475586,32.45870620243703,31.913259284768873,32.440216058000125,50227700
2021-04-21,32.46794891357422,32.495685893036146,31.82080797673475,31.91325869721718,39680000
2021-04-22,32.1074104309082,32.47720638062495,32.05193998046003,32.430982768569244,43611200
2021-04-23,32.70832061767578,32.84699142268229,32.05193277809321,32.10740321607666,50437700
2021-04-26,32.837745666503906,33.142824236096864,32.80076537727007,32.8284988308782,43749700
2021-04-27,33.096595764160156,33.14281935557846,32.81000738138632,32.8839644223288,50852400
2021-04-28,33.22602462768555,33.31847534104296,33.12433413294357,33.22602462768555,35771700
2021-04-29,33.81770706176758,33.845440519386244,33.457154479549914,33.48489146380358,48573000
2021-04-30,33.5218620300293,33.752983538452824,33.46639512505363,33.63280289324932,43940900
2021-05-03,33.68826675415039,33.873164649508695,33.55883928538979,33.80845091512839,33317300
2021-05-04,33.95637512207031,33.95637512207031,33.31848096213978,33.5403556583614,66939700
2021-05-05,34.23371124267578,34.363138702502084,34.0580601938592,34.0580601938592,38954200
2021-05-06,34.742183685302734,34.75142699308151,34.168999857266165,34.372387894739404,43332900
2021-05-07,34.92708206176758,34.93632889724143,34.261454499661696,34.34465838575424,64616700
2021-05-10,34.899349212646484,35.370835557574985,34.87161575901377,35.111980585977726,56341100
2021-05-11,34.27994918823242,34.86237294145368,34.15051816088169,34.54804749972884,82723700
2021-05-12,33.92863464355469,34.67746599658972,33.7899603421454,34.54803852947917,97911900
2021-05-13,34.474082946777344,34.68671429840261,33.78071846366421,33.799208606409984,66882600
2021-05-14,35.01953125,35.11197844088415,34.63124528969115,34.668225576698525,44850200
2021-05-17,35.08424377441406,35.121224060141266,34.76991839900114,34.908589180526924,40376700
2021-05-18,34.594276428222656,35.17670379772854,34.575789805247624,35.05651958857818,40299200
2021-05-19,34.38163757324219,34.40012771885988,33.82694731125023,34.196743170334656,63573900
2021-05-20,34.40013122558594,34.640499616484206,34.15976636132271,34.43711152059106,59216100
2021-05-21,34.742183685302734,34.927078053950375,34.52030550563793,34.538795647829495,44950300
2021-05-24,34.90859603881836,34.99179993473408,34.714454790559955,34.890109418956946,29159600
2021-05-25,34.55729293823242,35.22292056164454,34.51106933650911,34.95482226099544,38755900
2021-05-26,34.658973693847656,34.816134584796934,34.40936210825168,34.686707138924966,38601900
2021-05-27,35.056514739990234,35.14896547525595,34.769926277253894,34.97331436820352,39789500
2021-05-28,35.12122344970703,35.213670635784084,34.86236498074992,35.213670635784084,39265000
2021-06-01,35.333858489990234,35.57422331487969,35.241407767621624,35.472529283591456,35710700
2021-06-02,35.38932800292969,35.481778732106584,35.19518676161029,35.444798440435825,37537500
2021-06-03,35.4725341796875,35.68516558053205,35.16745557034877,35.27839292586877,54877500
2021-06-04,35.564979553222656,35.59271300626296,35.25065415443963,35.518752429309586,27250900
2021-06-07,35.333858489990234,35.620446912746765,35.26914474764944,35.620446912746765,37401800
2021-06-08,35.24140930175781,35.35235017342964,34.880860285410904,35.13971526604261,47747700
2021-06-09,34.90859603881836,35.14896441663482,34.81614883297193,35.102740813711605,40776200
2021-06-10,34.50181198120117,35.296870384328194,34.474078533949566,35.20442320906705,53775500
2021-06-11,34.72370147705078,34.74219162346712,34.557293685938546,34.5665369958293,40416700
2021-06-14,34.36313247680664,34.71443803742627,34.15974801677056,34.65897115134059,50613400
2021-06-15,34.427860260009766,34.60351133076987,34.2059820678506,34.37238983031142,51315100
2021-06-16,34.39088439941406,34.622005929616265,33.96562163023434,34.31692381696472,84961100
2021-06-17,33.373939514160156,34.585017310382845,33.2722490277312,34.5665271692229,97659900
2021-06-18,32.569644927978516,33.04113481459129,32.52342132823706,32.93019394325028,180960000
2021-06-21,33.329795837402344,33.34835922299829,32.83787851122307,32.89356512740712,89831400
2021-06-22,33.3854866027832,33.515426763719745,33.069916123107106,33.404049988717546,42576400
2021-06-23,33.4504508972168,33.60823433946061,33.36691744526324,33.413324131770054,48094900
2021-06-24,33.868125915527344,33.951659386616825,33.487585334031714,33.64536881242071,42942800
2021-06-25,34.2765007019043,34.36931407152457,33.84955353668609,34.04446373725052,56845000
2021-06-28,34.025909423828125,34.239383063332454,33.830999171316,34.21153975314616,70250700
2021-06-29,33.905242919921875,34.38788027081443,33.81242954269782,34.202249975762925,61051200
2021-06-30,34.05375289916992,34.12800644749887,33.79387256122671,33.8031524844658,42414100
2021-07-01,34.32291793823242,34.341481325983835,34.04447420316961,34.220821075901746,36615600
2021-07-02,34.28578567504883,34.360039214169674,34.14656560010266,34.32291244460925,27018400
2021-07-06,33.74746322631836,34.22081716780663,33.52470613934496,34.2022537821752,49225300
2021-07-07,33.79387283325195,33.86812638217861,33.46902240820805,33.54327241653061,43747100
2021-07-08,33.116329193115234,33.450463123052316,32.95854215259849,33.25555284412386,75084200
2021-07-09,34.07231521606445,34.118721912010415,33.49686439700583,33.59896125244932,70546500
2021-07-12,34.40645217895508,34.47142226722965,33.71962451987986,33.868128084593764,62953400
2021-07-13,34.035194396972656,34.350764941454685,33.90525420935145,34.29507831281964,44476200
2021-07-14,33.877403259277344,34.276507197360964,33.50614262923553,34.05375011121513,69632700
2021-07-15,33.98877716064453,34.2022507656728,33.54326656659378,33.54326656659378,53977600
2021-07-16,33.52471160888672,34.16513612554285,33.450461594850914,34.16513612554285,56160700
2021-07-19,32.587284088134766,33.05135819126262,32.39237381456613,32.87500776608721,89972200
2021-07-20,33.394771575927734,33.61752870022479,32.48518677120648,32.55015686150054,70635800
2021-07-21,33.970218658447266,34.13728559780061,33.636088320344555,33.66393163003545,59975000
2021-07-22,33.598968505859375,33.933102453770104,33.45974484736167,33.84956896679242,35292300
2021-07-23,33.65464782714844,34.016628552501075,33.561834435378394,33.92381162012709,36766900
2021-07-26,33.84955596923828,33.91452604076208,33.57110875916104,33.58967214253975,25396000
2021-07-27,33.84028625488281,33.98878984163878,33.43190227645511,33.589685788368726,38988400
2021-07-28,33.79387283325195,34.00734647550996,33.56183580376228,33.96093977773285,42908200
2021-07-29,34.165138244628906,34.31364182251578,33.86813108885517,34.01663466674204,41434200
2021-07-30,33.895965576171875,34.32291280883657,33.81243211407629,34.07231242254982,52385300
2021-08-02,33.905242919921875,34.51782041516946,33.85883623130985,34.127999982104356,47589900
2021-08-03,34.28578567504883,34.33219590730117,33.52470460207822,34.025905369333096,42169600
2021-08-04,33.9980583190918,34.360035430941224,33.81242803233221,33.96093155361923,52346400
2021-08-05,34.44358444213867,34.44358444213867,34.202263898158606,34.21154736402198,37168200
2021-08-06,35.13968276977539,35.20465284453634,34.75914224305975,34.7684221649098,58081000
2021-08-09,35.23249816894531,35.39956509664473,34.898364313546494,35.09327808959829,48015600
2021-08-10,35.603759765625,35.705856617624846,35.167529049117945,35.20465582086404,40907400
2021-08-11,36.012149810791016,36.021433275622,35.53879578193931,35.705862742852716,48372100
2021-08-12,36.07711410522461,36.12352080010949,35.82651370412162,36.049270796414454,44566400
2021-08-13,35.807952880859375,36.151366662354675,35.72441941610606,36.104959968737,43077200
2021-08-16,35.71513366699219,35.75226043575145,35.260343141803624,35.57591359505027,48011800
2021-08-17,35.464534759521484,35.73369853328331,35.11184106349257,35.473818222398066,52414800
2021-08-18,35.02831268310547,35.575920232357916,35.00046583103893,35.32531980738433,39550400
2021-08-19,34.768428802490234,35.028312691751545,34.54567522952821,34.647772092387555,48961300
2021-08-20,34.98189163208008,35.037581778397964,34.638477914627565,34.768418048766186,33898600
2021-08-23,35.26963806152344,35.41814165910565,35.15826124848804,35.15826124848804,28807400
2021-08-24,35.48310089111328,35.566634360449676,35.30675402944932,35.3345973390268,37677300
2021-08-25,35.9007682800293,36.12352183811908,35.501664319464126,35.575917865896706,47904800
2021-08-26,35.72442626953125,36.10496689516565,35.68729949127315,36.05855665204081,38484300
2021-08-27,36.19777297973633,36.2070529021219,35.761542274936055,35.770825737925364,38511100
2021-08-30,35.68729019165039,36.23489763614274,35.66872680735871,36.21633425185105,30096500
2021-08-31,35.640892028808594,35.91005231392959,35.51094830767594,35.65945187693746,49876200
2021-09-01,35.43669891357422,35.68729935495246,35.31603865499852,35.66873596589432,43976200
2021-09-02,35.55735397338867,35.68729413719296,35.41813034611041,35.52022720070062,29611500
2021-09-03,35.334598541259766,35.566635570577525,35.251065069081214,35.49238556230997,34847500
2021-09-07,35.12112808227539,35.455262001273006,35.12112808227539,35.455262001273006,39214900
2021-09-08,35.037593841552734,35.20466079742305,34.85196349718523,35.037593841552734,32523900
2021-09-09,35.13968276977539,35.47381660603372,34.963332389192644,34.99117923594986,33421000
2021-09-10,34.87980270385742,35.371719999079154,34.870519241341796,35.334593230223746,39350500
2021-09-13,35.27891540527344,35.334605578017666,35.028318479436386,35.13041181856028,40357300
2021-09-14,34.80555725097656,35.529511708803476,34.694180459142665,35.39957152822986,45670600
2021-09-15,35.13968276977539,35.22321622883997,34.74985878060617,34.78698554921343,36371300
2021-09-16,35.037593841552734,35.44597776667778,34.87981035023317,35.26963088686103,42630200
2021-09-17,34.87980270385742,35.213933001745445,34.7869857817189,34.991179469820096,82987200
2021-09-20,34.070682525634766,34.201185257729435,33.5859555521883,34.107970036499744,95008800
2021-09-21,34.024078369140625,34.41558660517051,33.94018323914378,34.28508385982722,45837600
2021-09-22,34.59270095825195,34.83506269467124,34.378303080206734,34.4528745545153,58347800
2021-09-23,35.44096755981445,35.608757799153835,34.87234547715685,34.92827674224753,71805000
2021-09-24,35.62740707397461,35.74858616654648,35.36639801904568,35.41300919180911,48066100
2021-09-27,36.11213684082031,36.21467218322139,35.87909518312665,35.9443465628062,58794500
2021-09-28,35.51554489135742,36.2799211942124,35.45961717295986,36.102810826064676,96152700
2021-09-29,35.54350662231445,35.701973207009665,35.37571638208852,35.627401742427416,49882500
2021-09-30,34.98420333862305,35.75790314607054,34.974883239370726,35.74857949088565,73319300
2021-10-01,35.56215286254883,35.8045145842934,34.946923124038676,35.07742586312675,70444000
2021-10-04,35.25453186035156,35.97230039260329,35.198600597966006,35.50621720718782,69772700
2021-10-05,35.9443359375,36.121446264856516,35.385033990807266,35.51553671158917,56058400
2021-10-06,35.98162078857422,36.009588197964,35.35707102181213,35.61807646989986,63405900
2021-10-07,36.19601821899414,36.578206250075944,36.14940706042903,36.354484779132676,53295600
2021-10-08,36.37314224243164,36.503645001370565,36.065525548418336,36.233315825892234,38607500
2021-10-11,36.009586334228516,36.72735483525303,35.99094258091111,36.45702574604918,50748300
2021-10-12,35.897735595703125,36.1401009124396,35.80452035445588,35.96299053169642,58527700
2021-10-13,35.69266128540039,35.925702944005614,35.1799703476556,35.88841542520474,72105100
2021-10-14,36.28923416137695,36.29855425972001,35.748576003242476,36.093480092782976,51893500
2021-10-15,36.829898834228516,37.01633285545737,36.522285721744126,36.64346836893286,58411100
2021-10-18,36.83921813964844,37.05361599416058,36.65278414044095,36.75532301780171,56312700
2021-10-19,37.202762603759766,37.202762603759766,36.8671821152776,37.00700850412276,33082600
2021-10-20,37.50104904174805,37.50104904174805,37.03496590144902,37.13750476126395,44670200
2021-10-21,37.342594146728516,37.57563578968029,37.14683646413974,37.49174065598032,35067600
2021-10-22,37.86459732055664,37.92984868261417,37.48240924739145,37.519696755976476,41458200
2021-10-25,37.8179931640625,38.00442716806907,37.724777940025646,37.957819556050644,33121000
2021-10-26,37.84596252441406,38.088327831652144,37.79003480423095,37.91121390191661,41586900
2021-10-27,37.221412658691406,37.920537609371664,37.212089001359644,37.75274733673373,62449500
2021-10-28,37.678165435791016,37.69680919112374,37.3425885076001,37.37055236263282,44566600
2021-10-29,37.52901840209961,37.7993475165852,37.45444693778826,37.72477605227385,42092000
2021-11-01,37.547664642333984,37.87392504359685,37.39851814790702,37.790029918235874,37503800
2021-11-02,37.6408805847168,37.752739558116744,37.43580283687302,37.53834171079491,31436800
2021-11-03,37.78070831298828,37.92053471482447,37.44512779332793,37.519702822556056,42946800
2021-11-04,37.28665542602539,37.73409486442579,36.99768256633797,37.64087964823375,48279700
2021-11-05,37.305301666259766,37.74342103460773,37.184119032389155,37.58495088940265,57866300
2021-11-08,37.5103759765625,37.78070151907038,37.417157206790414,37.53833982952789,32864600
2021-11-09,37.305301666259766,37.43580439999759,37.06293639851855,37.31462176612698,48420400
2021-11-10,37.240047454833984,37.47308904897446,37.14682868361828,37.26801130823243,60695100
2021-11-11,37.342594146728516,37.46377324079148,37.137516363032304,37.295982973391546,31438900
2021-11-12,37.42647933959961,37.435799438231534,37.09089889393309,37.39851193183918,39218800
2021-11-15,37.42647933959961,37.62223341426097,37.3519043268149,37.52901464828009,30081100
2021-11-16,37.389198303222656,37.6129162684254,37.286659420866,37.47309342915692,32599500
2021-11-17,36.96040344238281,37.33326791179913,36.85786455761509,37.33326791179913,53557200
2021-11-18,36.77396011352539,37.072253035863206,36.60616990021886,36.99767802731269,42990100
2021-11-19,36.37314224243164,36.587540140107514,36.09349296528631,36.45703738116859,71858100
2021-11-22,36.88582229614258,37.249366604788555,36.559565495032714,36.85785844345671,81965800
2021-11-23,37.463768005371094,37.49173541665159,36.96972092925319,37.128191073400096,61571200
2021-11-24,37.37986755371094,37.52901402085453,37.24004474097572,37.389191208119314,40410300
2021-11-26,36.140098571777344,36.36381655865475,35.72994655854658,36.205349947611026,76492200
2021-11-29,36.2519645690918,36.69008408227685,35.981635356448514,36.55958130539636,79316500
2021-11-30,35.38503646850586,35.962982209483314,35.32910875907318,35.81383216850898,121263700
2021-12-01,34.9935302734375,36.24263349033699,34.9935302734375,36.00959187192987,101946500
2021-12-02,36.037559509277344,36.233313635853825,35.18928807151265,35.31979082256364,98076400
2021-12-03,35.450286865234375,36.17737907139485,35.170637657910774,36.08416029833192,97178200
2021-12-06,35.990943908691406,36.33584446795662,35.72993846448341,36.00958766269662,69716600
2021-12-07,36.63414764404297,36.73668654172197,36.233315710897834,36.41042964541011,115475500
2021-12-08,36.438385009765625,36.80192933972497,36.3451697913929,36.652782856769015,53033200
2021-12-09,36.36381912231445,36.55025316181147,36.13077746192657,36.26128377872796,45521100
2021-12-10,36.401100158691406,36.62482167743173,36.16805853980614,36.6154980213539,38900900
2021-12-13,36.009586334228516,36.3265230287597,35.88840371563156,36.31719937413482,44343000
2021-12-14,36.2239875793457,36.49431669404117,35.92569461000336,35.953658464650246,51734400
2021-12-15,36.3265266418457,36.43838561694343,35.86976352996987,36.31720298629348,70424900
2021-12-16,36.78328323364258,37.044292229081044,36.559565301475224,36.74599572630388,71156600
2021-12-17,35.9723014831543,36.58753116431697,35.74857998276214,36.54092355554895,97654400
2021-12-20,35.2735710144043,35.46089818230296,34.852085779874436,35.41406728357043,85242300
2021-12-21,36.004150390625,36.163379766390875,35.62949955129633,35.62949955129633,57667900
2021-12-22,36.1727409362793,36.20084233684848,35.84492103771314,35.90112026588259,49702700
2021-12-23,36.36006546020508,36.68788533475576,36.34133238552094,36.378798534889214,39057300
2021-12-27,36.73472595214844,36.73472595214844,36.28514280343858,36.47246643567408,36120300
2021-12-28,36.75345230102539,36.98761037141861,36.65978692908694,36.66915525276509,34055200
2021-12-29,36.706626892089844,36.931420267278995,36.65979598104154,36.82839011919103,27150500
2021-12-30,36.64105987548828,37.02507903111571,36.52866498366223,36.819022324929485,30089100
2021-12-31,36.57549285888672,36.75345529357558,36.5005641282037,36.56612810741468,28497800
2022-01-03,37.02507781982422,37.16557410973728,36.8283858723212,36.84711894917421,49884400
2022-01-04,37.99917221069336,38.12093541039866,37.4371942586159,37.4559273334143,74210200
2022-01-05,37.55895233154297,38.30826100060568,37.53085450699211,38.11156550984403,76288400
2022-01-06,38.111572265625,38.139673668125745,37.605793469210774,37.95234646765384,57725200
2022-01-07,38.5611457824707,38.65481114582295,38.06473186209278,38.19585979781764,62185500
2022-01-10,38.430023193359375,38.83277537938662,38.02727100733213,38.804677552955944,73620000
2022-01-11,38.76721954345703,38.78595262266766,38.214606212137,38.57052757119978,60706300
2022-01-12,38.79530715942383,39.02010047778466,38.60798356258648,38.87023945653363,51560600
2022-01-13,38.64545440673828,39.05757498308218,38.51432643170862,38.851514694910236,51659600
2022-01-14,38.242706298828125,38.280168882988136,37.78375480641634,38.02727768181871,81135500
2022-01-18,37.39036560058594,38.027275950917854,37.156207488639474,37.98981336846304,82526700
2022-01-19,36.76282501220703,37.69009274385712,36.73472718102561,37.67135966541305,85975100
2022-01-20,36.528656005859375,37.343525024020494,36.453723714412305,36.865844171434546,80314000
2022-01-21,35.779354095458984,36.481828311051885,35.62949307238458,36.378798187756615,117914300
2022-01-24,35.882389068603516,35.957317803783745,34.48680519955953,35.16118168102713,169153300
2022-01-25,36.03224563598633,36.29450153599321,34.89891784030945,35.47963243742278,97364900
2022-01-26,36.12590789794922,36.72535200445995,35.695057893015715,36.425629951204584,106682000
2022-01-27,35.79808807373047,36.84711526173528,35.56392999595456,36.47246090810635,91498900
2022-01-28,36.26640701293945,36.275771764663055,35.208011419723114,35.65759453480472,79753600
2022-01-31,36.584861755371094,36.612959583195455,35.79809041956842,36.01351543648274,58740900
2022-02-01,37.09063720703125,37.18430257969177,36.44436221403251,36.63168938638491,64601500
2022-02-02,37.34353256225586,37.40909654402275,36.83775378476397,37.07191188335117,46649400
2022-02-03,36.931419372558594,37.46529960610808,36.87522013688044,37.33417162916181,50677000
2022-02-04,37.55895233154297,37.877407444004064,36.97824132869105,36.996974402714464,77792400
2022-02-07,37.671356201171875,37.91487905261183,37.39036362332009,37.60579221913154,52710400
2022-02-08,38.195865631103516,38.28953100876037,37.839947914913935,37.93360971960197,56921200
2022-02-09,38.439395904541016,38.69228709018566,38.30826793560731,38.40192974971162,67505300
2022-02-10,38.102210998535156,38.76721922671607,37.94298161303058,38.26143681107024,67260800
2022-02-11,37.56832504272461,38.439393435220715,37.34353170115799,37.980442000466304,77962800
2022-02-14,37.1468391418457,37.6807192995865,36.8377523219284,37.549591341259834,71521600
2022-02-15,37.652626037597656,37.849317998936534,37.465298828859495,37.596426803085414,55439600
2022-02-16,37.680721282958984,37.84931540195855,37.41846535250148,37.465296258230445,41168800
2022-02-17,36.74408721923828,37.409095340315496,36.64105708750005,37.2873357055057,59107800
2022-02-18,36.73472595214844,37.04381280371241,36.547398746943685,36.706624548937704,47816500
2022-02-22,36.54739761352539,36.90331893507957,36.23830719857776,36.56613069076184,60719700
2022-02-23,35.91048049926758,36.93140979159738,35.816818703738356,36.819014922368616,64169800
2022-02-24,35.47964096069336,35.59203586298712,34.46807612114099,34.72096733102908,143075700
2022-02-25,36.62232208251953,36.715987457788515,35.70442284269591,35.713791166707175,99127100
2022-02-28,36.079078674316406,36.31323676261833,35.704424303845784,35.75125520691239,107370200
2022-03-01,34.749061584472656,35.835555055997176,34.5149034779116,35.732528490404405,129873100
2022-03-02,35.648231506347656,35.85428821094873,35.02068592146063,35.0394189987824,88182500
2022-03-03,35.535823822021484,35.99477516489878,35.23610180857975,35.80744801325564,71952600
2022-03-04,34.87082290649414,34.91765381066915,34.468070699244926,34.90828905902173,105904100
2022-03-07,33.59700012207031,34.589831661750026,33.57826704702329,34.552365511655985,116046200
2022-03-08,33.40031051635742,34.346307647724686,33.24108472683747,33.73749874471612,114915000
2022-03-09,34.62730026245117,34.91765401380678,34.37440909087214,34.5149018042145,88716400
2022-03-10,34.33694076538086,34.56173409466092,33.952921656461015,34.055951783507346,71547300
2022-03-11,34.093414306640625,34.85208411968639,34.074681233446256,34.63665913740374,76788200
2022-03-14,34.524269104003906,35.086247086628546,34.365039746046634,34.60856615869449,70969700
2022-03-15,35.01131820678711,35.06751386102822,34.57109985939782,34.87082192524661,51828700
2022-03-16,35.99478530883789,36.0509845420592,35.34851020515443,35.460905098627805,87007600
2022-03-17,36.444366455078125,36.45373120694964,35.55456496258411,35.78872306203153,58266400
2022-03-18,36.528656005859375,36.62231779719989,36.088437726028644,36.43499421451885,82342500
2022-03-21,36.4929313659668,36.80322754055349,36.30487123051642,36.69039289406276,46828600
2022-03-22,37.0853157043457,37.32038997536274,36.87845278497584,36.92546692178951,61053100
2022-03-23,36.398902893066406,36.93487199747557,36.38009651907585,36.85024510799259,42142600
2022-03-24,36.690399169921875,36.72801192083533,36.389504336512985,36.65278641900843,30421500
2022-03-25,37.160545349121094,37.2357672590466,36.75621727079281,36.81263639344877,48613100
2022-03-28,37.05711364746094,37.085321416504165,36.633979177066195,37.047712253429616,44761000
2022-03-29,37.1417350769043,37.62128501482967,36.9254671765106,37.508450368308765,67968600
2022-03-30,36.87845230102539,37.16054070515428,36.66218440496162,37.14173433328587,47405300
2022-03-31,36.03218460083008,36.981886680937464,36.02278320808342,36.83143570140073,66619600
2022-04-01,35.93815612792969,36.35188555853412,35.6842754817808,36.27666365612821,68422500
2022-04-04,35.77830123901367,36.0697946093292,35.524420610728896,35.85352672307516,134312400
2022-04-05,35.55262756347656,36.02277601986608,35.468000697848524,35.6372544291046,56165700
2022-04-06,35.30815505981445,35.45860245093977,35.17651404094839,35.27054231529594,55835100
2022-04-07,35.270545959472656,35.43979974034465,34.772189597432416,35.27995094004839,53346900
2022-04-08,35.62785720825195,35.78770958344075,35.31756102468958,35.41158930166028,44672300
2022-04-11,35.4680061340332,35.88173554776702,35.41158701931779,35.53382664106021,54435500
2022-04-12,35.082481384277344,35.76889774472729,34.93203401194514,35.439791651723645,67215400
2022-04-13,35.082481384277344,35.10128775418741,34.68755479006263,34.7533752912737,57445600
2022-04-14,34.687564849853516,35.2517453499293,34.67816345564612,35.007266057144996,68544200
2022-04-18,34.89442825317383,35.05427704896658,34.4618924195533,34.47129381291504,52748400
2022-04-19,35.37398147583008,35.430400602028456,34.979058353289474,34.98845974751453,41519100
2022-04-20,35.61845397949219,35.87233461856619,35.53382709980085,35.64666174373975,54635800
2022-04-21,35.05427551269531,36.032185379114,34.98845500120068,35.86293161042811,54998100
2022-04-22,34.01054763793945,35.00726395056421,33.972938476423685,34.99786255692254,73170900
2022-04-25,34.06696319580078,34.1421886848588,33.220697965590475,33.72845566893716,91392800
2022-04-26,33.21129608154297,34.03875860356366,33.19248970752556,33.681444671131004,81457500
2022-04-27,33.18308639526367,33.521593934105574,33.06084676469324,33.16428002233369,81603000
2022-04-28,33.60622024536133,33.728456286897064,33.02323345532661,33.521593362094926,62680000
2022-04-29,32.44965744018555,33.559208513631305,32.37443552326436,33.43697245026569,74631700
2022-05-02,32.45906066894531,32.712941350375694,31.819658268368638,32.600103100662686,104408800
2022-05-03,32.88218307495117,33.21128554850756,32.57188338249977,32.6847180038694,73896300
2022-05-04,33.88831329345703,33.94472883204797,32.825776410952905,32.93861107508409,87794900
2022-05-05,32.900997161865234,33.559202263398674,32.49666912123825,33.49338175324533,101093900
2022-05-06,32.66592025756836,32.81636763823232,32.195771744624906,32.76934991737918,99281900
2022-05-09,31.885473251342773,32.42144229010342,31.735025864795023,32.22398076781237,85922800
2022-05-10,31.603391647338867,32.38383651199558,31.208464930865453,32.17697355284228,107581200
2022-05-11,31.3118953704834,32.280403904819266,31.264881228882416,31.64100153558845,110212200
2022-05-12,31.076820373535156,31.368313783995244,30.475030765958586,31.04861260660157,114304100
2022-05-13,31.528160095214844,31.791445717997913,31.246071687256794,31.452938193668764,64036200
2022-05-16,31.264875411987305,31.546963796059163,31.020399768977942,31.40592139749744,55662200
2022-05-17,32.10174560546875,32.19577747696858,31.697417525392325,31.876076287767432,62859300
2022-05-18,31.217866897583008,31.847864282495937,31.095627260603983,31.80085014118064,74279300
2022-05-19,31.010997772216797,31.23667065334375,30.747715733359314,30.79472987073404,71525400
2022-05-20,30.95457649230957,31.387115852001028,30.30577283319515,31.227263491757803,77984600
2022-05-23,31.960710525512695,32.19578487787556,31.38712853183532,31.546977369706084,78189300
2022-05-24,31.894874572753906,31.99830782332824,31.236669499914736,31.77263853748299,77871200
2022-05-25,32.14875793457031,32.34622306010845,31.72562709100742,31.819655370254967,72192600
2022-05-26,32.8915901184082,33.00442475917013,32.46845573186529,32.49666708226719,50803200
2022-05-27,33.44636917114258,33.512189684357224,32.97622059849571,33.03263971851495,43862500
2022-05-31,33.35233688354492,33.606217512700056,32.9950230069249,33.173678151760654,64778900
2022-06-01,32.816368103027344,33.352337128418206,32.506068358354455,33.26771025141183,48642400
2022-06-02,33.26770782470703,33.29591558600203,32.590692858040725,32.84457347054059,45334700
2022-06-03,32.78816223144531,33.09846202796757,32.750553069673735,32.957416013739426,36699400
2022-06-06,32.88218307495117,33.3993456420889,32.87277809745074,33.060838191032076,32829600
2022-06-07,33.136070251464844,33.164278015678626,32.62830897392486,32.65651673813864,32031400
2022-06-08,32.5530891418457,32.976223613302174,32.43085308438549,32.882195324955966,38251800
2022-06-09,31.735023498535156,32.53427450742262,31.71621712825037,32.515471724086204,49715100
2022-06-10,30.58786392211914,31.16144573466191,30.55965615656747,31.04861108550641,74190900
2022-06-13,29.6757755279541,30.183535021718427,29.49712037293992,29.81681973214006,104065100
2022-06-14,29.42189598083496,30.004879155919824,29.19622310731415,29.798014447579117,75592200
2022-06-15,29.750999450683594,30.17413385995286,29.24323995303485,29.732194871862806,87858800
2022-06-16,28.99876594543457,29.158616542022212,28.75428845691967,29.149213354755343,100838500
2022-06-17,29.083393096923828,29.41249748030316,28.80130285682386,29.06458672222224,116937700
2022-06-21,29.6638126373291,29.852875266960282,29.484205122517828,29.748890640359647,58065800
2022-06-22,29.597637176513672,29.871777771372887,29.285685142763136,29.323498384689074,48035800
2022-06-23,29.484203338623047,29.673264153780543,29.002095284964092,29.61654608953677,69348900
2022-06-24,30.571304321289062,30.59966244765965,29.55982361195641,29.607088357930383,65489300
2022-06-27,30.467321395874023,30.807633355355076,30.325527150136367,30.807633355355076,47244800
2022-06-28,30.164823532104492,31.072319712379404,30.14591691092344,30.77927609924626,42459900
2022-06-29,29.99466896057129,30.306622815650673,29.890686145246214,30.193184886255015,64507500
2022-06-30,29.72998809814453,29.994673636270193,29.162801968820254,29.522018829005795,75294300
2022-07-01,30.136465072631836,30.230996380120736,29.43693628206954,29.6354522080997,77308400
2022-07-05,30.032480239868164,30.051386860702948,29.323498185875252,29.66380834572832,51536800
2022-07-06,29.95686149597168,30.20264220642523,29.673267536355294,29.96631480826239,48001700
2022-07-07,30.391700744628906,30.476778740728545,30.183731508369917,30.212089638379986,33120100
2022-07-08,30.325531005859375,30.57130989336224,30.20263975907313,30.4767803841849,29062200
2022-07-11,30.07974624633789,30.306622099770117,29.994668252059476,30.15537092980374,30564300
2022-07-12,29.890684127807617,30.438963509639237,29.83396426542067,29.85287088621632,38211000
2022-07-13,29.62599754333496,29.824511657259613,29.25732744431224,29.56927948264715,51441600
2022-07-14,29.05881118774414,29.1533424898088,28.709047714049902,29.020999748739047,57782300
2022-07-15,30.041934967041016,30.212089153474594,29.39912425262076,29.47474893649169,59650200
2022-07-18,29.928497314453125,30.67529265218931,29.796154567222796,30.46732341735913,38671600
2022-07-19,30.826539993286133,30.92106949049758,30.24044737418841,30.325527167140965,40568000
2022-07-20,30.939977645874023,30.996697510655874,30.665837041865753,30.76037014983551,38507700
2022-07-21,31.13849449157715,31.13849449157715,30.61857497343561,30.854902354960824,40561800
2022-07-22,30.958881378173828,31.34645806950515,30.72255403940914,31.18575721005829,25741200
2022-07-25,31.157400131225586,31.299197998092193,30.93052787152248,31.147948622933605,24699300
2022-07-26,30.722557067871094,31.18576028418029,30.646930581098424,31.006149181129878,26357800
2022-07-27,31.195213317871094,31.346462692745263,30.741465193248587,30.845449814612618,44817200
2022-07-28,31.42208480834961,31.431536315307895,30.722554293158094,31.223567101535195,40974600
2022-07-29,31.86638069152832,31.970365307991212,31.469352453472954,31.497710583028514,38724000
2022-08-01,31.601701736450195,31.781309270903698,31.38428095072118,31.563888485174683,35131300
2022-08-02,31.251937866210938,31.658421298200814,31.21412461531186,31.45045202432597,36806900
2022-08-03,31.72458839416504,31.80021127966673,31.308649902662168,31.48826101710917,27314900
2022-08-04,31.6205997467041,31.78130061173511,31.563879885244788,31.696222622580713,24505800
2022-08-05,31.84747314453125,31.998722507882263,31.422086789279145,31.535522910275088,34366100
2022-08-08,31.828563690185547,32.18778224844492,31.800205563978132,32.08379764425913,24369100
2022-08-09,31.98927116394043,32.07434915663984,31.828566686144075,31.88528654996678,26425400
2022-08-10,32.707706451416016,32.83059769308656,32.480834196406754,32.54700557129024,45366000
2022-08-11,33.095279693603516,33.30324891043224,32.97239207099481,33.010201705452594,46985200
2022-08-12,33.61520767211914,33.62465918060428,33.085833045210705,33.25598904650022,36370300
2022-08-15,33.60574722290039,33.70028032309348,33.20871902029658,33.27489038739721,25366000
2022-08-16,33.851539611816406,34.00278901044378,33.45450768662574,33.45450768662574,41300800
2022-08-17,33.68138122558594,33.832630613606455,33.44505383142452,33.46396045568581,33158000
2022-08-18,33.71919250488281,33.76646087086555,33.492320214873814,33.65302111979102,15966200
2022-08-19,33.04801559448242,33.52067029213601,32.93457947674493,33.52067029213601,33587400
2022-08-22,32.32012939453125,32.57536338347583,32.23505139821639,32.565911875471706,36810100
2022-08-23,32.187782287597656,32.518642720052064,32.187782287597656,32.28231538518561,23244000
2022-08-24,32.35794448852539,32.46192911286253,32.06489723867252,32.13107222276223,20682200
2022-08-25,32.85895538330078,32.88731711934914,32.3390358992936,32.424113895299826,26402600
2022-08-26,31.875837326049805,33.010205835219345,31.847475589071884,33.000754326939735,38230600
2022-08-29,31.648958206176758,31.875834048323217,31.459895605399574,31.639506698869027,34872100
2022-08-30,31.478805541992188,31.85693078337744,31.28974292129956,31.752946161693018,41870700
2022-08-31,31.242477416992188,31.752945398776586,31.195212664472034,31.63950927151432,39768200
2022-09-01,31.33700942993164,31.384274180795455,30.73200835823905,31.110133577288252,40604600
2022-09-02,31.091230392456055,31.96091704997392,30.93998100933161,31.696227924953835,43208800
2022-09-06,31.01560401916504,31.32755425915447,30.703650173106272,31.251931379123743,45877100
2022-09-07,31.63005256652832,31.68677243034145,30.873805746033035,30.921070496176,35023000
2022-09-08,32.187782287597656,32.20668890711524,31.337006045719782,31.469348776273964,50760900
2022-09-09,32.4808349609375,32.565912960085896,32.32013047095961,32.32958558534808,41327100
2022-09-12,32.74551773071289,32.91567371479263,32.53754850437782,32.61317498888848,41969600
2022-09-13,31.526065826416016,32.21614483502681,31.422084825541813,32.102705115051066,60771600
2022-09-14,31.431535720825195,31.74348953558409,31.147943638542824,31.592236578559916,39233200
2022-09-15,31.535520553588867,31.942003863355733,31.384271201540894,31.469349187447193,47653000
2022-09-16,31.251937866210938,31.308654136489473,30.92107732994914,31.22357612500159,53893300
2022-09-19,31.606382369995117,31.62538844779291,30.884169538872353,30.884169538872353,36491400
2022-09-20,31.1407470703125,31.416329768952853,30.855663145012283,31.349810307217428,42193600
2022-09-21,30.494556427001953,31.454339869218227,30.475550347695627,31.340307018419228,49644600
2022-09-22,29.98140525817871,30.608591419006082,29.92438882879066,30.561078029935977,52299500
2022-09-23,29.506261825561523,29.75333541707829,29.078635919586695,29.686815952539057,56801000
2022-09-26,29.04062271118164,29.56327899405578,28.83156128554363,29.287696293764423,49969700
2022-09-27,28.917085647583008,29.420734018938276,28.622498693345083,29.268689022394874,60630400
2022-09-28,29.487258911132812,29.658308193854953,28.926592237849288,29.002614745454537,46088700
2022-09-29,29.11664581298828,29.287696897728306,28.755539377163355,29.17366404958125,41860000
2022-09-30,28.850568771362305,29.496760970789737,28.774546266283753,29.135652712277,37984300
2022-10-03,29.629802703857422,29.78184772839455,28.793553256383557,29.135655467851926,47086100
2022-10-04,30.73212242126465,30.76062972347523,30.04791998042248,30.08593032087633,53441800
2022-10-05,30.494556427001953,30.665607515719937,30.152454249565988,30.256985873231308,41766800
2022-10-06,30.06692886352539,30.53256874638485,30.000409398122468,30.32350549795338,34717900
2022-10-07,29.35421371459961,29.89587422575953,29.19266568385724,29.8008474650446,36380700
2022-10-10,29.22117805480957,29.63930273610742,29.050126966436835,29.515765033385122,31011700
2022-10-11,28.850568771362305,29.33521292093288,28.727031067784978,29.03112108809918,50431900
2022-10-12,28.78404998779297,29.16416252218947,28.679518361139102,28.860072494672266,48265700
2022-10-13,29.97190284729004,30.047925354313115,28.118851746388206,28.20437729335411,83086100
2022-10-14,29.46825408935547,30.589585671282276,29.40173461892553,30.237982238289863,60886900
2022-10-17,30.20947265625,30.409031052522824,30.009912447457683,30.09543799229446,47222200
2022-10-18,30.694116592407227,31.03621878957354,30.34251316755926,30.998206628768575,48150700
2022-10-19,30.190465927124023,30.68461310609791,30.019414841131564,30.428036477109224,35205700
2022-10-20,29.70581817626953,30.456540080446224,29.620292643670773,30.15245010343697,43124400
2022-10-21,30.589584350585938,30.618095283138718,29.57278444467457,29.791348927370652,54487300
2022-10-24,30.998205184936523,31.140748968796153,30.67510908322184,30.770139480807927,40117200
2022-10-25,31.36881446838379,31.425832706563654,30.779640507347793,30.836658745527657,33950300
2022-10-26,31.444843292236328,31.796446748802083,31.378323817346576,31.463849374353327,38012100
2022-10-27,31.701412200927734,32.05301557140076,31.644393968538076,31.739424355854176,41232200
2022-10-28,32.49014663696289,32.5281587944153,31.72992161310896,31.786939849287577,36421300
2022-10-31,32.290592193603516,32.5091566881038,32.2430788035016,32.28109096559885,40083800
2022-11-01,32.37611770629883,32.64219559057638,32.233573911127685,32.556670038481556,38946100
2022-11-02,31.96748924255371,32.87975918793262,31.93898193958516,32.30959137833043,58039800
2022-11-03,31.644399642944336,31.89147506923262,31.43534000343802,31.568378944498203,40828100
2022-11-04,32.22406768798828,32.39511876566281,31.76793268920245,32.10052999299251,41825600
2022-11-07,32.54717254638672,32.56617862959375,32.252583694237245,32.46164698447492,30060300
2022-11-08,32.737220764160156,32.89876698950169,32.39511861045019,32.55666483579172,34839600
2022-11-09,32.186065673828125,32.642200816344534,32.119546192109475,32.51866670746125,42126200
2022-11-10,33.81104278564453,33.858556171156174,33.07932504864065,33.16485059257718,67677700
2022-11-11,34.08662033081055,34.23866533259827,33.85855464064835,33.98208871238671,46076100
2022-11-14,33.60197830200195,34.020101154162134,33.5734709967525,33.99159384891268,38002700
2022-11-15,33.67799758911133,34.096124048905125,33.33589906524186,33.963085129893884,57802100
2022-11-16,33.516456604003906,33.74452232222576,33.40242374489298,33.65899677163276,32852400
2022-11-17,33.33589553833008,33.35489798900238,33.03180195199897,33.126832330551906,35706900
2022-11-18,33.61147689819336,33.83004134642416,33.33589784392581,33.782527966380684,39455400
2022-11-21,33.71601104736328,33.782530509439255,33.52595388784386,33.56396604475551,24630900
2022-11-22,34.058109283447266,34.09612143597706,33.89655944771481,33.89655944771481,29582300
2022-11-23,34.20065689086914,34.28618243116457,34.00109488015394,34.00109488015394,27916900
2022-11-25,34.314693450927734,34.36220683956005,34.17214965999159,34.23866912908467,11266500
2022-11-28,33.72551345825195,34.2671739674048,33.668495227011135,34.124630201822036,34196600
2022-11-29,33.92507553100586,34.00109622258169,33.649492820835746,33.68750497914313,31489600
2022-11-30,34.50474548339844,34.51424670969192,33.39291350505116,33.877559421907726,58607000
2022-12-01,34.3051872253418,34.67580034193663,34.03910935961745,34.67580034193663,58157600
2022-12-02,34.143638610839844,34.17214591588797,33.839548606863886,33.944080225425395,40483300
2022-12-05,33.297889709472656,33.944081906177686,33.11733376845748,33.88706366821937,53402000
2022-12-06,33.0033073425293,33.449941230887546,32.737229430336136,33.25988402573257,45102200
2022-12-07,32.870262145996094,33.24087163191607,32.79423782835149,32.870262145996094,37775900
2022-12-08,32.89877700805664,33.1268463883294,32.784744130440174,32.9652964887529,46600900
2022-12-09,32.81324005126953,33.050810578429115,32.765726670845325,32.7752315219533,40885600
2022-12-12,33.25037384033203,33.288382371093206,32.68020237845002,32.832247376610816,72570900
2022-12-13,33.33589553833008,34.11512651727273,33.11732748017747,34.11512651727273,55659000
2022-12-14,32.91777038574219,33.57346733528082,32.77523025000132,33.25037128588106,54685100
2022-12-15,32.27157974243164,32.53766119955103,32.06252014224183,32.404618658472046,70330100
2022-12-16,32.024513244628906,32.119540021674425,31.729924435725113,31.929482842544207,59619300
2022-12-19,31.938447952270508,32.26357000859073,31.737634588242138,31.938447952270508,37456800
2022-12-20,32.072322845458984,32.29225782970331,31.94801049861835,32.06275839305674,45446400
2022-12-21,32.56956481933594,32.66518744568367,32.35919066404767,32.37831591887109,31318100
2022-12-22,32.28269577026367,32.38788286786663,31.75676393001895,32.35919680407312,25605100
2022-12-23,32.46438217163086,32.51219349132884,32.101009575940445,32.26357244023742,17116200
2022-12-27,32.45481491088867,32.60781330934601,32.32094176820971,32.531315934002116,25601100
2022-12-28,32.34007263183594,32.59825815795948,32.30182211364648,32.512196315918295,24395100
2022-12-29,32.78950119018555,32.84687330935709,32.435689432369884,32.51219045495798,26624200
2022-12-30,32.70344543457031,32.77038201787592,32.435695453577665,32.55044700876174,24735700
2023-01-03,32.81819152832031,33.17199968449286,32.57913127322021,32.942503882347964,37396500
2023-01-04,33.344120025634766,33.58318025682928,33.05724847775528,33.15287111112523,44669300
2023-01-05,33.09550094604492,33.22937409978216,32.8660015055169,33.22937409978216,45585700
2023-01-06,33.83180618286133,33.93699327209419,33.08593575365095,33.31543518904717,41229700
2023-01-09,33.70749282836914,34.137801977008635,33.62143099864124,33.94655306119445,48726600
2023-01-10,33.89874267578125,33.927428737222336,33.53537009052514,33.65011798405926,34663700
2023-01-11,34.214298248291016,34.214298248291016,33.91786590374589,33.98480247495089,32014700
2023-01-12,34.28123474121094,34.4820481021369,34.061299772358254,34.32904970433636,56642400
2023-01-13,34.53942108154297,34.58723239808943,33.7170533049732,33.841365646209695,65920900
2023-01-17,34.3099250793457,34.47248428409787,34.20473799496743,34.45335902805004,65345200
2023-01-18,33.66924285888672,34.32905144670281,33.64055679777114,34.11867727113597,53693000
2023-01-19,33.277183532714844,33.44930719141022,33.04768775296744,33.258058276440956,61169500
2023-01-20,33.8031120300293,33.822237284445706,33.219808185290624,33.37280657285261,42330100
2023-01-23,34.195167541503906,34.33860511280328,33.72661161776136,33.831798683678365,44997300
2023-01-24,34.214298248291016,34.36729664644095,33.75530305384122,34.13780087310082,34333500
2023-01-25,34.4820442199707,34.49160502285766,33.90829755698687,33.91786200764295,38458700
2023-01-26,34.66373825073242,34.72111402724123,34.338616146056125,34.568115604321214,29944200
2023-01-27,34.66373825073242,34.864547996858036,34.568115604321214,34.615926927526814,30787400
2023-01-30,34.49161148071289,34.74023617555323,34.434235709341316,34.48205067603587,31595000
2023-01-31,34.960174560546875,34.96973536615364,34.39599218772315,34.55855141742939,30282100
2023-02-01,34.960174560546875,35.26617140874583,34.520300899461986,34.596801935396805,51418700
2023-02-02,35.05579376220703,35.19923136660185,34.77848300585428,35.15141639995704,42107300
2023-02-03,34.98885726928711,35.28529328344753,34.768922283724145,34.77848308841392,43155000
2023-02-06,34.97929763793945,34.98885844294993,34.71154767663679,34.78804870780039,32273600
2023-02-07,35.38091278076172,35.486099861861156,34.759354745775674,34.759354745775674,33000500
2023-02-08,35.1705436706543,35.476540506297106,35.074921027429674,35.12273234904199,34555500
2023-02-09,34.778480529785156,35.41916382995987,34.70198315458538,35.31397674726182,44329600
2023-02-10,34.89323043823242,34.92191649662439,34.491607381897964,34.60635526323522,28108900
2023-02-13,35.29485321044922,35.29485321044922,34.84541879803993,34.87410850693545,32209000
2023-02-14,35.103607177734375,35.4574189836353,34.88367217955733,35.22791953245011,33525300
2023-02-15,35.14185333251953,35.16097858839203,34.778480766481266,34.82629208227772,28510000
2023-02-16,34.78804397583008,35.055790252943176,34.7211074065518,34.80716923101951,34379100
2023-02-17,34.797603607177734,34.845414919655774,34.510732084540166,34.61591916065345,35889800
2023-02-21,34.0804328918457,34.5489926450967,33.92743445874198,34.50118131870873,36425200
2023-02-22,34.042179107666016,34.214302784375796,33.860494625703474,34.08042962421708,31065200
2023-02-23,34.070865631103516,34.3481727307273,33.75530437073791,34.18561352225024,42357600
2023-02-24,34.09955596923828,34.204743069220996,33.71705808707751,33.77443386373267,48732600
2023-02-27,34.09000015258789,34.472494442954705,34.02306356057943,34.415122305673556,31664600
2023-02-28,34.15692138671875,34.32904501671211,34.05173431863736,34.13779613363404,32531400
2023-03-01,34.042179107666016,34.19517752610027,33.9083059475073,34.00393223888498,32790300
2023-03-02,33.87961196899414,33.917862476609095,33.47798893457549,33.841361461379186,38401900
2023-03-03,34.41511535644531,34.42467616147139,33.94655565922873,34.01349223772111,33091600
2023-03-06,34.44380187988281,34.65417607096913,34.338614784339654,34.434237426958894,30111100
2023-03-07,33.55449295043945,34.34817099169446,33.46843112449426,34.319484932302565,53804400
2023-03-08,33.43018341064453,33.697933362527046,33.25805974435213,33.51624524379073,50860300
2023-03-09,32.072322845458984,33.296310113521265,31.909759984548952,33.238934342417174,107108500
2023-03-10,31.489011764526367,32.24444291826119,31.106513961990675,31.699385920697935,166569400
2023-03-13,30.245901107788086,30.905707888412795,29.9972800603668,30.370213455383638,165965900
2023-03-14,30.85789680480957,31.412514675335373,30.475400778299573,31.402953870571928,128115500
2023-03-15,30.0355281829834,30.159840528228912,29.60521902464873,29.987716864895045,132235000
2023-03-16,30.609270095825195,30.924831348825162,29.547843920011356,29.834717288951836,133892600
2023-03-17,29.624345779418945,30.322401272561972,29.54784657227841,30.322401272561972,136760600
2023-03-20,29.953962326049805,30.21342923397645,29.809814654847365,29.857863267602482,75384500
2023-03-21,30.713144302368164,30.79002502364547,30.568996615847777,30.636265414028138,115899200
2023-03-22,30.002012252807617,30.79963135686079,29.982793906626114,30.713142383763937,67874100
2023-03-23,29.800203323364258,30.36718572833566,29.588786869943586,30.05967022047395,82366300
2023-03-24,29.780986785888672,29.80981705562588,29.204394221705076,29.435030880791068,76619100
2023-03-27,30.194211959838867,30.357579825031234,30.021234004583743,30.29031102752919,61393300
2023-03-28,30.184600830078125,30.29030998419009,30.00201279104942,30.1557705608829,42980100
2023-03-29,30.62665367126465,30.63626192739354,30.376796854360812,30.51133443541016,52147200
2023-03-30,30.559385299682617,30.86690084070557,30.38640918256011,30.847680661157334,45061700
2023-03-31,30.895732879638672,30.90534113645589,30.617045775572088,30.732363186750725,49034400
2023-04-03,30.953386306762695,31.078315626726646,30.770800120564612,30.8668973415375,51213500
2023-04-04,30.665090560913086,31.07831520404968,30.46328420009027,31.030266594216716,45939300
2023-04-05,30.62665367126465,30.71314080698418,30.424845466753556,30.434455555819522,57965300
2023-04-06,30.741971969604492,30.79963067274263,30.54016559215245,30.568994027252955,36762300
2023-04-10,30.80924415588379,30.818852412779314,30.559385486106894,30.626656114936097,27900700
2023-04-11,31.07831573486328,31.21285331104304,30.866897448938506,30.88611762637476,53912600
2023-04-12,31.011051177978516,31.395443781528787,30.934170457743758,31.232077749841686,63645800
2023-04-13,31.289737701416016,31.308957881113148,30.818852463522365,31.030270774316385,58550300
2023-04-14,31.597253799438477,31.85672073109245,31.443496025036993,31.616473979472975,65276200
2023-04-17,31.962413787841797,31.972025707056886,31.443483792292408,31.578021334319033,69670600
2023-04-18,32.05852127075195,32.12579005565635,31.789446131134355,32.029692838899734,49507500
2023-04-19,32.13540267944336,32.22189165263109,31.952816476435633,32.01047701385223,39478900
2023-04-20,32.03929901123047,32.12578796703799,31.91436970486992,31.923981625444977,39291800
2023-04-21,31.923980712890625,31.962417396471334,31.741390885919905,31.943200887617724,41545000
2023-04-24,31.847103118896484,32.020081042431286,31.770226078366488,31.904763648699365,32774200
2023-04-25,31.299346923828125,31.702963378169514,31.28973866662039,31.645302837299443,58534300
2023-04-26,31.001436233520508,31.385832465480895,30.86689865209662,31.212854527686137,54294200
2023-04-27,31.501150131225586,31.55881066626239,31.11675756193612,31.11675756193612,46398800
2023-04-28,31.875934600830078,31.90476670142717,31.28012373268701,31.347392524289894,54598700
2023-05-01,31.789453506469727,32.12579750902546,31.75101314449916,31.962427803587897,31950600
2023-05-02,31.068708419799805,31.674127530939987,30.780409415400722,31.66451927486794,76096700
2023-05-03,30.713144302368164,31.26090661090801,30.684315864826456,31.107148834227957,65642400
2023-05-04,30.319137573242188,30.607434758326985,30.040452310557747,30.444066903326746,76076600
2023-05-05,31.068708419799805,31.11675703190828,30.770801159328673,30.818849771437147,55019400
2023-05-08,31.116758346557617,31.347393160772008,31.078317988897126,31.241684010142798,34323600
2023-05-09,31.001436233520508,31.126365558788756,30.81885003957011,30.88611883028205,29736200
2023-05-10,30.828462600708008,31.270515710514797,30.559383766407773,31.203246918408293,39706100
2023-05-11,30.780412673950195,30.82846495701982,30.501727394931496,30.63626498942761,36693200
2023-05-12,30.655485153198242,30.982222715113018,30.45367876156126,30.982222715113018,36253000
2023-05-15,30.90534019470215,30.963000731471627,30.655483367512513,30.713142071344844,33208500
2023-05-16,30.617048263549805,30.934172086529525,30.59782808247911,30.847683104648745,31241400
2023-05-17,31.232078552246094,31.31856753179499,30.79002539716267,30.857294196159074,46818800
2023-05-18,31.462711334228516,31.5011480224725,31.059094947738192,31.174412344218027,42232500
2023-05-19,31.328170776367188,31.63568628425277,31.18402494409996,31.539589062741282,40132900
2023-05-22,31.385831832885742,31.501149233799925,31.193633720779385,31.433880444443812,35286200
2023-05-23,31.02065658569336,31.414661076019264,31.00143640740012,31.251295059338016,42217200
2023-05-24,30.617048263549805,30.818854665980055,30.54977946273972,30.790026227311362,46610700
2023-05-25,30.607431411743164,30.713138718406235,30.42484339778049,30.540162625792956,41658900
2023-05-26,30.857290267944336,30.934167314493035,30.626653629487034,30.674702241814238,44183000
2023-05-30,30.84767723083496,30.972606551068903,30.645870866831366,30.905337763067706,57900500
2023-05-31,30.52094841003418,30.693926369368842,30.261481471032184,30.66509609850063,67667900
2023-06-01,30.84767723083496,30.914946018836158,30.482503024712596,30.693921310358654,48643400
2023-06-02,31.52037239074707,31.63568980256048,31.145588052947662,31.145588052947662,65752900
2023-06-05,31.357006072998047,31.558812458274804,31.212856560157853,31.558812458274804,53591100
2023-06-06,31.751014709472656,31.799063331366785,31.308961522646882,31.328178038704642,46236100
2023-06-07,31.875934600830078,31.943207058307163,31.58763925597854,31.7798373745043,48467100
2023-06-08,31.847103118896484,31.89515172746196,31.59724815483169,31.770226078366488,36261200
2023-06-09,31.856718063354492,31.991255646455066,31.770229093379243,31.78944927180421,34021700
2023-06-12,31.847103118896484,31.972032433865806,31.606856410195242,31.885543472098405,33655200
2023-06-13,32.03929901123047,32.17383657229247,31.779832143807916,31.818272494360944,46054400
2023-06-14,31.91438102722168,32.27955715528279,31.808671858634916,32.116187440410094,57195400
2023-06-15,32.33721160888672,32.414088656908596,31.779837430762747,31.80866586553667,52241800
2023-06-16,32.26994323730469,32.510189972546534,32.23150287985617,32.481357871523024,49861100
2023-06-20,32.028621673583984,32.1154987323932,31.835561133749792,32.05757946574588,50683100
2023-06-21,31.990005493164062,32.144453172460565,31.854864234070014,31.951392652759154,35967600
2023-06-22,31.739028930664062,31.941740816338363,31.632845462266168,31.932089447539955,38690000
2023-06-23,31.603885650634766,31.710065429913183,31.39151872743224,31.4977021890335,35529600
2023-06-26,31.536312103271484,31.79694323829723,31.449438740585837,31.555618522420385,25728300
2023-06-27,31.787290573120117,31.854861196223254,31.574923653468673,31.594230071829966,34348100
2023-06-28,31.710067749023438,31.758335640425237,31.565275121787383,31.74868058921563,36663200
2023-06-29,32.26028823852539,32.26028823852539,31.835558038049886,31.8741708787267,47471000
2023-06-30,32.54022216796875,32.67536341288912,32.41473597329855,32.47265154550856,44762300
2023-07-03,32.7236328125,32.82016122552827,32.49195946598007,32.5402236724942,19128000
2023-07-05,32.656063079833984,32.74293644454106,32.43404109561694,32.530573193607616,39831600
2023-07-06,32.376129150390625,32.41474199391764,32.09619155830492,32.38578052011066,45808400
2023-07-07,32.42438507080078,32.694667541715766,32.24097963444026,32.24097963444026,33488700
2023-07-10,32.569183349609375,32.75258879719737,32.40508063770625,32.43403842355627,27254400
2023-07-11,32.955299377441406,32.993912211950565,32.61744628129268,32.68501690052243,33744600
2023-07-12,33.16767501831055,33.39934472172139,33.0807979589506,33.225590603001486,46546000
2023-07-13,33.28350830078125,33.33177251318934,33.15801840266151,33.215937666945244,40453700
2023-07-14,33.061485290527344,33.53448334264307,33.01322108496195,33.524828292136284,47552700
2023-07-17,33.380035400390625,33.476563810726034,33.022872181039425,33.022872181039425,38568900
2023-07-18,33.75650405883789,33.785461847792604,33.408995862088894,33.45726007112112,47160800
2023-07-19,33.90129470825195,34.03643595858776,33.74684703896491,33.75650208960197,45599800
2023-07-20,34.15227508544922,34.161926453936665,33.83372469051894,33.84337974132936,45591500
2023-07-21,34.036434173583984,34.22949467064867,33.94955713402101,34.21018825270993,30615700
2023-07-24,34.364646911621094,34.47083040310473,34.04610011949407,34.05575149039082,32299800
2023-07-25,34.14262008666992,34.345335648444916,34.11366229884048,34.26810997113578,36218600
2023-07-26,34.345333099365234,34.45151287430027,34.05574051327225,34.104008399169544,35638700
2023-07-27,33.91094970703125,34.43220828862611,33.8626855008884,34.34533492696271,44072800
2023-07-28,33.978519439697266,34.19088267761297,33.795110305919366,34.18123130956703,32422700
2023-07-31,34.10401153564453,34.210191320344705,33.959215229281426,34.04609227663468,28627000
2023-08-01,34.10401153564453,34.13296932398794,33.92060238994153,34.03643722563819,26480300
2023-08-02,33.81441879272461,33.9399086789346,33.62136196141449,33.81441879272461,48923800
2023-08-03,33.83372497558594,33.91095065342805,33.515178260294704,33.61170667527435,31861600
2023-08-04,33.698585510253906,34.13297076536352,33.669627720687664,33.80476898176106,36195700
2023-08-07,34.17158126831055,34.22949684348045,33.90129508233358,33.91095013307719,33119300
2023-08-08,33.86268615722656,33.891643945008965,33.46691008514459,33.727541222155104,37254800
2023-08-09,33.61170959472656,33.93991138941657,33.57309675245166,33.84338296605264,38304200
2023-08-10,33.640663146972656,34.03643552461976,33.5537861039612,33.78545944609937,38097500
2023-08-11,33.70823287963867,33.76615213422186,33.45725680775702,33.53448248053461,27518700
2023-08-14,33.640663146972656,33.708233771279026,33.48621547965483,33.611705360076456,23773800
2023-08-15,33.02287292480469,33.39933888884376,32.98426008687173,33.360729733233704,57472100
2023-08-16,32.974613189697266,33.22558930564644,32.93600034652865,32.96496182006681,33566500
2023-08-17,32.81051254272461,33.12905927764957,32.71398043947218,33.080795067184965,38205400
2023-08-18,32.80085372924805,32.89738582142903,32.54987765422308,32.57883544071598,40860000
2023-08-21,32.76224136352539,32.91668903091326,32.501610234372826,32.849118406576245,32308300
2023-08-22,32.45335006713867,32.81051333430467,32.405085855509654,32.771900492072135,43133000
2023-08-23,32.77189254760742,32.78154391466424,32.462997249275226,32.51126144920418,30240500
2023-08-24,32.656063079833984,33.119406103220165,32.656063079833984,32.72363370726595,35784900
2023-08-25,32.81051254272461,32.935998753467935,32.540226335941036,32.79120612207412,40347200
2023-08-28,32.99391555786133,33.10975039081304,32.88773209335436,32.91668988101155,34905300
2023-08-29,33.29315948486328,33.30281085329431,32.91668983423999,32.96495772336398,43394300
2023-08-30,33.312469482421875,33.505530034028,33.24489884170829,33.34143095867323,33799900
2023-08-31,33.18697738647461,33.418647061584316,33.148364546515296,33.40899569275604,27999700
2023-09-01,33.4862174987793,33.5924009668984,33.36073129311406,33.38968908175633,41075700
2023-09-05,33.14836502075195,33.58275027070105,33.138713651785594,33.44760901123314,38612300
2023-09-06,33.129058837890625,33.196629468108775,32.88773410644776,33.061488207672475,35672800
2023-09-07,33.04218292236328,33.1869792391324,32.9456544993994,32.99391871088134,47632600
2023-09-08,33.1097526550293,33.17732328573221,32.94565360398601,33.07113981396387,39720800
2023-09-11,33.26420211791992,33.437956229693896,33.177325062032935,33.26420211791992,28965100
2023-09-12,33.4862174987793,33.727542223659775,33.21593498525654,33.25454782499496,48615200
2023-09-13,33.4862174987793,33.6792780151483,33.36073129311406,33.64066517540988,31994900
2023-09-14,33.79511260986328,33.84338050035195,33.55378788671214,33.7178906132629,65685500
2023-09-15,33.621360778808594,33.82407265394779,33.5537864714393,33.57309289035583,51800200
2023-09-18,33.71347427368164,33.76195422680652,33.471070809273904,33.57772892541864,32458700
2023-09-19,33.674686431884766,33.81043177047405,33.461370214797,33.7425591011794,36112900
2023-09-20,33.441986083984375,33.89770211605896,33.43228787336242,33.791043991919075,31618000
2023-09-21,32.88929748535156,33.325624424027545,32.88929748535156,33.325624424027545,48103300
2023-09-22,32.63720703125,32.96687593858723,32.63720703125,32.93778870225225,41688300
2023-09-25,32.71477508544922,32.734164108799476,32.46267339649333,32.56933151883747,40141700
2023-09-26,32.278446197509766,32.617809568054426,32.22026803450925,32.472369708728145,46165400
2023-09-27,32.22996520996094,32.36571055382198,31.948776312658385,32.36571055382198,49360900
2023-09-28,32.46267318725586,32.57902582052518,32.2493569439425,32.25905515433867,63638100
2023-09-29,32.16209030151367,32.666289957909235,32.08452311525925,32.6178100041523,52860500
2023-10-02,31.89059829711914,32.13300175477287,31.7160675117058,32.05543457169095,49350600
2023-10-03,31.38640022277832,31.82272720801838,31.260353081651626,31.73546181097037,52921800
2023-10-04,31.619110107421875,31.638502829421014,31.231263065006086,31.396099352607028,40136000
2023-10-05,31.764549255371094,31.82272742005188,31.463971318145635,31.53184399421483,41407800
2023-10-06,32.03604507446289,32.2202703892532,31.522147177359653,31.62880530126379,54057800
2023-10-09,32.05543518066406,32.12330785419386,31.71606811423178,31.74515904487548,61396600
2023-10-10,32.28813934326172,32.4917573569782,32.1426994900856,32.15239400078407,44743400
2023-10-11,32.33662796020508,32.51115878981544,32.09422444116671,32.38511162304008,35746400
2023-10-12,32.13300323486328,32.43358486776107,31.909992487403656,32.43358486776107,41991200
2023-10-13,32.20087814331055,32.63720515720032,32.026347337754636,32.336623503457666,53213800
2023-10-16,32.54024124145508,32.69537930523149,32.37540496812709,32.44327763985532,45589300
2023-10-17,32.695377349853516,32.90868986304922,32.38510124085705,32.394795751045635,41925200
2023-10-18,32.13300323486328,32.55963570720639,32.06513055949659,32.530544775775375,46942100
2023-10-19,31.706378936767578,32.24936041634483,31.686986212670686,32.074833297040655,66656200
2023-10-20,31.221567153930664,31.754854039260817,31.192476222844157,31.696675875871158,59921300
2023-10-23,31.02764320373535,31.376704781582703,30.998554122450855,31.15369403990985,55913700
2023-10-24,31.2409610748291,31.386400940713653,31.076124788286418,31.173088397659612,35825000
2023-10-25,31.124605178833008,31.337921423653594,31.037339778568544,31.124605178833008,59240100
2023-10-26,31.056732177734375,31.36700833127379,30.99855586129367,31.047037666154054,56046100
2023-10-27,30.49435806274414,31.056732204474734,30.407092663312074,31.017948609944792,73057300
2023-10-30,31.037336349487305,31.114907229500403,30.63010032576795,30.707669356389477,48978100
2023-10-31,31.376705169677734,31.38639968083416,31.037338098669306,31.095516261957897,41050100
2023-11-01,31.580322265625,31.706373099657,31.367006038614424,31.43487871106629,51764100
2023-11-02,32.326927185058594,32.34631990667932,31.813033007851455,31.87120747393018,47417000
2023-11-03,32.75355529785156,32.90869336887696,32.627508158057,32.63720266927836,58801300
2023-11-06,32.656593322753906,32.88929856516588,32.482062541553354,32.840818614561975,40599700
2023-11-07,32.608116149902344,32.68568333771959,32.50145803021811,32.559636195168636,27442000
2023-11-08,32.64690017700195,32.6759911109029,32.44328213361388,32.59842021887866,30165800
2023-11-09,32.51115036010742,32.80203746655765,32.45297589784394,32.75355381629381,34336600
2023-11-10,32.87960433959961,32.908691570457485,32.47236831245666,32.666288116553396,35146100
2023-11-13,32.83112335205078,32.91838874065249,32.71477073350952,32.76325068300312,28327300
2023-11-14,33.45167922973633,33.63590453741051,33.16079580227792,33.189883035388725,54296300
2023-11-15,33.63590621948242,33.732869832673174,33.50016085979901,33.50985907050991,35000200
2023-11-16,33.77165222167969,33.81043396466267,33.626208664447745,33.732866779913394,33222500
2023-11-17,33.9461784362793,33.95587664586232,33.810433092382695,33.89769848471383,31336100
2023-11-20,34.081932067871094,34.159499261063125,33.829830367733635,33.89770304882056,37285400
2023-11-21,34.06253433227539,34.14979972351438,34.00435617185501,34.03344340267362,27285700
2023-11-22,34.198280334472656,34.2661530068814,34.08192771016955,34.14010217292948,32719200
2023-11-24,34.30493927001953,34.3631137341736,34.18858294414474,34.19828115402597,13168500
2023-11-27,34.18858337402344,34.24676153769235,34.11101618791493,34.17888886280364,35017000
2023-11-28,34.178890228271484,34.2952428614743,34.09162482867349,34.14980299466666,39329300
2023-11-29,34.421295166015625,34.62491320745862,34.275851594251385,34.275851594251385,36651300
2023-11-30,34.80913543701172,34.80913543701172,34.39220122462651,34.498859329950584,37334500
2023-12-01,35.07093048095703,35.109715921892956,34.69278167878985,34.75095984019373,51267600
2023-12-04,35.03215026855469,35.16789561897479,34.82852854414114,34.86731398677071,41366600
2023-12-05,34.85762023925781,34.93518742743311,34.70248216412375,34.925492915955,39510900
2023-12-06,34.68308639526367,35.1775878104387,34.634606444565435,35.05154067837992,35616100
2023-12-07,34.84791946411133,34.867312184423675,34.683086889631205,34.77035228164515,26050900
2023-12-08,35.03215026855469,35.09032473371565,34.770354078980176,34.809139521609744,33213100
2023-12-11,35.24546432495117,35.31333700308735,35.041846290542644,35.041846290542644,31165700
2023-12-12,35.49756622314453,35.507260734885264,35.187290064471185,35.33272993328356,37245700
2023-12-13,36.06963348388672,36.10841892293242,35.43938304513467,35.507255714073125,56989000
2023-12-14,36.42839050292969,36.56413584436464,36.23446700140126,36.36051783221221,66865700
2023-12-15,36.21508026123047,36.30234566638843,36.05994217414784,36.127814856072504,69246200
2023-12-18,36.33591079711914,36.462581982104254,36.29693333231035,36.39437327723669,43434000
2023-12-19,36.608741760253906,36.61848798397726,36.21897458741505,36.316418239172386,32509000
2023-12-20,35.95588684082031,36.59900008871179,35.95588684082031,36.511302658676804,52985700
2023-12-21,36.306671142578125,36.316417366067164,35.97537016875868,36.11179127793916,27522200
2023-12-22,36.38462448120117,36.53078809042475,36.24820709504316,36.41385571620789,30331400
2023-12-26,36.530792236328125,36.599000937148176,36.35539737219215,36.41385984884053,17837600
2023-12-27,36.6477165222168,36.6477165222168,36.39436676339966,36.452832950148604,32640800
2023-12-28,36.754905700683594,36.83285690567573,36.57951084308219,36.58925334979548,25308000
2023-12-29,36.63797378540039,36.8036261384038,36.530791341804445,36.74515994609166,30218300
2024-01-02,36.79387664794922,36.81336537698974,36.47232191151802,36.54053060461237,31351900
2024-01-03,36.4820671081543,36.68669691962439,36.42360463381593,36.62823072819076,46909000
2024-01-04,36.62822723388672,36.920550728976934,36.56001854226883,36.60873850526805,36904200
2024-01-05,36.78413772583008,36.97902131812772,36.608742864471736,36.62823159541104,44852300
2024-01-08,37.01799774169922,37.03748275499664,36.59899933099503,36.79387920073119,39098300
2024-01-09,36.78413772583008,36.83285769463065,36.66720905728963,36.82311518770867,36338100
2024-01-10,36.84260177612305,36.871833012284426,36.60874073554664,36.72566939728728,37095500
2024-01-11,36.706180572509766,36.84260168079853,36.41385706036695,36.793877997862126,49043500
2024-01-12,36.63797378540039,37.01799845978634,36.49181388026302,36.88157734439134,41333900
2024-01-16,36.38462448120117,36.45283317428018,36.179998401964156,36.32615829409274,44042100
2024-01-17,36.31642150878906,36.46258142394118,36.053329201000565,36.07281793310663,38715900
2024-01-18,36.374881744384766,36.41385548511472,36.00460332923793,36.26769559391371,42064900
2024-01-19,36.95953369140625,37.0082536616624,36.39437162856762,36.511304017696936,59417700
2024-01-22,37.134925842285156,37.3200632025574,37.04722841539932,37.115437112188836,51828800
2024-01-23,37.19339370727539,37.222628665205555,37.03748756099886,37.11544249268499,46255500
2024-01-24,37.33955383300781,37.54417993379059,37.310322594923235,37.34930005709959,43975500
2024-01-25,37.52469253540039,37.56366999896104,37.29083518822755,37.48571878893526,50693800
2024-01-26,37.66111373901367,37.72932244184402,37.427252674241394,37.46623013788603,38620200
2024-01-29,37.758548736572266,37.78777997193017,37.44673650243785,37.54417643169422,44175600
2024-01-30,38.236019134521484,38.27499288190294,37.77804321965513,37.79753195189366,43229300
2024-01-31,37.76829147338867,38.44063962748813,37.74880646109439,38.158058626985316,65780900
2024-02-01,37.82675552368164,37.85598675756604,37.27133977730894,37.700080648357826,63445600
2024-02-02,37.982666015625,38.158060873359524,37.68059626794993,37.700084998486574,61778400
2024-02-05,37.758548736572266,37.88522361828157,37.592900113417436,37.768291242659885,37351300
2024-02-06,37.83650588989258,37.89496836406367,37.66111103318878,37.70983100069645,41055700
2024-02-07,38.11907958984375,38.167799552752264,37.77803613238927,38.04112839260911,39018700
2024-02-08,37.972923278808594,38.089851944224655,37.729319724219565,37.943688324633136,47331500
2024-02-09,38.080116271972656,38.09960128879302,37.82676644815689,37.92420640064239,50680400
2024-02-12,38.25550079345703,38.421153144403796,37.992412224057055,38.08010965288881,39952700
2024-02-13,37.73906326293945,38.06062174799643,37.436993508834,37.963178093238845,62948300
2024-02-14,38.09959411621094,38.12882907012959,37.81701682036228,37.96317672157464,58722500
2024-02-15,38.75244903564453,38.83040023041849,38.206775803847655,38.21652202637864,58107900
2024-02-16,38.616031646728516,38.7914264812919,38.53807673488044,38.713471569443826,37900000
2024-02-20,38.50885009765625,38.64526749257751,38.31396651187078,38.34319774875527,39952200
2024-02-21,38.62577819824219,38.62577819824219,38.32371217592622,38.460129568855386,40242400
2024-02-22,39.074012756347656,39.21043388354705,38.771946696002395,38.84015540105427,55188200
2024-02-23,39.26889419555664,39.43454655374716,39.1909429871282,39.22017422565194,42190500
2024-02-26,39.074012756347656,39.49301121143526,39.00580405129578,39.229918898908466,38370000
2024-02-27,39.181190490722656,39.190936713400674,38.91809823483882,39.112981800355904,42599500
2024-02-28,39.32735824584961,39.463775640984444,39.09349719912187,39.10324342282878,40040800
2024-02-29,39.3078727722168,39.51249888187247,39.142220409332054,39.42480144672067,37629700
2024-03-01,39.25914764404297,39.38581880932679,39.13247276166409,39.298125102789555,40794900
2024-03-04,39.356590270996094,39.46377643134735,39.18119541171137,39.19094163561347,53413200
2024-03-05,39.3663330078125,39.590447815469616,39.22016939899069,39.22016939899069,50770200
2024-03-06,39.57096481323242,39.687893486954906,39.249406314126205,39.424801183257685,58459500
2024-03-07,39.51249313354492,39.7950741298233,39.366333240952486,39.71711921343133,35505100
2024-03-08,39.58070755004883,39.78533737661888,39.53198757880664,39.570965042638605,47266600
2024-03-11,39.6489143371582,39.687891799106566,39.366337030770964,39.43454573063292,36233100
2024-03-12,39.814571380615234,39.93150006313496,39.60019903174924,39.73661644753822,53199300
2024-03-13,40.10689163208008,40.11663413936194,39.86328806198312,39.89251930092419,43471400
2024-03-14,39.78533935546875,40.19459159477322,39.570967010825996,40.11663666323196,65563400
2024-03-15,39.74635314941406,39.93149049546899,39.48326088896027,39.56121208626422,67568000
2024-03-18,39.9742431640625,40.023146558055906,39.69060198646485,39.88621556243846,39140600
2024-03-19,40.169864654541016,40.189426760393594,39.98403024557679,40.00359235142937,36748300
2024-03-20,40.64912414550781,40.67846543673876,40.05249301654564,40.12095851681114,52255300
2024-03-21,40.9816780090332,41.07948481377267,40.69803305176212,40.74693645413185,49209200
2024-03-22,40.5121955871582,41.11860972632971,40.482854291456206,41.03058210813323,32033000
2024-03-25,40.3557014465332,40.55131878552013,40.3557014465332,40.48285327653827,31784000
2024-03-26,40.49263381958008,40.619781911033996,40.365481997035964,40.50241300696492,30135500
2024-03-27,40.971893310546875,40.981676229250226,40.58066237748921,40.688248365594134,36670300
2024-03-28,41.19685363769531,41.294664173316335,40.9523328952784,41.0207984046679,41490200
2024-04-01,40.971893310546875,41.275100361816044,40.89364861637146,41.235976149183195,37537700
2024-04-02,40.7567138671875,40.90342779899766,40.6882483606335,40.84474148005554,36359800
2024-04-03,40.737159729003906,41.04036308068178,40.6295699986315,40.7665010259816,39715900
2024-04-04,40.2774543762207,41.1577304842459,40.228550977128236,41.079482060825804,52657500
2024-04-05,40.658905029296875,40.766494743087655,40.29701540834706,40.43394641459347,47540300
2024-04-08,40.834964752197266,40.90343026287539,40.64913032765529,40.66869243514769,35165700
2024-04-09,40.6002197265625,40.96211308763424,40.27745430822494,40.85452337115833,51953600
2024-04-10,39.99380874633789,40.365481288975595,39.866656926024184,40.20898817593184,59492800
2024-04-11,39.710166931152344,40.032936100888165,39.46564618962778,39.97424977972972,56870800
2024-04-12,39.18199920654297,39.612354305184724,39.03528529075449,39.44608201630832,81234800
2024-04-15,38.98638916015625,39.84710324890576,38.86902024431013,39.69061011741408,71800600
2024-04-16,38.72229766845703,39.103749358234204,38.66361135807218,39.0157217582018,66751300
2024-04-17,38.820106506347656,39.07441013369907,38.66361340147368,38.89835492432961,41561900
2024-04-18,38.95704650878906,39.29937405605294,38.869018892194006,38.996166991983195,48893400
2024-04-19,39.494991302490234,39.573235999782916,39.09397743475287,39.172222132045555,55513600
2024-04-22,39.9742431640625,40.19920176130399,39.54388807339484,39.71016035919037,50701200
2024-04-23,40.22855758666992,40.32636440092449,40.05250233613905,40.16009207047356,36488600
2024-04-24,40.21876525878906,40.27745157226864,40.01336875824545,40.12095846741303,33957500
2024-04-25,39.984031677246094,40.13074187975827,39.64170040920371,40.02315215926181,50365700
2024-04-26,39.92534255981445,40.15030117277472,39.82753576499349,39.91556337276838,35796900
2024-04-29,39.86665725708008,40.09161960684556,39.71994706112146,39.9155643868231,36596100
2024-04-30,39.47542190551758,39.86665278191372,39.47542190551758,39.77862518178389,34481600
2024-05-01,39.47542190551758,39.954680382043556,39.39717349158451,39.446080615837545,54717600
2024-05-02,39.57323455810547,39.80797610361259,39.28958961218571,39.74928978446324,37085100
2024-05-03,39.6612663269043,39.89600789700712,39.465648973667065,39.807980274604894,45012600
2024-05-06,40.169864654541016,40.169864654541016,39.8764405289327,39.96446813972421,42335600
2024-05-07,40.306793212890625,40.38504163154174,40.199203502790326,40.26766900356507,42601200
2024-05-08,40.45350646972656,40.52197196937991,40.16008236677081,40.26766834401899,28390900
2024-05-09,40.7567138671875,40.7567138671875,40.345920827863495,40.35570001547538,31594800
2024-05-10,40.913211822509766,40.99145651878855,40.8545255019829,40.903428903543436,34306800
2024-05-13,40.74692916870117,41.099039572551675,40.74692916870117,41.030574075257384,29570100
2024-05-14,40.952327728271484,40.981672750800506,40.74693122601812,40.90342433217639,30638300
2024-05-15,41.25553894042969,41.29466315371208,41.040359498466856,41.05014241733262,36138300
2024-05-16,41.25553894042969,41.45115627575132,41.23597683378849,41.29466315371208,36032700
2024-05-17,41.558746337890625,41.558746337890625,41.275101385900314,41.32400478735959,29813200
2024-05-20,40.991455078125,41.529399938565334,40.971892971970234,41.47071735119127,35719600
2024-05-21,41.25553894042969,41.29466315371208,41.05014241733262,41.06970452397382,33413400
2024-05-22,41.02079391479492,41.34356305038041,40.932766307916154,41.167507836622875,38661100
2024-05-23,40.45350646972656,41.0207925712957,40.2970133660775,40.98167209370086,51768500
2024-05-24,40.698028564453125,40.70780775141266,40.531752537420864,40.531752537420864,23477300
2024-05-28,40.24811935424805,40.61000904122842,40.1014054030202,40.61000904122842,31004900
2024-05-29,39.92534255981445,40.05249437795376,39.80797365981129,39.92534255981445,40620200
2024-05-30,40.14052200317383,40.228549610986974,39.866656261594,39.964466787547536,32769300
2024-05-31,40.72737121582031,40.766495427144385,40.10139875899578,40.21876766187784,38664000
2024-06-03,40.47307586669922,40.76650002252553,40.120965387271426,40.7175966184029,37855000
2024-06-04,40.2872314453125,40.59043847348758,40.10139704609616,40.257890153617815,27586400
2024-06-05,40.40460968017578,40.45351308348199,40.111181798157524,40.41438886840081,23817300
2024-06-06,40.385040283203125,40.590436778669776,40.228547182215706,40.47306788570167,39040200
2024-06-07,40.57087707519531,40.795835687982176,40.31657717020279,40.39482185978124,42273300
2024-06-10,40.41438293457031,40.46328633069629,40.150300118182074,40.394820829901924,31615200
2024-06-11,39.95468521118164,40.238330149337266,39.75907161488553,40.21876804348962,54584900
2024-06-12,39.915565490722656,40.414386140521515,39.8568791720621,40.36548274051618,46399800
2024-06-13,39.886226654052734,39.92535087256309,39.61236458666192,39.91557168348092,39497900
2024-06-14,39.759071350097656,39.83731604187697,39.485205601144656,39.61235742276247,29083000
2024-06-17,40.11117935180664,40.12096227052553,39.59279659241371,39.661262099084844,36076900
2024-06-18,40.365482330322266,40.365482330322266,40.02315107158316,40.06227528362595,38900300
2024-06-20,40.580665588378906,40.68825158499642,40.238334297390395,40.277458513118894,42869100
2024-06-21,40.42416763305664,40.5219744296168,40.18942609778608,40.482850218556685,42530600
2024-06-24,40.83953094482422,41.09483773633422,40.495848005125545,40.594042060507135,45252000
2024-06-25,40.53512954711914,40.88863419365903,40.4172959135604,40.76097890554992,32845400
2024-06-26,40.27981948852539,40.36819564307743,40.08342761775827,40.34855608141438,37978500
2024-06-27,40.2307243347168,40.27982136823391,39.98523542126768,40.16198773862013,25466100
2024-06-28,40.36819076538086,40.62349754442499,40.20125638434734,40.319093740087325,44045100
2024-07-01,40.456573486328125,40.80025646511874,40.28963907815588,40.5351279903959,36131100
2024-07-02,40.927913665771484,40.927913665771484,40.358377564677745,40.37801712808067,27033100
2024-07-03,40.800254821777344,41.00646460074605,40.780615260085554,40.96718922322585,21113200
2024-07-05,40.79043960571289,40.888633674788494,40.554768595722365,40.888633674788494,21421100
2024-07-08,40.68242263793945,41.094842210479484,40.633325604903284,40.84935329943513,27779300
2024-07-09,40.99665069580078,41.261779185732365,40.67260351504093,40.721704296996364,33140000
2024-07-10,41.15375900268555,41.1635769104953,40.78061482623805,40.8002543877209,28445400
2024-07-11,41.47780227661133,41.54653886245342,41.06537901569578,41.193034280486664,45836600
2024-07-12,41.61528015136719,41.79203246232589,41.32069421505715,41.428706186542215,39041200
2024-07-15,42.22408676147461,42.263365880724955,41.733109008434205,41.76256647494048,46561200
2024-07-16,42.70525360107422,42.72488941805198,42.17499664194824,42.25355114745009,52243100
2024-07-17,43.029293060302734,43.10785130443297,42.58741230172827,42.656148892410606,54773300
2024-07-18,42.50885772705078,43.3140609986221,42.4106599220645,42.88199814840893,58731300
2024-07-19,42.07679748535156,42.57759695717012,42.027700452746316,42.489220800135286,47220000
2024-07-22,42.31246566772461,42.391020165487966,41.97860062403808,42.17499248724131,29071100
2024-07-23,42.391021728515625,42.607053160590944,42.32228513573955,42.4204829438935,23800400
2024-07-24,41.81167221069336,42.3517470539813,41.81167221069336,42.26337089810775,47786900
2024-07-25,41.96878433227539,42.58741366826687,41.880408177724696,41.89022608562439,44862000
2024-07-26,42.62669372558594,42.75434900625919,42.174995035035614,42.19463459712868,32636300
2024-07-29,42.56777572631836,42.75434969628199,42.35174803153494,42.72488847973517,35195700
2024-07-30,43.058753967285156,43.206048813859645,42.81326505357004,42.83290461617088,31418700
2024-07-31,42.95073699951172,43.31405950073847,42.92127578610304,43.15694676405692,38694800
2024-08-01,42.34192657470703,43.16676947045486,42.15535634973752,43.10785452881372,47060900
2024-08-02,41.30105209350586,42.00805754765975,41.04574155089384,41.860766461564985,78599800
2024-08-05,40.10306930541992,40.486031413493066,39.92631698694561,40.397655254255916,107913600
2024-08-06,40.75115966796875,41.23231958692714,40.171805681890795,40.27982140324045,57668900
2024-08-07,40.800254821777344,41.59564021390957,40.741339882565356,41.20285647180056,43912600
2024-08-08,41.458168029785156,41.50726506226939,41.0064655916852,41.065384278184354,41260500
2024-08-09,41.634918212890625,41.7429301804834,41.28141360371202,41.448344254788985,23838800
2024-08-12,41.418888092041016,41.821489743886715,41.330511936959596,41.71347402702461,20509300
2024-08-13,41.762569427490234,41.792030641942354,41.359967791368305,41.66437536828518,24922000
2024-08-14,42.273189544677734,42.35174779387707,41.83130875759022,41.86076997397172,30673000
2024-08-15,42.66596984863281,42.90163708544587,42.52849666951467,42.67578775605703,33329000
2024-08-16,42.98019790649414,42.98019790649414,42.61687537619296,42.61687537619296,25338900
2024-08-19,43.21586608886719,43.22568774295544,42.9900167410629,42.9900167410629,24458600
2024-08-20,43.078392028808594,43.206047308334064,42.9900158731161,43.16676818450109,19620400
2024-08-21,43.00965881347656,43.19623279340704,42.78380945249141,43.1471320118272,19914100
2024-08-22,43.25514221191406,43.25514221191406,43.01947497223855,43.05875034827564,24738700
2024-08-23,43.6282844543457,43.736300161876784,43.29441942464195,43.38279557208892,32762500
2024-08-26,43.76576614379883,44.00143716479542,43.66757207013747,43.77558779868325,23716300
2024-08-27,43.991615295410156,44.01125485921943,43.77558758523573,43.85414209460904,21583500
2024-08-28,44.09962844848633,44.34511736297264,43.834499971337486,43.87377909666255,24726200
2024-08-29,44.492408752441406,44.63969984216885,43.94251227821442,44.24691985703239,33726600
2024-08-30,44.91465377807617,44.953929157831034,44.41385429109988,44.62006408180137,28967700
2024-09-03,44.58079147338867,45.05212977251983,44.374577924004434,44.678985547675396,39893900
2024-09-04,44.6298828125,44.944108305135984,44.404033473784345,44.65934028185233,32006100
2024-09-05,44.13890838623047,44.836096017196745,43.94251650185393,44.81645645417273,39523500
2024-09-06,43.49081039428711,44.3843897576769,43.39261259586554,44.138900880417474,51331300
2024-09-09,44.13890838623047,44.38439730523524,43.84432243259747,43.903237375805894,41010900
2024-09-10,43.68721008300781,44.3254790308737,43.186410585868956,44.28619990445817,59115000
2024-09-11,43.48099136352539,43.549727953633976,42.59723359961646,43.52027048526264,59397500
2024-09-12,43.57918930053711,43.7166624811728,43.20604513462366,43.55954973960869,37732700
2024-09-13,43.70684051513672,43.88359281636491,43.60864645706026,43.70684051513672,32912300
2024-09-16,44.2763786315918,44.28619653951787,43.89341654279764,43.89341654279764,37063700
2024-09-17,44.51205062866211,44.65934172605021,44.325476661094996,44.3745736935577,27893300
2024-09-18,44.37457275390625,44.865550559863514,44.27637869106015,44.53168550197804,41783900
2024-09-19,44.86555099487305,44.98338836646696,44.521868025716024,44.82627561687183,46457700
2024-09-20,44.836090087890625,44.836090087890625,44.52186461278806,44.76735349932839,48699200
2024-09-23,44.78188705444336,45.00855549269782,44.70304765652595,44.83116590752149,31615300
2024-09-24,44.40739440917969,44.64391636810025,44.24971185008306,44.64391636810025,40341400
2024-09-25,44.14130783081055,44.486237280926666,44.0033360507641,44.42710866630621,32546900
2024-09-26,44.36796951293945,44.45666618076658,44.12159029780281,44.26941557121571,31445200
2024-09-27,44.49609375,44.78189082086759,44.39753979500344,44.466525683776545,23226100
2024-09-30,44.66362762451172,44.68333841453581,44.19057994227999,44.387684083072074,23593400
2024-10-01,44.42710494995117,44.65377339241638,44.13144686378472,44.54536592874852,32703000
2024-10-02,44.47637939453125,44.57492958218073,44.18072507213413,44.40739351128688,37709400
2024-10-03,44.23985290527344,44.39753545841712,44.02303798490765,44.30883878730826,23545700
2024-10-04,44.98884963989258,45.028267460158276,44.4960911718081,44.673484521074414,40432000
2024-10-07,44.43695831298828,45.00855617475967,44.24971145057931,44.98884914456817,26599300
2024-10-08,44.69319152832031,44.80159899275452,44.525655453793824,44.60449485373312,28763000
2024-10-09,45.107112884521484,45.195809563608314,44.60449711654649,44.69319379563331,28334300
2024-10-10,44.96914291381836,45.195811378487,44.78189227297754,45.15638979521008,34127400
2024-10-11,45.83639144897461,45.925088124385496,45.22537199583782,45.254936301158516,52850300
2024-10-14,46.122196197509766,46.17147129706161,45.787120257328475,45.91523852372256,35850800
2024-10-15,46.22074508666992,46.703646272543175,46.161612718023754,46.43755625280847,42356800
2024-10-16,46.79233932495117,46.81205011297465,46.30943817644528,46.39813484282675,44973700
2024-10-17,46.92045974731445,47.11756387725837,46.89089544362987,46.98944562887753,45823400
2024-10-18,46.93031692504883,47.02887087743738,46.66422689277306,46.92046340953441,34279600
2024-10-21,46.555816650390625,46.95987839985299,46.4671199854136,46.85147094716459,26207400
2024-10-22,46.467124938964844,46.545964338766545,46.10248096660462,46.31929589509461,30018700
2024-10-23,46.427703857421875,46.53611132282988,46.201035411318216,46.41784658268544,20697200
2024-10-24,46.467124938964844,46.52625354895393,46.18132412585507,46.43755687452155,19617500
2024-10-25,45.954654693603516,46.73321019748529,45.84624723169058,46.654370799379585,25526500
2024-10-28,46.5262565612793,46.56567814345686,46.1813271158481,46.191180631668,31415900
2024-10-29,46.240455627441406,46.536113733670526,46.20103780479998,46.407995471601176,27930900
2024-10-30,46.44741439819336,46.7430687280703,46.260163773693904,46.2995853535305,28704300
2024-10-31,45.806827545166016,46.52625447004978,45.806827545166016,46.38828269807876,53417100
2024-11-01,45.964508056640625,46.31929474556525,45.846247080148636,45.954654541703235,40139900
2024-11-04,45.60972213745117,45.97436610691578,45.36334290592311,45.9349445276036,41705600
2024-11-05,46.03349304199219,46.05320383093131,45.56044538579901,45.64914205630077,35221800
2024-11-06,48.83236312866211,48.960481382205266,47.99467524195787,48.32975114852931,153473400
2024-11-07,48.043949127197266,48.72395443836532,47.95525245535373,48.72395443836532,70611400
2024-11-08,48.477577209472656,48.75352451071599,48.142501297529805,48.388880533974586,60376500
2024-11-11,49.16743850708008,49.4138177369287,48.9506235817897,48.96048085627492,63654700
2024-11-12,49.01961135864258,49.21671172745882,48.871782322581836,49.147725846483425,58512400
2024-11-13,49.04917907714844,49.403965780837574,48.9703359165736,49.11816496292701,31880700
2024-11-14,48.92106246948242,49.265995669447676,48.83236579057124,49.157588199728565,38252800
2024-11-15,49.14773178100586,49.285703559616564,48.891499014935846,48.92106332193842,40741500
2024-11-18,49.29555892944336,49.38425560647161,48.980193802109326,49.187151462025625,27141600
2024-11-19,48.9703369140625,49.15758754451748,48.7042468808756,48.901351026878736,27014700
2024-11-20,48.822509765625,49.19700349338137,48.58598404753526,49.167439188413425,33932500
2024-11-21,49.44338607788086,49.670058296161216,48.94077406211551,49.06889232474158,50881800
2024-11-22,49.99527359008789,50.04454868487784,49.403964933711016,49.4138184488895,42050800
2024-11-25,50.320499420166016,50.50774629693839,50.12339526809304,50.27122056256102,47492500
2024-11-26,50.41905212402344,50.51760232523673,50.024843800271896,50.34021271494265,28418400
2024-11-27,50.51759719848633,50.872383901967545,50.46832210288034,50.4880328930125,31803700
2024-11-29,50.596435546875,50.82310397266355,50.50773887944049,50.69498572871404,15178400
2024-12-02,50.09382629394531,50.744267303571505,49.965708043117054,50.675277661241935,55483600
2024-12-03,49.719329833984375,50.38948164664958,49.719329833984375,50.38948164664958,46924300
2024-12-04,49.53207778930664,49.709471132239685,49.36454172067467,49.670053313381274,41017400
2024-12-05,49.67990493774414,49.936137668092094,49.571497481249374,49.61091905805628,33599300
2024-12-06,49.6700553894043,49.83759146503865,49.532079859562806,49.6700553894043,23439400
2024-12-09,48.990047454833984,49.75875324438212,48.97033666438928,49.709474388545914,41998300
2024-12-10,48.98019027709961,49.25613380379555,48.674678687222965,49.02946536980266,38861800
2024-12-11,49.078739166259766,49.19700013751334,48.86192801220296,49.17729310851149,35035900
2024-12-12,48.8619270324707,49.24627800092456,48.8619270324707,49.20685642481432,23107300
2024-12-13,48.822509765625,49.07874251406087,48.71410230147757,49.05903172426599,39160400
2024-12-16,48.73381423950195,48.91120759238668,48.64511756305959,48.85207522160883,35242800
2024-12-17,48.38888168334961,48.55642152302499,48.221345603123126,48.54656424804173,46103300
2024-12-18,46.9401741027832,48.58598563004975,46.90075252190944,48.47757816237133,72399500
2024-12-19,47.10770797729492,47.82713487704611,47.09785446226214,47.47234818468691,63641000
2024-12-20,47.80742645263672,48.181923953037135,46.91060616233888,47.00916011478577,56066100
2024-12-23,47.9222297668457,47.96181946402201,47.377884644856216,47.56593381870298,43033300
2024-12-24,48.48637390136719,48.506164974632576,47.93212946290247,48.02120439452213,18350500
2024-12-26,48.605140686035156,48.62493553537962,48.238945411866275,48.268635798142235,20805600
2024-12-27,48.24884033203125,48.6645208365069,47.99151484480558,48.347810802006954,33852400
2024-12-30,47.78367233276367,48.00141190419452,47.36799181510282,47.75398194592548,34819800
2024-12-31,47.833160400390625,48.07069104136947,47.664906068839265,47.90244048529958,25170500
2025-01-02,47.71438980102539,48.26863423831522,47.44716500673286,48.08058883884182,35879100
2025-01-03,48.090484619140625,48.120175004607574,47.58572918879569,47.99151415059656,25198100
2025-01-06,47.94202423095703,48.51606350896583,47.85294930076537,48.298323951723695,54289900
2025-01-07,47.833160400390625,48.25873644676784,47.625316370182304,48.149870438683394,57682700
2025-01-08,47.99151611328125,48.001411650347805,47.52634658604132,47.84305662891231,36422000
2025-01-10,46.83354187011719,47.64511182549979,46.665291311907346,47.605522126339295,53128700
2025-01-13,47.1700439453125,47.18983879371072,46.5564187468928,46.59600844368924,36002800
2025-01-14,47.75397872924805,47.793568426019924,47.24922330959107,47.35808931249182,39353300
2025-01-15,48.971336364746094,49.10000099880724,48.50616684001223,48.77339164514776,61176900
2025-01-16,49.29794692993164,49.337532854438955,48.95154271825108,48.95154271825108,33830400
2025-01-17,49.713626861572266,49.80270179774615,49.218766944046585,49.39691681639435,43693100
2025-01-21,50.12931442260742,50.18869520027232,49.87198513445355,49.881884447718896,33267500
2025-01-22,49.89177703857422,50.13920699884794,49.69383231525892,50.12931146164888,37226400
2025-01-23,50.178794860839844,50.26786979429533,49.96105529561944,49.970954607937514,32048800
2025-01-24,50.32725143432617,50.37674044580726,49.961056157351415,50.010541393351005,39088700
2025-01-27,50.881492614746094,50.91118299933617,50.09961309970325,50.238173261765276,61707400
2025-01-28,50.79241943359375,51.02005453274166,50.58457918334757,50.822109819205664,39885300
2025-01-29,50.75283432006836,51.20810833496844,50.64396452901576,50.65386384210149,43612200
2025-01-30,51.237796783447266,51.505021594419006,50.90129188542525,51.21800193350696,64250500
2025-01-31,50.94087600708008,51.43573587495385,50.91118184768045,51.29717571602618,40424200
2025-02-03,50.733036041259766,50.871599986724796,49.89177570894161,50.22828059696516,77416200
2025-02-04,50.6142692565918,50.861699203114426,50.47570909061614,50.792419120126596,41742700
2025-02-05,51.148719787597656,51.1586153244287,50.61427018716706,50.83200975226429,34758600
2025-02-06,51.57429885864258,51.59409370749945,51.22789466686943,51.44563422881362,34355900
2025-02-07,51.28727722167969,51.722752553174836,51.24768752550343,51.63367762451887,40601400
2025-02-10,50.881492614746094,51.44563257484504,50.6637530598022,51.37635249381403,37921500
2025-02-11,51.01015853881836,51.109129006958575,50.49550379843026,50.802318290435096,45162900
2025-02-12,50.832008361816406,50.85180321041846,50.396529243533955,50.752828967408206,45473100
2025-02-13,51.16851806640625,51.23779815531146,50.75283375749329,50.97057333718492,36372200
2025-02-14,51.26748275756836,51.48522231268735,51.21799752471802,51.23779237295441,29574300
2025-02-18,51.6336784362793,51.66337259661894,51.21799794633715,51.34666257319218,33496800
2025-02-19,51.653472900390625,51.712857445146824,51.36645703943882,51.505017201722026,31748500
2025-02-20,50.86170196533203,51.61389115788057,50.51530153158044,51.57430145817138,47078900
2025-02-21,50.22827911376953,50.97056895288927,50.12930864541278,50.881494021175655,51789900
2025-02-24,50.44601821899414,50.88149356150361,50.15899857767863,50.465813067582936,56673900
2025-02-25,50.436119079589844,50.881493735658786,49.79280348791812,50.7429335705443,50132800
2025-02-26,50.32725143432617,50.792420958781605,50.228280962327,50.446020531302985,31250500
2025-02-27,50.60437774658203,51.26748824379597,50.465817569581006,50.50540349480868,44378600
2025-02-28,51.64358139038086,51.72275701408076,50.64396224086347,50.861701813130935,63537100
2025-03-03,51.208106994628906,52.09885259946121,50.841907929676715,51.78214254767884,76100100
2025-03-04,49.40681076049805,50.75283029684494,49.12969042377301,50.69344952496468,99342400
2025-03-05,49.69383239746094,49.931366820928524,49.05051676497405,49.426607586865494,75561700
2025-03-06,48.87236404418945,49.44639955628325,48.55565401500363,49.109894678338144,55477700
2025-03-07,48.61503219604492,48.82287620920473,47.75397708603253,48.694211586864114,87351400
2025-03-10,47.526344299316406,48.11027912066662,46.97209986321882,47.793569093034094,78221400
2025-03-11,47.12055969238281,47.58572920071546,46.793950350239115,47.45706457119085,72972200
2025-03-12,47.189842224121094,47.69459768078383,46.734572004310536,47.62531759409446,60700100
2025-03-13,46.93251037597656,47.58572905830912,46.79395021020227,47.30860495127918,49986300
2025-03-14,48.02120590209961,48.10038152409086,47.13045655793881,47.377886511818865,49535700
2025-03-17,48.58534240722656,48.822876807111946,47.82325775092417,47.83315706263838,43570500
2025-03-18,48.52595901489258,48.783288268831534,48.347809154621395,48.62493325697729,32714200
2025-03-19,49.0604133605957,49.31774263952722,48.3577131632118,48.55565789112489,44290700
2025-03-20,49.12968826293945,49.46619313222594,48.69421292788452,48.783287857268625,46326000
2025-03-21,48.951541900634766,49.1296917721277,48.52596207156627,48.88226181455213,53382800
2025-03-24,49.81473159790039,49.93392829584644,49.32800574839571,49.45713771486752,43158200
2025-03-25,50.09286117553711,50.172324382030475,49.74520254238817,49.993531220121675,24873700
2025-03-26,49.94386291503906,50.569652249688595,49.75513448232664,50.24186036243071,39729200
2025-03-27,49.84452819824219,50.11272360176337,49.457136100665345,49.85445967724908,32299800
2025-03-28,48.88101577758789,49.96372895880056,48.69228734753977,49.69553353345119,45365400
2025-03-31,49.47700500488281,49.725333672021804,48.255228417262344,48.39429186458902,38042300
2025-04-01,49.41740417480469,49.63593461183859,48.87108187141463,49.288272208448774,37959100
2025-04-02,49.82466125488281,49.99352671089191,48.9406118481607,49.020075047486785,41792100
2025-04-03,47.371177673339844,48.32476268514629,47.28177919689533,47.87777030292373,101160600
2025-04-04,43.90450668334961,46.09973107021845,43.79524146957156,45.7620039499929,128135300
2025-04-07,43.79524612426758,45.344818450441984,41.927813391061754,42.553602725177655,179993200
2025-04-08,43.62637710571289,45.91100380570272,42.950926637567086,45.49380968713614,98804200
2025-04-09,46.91425323486328,47.29171388512507,42.78206419844469,42.950929669296634,177242900
2025-04-10,45.60307693481445,46.28846270182181,44.24223688038182,46.21893097716286,93318200
2025-04-11,46.357994079589844,46.6559915135495,45.066685759478844,45.29514768010508,63647400
2025-04-14,46.83478927612305,47.30164460503597,46.55665858551669,47.03344918330565,52008900
2025-04-15,46.95398712158203,47.579776454190494,46.91425362350008,47.10298205559695,41840100
2025-04-16,46.218929290771484,47.023515518575614,45.8712706801618,46.85465005828329,47934300
2025-04-17,46.338130950927734,46.894384742000426,46.11960051060931,46.1891322344934,61866600
2025-04-21,45.34481430053711,46.23879519254879,44.83822171812202,46.09973175084884,43082300
2025-04-22,46.84471893310547,46.96391563061613,45.891137774630806,46.030201219925694,38154800
2025-04-23,47.400978088378906,48.404224255261326,47.242047889985805,47.71883848516511,50290900
2025-04-24,47.927433013916016,48.01683148613152,47.043383560448625,47.23211198437258,26817900
2025-04-25,47.698970794677734,47.90756596547496,47.38111040416917,47.689035526052294,28113000
2025-04-28,47.847965240478516,48.24529261921882,47.51024189450238,47.897634004717084,33922800
2025-04-29,48.34462356567383,48.434022038273135,47.63937105360973,47.85790149534021,42475300
2025-04-30,48.434024810791016,48.602890286120456,47.18244991195137,47.828106005371865,33759900
2025-05-01,48.42409133911133,48.74195173809914,48.11616241981914,48.2552296599218,34420200
2025-05-02,49.42733383178711,49.606130766551004,49.00021203117842,49.159142218835825,35032100
2025-05-05,49.10947799682617,49.49687391742719,48.77175084318074,49.01014804130483,24139900
2025-05-06,48.83135223388672,49.22867964366932,48.64262379829724,48.67242202781268,28949100
2025-05-07,49.11941146850586,49.387606885633495,48.93067925504857,48.990279499697415,30070100
2025-05-08,49.52667236328125,50.03326120137192,49.39754038918169,49.506805614250936,31294200
2025-05-09,49.52667236328125,49.70546931535912,49.387608909264,49.62600231923787,22075000
2025-05-12,50.5299186706543,50.85771434658282,50.21205826386024,50.76831587034731,44274100
2025-05-13,50.73851776123047,50.976911172291864,50.569652288299935,50.6590507647467,33986100
2025-05-14,50.599449157714844,50.8279110826742,50.45045422710388,50.76831462610775,38764200
2025-05-15,50.93717575073242,51.01664274421562,50.49018717457123,50.52991688211802,34742500
2025-05-16,51.2451057434082,51.32456894936622,50.81798011744859,50.927245341186385,53401000
2025-05-19,51.27490234375,51.42390106033276,50.897445496344595,50.97690869977924,26348400
2025-05-20,50.99677658081055,51.17557352900386,50.768314655717944,51.03651007800792,26903000
2025-05-21,49.95379638671875,50.827910580750114,49.91406288993692,50.678915651610474,40022000
2025-05-22,49.894195556640625,50.18225772113974,49.635935408975925,49.844530580842964,33662800
2025-05-23,49.71540069580078,49.953797894492574,49.23861008761212,49.25847683660268,33645600
2025-05-27,50.589515686035156,50.619313913145064,49.92399289675459,50.102789837803414,38636400
2025-05-28,50.25178909301758,50.67891470243549,50.172322100942274,50.549782734910494,31730200
2025-05-29,50.51005172729492,50.519986996391175,50.023329639036476,50.42065325140327,34098400
2025-05-30,50.61931610107422,50.70871457546272,50.122658752070286,50.34118919817437,37953200
2025-06-02,50.639183044433594,50.659049793173516,49.95379726428317,50.27165766573219,30142300
2025-06-03,50.73851776123047,50.78818273943534,50.072994927861245,50.480253811853174,33705400
2025-06-04,50.4504508972168,50.86764122242545,50.440515628981586,50.80804476979255,24600500
2025-06-05,50.3113899230957,50.53985184418119,50.112726229788166,50.460384851180265,42014400
2025-06-06,50.93717575073242,51.09610594850402,50.70871382826042,50.82791052929042,34982800
2025-06-09,50.6590461730957,51.016640046471046,50.35111727342369,50.996773299150796,28322100
2025-06-10,50.718650817871094,50.73851756691595,50.53985386566231,50.64911909081156,27728600
2025-06-11,50.6590461730957,50.996773299150796,50.47031775734521,50.76831138875979,39368400
2025-06-12,50.6590461730957,50.668977652158524,50.1623888576732,50.36105254168112,25500900
2025-06-13,49.625999450683594,50.12265678014807,49.47700452536108,50.01339156139473,54921900
2025-06-16,50.19218826293945,50.53985066541765,49.973661615673265,49.98359309496935,35632400
2025-06-17,49.90413284301758,50.142526252162874,49.75513412040558,49.93393107186201,31130700
2025-06-18,49.8842658996582,50.43058823178166,49.814734173162215,49.8842658996582,45728200
2025-06-20,50.0233268737793,50.24185731147752,49.884263427678505,50.033258353131615,44456100
2025-06-23,50.65325164794922,50.67318648120898,49.67646763130493,50.0352870256193,43022700
2025-06-24,51.410762786865234,51.60013800944781,51.11174407453997,51.15161374314079,41225000
2025-06-25,51.24131774902344,51.43069296847432,51.13167806327474,51.42072745257935,33123900
2025-06-26,51.62007141113281,51.65994107862712,51.24131717429838,51.27121752382873,37866000
2025-06-27,51.76957702636719,52.058626412794965,51.530366625460644,51.58020180880111,38954100
2025-06-30,52.19816589355469,52.26793590992771,51.96892101087465,52.008790677996586,42472900
2025-07-01,52.48721694946289,52.5968566364516,52.03869268550037,52.0685968378851,33844800
2025-07-02,52.44734573364258,52.586885766718126,52.16826566749148,52.57692025100447,40791100
2025-07-03,53.01547622680664,53.09521556280751,52.52708610143418,52.57692128534431,25904800
2025-07-07,52.50715255737305,53.07528203270357,52.24800351118455,52.95567682794475,34049000
2025-07-08,52.038692474365234,52.42741223416199,52.008792124282664,52.387546368112176,53715000
2025-07-09,52.22806930541992,52.32773966963266,51.968920274977705,52.30780483635398,36634900
2025-07-10,52.537052154541016,52.58688733896072,52.10846272460602,52.10846272460602,27992600
2025-07-11,51.98885726928711,52.238036992357344,51.90912173503867,52.188201808179464,30289900
2025-07-14,52.3775749206543,52.40747907170201,51.849315145706484,51.97888966109807,27636500
2025-07-15,51.480533599853516,52.277907973264085,51.480533599853516,52.168268284011205,47704600
2025-07-16,51.83934783935547,51.88918682564187,51.1615824915942,51.75961230522272,46726500
2025-07-17,52.33770751953125,52.42741237219598,51.64000733456209,51.699808034884676,48213900
2025-07-18,52.367610931396484,52.47725061667872,52.257971246114245,52.407480599168345,29791300
2025-07-21,52.218101501464844,52.76629612488816,52.198166667608255,52.39751120399331,36871400
2025-07-22,52.50715255737305,52.57692257699743,52.29784249849989,52.327742849144364,32289100
2025-07-23,52.9257698059082,52.9257698059082,52.38754451258133,52.626754909130895,32111300
2025-07-24,52.895870208740234,53.264655126601426,52.836065707662435,52.945705391881354,32371900
2025-07-25,53.26465606689453,53.31449505309622,52.81613560852587,52.92577149249946,28964700
2025-07-28,52.895870208740234,53.264655126601426,52.786230524521315,53.20485442770438,29119300
2025-07-29,52.62675476074219,53.125114188026075,52.50714956280465,53.075279005733826,37883200
2025-07-30,52.52708435058594,52.855999595173984,52.267935319401964,52.60681988174822,37260100
2025-07-31,52.19816589355469,52.816134327402494,52.098495527930574,52.30780557704964,46179400
2025-08-01,51.231353759765625,51.59016937538893,50.882499858153324,51.55030350844029,63060800
2025-08-04,51.73967742919922,51.73967742919922,51.3210573204348,51.43069320450584,40053100
2025-08-05,51.53036880493164,51.91908857448121,51.19148422083031,51.87921890525024,33551000
2025-08-06,51.77954864501953,51.85928418147094,51.49049924574867,51.64000860459386,34198700
2025-08-07,51.201446533203125,52.07856019049575,51.05194098621347,52.008790174797774,43119400
2025-08-08,51.679874420166016,51.7994834279952,51.331024319449895,51.50046471060317,39484400
2025-08-11,51.659942626953125,51.859283366037694,51.55030293914808,51.78951334692192,29351200
2025-08-12,52.287872314453125,52.37757716708225,51.86925220363774,51.87921771962727,37510000
2025-08-13,52.58688735961914,52.73639671511784,52.317776603210845,52.48721699074058,41154900
2025-08-14,52.83606719970703,52.87593686821811,52.35764258411663,52.53705229023564,35841500
2025-08-15,52.287872314453125,52.98557630132626,52.24800264613332,52.955675951176836,46108500
2025-08-18,52.32773971557617,52.38754421546473,52.11842966923723,52.21810003353748,25405100
2025-08-19,52.42741012573242,52.6965246721953,52.277904579151276,52.277904579151276,24870800
2025-08-20,52.69652557373047,52.836065607132404,52.33770617230792,52.467280689972895,39138800
2025-08-21,52.52708435058594,52.62675471508397,52.178230470481466,52.54701918392168,29037000
2025-08-22,53.394229888916016,53.50386957363679,52.77626525033985,52.7962000841237,47249800
2025-08-25,53.08524703979492,53.40420058639466,53.065316007677,53.29456089884176,24756500
2025-08-26,53.493900299072266,53.513835132872295,52.925770843404216,52.925770843404216,27907000
2025-08-27,53.603538513183594,53.76301337702758,53.33442396753798,53.364328118507935,39530100
2025-08-28,53.673309326171875,53.73311382681994,53.523803777822806,53.71317899327058,28837300
2025-08-29,53.8128547668457,53.96236031965616,53.62347574356595,53.72314991428709,36062400
2025-09-02,53.41416549682617,53.52380518313594,52.945706401568366,53.52380518313594,38733100
2025-09-03,53.324459075927734,53.42412944117868,52.955674161882385,53.324459075927734,36420100
2025-09-04,53.882625579833984,53.90256041427218,53.39423164155042,53.513836845998696,32730000
2025-09-05,52.895870208740234,54.07199878133827,52.696525673995005,53.932458747670836,58377100
2025-09-08,52.93574142456055,52.99554212520683,52.66662686510966,52.91580659028483,49490900
2025-09-09,53.16498565673828,53.41416537882608,52.78623141455421,52.80616624858293,38884500
2025-09-10,52.98557662963867,53.224790838858866,52.75633173865062,52.99554214568995,32915900
2025-09-11,53.852718353271484,53.892588019872186,53.00550885000025,53.01547436556008,36635400
2025-09-12,53.62347412109375,53.892588670627056,53.53376927124931,53.782948987241554,25705900
2025-09-15,53.503868103027344,53.912522678911984,53.44406360331959,53.713178148733476,31922000
2025-09-16,53.3842658996582,53.493901785333286,53.0952165047981,53.43410108445249,28482500
2025-09-17,53.902557373046875,54.15173708619407,53.47396796225925,53.49389899339203,47976100
2025-09-18,53.952392578125,54.32117748912868,53.812852547052294,53.93245774480309,36609100
2025-09-19,54.071998596191406,54.231473463005386,53.74307954466091,54.08196411191321,46731400
2025-09-22,54.0,54.060001373291016,53.63999938964844,53.70000076293945,32393000
2025-09-23,53.7599983215332,54.4900016784668,53.630001068115234,53.95000076293945,28698900
2025-09-24,53.61000061035156,53.959999084472656,53.5,53.83000183105469,23893400
2025-09-25,53.470001220703125,53.709999084472656,53.2400016784668,53.470001220703125,24757500
2025-09-26,53.86000061035156,54.099998474121094,53.63999938964844,53.709999084472656,30686100
2025-09-29,54.130001068115234,54.150001525878906,53.7400016784668,54.040000915527344,20713800
2025-09-30,53.869998931884766,54.2400016784668,53.41999816894531,54.060001373291016,32442200
2025-10-01,53.38999938964844,53.7599983215332,53.369998931884766,53.61000061035156,33210100
2025-10-02,53.349998474121094,53.47999954223633,53.060001373291016,53.310001373291016,32443400
2025-10-03,53.720001220703125,53.970001220703125,53.380001068115234,53.41999816894531,32111600
2025-10-06,53.70000076293945,54.06999969482422,53.29999923706055,53.93000030517578,32001300
2025-10-07,53.77000045776367,54.04999923706055,53.52000045776367,53.880001068115234,31250500
2025-10-08,53.5099983215332,53.95000076293945,53.34000015258789,53.93000030517578,26848700
2025-10-09,53.31999969482422,53.810001373291016,53.189998626708984,53.630001068115234,33922400
2025-10-10,52.15999984741211,53.68000030517578,52.15999984741211,53.459999084472656,73596200
2025-10-13,52.65999984741211,52.81999969482422,52.34000015258789,52.54999923706055,39651900
2025-10-14,53.2400016784668,53.650001525878906,52.25,52.45000076293945,62588700
2025-10-15,53.2400016784668,53.7599983215332,52.86000061035156,53.43000030517578,39526600
2025-10-16,51.7599983215332,53.119998931884766,51.540000915527344,53.09000015258789,85420100
2025-10-17,52.18000030517578,52.36000061035156,51.72999954223633,51.900001525878906,52288900
2025-10-20,52.790000915527344,52.900001525878906,52.290000915527344,52.36000061035156,39479600
2025-10-21,52.72999954223633,53.130001068115234,52.65999984741211,52.65999984741211,31213600
2025-10-22,52.43000030517578,52.81999969482422,52.119998931884766,52.779998779296875,53727500
2025-10-23,52.540000915527344,52.68000030517578,52.290000915527344,52.59000015258789,29483700
2025-10-24,53.11000061035156,53.279998779296875,52.810001373291016,52.849998474121094,31947800
2025-10-27,53.33000183105469,53.43000030517578,53.20000076293945,53.369998931884766,27154100
2025-10-28,52.9900016784668,53.400001525878906,52.939998626708984,53.33000183105469,33648000
2025-10-29,52.09000015258789,52.58000183105469,51.869998931884766,52.45000076293945,61846300
2025-10-30,52.22999954223633,52.81999969482422,52.02000045776367,52.02000045776367,48568700
2025-10-31,52.369998931884766,52.5,51.939998626708984,52.0099983215332,40425800
2025-11-03,52.150001525878906,52.34000015258789,51.650001525878906,52.33000183105469,38693200
2025-11-04,52.41999816894531,52.540000915527344,51.84000015258789,51.95000076293945,44675200
2025-11-05,52.599998474121094,52.81999969482422,52.18000030517578,52.4900016784668,38036300
2025-11-06,52.40999984741211,52.70000076293945,52.16999816894531,52.5099983215332,42625700
2025-11-07,52.779998779296875,52.79999923706055,52.09000015258789,52.279998779296875,46218700
2025-11-10,52.970001220703125,53.150001525878906,52.650001525878906,52.93000030517578,42010600
2025-11-11,53.209999084472656,53.34000015258789,52.880001068115234,53.06999969482422,29995800
2025-11-12,53.66999816894531,53.88999938964844,53.220001220703125,53.220001220703125,46052700
2025-11-13,52.97999954223633,53.7599983215332,52.880001068115234,53.56999969482422,50455300
2025-11-14,52.45000076293945,52.810001373291016,52.27000045776367,52.810001373291016,46154600
2025-11-17,51.45000076293945,52.4900016784668,51.25,52.470001220703125,70048500
2025-11-18,51.369998931884766,51.75,51.150001525878906,51.279998779296875,66043600
2025-11-19,51.560001373291016,51.650001525878906,51.189998626708984,51.380001068115234,46003900
2025-11-20,51.11000061035156,52.38999938964844,51.08000183105469,52.029998779296875,70096400
2025-11-21,51.66999816894531,51.970001220703125,51.13999938964844,51.459999084472656,68942900
2025-11-24,51.88999938964844,51.970001220703125,51.33000183105469,51.7400016784668,43789100
2025-11-25,52.540000915527344,52.65999984741211,51.90999984741211,52.11000061035156,50989800
2025-11-26,52.95000076293945,53.150001525878906,52.599998474121094,52.66999816894531,35268500
2025-11-28,53.33000183105469,53.54999923706055,53.029998779296875,53.099998474121094,16136100
