Price,Close,High,Low,Open,Volume
Ticker,XLK,XLK,XLK,XLK,XLK
Date,,,,,
2020-01-02,88.83306121826172,88.83306121826172,87.81527185093063,87.98648909296392,13283500
2020-01-03,87.83427429199219,88.44305222451148,87.52988895429199,87.5394030371598,15011800
2020-01-06,88.04351806640625,88.13864435653018,86.7974420426468,86.95914512447021,7815000
2020-01-07,88.00550079345703,88.44306156616668,87.87233264771746,88.19574618531333,7681800
2020-01-08,88.94718933105469,89.33717964132909,87.93890700837294,88.10061738787097,11627200
2020-01-09,89.95548248291016,90.01255247707864,89.30866260622615,89.76524433093499,7777400
2020-01-10,89.74620056152344,90.46911847618598,89.5940115178213,90.34546442460805,7665300
2020-01-13,90.86863708496094,90.97327024385224,90.10767723325712,90.1552331418585,7762200
2020-01-14,90.44058990478516,91.06838154744426,90.2979076769155,90.9827765649942,8067300
2020-01-15,90.54521942138672,90.98277291407469,90.24083406746817,90.49765626163224,7208500
2020-01-16,91.76277923583984,91.78180014928384,91.00181206990706,91.12547340721557,5771600
2020-01-17,92.38104248046875,92.46664745656676,91.69617364320848,92.19079710505254,10830500
2020-01-21,92.34297943115234,92.8756518874705,92.07664320299327,92.09566410909694,8987500
2020-01-22,92.67591094970703,93.32273069240283,92.59981280183251,92.92322630173982,7745800
2020-01-23,93.11347198486328,93.18957013892494,92.37153312556069,92.77103754870525,7478200
2020-01-24,92.67591094970703,94.00759950903587,92.35249744979973,93.79833323094034,11808700
2020-01-27,90.46913146972656,91.18253540376996,90.08864792014607,90.51669463484417,17787300
2020-01-28,92.20032501220703,92.44764040876994,91.06838844439999,91.25863384834074,15592200
2020-01-29,92.43812561035156,93.09445954891775,92.06715614693243,92.96129139574782,10563300
2020-01-30,93.23712921142578,93.32274145193487,91.83886368289393,92.40007125965494,9966800
2020-01-31,90.67838287353516,92.74249617489872,90.35496936958239,92.6949330176025,13482300
2020-02-03,91.87688446044922,92.10517887810474,90.67837142478866,90.78300455193462,12537800
2020-02-04,94.28345489501953,94.48320710103484,93.24663753185146,93.47492473056622,9548900
2020-02-05,94.83514404296875,95.88147544184739,94.15028247795576,95.83391228476421,16348500
2020-02-06,95.70075225830078,95.72928725211975,94.79711025414286,95.2251496756662,6752800
2020-02-07,94.82562255859375,95.62463122281999,94.63537721678911,95.25366187769812,8299000
2020-02-10,96.10975646972656,96.1287773770693,94.25490231915899,94.27393048362013,8173800
2020-02-11,95.78636169433594,96.9278123000142,95.50100448575624,96.84220005745641,7552900
2020-02-12,96.82315826416016,96.86120733518855,95.90048824879679,96.44267481099448,6076400
2020-02-13,96.56632232666016,97.07046704089646,95.91950267710182,96.06218486954161,7401400
2020-02-14,96.98487854003906,97.14658167769338,96.45220596559213,96.75659133057889,6196200
2020-02-18,96.6234359741211,96.83270230095373,96.10027015703952,96.20490332045583,10316600
2020-02-19,97.77439880371094,97.9170810576444,97.18464887410909,97.25123295832857,8307800
2020-02-20,96.756591796875,97.80291604048952,95.43441718098691,97.5651147461626,13162300
2020-02-21,94.58784484863281,96.34757296955158,93.99809502804142,96.26196073016787,14949500
2020-02-24,90.67838287353516,91.99104328375553,89.223040248545,90.05058403139569,21182600
2020-02-25,87.77720642089844,91.82934222293382,87.45380016680049,91.49642188573915,31467200
2020-02-26,88.17671966552734,90.08864416097757,87.51087892438537,88.11013559141314,27879800
2020-02-27,83.42069244384766,87.09234506590235,83.36362245460028,85.28506100661838,33912900
2020-02-28,84.05799102783203,84.85699976879933,79.95829241787764,80.10097462365565,55927200
2020-03-02,88.91867065429688,88.93769156631186,84.0675180358928,85.5704240842837,35004300
2020-03-03,85.54186248779297,90.041065149336,84.63822067711148,89.42278047286649,47494600
2020-03-04,89.2135009765625,89.24203596003593,86.17915527719576,87.38718946309451,22363800
2020-03-05,86.3979721069336,88.49062069372005,85.83675725192018,86.83552563845731,24509500
2020-03-06,84.57164764404297,85.07578517827153,82.26972582148254,83.50629533560905,28815900
2020-03-09,78.15105438232422,81.80368034695543,77.52325521252172,77.59935340106554,29559900
2020-03-10,83.36360931396484,83.3731233963796,78.58856319547489,81.49924830219369,35582300
2020-03-11,79.42561340332031,81.63240859921169,78.29367718942642,81.12827113635342,31652100
2020-03-12,71.67330932617188,77.90370619840597,71.34038896243776,73.66133193896069,32745300
2020-03-13,80.08196258544922,80.2626866261397,72.5769546557869,76.18201572880952,32924800
2020-03-16,69.0194320678711,75.34494673173258,67.7162858701651,68.22042335603251,40622400
2020-03-17,73.71839904785156,74.61253421019403,68.42970074166455,70.64600322343439,50407300
2020-03-18,70.94087982177734,72.12037214241586,66.84118080641746,68.81968920415372,53706200
2020-03-19,71.19770812988281,73.61377022099796,68.60092198469196,70.28455200410319,61727100
2020-03-20,67.93506622314453,73.28084147589882,67.70677903206916,72.53890266206466,45222000
2020-03-23,67.31450653076172,69.0547391825777,65.11530813455984,67.59179727080547,42479200
2020-03-24,74.20852661132812,74.26589461014922,71.10096689492416,71.3878214790598,37664500
2020-03-25,74.11289978027344,77.53599027400442,72.68819813218371,74.77265355323367,28740400
2020-03-26,78.70252990722656,78.8937687204926,74.86828471268132,75.04995246651553,28212900
2020-03-27,75.14559173583984,77.69857780281637,74.82049659409988,76.2643190821627,29242700
2020-03-30,78.31049346923828,78.49216120071605,75.91049954695562,76.14954256285988,23740100
2020-03-31,76.8475570678711,79.5343984311283,76.44595922721244,78.12882422635911,19994400
2020-04-01,73.18541717529297,75.77664282422758,72.64039934204864,74.18939355494592,27492400
2020-04-02,74.8969497680664,74.992565503009,72.63081964536086,72.92723061218678,22111800
2020-04-03,73.73997497558594,75.37502794766169,72.81248712297294,74.57183980812619,15786000
2020-04-06,80.03157806396484,80.55747548065642,76.49374526353132,76.9813949321897,17993600
2020-04-07,79.31449127197266,82.88101724644055,79.2284392645134,82.85233324395412,22149400
2020-04-08,81.44672393798828,81.78138264893367,79.6013118519034,80.35668853947314,13714300
2020-04-09,81.46585845947266,82.83318482838347,80.89215666933829,82.4124740729591,19629900
2020-04-13,81.64752197265625,81.76226523250365,79.98378482744063,81.14075200793637,12650800
2020-04-14,85.07063293457031,85.22361667721755,83.12960473807969,83.46426351419632,15889500
2020-04-15,83.21566009521484,83.89454143854591,82.59414674582275,83.37820760805161,12929100
2020-04-16,84.22921752929688,84.43957661030122,82.85233432684153,84.30571306693773,11833800
2020-04-17,85.34793853759766,85.73996537339583,84.11447543859575,85.72084513787551,14142400
2020-04-20,83.98058319091797,85.30966160312428,83.86583993198172,84.19094218479458,10203500
2020-04-21,80.46189880371094,82.99575680416949,79.97424889841137,82.79495420579894,16382500
2020-04-22,83.55987548828125,84.01884128550586,82.1160536394233,82.41247193774052,12016000
2020-04-23,82.98617553710938,84.69772443238035,82.9192437834402,83.75110882261238,10584800
2020-04-24,84.7455062866211,84.76463380834211,82.79491488676784,83.3303760697746,8442500
2020-04-27,85.47222900390625,85.75908357060048,84.95589516086545,85.5104767657998,7799300
2020-04-28,84.33439636230469,86.59096363866712,84.21966035182194,86.53359563342575,12633800
2020-04-29,87.79573059082031,88.10170540120266,85.82601820492232,86.13199301530469,11462900
2020-04-30,87.40369415283203,87.97739594720122,86.75349684054319,87.97739594720122,15430600
2020-05-01,85.00370025634766,86.6770014137757,84.6785979523543,85.48178630132709,11995100
2020-05-04,86.13196563720703,86.21801760573616,84.21962185642542,84.6116485380791,10729000
2020-05-05,87.31761169433594,88.42677452471881,86.96382548912509,87.11681648435535,8687300
2020-05-06,87.99655151367188,88.84754443095044,87.60452459319224,88.15909908326059,8470500
2020-05-07,89.3160171508789,89.82278707064957,89.0578466628746,89.19171013998336,10544400
2020-05-08,90.6259765625,90.75028358523178,89.64112061784733,90.16701811014394,7610800
2020-05-11,91.22837829589844,91.76383230658158,89.8228042228414,90.00447195074389,10384400
2020-05-12,89.34471893310547,91.85944880534424,89.27778718122121,91.60128556093747,13521000
2020-05-13,87.80529022216797,90.08097731132641,86.64832279690162,89.3925321966191,16971100
2020-05-14,88.92398834228516,88.9813563229406,86.23714758806751,87.19331950572649,15237600
2020-05-15,89.37340545654297,89.39252568833075,87.26982250419968,87.51842928752501,14016400
2020-05-18,91.56303405761719,92.07936782032152,90.817221054271,91.13275227452348,10016700
2020-05-19,91.22837829589844,92.64350883699355,91.1901305387048,91.60128480976903,10046400
2020-05-20,93.22676849365234,93.39887974267192,92.44270775812164,92.49051927535449,9096000
2020-05-21,91.92637634277344,93.40844587442436,91.87856482432787,93.1311551164697,10290800
2020-05-22,92.26104736328125,92.37579064581048,91.41961850977685,91.79252505922881,9244800
2020-05-26,92.16542053222656,94.1733803175774,92.08892501973365,94.10644856789949,13000700
2020-05-27,92.69131469726562,92.72956245212374,90.19570522912703,92.15585342426537,19428400
2020-05-28,92.50965881347656,94.20208036956,92.28017953189224,92.34711129297996,10573700
2020-05-29,93.67619323730469,93.89610876193724,92.01245562285085,92.78695278397305,17777500
2020-06-01,93.64749145507812,93.84828670705387,92.82518292126487,93.23633718817149,13359700
2020-06-02,94.52716827392578,94.52716827392578,92.94948295199531,93.83872323926421,11207600
2020-06-03,95.26343536376953,95.5694101814419,94.49850196709616,94.90965631225106,11017900
2020-06-04,94.4793472290039,95.55026242995828,93.95345703805427,94.89050145575297,7569400
2020-06-05,96.96543884277344,97.24272239701743,94.98615512960637,95.14870996883865,10378200
2020-06-08,97.45306396484375,97.49131172631914,95.90406974767046,96.79331014068329,8065100
2020-06-09,97.91202545166016,98.39011150631181,96.87935782280918,96.96541710605389,7353900
2020-06-10,99.54708099365234,100.29289408751852,98.43791782173845,98.61959286076231,12194800
2020-06-11,93.8387222290039,97.95982133460696,93.81003823537077,97.81640136644127,19871000
2020-06-12,95.0530776977539,96.83155119964728,93.39889665514056,96.35346512080136,21643500
2020-06-15,95.97100067138672,96.40127521796526,93.01642495449993,93.322399748626,14962000
2020-06-16,98.01719665527344,98.85862541390073,96.49687933699906,98.2657961302004,13967900
2020-06-17,97.99807739257812,98.92556550535681,97.83552988487845,98.57177919888026,8662100
2020-06-18,98.43789672851562,98.54307622383222,97.60603182284622,97.8163908134794,6858600
2020-06-19,97.75902557373047,99.73830136923247,97.29050332513705,99.623565395299,15640000
2020-06-22,99.60089874267578,99.68719520271648,97.73122745151673,97.88463281419483,7369000
2020-06-23,100.31997680664062,101.47054963046287,100.17616160439032,100.49256236445811,9514000
2020-06-24,98.05720520019531,100.46381322409384,97.52027553052606,99.90770331472606,12712800
2020-06-25,99.3132553100586,99.41872469128072,97.13675878678622,98.20103540448672,10267200
2020-06-26,97.35730743408203,99.2653321737839,97.06007947127223,99.12150959609136,22137800
2020-06-29,98.42157745361328,98.43116757549419,96.1779644162588,97.3477105716611,9273600
2020-06-30,100.18577575683594,100.58848039449806,98.2969241483272,98.43116390429417,8250000
2020-07-01,100.34879302978516,100.93365885487437,99.79268294317262,100.25290643096749,10854600
2020-07-02,100.93365478515625,101.84452623135401,100.72272329557545,101.29800628968341,9572300
2020-07-06,102.69784545898438,103.17724908550747,102.18008866452519,102.23761475886994,8023100
2020-07-07,101.62399291992188,103.61831404090363,101.51852352212151,102.58280030711082,7931800
2020-07-08,103.28272247314453,103.29231259428009,101.88286470723455,102.42938457005638,6663500
2020-07-09,103.65665435791016,104.1456481129613,102.17050016604364,104.1264678711293,8883900
2020-07-10,103.62787628173828,103.67581224912857,102.4006043267554,103.416937542891,7362300
2020-07-13,101.48015594482422,105.20033276075569,101.22128120568037,104.50999036954701,14455200
2020-07-14,102.64988708496094,102.79370961480562,99.60088017574836,100.67474677478849,15026600
2020-07-15,103.20601654052734,104.09770761654845,101.99791730185893,103.58954092114959,11889600
2020-07-16,101.9308090209961,102.3910397766037,101.14458727130285,102.10339463995899,8590300
2020-07-17,102.42939758300781,102.71703541754539,101.48976310056364,102.53486698354094,6355200
2020-07-20,105.04691314697266,105.29620506401585,102.1417285385666,102.71701138818155,8509200
2020-07-21,103.99224853515625,105.83315696644344,103.6087241165248,105.7948037930683,9397400
2020-07-22,104.82640838623047,105.15239937103463,104.00183348745357,104.08812263691838,7514000
2020-07-23,102.10338592529297,104.96063485867077,101.64316252408575,104.27029244174088,11674800
2020-07-24,100.86653137207031,101.5281107914799,99.20779873530779,100.39671781378216,11455800
2020-07-27,102.4581527709961,102.56362216343415,101.27881652606132,101.48016518931955,8454000
2020-07-28,101.25963592529297,102.45814500753049,101.18292958840124,102.14173685419125,8912700
2020-07-29,102.72661590576172,103.00467090698822,101.64316626521926,101.64316626521926,6593500
2020-07-30,103.3018798828125,103.36899609044143,101.25003317516472,101.79655295589113,10778400
2020-07-31,105.88108825683594,105.91944142586247,103.22519530903969,104.93187109756596,12592900
2020-08-03,108.48906707763672,108.83423835326846,107.27137748995796,107.31932078967588,12163500
2020-08-04,108.76708984375,108.77667264875328,107.78910241465881,108.25892320407951,8985800
2020-08-05,109.1697998046875,109.41909175101559,108.62327993608463,109.11227370750377,6480100
2020-08-06,110.7038803100586,110.80934968905524,108.84379196970158,109.08349377376332,8199700
2020-08-07,109.05474090576172,110.27243028050853,108.19181286757878,110.26284015921783,13738100
2020-08-10,108.74793243408203,109.44786504753718,107.28095829758658,109.26568930257217,8240600
2020-08-11,106.79194641113281,108.85338341416227,106.57142484518003,108.39316004123206,9422200
2020-08-12,109.21773529052734,109.50537307100915,107.52064239369825,107.65487482094683,7098400
2020-08-13,109.26567840576172,110.17654972462783,108.87257121887019,109.37114779336852,5726800
2020-08-14,109.18898010253906,109.50538828864613,108.58493409597803,109.31362974167682,4167100
2020-08-17,109.91766357421875,110.16695550976405,109.7163149276656,109.85054735870104,4087300
2020-08-18,110.32997131347656,110.62719927765144,109.39992693059624,110.12862262983035,4465000
2020-08-19,110.19571685791016,111.09699800820945,110.01354114069167,110.60800426548124,7119700
2020-08-20,111.66268920898438,111.88321809069654,109.66836841350926,109.78342791463542,6401500
2020-08-21,113.08174896240234,113.20639129301544,111.71065406517793,111.76818016928858,7644300
2020-08-24,114.05972290039062,114.7500653714176,113.11050566028837,114.71171219912503,8220300
2020-08-25,114.63497924804688,114.68292253106497,113.62823614072813,113.8008217184282,9314100
2020-08-26,116.96490478515625,117.27172283984784,115.57463707501732,115.8335118368961,8231500
2020-08-27,117.060791015625,117.99083535658293,116.0061043471102,117.45390555772882,9087100
2020-08-28,118.08671569824219,118.47023278277207,117.36761019206942,117.52101556285747,6546300
2020-08-31,118.46063995361328,119.22768137289528,117.81823352962704,118.55651921663367,9520000
2020-09-01,120.72342681884766,120.87683217811197,118.77704191698463,119.52491773192456,12806300
2020-09-02,121.79728698730469,122.45886634797138,119.6687336661327,122.44927622698692,20197500
2020-09-03,114.85552978515625,119.9467943154925,113.90631258622155,119.85091504647919,27081000
2020-09-04,113.25432586669922,115.84310276396492,108.39317293552641,114.21313320866719,31272100
2020-09-08,108.13426971435547,111.53803803888601,107.94251120950223,108.94925433265885,23930200
2020-09-09,111.66268920898438,112.75572886676777,109.56289903292326,110.77099819183282,18391900
2020-09-10,109.14106750488281,113.36940508689528,108.47948794040363,113.19681943160164,16054900
2020-09-11,108.30687713623047,110.58883599068959,106.92619221447663,110.16696573191332,18583200
2020-09-14,110.57925415039062,111.17371002958075,109.59168374388611,110.1094332789486,12365100
2020-09-15,111.67230224609375,112.46811416651018,110.92443362309814,112.26675816943892,9130200
2020-09-16,109.9464340209961,112.32427940173136,109.8409646302103,112.1708667187268,9818500
2020-09-17,109.03557586669922,109.79303457084195,107.20425026900229,107.37683588912493,15201800
2020-09-18,107.15631103515625,109.40950683518952,105.83315221602491,109.21774829204097,20918800
2020-09-21,108.04708099365234,108.09512314352878,104.8471790927566,105.2219415858718,19190900
2020-09-22,109.75755310058594,110.03622400362426,107.412878834555,109.26747617928942,12768700
2020-09-23,106.3366470336914,109.92091620042295,106.00992662285849,109.8152131849761,11853900
2020-09-24,106.9323959350586,108.25848535040711,105.21232863884204,105.34685838658444,15919300
2020-09-25,109.48847198486328,109.81518498046144,106.3173969985506,106.99004571379456,9663300
2020-09-28,111.58330535888672,111.59290938990469,110.38214166271453,111.3046345016162,8736600
2020-09-29,111.20854949951172,111.9100250343398,110.96831674596093,111.43917089015036,10425500
2020-09-30,112.1406478881836,113.28415815602878,111.10284795110762,111.15089010365153,11159200
2020-10-01,113.32259368896484,113.85110867413191,112.60189543536708,113.69735619432994,13538200
2020-10-02,110.44942474365234,112.37128697434017,110.00739731035286,110.53590502499846,18625800
2020-10-05,112.8709487915039,112.93821366492045,111.17010423150175,111.23736910491832,6135300
2020-10-06,111.12207794189453,113.66854696350555,110.72809998146846,112.60191279721309,13431100
2020-10-07,113.15923309326172,113.38024311084764,112.19830212314885,112.28478239142468,6496200
2020-10-08,113.74540710449219,114.14899637205437,113.36103323148552,114.14899637205437,5054800
2020-10-09,115.48468780517578,115.51351456214732,114.25469729891233,114.28352405588386,7212700
2020-10-12,118.63655090332031,119.41490273633728,116.59937436334666,117.18554291184562,9581900
2020-10-13,117.87741088867188,119.23232719676615,117.42577211930713,119.02092119141906,8806900
2020-10-14,117.25282287597656,118.79031867516744,116.37837928822698,118.16571192316155,7267000
2020-10-15,116.72428131103516,116.95490268160536,115.00421406553147,115.31171167006546,6592500
2020-10-16,116.38796997070312,117.83897055964182,116.2822669700093,117.3681164037561,5772100
2020-10-19,114.25469970703125,117.41616364155962,113.89915259047125,116.9741362522623,8308200
2020-10-20,114.648681640625,115.85945682073722,113.94720607714977,114.6871197625215,7283300
2020-10-21,114.4757080078125,115.57116876721192,114.21625986219549,114.37000501073696,6085900
2020-10-22,113.93757629394531,114.89850719204094,112.63070968602959,114.52374472828933,6743200
2020-10-23,113.81268310546875,114.12018076766184,112.8613560272555,114.10095803990583,5156400
2020-10-26,111.34308624267578,113.45713167406747,109.95934314935917,112.55385411800553,9094600
2020-10-27,111.90040588378906,112.37126732653101,111.26619527083982,111.88119049062388,9532400
2020-10-28,107.1534194946289,109.84402193681154,106.97084025582542,109.77675705904002,16378300
2020-10-29,108.94075012207031,110.1995673861952,107.49935362190102,107.56661849865606,9704500
2020-10-30,106.52880859375,108.08551941426096,105.28920675485968,107.41286333221827,12924300
2020-11-02,106.7978744506836,108.22005560569902,105.77928990144461,107.34560484639236,12019900
2020-11-03,108.68128967285156,109.64222062898875,107.19185108963175,107.6338784496963,10485100
2020-11-04,112.90937042236328,113.75498689774058,110.86259043185447,111.98687772250071,15381900
2020-11-05,116.41679382324219,116.75311821190925,115.39820196300818,115.87866747005307,11094900
2020-11-06,116.82998657226562,117.20474905597682,114.55257758321025,116.13811511577683,9727600
2020-11-09,115.98435974121094,120.46230137175814,115.87865675293133,119.30918719402572,19884100
2020-11-10,113.82228088378906,115.7825811218026,112.89978794789837,114.97540255214405,11769200
2020-11-11,116.52250671386719,116.83960840363365,114.74478565313986,114.97540706333066,7244300
2020-11-12,115.48468780517578,117.099052177477,114.94656879151594,116.52249504408123,7176400
2020-11-13,116.46482849121094,116.7050612292962,115.26366480078458,116.35912549994771,5925800
2020-11-16,117.5891342163086,117.80053288717964,116.23421792842858,116.47445068886216,7432100
2020-11-17,116.9356918334961,117.56990246004311,116.43600362463216,117.00295670799838,4969700
2020-11-18,115.68649291992188,117.29124607489685,115.6384434330668,116.73391161651888,4771400
2020-11-19,116.61859130859375,116.82999730987537,114.94657335595494,115.45586563286683,6077600
2020-11-20,115.41743469238281,116.75312833123019,115.37899656872906,116.7243015713205,4957900
2020-11-23,115.38860321044922,116.5321061842325,114.38923403031606,115.77297709993461,4903500
2020-11-24,116.99332427978516,117.22394561779291,114.99458646686419,115.83059889770752,6817000
2020-11-25,117.24319458007812,117.73326411661476,116.80116719524726,117.39693972938713,6093200
2020-11-27,117.86781311035156,118.36749406023804,117.6467957299471,117.86781311035156,3512900
2020-11-30,118.65576934814453,118.82873723049708,116.49367448439887,117.82936805816264,16114600
2020-12-01,120.17404174804688,120.8370865570871,119.13624172556449,119.63592267480989,11340600
2020-12-02,119.991455078125,120.12598482990259,118.76145725551015,119.66473473000683,8019400
2020-12-03,119.91458129882812,120.72175982604752,119.59747230685403,120.12598729347752,6887700
2020-12-04,121.11573791503906,121.13495330827311,119.82808662871773,120.08754209096607,5179400
2020-12-07,121.4616928100586,121.81723262590147,120.97161589506254,121.18302191060289,4452700
2020-12-08,121.85566711425781,122.2400410100161,120.82747115861471,121.34637481819006,3943400
2020-12-09,119.52058410644531,122.14392872003666,119.1073835213396,121.77877761302364,8635900
2020-12-10,119.69356536865234,120.26051848209303,118.51162432094074,118.7902951961815,4998700
2020-12-11,119.44371032714844,119.44371032714844,118.09840564002775,118.97284892129771,6511600
2020-12-14,119.87614440917969,120.95238978784057,119.73200329031911,119.808879531221,5527900
2020-12-15,121.8748779296875,121.8748779296875,120.39504334101098,121.17339508863972,4549600
2020-12-16,122.70128631591797,123.13370234952946,121.6346522795995,122.0382415551465,5154600
2020-12-17,123.67180633544922,123.94086581974192,123.08563788838823,123.59493010241671,5752500
2020-12-18,123.23941040039062,123.87362842908816,122.45144721194121,123.85440570204274,8846700
2020-12-21,123.3626937866211,123.42048157818054,120.58876221742098,121.67714794776835,7616100
2020-12-22,124.43179321289062,124.99043294151535,123.47825070590842,124.04651683274022,7167100
2020-12-23,123.4879150390625,124.6629678034689,123.30491056115187,124.57628611291985,5650400
2020-12-24,124.30660247802734,124.61482364643128,123.61311954591274,123.69980123822852,2192300
2020-12-28,125.71282196044922,125.96324060953485,124.9519102204551,125.53944389816485,4085500
2020-12-29,125.11563873291016,126.56039213489198,124.89411399304126,126.3966551796157,4420700
2020-12-30,125.04825592041016,125.80915310308363,124.86525142542918,125.5491080071799,4070700
2020-12-31,125.23123931884766,125.58760715106382,124.2199089147611,125.1060226440505,5529200
2021-01-04,123.1893310546875,125.8958412598374,121.59046679945754,125.86693266538903,10508600
2021-01-05,123.98873138427734,124.19100332476341,122.83293161564795,122.90998689312876,6180700
2021-01-06,121.85052490234375,124.22954640676427,121.47488954120382,122.2165265149322,13629000
2021-01-07,125.13493347167969,125.37572575776977,122.9774366458638,123.02559804244078,9826000
2021-01-08,125.9439926147461,126.28110769556682,124.51850638952841,125.75136172433207,6193800
2021-01-11,124.90373992919922,125.78986827897792,124.38363517299928,124.72075017759715,8926600
2021-01-12,124.30660247802734,124.91340371782618,123.12190859266248,124.74966673340944,8544600
2021-01-13,125.09638977050781,125.48165147746249,124.22952888467172,124.47032112571641,6802600
2021-01-14,123.9983901977539,125.66466855809797,123.81538572468614,125.40460879653885,7812400
2021-01-15,122.72700500488281,124.36438953614434,122.47658632963382,123.8153907912693,6320600
2021-01-19,124.32585906982422,124.53775743031638,123.14115793998006,123.57458840873124,5784800
2021-01-20,126.79154968261719,127.23461383018672,125.1060041571435,125.2793821963805,5885000
2021-01-21,128.42897033691406,128.8527671124317,126.79158572888255,127.47544228879417,4472600
2021-01-22,127.93773651123047,128.58305795984836,127.62951538525597,127.88957512319793,5621800
2021-01-25,129.00686645507812,129.82555133931686,125.8861934048205,129.38250180120968,9102600
2021-01-26,129.09356689453125,129.6618331961555,128.60235589263846,129.45957589405668,4296700
2021-01-27,126.65673828125,128.89129767649075,125.51056468600103,128.47712731582357,12242300
2021-01-28,127.17684173583984,129.2958255172478,126.86863526559497,127.30205842204873,8090800
2021-01-29,124.18138122558594,127.04199454118626,123.50716581548348,126.5411572061351,9511600
2021-02-01,127.29244232177734,127.90887000893964,124.73040877643588,125.65505765557702,5616300
2021-02-02,129.01646423339844,129.39209949619777,128.34224897924452,128.52525341182707,4297500
2021-02-03,128.5734405517578,129.54623599215446,128.18816411734832,129.27654983646443,5787400
2021-02-04,130.625,130.625,128.89130722664916,129.2669426204479,4067100
2021-02-05,130.33602905273438,131.03913826942946,129.96037905422418,131.01987077537441,4706900
2021-02-08,131.70370483398438,131.76149260954642,130.68273357749422,130.8657379979669,5856600
2021-02-09,131.5496368408203,132.17569087424343,131.31847096703018,131.3570059610589,5276100
2021-02-10,131.3569793701172,132.24309299507664,130.23969991816313,132.07935604558543,4732200
2021-02-11,132.80178833007812,132.8884700402013,131.732669814834,132.24314837017786,3782900
2021-02-12,133.48562622070312,133.57230792817364,132.08903371209,132.45504273936123,3377800
2021-02-16,133.05215454101562,134.11164623587362,132.7054131405886,134.01532346478055,4861100
2021-02-17,131.87709045410156,132.1660440775478,130.54791260432387,131.82892906739522,7637400
2021-02-18,131.23179626464844,131.45332105333208,129.57514415624289,130.50941940447606,5477400
2021-02-19,131.03912353515625,132.02155986641122,130.45158995527115,131.90596961186995,5842800
2021-02-22,128.149658203125,129.85447171181542,128.07260290759604,129.4306749348036,7131300
2021-02-23,127.79324340820312,128.58304896567302,123.8731536026672,126.02101614819078,12099200
2021-02-24,129.74847412109375,129.86404967287982,125.86689037773543,126.83970026123279,8236100
2021-02-25,125.21195983886719,129.44989721623534,124.6533201005865,128.5926774636717,17156900
2021-02-26,125.87657928466797,127.81254399639039,124.7592995370493,126.45447195989505,17755800
2021-03-01,129.93148803710938,130.00854331824308,127.20573278806415,128.0147911947799,12386900
2021-03-02,127.87030029296875,130.20116731146308,127.68731054381036,130.11448563605256,12401400
2021-03-03,124.65332794189453,127.61989017138019,124.51848487222665,127.25388125508495,14944800
2021-03-04,121.89866638183594,125.1734498024186,120.35759745033539,124.26806859023864,38477800
2021-03-05,124.20063781738281,124.54737924024812,120.11680337389782,123.42047329013396,23042900
2021-03-08,121.19556427001953,124.68223155522955,121.07034758956941,124.08507144254766,17621200
2021-03-09,125.31791687011719,126.0884549952861,123.86353699774523,124.02727396111486,11493600
2021-03-10,124.81707000732422,126.6856202610955,124.72076192322038,126.66635276555755,9229500
2021-03-11,127.48503875732422,128.27482962888627,126.42554706728706,126.6952331889708,6681400
2021-03-12,126.57003021240234,126.6085505022818,125.15417073647487,125.9632290950645,6221100
2021-03-15,127.91848754882812,127.99554284148512,126.16552740546301,126.66636476254199,8292500
2021-03-16,128.88168334960938,130.11453889382227,128.3326844838383,128.90095085096198,6553400
2021-03-17,128.77569580078125,129.5462339607241,126.86862524493732,127.84142067007943,9683200
2021-03-18,125.20234680175781,127.2346340315868,125.0482362305876,127.01309457423226,8792400
2021-03-19,124.82669830322266,125.78022613107446,124.22952357712676,125.2312274872797,13612400
2021-03-22,127.28118896484375,127.8989176845486,125.2928751085379,125.49557401823196,7992100
2021-03-23,126.48974609375,128.18849659441307,126.15191944640937,127.62867757392026,6464600
2021-03-24,124.95507049560547,127.2715496472484,124.93576232979412,127.25224148143705,7104700
2021-03-25,124.87786102294922,125.43768004689427,123.2756218917771,124.21186917156946,11286500
2021-03-26,128.05337524414062,128.18850296422826,124.7620321782281,124.81029523422016,7441600
2021-03-29,127.38741302490234,128.024450165566,126.42221059158902,127.66732997814259,8658900
2021-03-30,126.180908203125,126.62490779642621,125.41840477180567,126.48978004678152,6617700
2021-03-31,128.1885223388672,128.9703338895256,127.03992918061333,127.14610202871627,7715200
2021-04-01,130.76560974121094,130.77527119047724,129.46259541051415,129.58806170060498,7175800
2021-04-05,133.46815490722656,133.69980873007142,131.35435979819323,131.52810384728093,6433400
2021-04-06,132.89869689941406,133.69015506653727,132.4546973950641,133.25581701025357,5657800
2021-04-07,133.60330200195312,133.8446025794876,132.30993444104473,132.79253559611368,5042600
2021-04-08,135.53367614746094,135.5626310320291,134.62638382348516,134.8580376278455,7072300
2021-04-09,136.8367462158203,136.8753478309714,134.8001685947954,135.04146919099352,4700500
2021-04-12,136.18038940429688,136.61472749511097,135.51439745873338,136.27691552573037,7953500
2021-04-13,137.46408081054688,137.57025363027012,136.45061566370046,136.70157763458187,5657900
2021-04-14,136.00662231445312,137.51233513291203,135.74601364116162,137.44476392109732,5608100
2021-04-15,138.34243774414062,138.4486105788226,137.2324463401348,137.25175450857262,5514400
2021-04-16,138.31349182128906,138.57410056473236,137.73436455315246,138.44861955347852,5847800
2021-04-19,137.16488647460938,138.3327876274366,136.34445870604492,137.6957506349854,5127000
2021-04-20,135.94874572753906,137.47375235485865,135.18622768606141,136.87533165988975,4936700
2021-04-21,137.31932067871094,137.36758373411996,135.33100650951926,135.70743477720296,4627100
2021-04-22,135.70742797851562,137.66678716186502,135.1089926314942,137.07801326213144,5826100
2021-04-23,137.73431396484375,138.16865189250953,135.929391048995,135.9583459289852,4443000
2021-04-26,138.43894958496094,138.58373875699363,137.68609301940634,137.7826191340948,3867500
2021-04-27,138.10116577148438,138.76715780617758,137.60891783305996,138.66098494951896,5411000
2021-04-28,136.81739807128906,137.48338987866853,136.4892328910142,137.29999912268693,5345600
2021-04-29,136.7015838623047,138.11077073975872,135.3116904236319,137.93704142383257,6708300
2021-04-30,134.8387451171875,136.0452478736545,134.5202266221422,135.31169949973662,5291700
2021-05-03,134.4623260498047,135.83291150762543,134.12451409156188,135.56265604990404,5402900
2021-05-04,132.04931640625,133.49711976963025,130.58220487423583,133.45851816017978,9959800
2021-05-05,131.7307891845703,133.18825389976044,131.4798419201996,133.1303293976905,5622900
2021-05-06,133.05313110351562,133.13033432016394,130.7269902328812,131.67288427890125,7169300
2021-05-07,134.1920623779297,134.98353526125038,133.61293515950885,134.38509987479765,9598300
2021-05-10,130.80419921875,133.61292627624695,130.75593616578755,133.5453697843523,10140500
2021-05-11,130.4084930419922,130.67874852786852,127.99548711251103,128.30434421301854,13523400
2021-05-12,126.74069213867188,129.19231385070404,126.40288022238539,128.48770567618348,14707300
2021-05-13,128.42015075683594,129.57839040709027,127.56112142071723,128.1305871623183,11305200
2021-05-14,131.24819946289062,131.70184570425576,129.60735856305516,129.85830584916064,8411500
2021-05-17,130.282958984375,130.51461276131712,129.09576467415,130.47599643458673,8133600
2021-05-18,129.24057006835938,130.9296739363885,129.15370540410822,130.6594184957292,5868600
2021-05-19,129.69419860839844,129.79072470739916,126.92407335529394,127.23294508984429,15290600
2021-05-20,132.17478942871094,132.6187741857579,130.196122006018,130.21543017348594,8414100
2021-05-21,131.45089721679688,132.97591854415663,131.3350776593171,132.85043753834182,7074200
2021-05-24,133.78668212890625,134.24997507703935,132.47400650268136,132.5415777283556,6614500
2021-05-25,133.82528686523438,134.63606795318532,133.52607652241025,134.32719616200063,5622900
2021-05-26,133.81564331054688,134.40441728958163,133.38130523075816,134.01834226928455,6655700
2021-05-27,133.11105346679688,134.24998511776818,133.08209857586155,133.69982746217886,5677300
2021-05-28,133.58395385742188,134.3561184200283,133.51639737439388,133.786652762134,4611300
2021-06-01,132.92764282226562,134.32718301048004,132.68634228195913,134.18240857742262,6453700
2021-06-02,133.84458923339844,134.38510011672858,132.9469582438288,133.19790551742722,5049100
2021-06-03,132.5994873046875,133.2944340897413,131.78870623691324,132.76356991673947,6360600
2021-06-04,135.1476287841797,135.30204995745459,133.4102617164285,133.4102617164285,5591300
2021-06-07,135.11865234375,135.27307349239638,134.46230723269358,135.03177295835513,5892000
2021-06-08,135.12831115722656,136.33481393541607,134.7518828795441,135.76534815878674,4451300
2021-06-09,135.224853515625,136.01631177473297,135.14763556120636,135.78465791147707,4881700
2021-06-10,136.21897888183594,136.55679078460057,135.02212296004288,135.5047240164056,5637700
2021-06-11,137.02976989746094,137.02976989746094,136.26725184296447,136.39273285320724,6050300
2021-06-14,138.4196319580078,138.42927867666415,136.60504735921444,137.16486632539144,5713300
2021-06-15,137.5702667236328,138.31347653243114,137.31931945668248,138.31347653243114,7539800
2021-06-16,136.82704162597656,138.09146872276202,135.48541132323035,137.83086003724586,9601400
2021-06-17,138.40997314453125,138.97945356801264,136.4313206518663,136.4313206518663,7932100
2021-06-18,137.14556884765625,138.28451503389272,136.9814862508236,137.74400419072256,10408300
2021-06-21,138.61537170410156,138.69271644057775,136.3139747913564,137.20358680897542,6138000
2021-06-22,139.8724365234375,139.94979602228383,138.37364234208917,138.52834658496607,4626600
2021-06-23,139.71775817871094,140.21090847609912,139.40832012596806,139.89180601726494,4135500
2021-06-24,140.59764099121094,141.02311078411984,140.3172257666918,140.6169845512922,6139500
2021-06-25,140.43328857421875,140.82975049180715,140.20122482134082,140.72338302013262,7192900
2021-06-28,141.903076171875,142.06745956619818,140.984456142509,141.01346410887103,6278700
2021-06-29,142.937744140625,143.00542447782266,141.65167018571788,141.9804369773983,4914600
2021-06-30,142.78302001953125,143.13113036139805,142.33820662249573,142.71532492995024,5506800
2021-07-01,143.02474975585938,143.02474975585938,142.0577783123146,142.5896155572269,5818300
2021-07-02,144.9103546142578,145.05539444237073,143.6726322316455,143.71130460087073,6390000
2021-07-06,145.46153259277344,146.1480889297991,144.06910586475453,145.21978968963728,5935300
2021-07-07,146.25445556640625,146.55421440382142,145.08441342975604,146.3898310012007,7441900
2021-07-08,144.87167358398438,145.2777998332352,143.30516975994402,143.95303887814038,8543100
2021-07-09,146.20603942871094,146.34141480368493,144.48483190912333,144.69756674905523,4887900
2021-07-12,146.3221435546875,146.85396610888333,145.8483221785114,146.7862857721811,4809800
2021-07-13,146.92166137695312,147.98532124143804,145.9450106570099,146.0707216815131,7601400
2021-07-14,148.00466918945312,148.75890584919054,147.35679999479743,148.10137225036942,6443400
2021-07-15,146.7863006591797,147.94666369800464,146.00305597684326,147.8306318205671,6253100
2021-07-16,145.33583068847656,147.77260318907656,145.19077609932242,147.07638247461944,7540200
2021-07-19,143.33416748046875,144.00138011184632,142.50257148053353,143.60491829395346,12127000
2021-07-20,145.46153259277344,146.26412080176337,143.21816612417422,144.0497623011552,7357800
2021-07-21,146.86363220214844,146.89264016598523,145.13274500088093,145.4034958332333,6117000
2021-07-22,147.94662475585938,148.06265660275528,147.17304468199038,147.17304468199038,4788900
2021-07-23,149.4164581298828,149.49381762968594,148.07236817478704,148.60419075935778,6288100
2021-07-26,149.33909606933594,149.60984693659637,148.47849193665482,149.03933723449873,4496700
2021-07-27,147.92730712890625,149.20371668777358,146.06105907504102,149.1553651581531,9044900
2021-07-28,147.7436065673828,148.5268660756271,146.33183608103397,147.97568509813868,6970600
2021-07-29,148.43017578125,148.93300526378016,147.56957144346026,147.5889150113935,6015300
2021-07-30,148.33343505859375,148.4881540531633,147.44382297204203,147.48251009809212,5074400
2021-08-02,147.80162048339844,149.20372640481423,147.59854994769339,149.00065586910915,6102600
2021-08-03,148.74923706054688,148.82659655603658,146.8733098706629,148.07235991853076,5412400
2021-08-04,149.04896545410156,149.41641929395485,148.15935356981493,148.6331748498988,5661400
2021-08-05,149.87091064453125,149.91924741327642,148.87493122944062,149.31972983462745,3337300
2021-08-06,149.74525451660156,149.91930235942576,149.31012015472223,149.34879253485465,3801400
2021-08-09,149.26174926757812,150.19004857344655,149.11670941735662,149.9192829283382,3599100
2021-08-10,148.18838500976562,149.66785025068515,147.76291518143057,149.53247482847075,5210700
2021-08-11,148.207763671875,148.97166485925547,147.45352689022215,148.70091395070406,5415800
2021-08-12,149.0586700439453,149.14570870382755,147.44382920129192,148.0530260463874,3473900
2021-08-13,149.87091064453125,149.90958301049008,148.9909630821305,149.15534645837897,2815400
2021-08-16,150.54779052734375,150.56713408809188,148.2463937071686,149.51312397211757,4746900
2021-08-17,149.30039978027344,149.8709242021742,148.3721153651529,149.62918131732607,9526300
2021-08-18,147.24075317382812,149.6194947807356,147.07636979081533,148.9522820906864,6740600
2021-08-19,148.68153381347656,149.23271465555177,146.2157682710137,146.42848842842344,9645500
2021-08-20,150.5961456298828,150.73152104870874,148.88460195594385,149.2423766868094,7384700
2021-08-23,152.53973388671875,152.7524687688792,150.9829093880786,150.9925737900633,5401200
2021-08-24,152.36572265625,152.9072243934766,152.23033246712762,152.7331618323305,4768500
2021-08-25,152.2786865234375,153.1296262702276,152.02727921407495,152.72349996057304,4715200
2021-08-26,151.32138061523438,152.40438401140037,151.19566959431702,152.094946038316,6028300
2021-08-27,152.7815399169922,152.88790740206383,151.1957068017174,151.45679331140568,7044400
2021-08-30,154.42538452148438,154.60911151356245,153.23601340805496,153.23601340805496,5013400
2021-08-31,153.61312866210938,154.57043598058672,153.323034193951,154.52208444342406,10985500
2021-09-01,153.65174865722656,154.8411340957184,153.5260524092361,154.14491351141527,10144900
2021-09-02,153.48739624023438,154.4253598622528,152.86853501326695,154.22230409119385,10884800
2021-09-03,154.09657287597656,154.50269911970634,153.25531242502296,153.30364919430394,10602400
2021-09-07,154.13526916503906,154.46405072702265,153.4100404555019,154.28032375983602,9860900
2021-09-08,153.54541015625,154.1642713750816,152.45274230796602,154.11593460010386,5733200
2021-09-09,152.9652099609375,154.18358862781423,152.8394989558901,153.65175140047458,5580500
2021-09-10,151.45677185058594,154.19330334711162,151.30205284789236,153.81618499980618,8540100
2021-09-13,151.50511169433594,153.00392070927552,150.50913207091764,152.60747354472298,11318900
2021-09-14,151.3117218017578,152.46242044231118,150.905595473589,152.1529971824373,9215800
2021-09-15,152.636474609375,152.762170885457,150.97328225903846,151.82420724294806,8169600
2021-09-16,152.72344970703125,152.8781686564131,151.15696092027054,152.09490950822163,8074300
2021-09-17,150.3447723388672,152.33673189942783,150.12237295472798,152.3270674930979,11331500
2021-09-20,147.60630798339844,148.894644074765,145.63990415467265,148.1390659894012,17834700
2021-09-21,147.66441345214844,148.87525387368498,147.09290032056722,148.5071536556925,9227500
2021-09-22,149.68893432617188,150.27014363785204,147.80970763660835,148.46841250856366,13995300
2021-09-23,151.69412231445312,152.05252641646376,149.99894540702175,150.46390407730172,9767000
2021-09-24,151.80067443847656,152.05252396816266,150.70606978031384,150.7738691695192,5826200
2021-09-27,150.32827758789062,150.87073178669513,149.36928655593871,150.52200911878248,7507500
2021-09-28,145.8723907470703,148.7396679001314,145.7561547749089,148.40062660696785,19095300
2021-09-29,145.6883544921875,147.2382365790118,145.43650493490622,146.47299172138383,12506000
2021-09-30,144.6421661376953,147.17038684704713,144.56467057399897,146.5407557155696,16707800
2021-10-01,146.82167053222656,147.14131939052348,143.69284829871094,145.1652343626732,22741900
2021-10-04,143.421630859375,146.15329407796162,142.27860454063088,145.9789253627826,25386500
2021-10-05,145.46554565429688,146.29860458466376,143.57663726008394,143.71225081708462,16483500
2021-10-06,146.41482543945312,146.52137999329508,143.31507675600602,143.78973154689623,20002400
2021-10-07,147.75161743164062,148.8946586845761,147.48039031008364,147.68381804163616,9947800
2021-10-08,147.19944763183594,148.42965079748203,146.9572795594348,148.32309625439487,9213200
2021-10-11,146.38575744628906,148.35216108924826,146.27920289900112,146.54074856612002,7485300
2021-10-12,145.63021850585938,147.1413452243676,145.3880503835146,146.9573098672317,8926700
2021-10-13,146.52137756347656,146.8410412197014,145.31053709933738,146.25984666537502,9760800
2021-10-14,149.82456970214844,149.89238387006236,147.80004777992346,148.0131569065544,7598600
2021-10-15,151.0257110595703,151.05477004788287,149.89236617307856,150.34764336433173,6389600
2021-10-18,152.30438232421875,152.38187790263692,149.76646494929753,150.18298705492862,5815100
2021-10-19,153.81549072265625,153.81549072265625,152.40123723308616,152.71120472885102,6600700
2021-10-20,153.38925170898438,154.18355524214206,152.72086551330915,153.96076477050534,6012700
2021-10-21,153.98016357421875,154.05764435530207,152.60463582733263,152.92429947717795,5011600
2021-10-22,153.4473876953125,154.56135496506573,152.8080604086593,153.92202767841252,6245000
2021-10-25,153.9510955810547,154.503245937166,153.35052343014146,154.02859114581247,5168400
2021-10-26,154.3870086669922,155.63658953375764,154.30951310289367,154.98758081279615,6594800
2021-10-27,154.25140380859375,155.4331853612811,154.09641267167152,154.64854827340048,8724000
2021-10-28,155.80126953125,155.9175202733527,154.9004112693716,155.19101595347593,6378400
2021-10-29,156.46966552734375,156.56653868828002,154.08673948831049,154.27077484485878,10065900
2021-11-01,156.2371368408203,156.54711904793302,155.44283330143304,156.46962349615484,12210600
2021-11-02,157.61270141601562,158.00016448511676,156.45028264717496,156.45028264717496,13407300
2021-11-03,158.53292846679688,158.86227353527843,156.96366912851408,157.8839197327534,12989300
2021-11-04,161.01271057128906,161.4001735782193,158.85257548515878,159.13348394806826,14345700
2021-11-05,161.84579467773438,162.7563491454213,160.83836705276514,162.19451735087472,12111800
2021-11-08,162.71755981445312,162.9984830431426,161.99105562964064,162.36883721451252,6390500
2021-11-09,162.04917907714844,163.13410208072855,161.22581650832197,162.95973338448144,8411500
2021-11-10,159.3756561279297,161.60360542708366,158.8913199664078,160.79960562526534,12894400
2021-11-11,160.12156677246094,160.58652543258617,159.86002105955393,160.51872604376987,5051900
2021-11-12,162.06857299804688,162.3398000810904,160.3830925221002,160.65431960514374,6122100
2021-11-15,161.90390014648438,162.95006808504863,160.98366434650032,162.71758139400075,6245100
2021-11-16,163.6087646484375,163.83156994558735,161.61330184251887,161.71017499612907,6769400
2021-11-17,163.11474609375,164.14153648068935,162.60135090028032,163.2891148130844,7708900
2021-11-18,164.74212646484375,164.9745983872231,162.87258099802318,164.05436253934565,9982000
2021-11-19,165.94329833984375,166.57294438919516,164.78089419281815,165.33302988082778,8857300
2021-11-22,164.09312438964844,168.79119217896056,163.99626600291455,166.5923013473966,14225800
2021-11-23,163.71534729003906,164.23843876004025,161.64238856177525,163.46349774052365,14619900
2021-11-24,164.9068145751953,164.9455549723273,161.94266425804716,162.73698281656408,9120500
2021-11-26,160.7899169921875,163.81216977432425,160.15058974034596,162.55289285484528,12383900
2021-11-29,164.80992126464844,165.25551707142893,162.66914876074918,163.18255873018296,12489900
2021-11-30,163.4344024658203,165.69141084803672,162.03951189648765,164.1899657274143,27033400
2021-12-01,161.19677734375,166.40822479552875,161.05146761554857,165.1586439052963,19542100
2021-12-02,162.67886352539062,163.42474549593152,159.35630913354075,159.70503182800942,23436200
2021-12-03,159.9569091796875,163.64754937489192,157.94206842303814,163.14383549053693,24235000
2021-12-06,161.47769165039062,161.96202786696693,158.75572447815463,160.42184224563866,18900200
2021-12-07,167.11537170410156,167.3187846371006,164.67431304273532,164.6936906299437,14345500
2021-12-08,167.880615234375,167.99685119526785,166.02076595624877,167.17348850432995,11630800
2021-12-09,166.06918334960938,168.55866350268363,165.93356981731077,167.46407384226154,8600500
2021-12-10,169.40142822265625,169.61453732579707,167.3187737657378,167.8128061324585,12388300
2021-12-13,166.88284301757812,170.07946418745365,166.640674971084,169.7501191916051,10487000
2021-12-14,164.1415252685547,165.92387882906948,162.1654401959434,164.86802952449173,13547400
2021-12-15,168.49085998535156,168.65553250046884,162.71756665062122,164.27712962410374,14135400
2021-12-16,163.71534729003906,169.39176919540006,162.74667471083595,169.12054205568484,15637800
2021-12-17,162.62074279785156,164.2093650945856,161.07086089728554,161.91360123605486,22410800
2021-12-20,160.68650817871094,161.19116007942995,159.5121906989552,160.1333132610732,16324800
2021-12-21,164.75291442871094,164.88878452890637,160.90000860542497,162.40429423462965,8405400
2021-12-22,166.90744018554688,167.02391085159857,164.09298170292925,164.52970597661397,6688100
2021-12-23,167.8391571044922,168.50880800382592,167.1112782676047,167.1306925163669,4896300
2021-12-27,171.43972778320312,171.47855628185806,168.46998441162964,168.5088129102846,6633300
2021-12-28,170.54684448242188,171.8182037001404,170.11981990055855,171.7599757678375,5711100
2021-12-29,170.69239807128906,171.3814482231705,169.80923510206696,170.60504137999425,4843900
2021-12-30,169.566650390625,171.33296195264586,169.3628378060256,170.76036750404307,5263200
2021-12-31,168.74168395996094,169.80924528443418,168.66404179011474,169.40163499928886,5121500
2022-01-03,170.34304809570312,170.49831764685493,168.22733941630338,168.96493272138386,10151400
2022-01-04,168.53790283203125,170.80888099111306,167.2665436440512,170.6341971982904,8324000
2022-01-05,163.35540771484375,167.6838516956335,163.2971649758638,167.5576813076068,11814200
2022-01-06,162.5304412841797,164.20941045458122,161.5599364767546,162.05488859739924,11883600
2022-01-07,161.03587341308594,163.20011003548976,159.97802660999315,162.42370314186277,15244300
2022-01-10,161.06503295898438,161.26883073715376,156.53276110897315,158.63877020827422,16250700
2022-01-11,162.996337890625,163.22926445906924,159.45399999684446,160.64771719156263,9603800
2022-01-12,163.7630157470703,165.3352290767475,162.94778030878328,164.20943974522842,9072000
2022-01-13,159.52188110351562,165.08288468346458,159.1142708342422,164.6073319649477,10471300
2022-01-14,160.87088012695312,160.96793653636294,158.4349182615474,158.4349182615474,11175700
2022-01-18,157.00830078125,159.47339182227597,156.57157648446815,158.53200076919467,12347100
2022-01-19,154.81494140625,159.44423898574834,154.6596570725564,157.50322924076582,12480700
2022-01-20,152.81573486328125,157.94970016858704,152.61192228270545,156.19308836099404,18804500
2022-01-21,149.77806091308594,154.20356200808524,149.73923241436725,152.44695006376372,24008300
2022-01-24,150.55442810058594,150.66118423067635,141.92664023366652,147.28381655621408,33706700
2022-01-25,147.0703125,149.86537147375225,145.38164337729987,147.60409318022772,24443100
2022-01-26,147.93405151367188,152.83510411158122,146.17744005307728,151.06879293334467,26798100
2022-01-27,146.91506958007812,151.12705824035118,146.38128880314653,150.33123693497447,19723400
2022-01-28,153.3397979736328,153.37861165980942,146.52684837291636,148.73959870328036,22118000
2022-01-31,157.19268798828125,157.3964857349598,152.631317683516,153.37859583297777,14560500
2022-02-01,157.60032653808594,157.86236706808447,155.31963357255492,157.40622847497826,11694900
2022-02-02,158.88137817382812,159.14340385842146,156.8724257395605,157.93998715034004,12752400
2022-02-03,154.27149963378906,157.69738150587423,153.69889036116274,156.62981995562126,13932700
2022-02-04,154.89260864257812,156.251309760481,152.79631422461523,153.44655081737815,14860700
2022-02-07,153.86386108398438,155.9310415386081,153.2718524227825,155.0090647209938,7311300
2022-02-08,155.76602172851562,156.18333168788539,153.01949134404333,153.37857338431294,10569900
2022-02-09,159.22105407714844,159.26958229076803,157.12475964212794,157.7750110489135,8897800
2022-02-10,155.0575714111328,158.7066644896743,154.24233604369664,156.0571902695128,15846100
2022-02-11,150.32150268554688,155.89220611737466,149.748908351244,155.21284084347823,17439400
2022-02-14,150.27297973632812,151.48611089825675,148.5260679014049,149.92359736934347,20515200
2022-02-15,154.2229766845703,154.32973284324243,152.00051160186914,152.5342923952297,12218700
2022-02-16,154.0676727294922,154.6014534550257,151.5055400556628,153.1748098834777,10159100
2022-02-17,149.45777893066406,152.78660417138295,149.17633897968864,152.63133461674065,12453200
2022-02-18,147.94378662109375,150.18565083278713,146.80829753239442,149.97213854512765,12655400
2022-02-22,146.57537841796875,148.92399889238388,144.97405098819135,146.3909800866799,13446800
2022-02-23,142.9068603515625,148.49696378527503,142.7515759984433,148.09906799241216,18939700
2022-02-24,147.7884979248047,147.8952540654994,137.53996765303827,137.9961061806673,25483900
2022-02-25,149.79747009277344,149.84598350143,146.1968896082363,148.01172943048198,14150800
2022-02-28,149.5257110595703,150.15653338017734,146.96356366715406,148.20582367956692,17411100
2022-03-01,146.53652954101562,149.72948391431004,145.39132614163816,148.96279161482636,14962500
2022-03-02,149.7100830078125,150.33120556169,146.46860014253704,147.61380364393202,12796200
2022-03-03,147.92434692382812,150.9814460754855,147.16735432827002,150.9717315494343,11725300
2022-03-04,145.33309936523438,147.3808651639985,144.17819623961324,146.76944237779236,13365600
2022-03-07,140.01475524902344,145.87659871349376,139.93711307488556,145.2069479191937,16432100
2022-03-08,139.33541870117188,143.6638629798825,137.2779379021325,139.6362729006528,18449200
2022-03-09,144.84786987304688,145.50780615858247,141.97516858451368,143.1203721741673,17663700
2022-03-10,142.31484985351562,142.71276044991055,140.16032761051233,142.28573588877754,13724200
2022-03-11,139.8109588623047,143.93560543480734,139.59744656091186,143.57652329552496,10728900
2022-03-14,137.2196807861328,140.75231786418237,136.82177024169079,139.17039021254575,13926200
2022-03-15,141.82960510253906,142.111045046609,137.85052853891338,138.30666708967595,11496900
2022-03-16,146.43951416015625,146.49774209684392,141.34436237772763,143.62505528954586,13588000
2022-03-17,147.4779510498047,147.57499266768102,144.8672901466069,145.65339685244354,9259400
2022-03-18,150.49620056152344,150.76794074631584,146.23566987348437,146.95384882399543,13948900
2022-03-21,150.21035766601562,151.00763449333076,148.2365934621348,149.68530831789448,11170700
2022-03-22,152.36886596679688,153.15642517904394,150.1131268953838,150.3173160566783,8742900
2022-03-23,150.02561950683594,152.33967920030327,149.87976587101943,150.94929985596613,6180300
2022-03-24,153.9245147705078,153.96341500396588,150.35618240947372,150.86178159178382,7131700
2022-03-25,153.83705139160156,154.38153611247063,151.9119047467871,154.16762928125837,7437300
2022-03-28,155.6649627685547,155.73301593435008,152.7383354091775,153.1272636283461,9296500
2022-03-29,158.9707794189453,159.11661823626767,156.35529449693175,157.48316413787583,9414900
2022-03-30,156.8511505126953,158.6012753789094,156.02469112002194,158.15402652148774,9340100
2022-03-31,154.52732849121094,157.12337745010785,154.29398644445453,156.83168505557086,9712000
2022-04-01,154.07037353515625,155.04267169877656,152.34940163144236,154.6829112896941,14104800
2022-04-04,156.9970245361328,157.0748101888118,154.41070721991764,154.46904275040282,11524100
2022-04-05,153.6912078857422,156.67615611673554,153.1564408240053,156.31641047342868,11794100
2022-04-06,150.05479431152344,151.48407396028392,148.72275042453893,151.1340459884223,17112700
2022-04-07,150.2881317138672,151.29931525893892,148.23658203010672,149.2574832156559,11600100
2022-04-08,148.18798828125,149.9672959603982,147.86712806014836,149.61726797702323,13177300
2022-04-11,144.45436096191406,146.51562854486164,144.25988943921817,146.33088949995707,10797700
2022-04-12,143.8126220703125,147.35178672178213,143.26813748333137,146.2433674308299,11086100
2022-04-13,146.126708984375,146.57397274251593,143.36538529735128,143.9001523442279,7223400
2022-04-14,142.5778045654297,146.54478292137597,142.5097514075771,146.28225825858956,8703500
2022-04-18,143.04452514648438,143.968220426177,141.83888471588781,141.877770121093,7030300
2022-04-19,145.72805786132812,145.9808500504226,142.15972527464857,142.68475977079646,6781100
2022-04-20,145.59194946289062,147.52681354066706,145.1641358468714,147.1379001639738,7826300
2022-04-21,143.12229919433594,148.39215392022496,142.68476794978366,147.01149218785645,9254600
2022-04-22,139.116455078125,143.8029255915866,138.92199836782422,142.96674838480683,11047400
2022-04-25,141.20687866210938,141.30411442703422,137.6385456635692,138.50389056145937,14353800
2022-04-26,135.94676208496094,140.1373655894096,135.87869407930205,139.92345876604648,12976600
2022-04-27,137.95936584472656,140.61373529253964,137.16208918089538,137.46349919415195,20024300
2022-04-28,143.48202514648438,144.29875191814725,139.3789263376809,140.1275851269934,13881200
2022-04-29,137.50242614746094,143.56957298378407,137.2399014478834,141.91666881285255,14794900
2022-05-02,139.59288024902344,139.77760447190406,135.79119016659908,137.3468586140003,18502200
2022-05-03,139.83592224121094,140.69153449521818,138.54276396589,139.5733975956411,13734900
2022-05-04,144.74603271484375,145.00855739098157,138.05663098272998,140.3804231583809,14325200
2022-05-05,137.7843780517578,142.79170761480137,136.1411917962855,142.6166862321602,18221100
2022-05-06,136.67599487304688,138.86366629967682,134.62444463063005,136.5301412096137,17431100
2022-05-09,131.38668823242188,135.0716926599725,130.7838531326974,134.20634767285293,20562300
2022-05-10,133.3896026611328,135.27586368756096,131.4061058728106,134.51747222028902,18185200
2022-05-11,129.1795196533203,134.69244782233082,128.7808738917361,132.18391707034192,17390900
2022-05-12,127.84750366210938,129.7045820649297,124.872258521544,127.26411877115285,18253300
2022-05-13,132.09645080566406,132.74788890198647,128.75174219951703,129.58791935105378,12247700
2022-05-16,130.9296875,132.68954498015484,129.81153559722787,130.99774066355985,8711700
2022-05-17,134.72164916992188,134.92583833943294,132.23256791240468,133.74935087644832,9301100
2022-05-18,128.5572509765625,133.331238022834,128.07110194544134,132.94230989628244,11835100
2022-05-19,127.14744567871094,129.3351167304075,126.54461067814407,127.59469456328968,10437400
2022-05-20,127.42941284179688,129.2670560356065,123.52077693919871,128.91702805411444,10126300
2022-05-23,130.3560333251953,130.52132224714387,127.42940610149338,127.82805194412494,8609800
2022-05-24,128.42115783691406,129.18926694565207,126.17515119728283,128.53782888226812,8561000
2022-05-25,129.91845703125,130.88103741460907,127.47799433553558,127.57523007223101,6828300
2022-05-26,133.03955078125,133.6132030994928,128.88783374083343,129.1600760219009,7778300
2022-05-27,137.5413055419922,137.57047330018057,134.27438310005834,134.5271752830553,8140900
2022-05-31,136.5592498779297,137.90102585314884,135.22720637771874,137.0065134816994,9710400
2022-06-01,136.15090942382812,138.96085049763408,135.13972587076083,138.0274525772785,6652400
2022-06-02,139.447021484375,139.45673912645609,134.55636218443038,135.18835014988133,6934200
2022-06-03,136.11203002929688,137.74548388001554,135.48002729917187,136.80235344141258,5631900
2022-06-06,136.1217498779297,138.67889892675782,135.45086173689924,137.8232717514038,6294800
2022-06-07,137.74549865722656,138.00802335286014,134.4007901247361,134.6730324623951,5508300
2022-06-08,136.18983459472656,137.99829525105804,135.81062400228848,137.33713950608893,4407100
2022-06-09,132.55345153808594,136.52043105634496,132.52428377101836,135.19810455025862,4882600
2022-06-10,127.45855712890625,130.67686153583543,127.41967173194436,130.26849810532184,10443200
2022-06-13,121.80953216552734,124.6194737127962,121.36227582914363,123.44299363747321,18166300
2022-06-14,122.57764434814453,123.3943787639624,121.44005713637232,122.72349057433135,9125200
2022-06-15,125.1639404296875,127.01131587145977,122.42206727965116,124.10413897523027,12534800
2022-06-16,120.06909942626953,122.09148140845433,119.07735855276245,121.98452801587413,16345400
2022-06-17,121.16780090332031,122.31511304336372,119.20375444115543,120.04965652155869,13842100
2022-06-21,124.25119018554688,125.12853414884904,122.93517795925578,122.93517795925578,8622500
2022-06-22,123.72476196289062,125.4404482578464,122.55497517657324,122.89616236947222,7581700
2022-06-23,125.57694244384766,125.82064865271278,123.64677855989044,124.7873218324216,8021100
2022-06-24,130.09039306640625,130.11963662638743,127.01970027119124,127.01970027119124,12746100
2022-06-27,129.21304321289062,130.89948612163454,128.62814232419512,130.5095621122692,6958600
2022-06-28,125.34300231933594,130.61680922484817,125.28451519833051,129.3300330641316,7630400
2022-06-29,125.59645080566406,126.34707022878688,124.1732071825551,125.18702608613778,6803600
2022-06-30,123.91973876953125,125.47945705666814,121.96033872023746,123.92948166324963,7860200
2022-07-01,124.20243835449219,124.51438201062193,122.0773198729448,123.13987539505679,6965300
2022-07-05,125.76215362548828,125.79139718219822,121.81411728584804,122.5159923961815,7170500
2022-07-06,126.84419250488281,127.85801858103649,125.41119892343247,126.03508617235576,8083500
2022-07-07,129.4664764404297,129.75892684888123,127.39985267009124,127.39985267009124,6541100
2022-07-08,129.5249481201172,129.94413045972166,127.68253010335307,128.08221178481122,6313500
2022-07-11,127.74105072021484,128.9498389735059,126.86371424380295,128.39419650501776,5708300
2022-07-12,125.9961166381836,128.93033419302765,125.25525507897524,128.20897329645953,8276700
2022-07-13,125.6646957397461,126.47380228384571,123.08140797309375,123.62730759931779,7581300
2022-07-14,126.81494903564453,127.26337496859331,123.05213231692781,124.66058721570657,6864400
2022-07-15,129.04730224609375,129.10578934982766,127.49731962392089,128.03347619922314,6764600
2022-07-18,127.79956817626953,130.78253040664453,127.31215565824355,130.3146036795919,4948800
2022-07-19,131.6988525390625,131.83532743277004,128.44292600407152,129.2227889143924,6165300
2022-07-20,133.75572204589844,134.31136446657823,131.3673893023828,131.7183268376819,6268600
2022-07-21,135.6371307373047,135.66637429320016,132.5274370468106,133.92144433463244,6478800
2022-07-22,133.7654571533203,136.1342742227233,132.99533724932368,135.57863183438562,5291800
2022-07-25,132.9174041748047,133.85322791171092,131.91333554320212,133.70701010114746,6975600
2022-07-26,130.7630157470703,132.8491405059833,130.2756032812061,132.8101540535593,5083900
2022-07-27,136.3877716064453,137.0993897034738,132.7224200252206,132.91739692820863,8538100
2022-07-28,138.46412658691406,138.77607770451309,135.32520399529997,136.54373515845614,6204000
2022-07-29,140.5892333984375,141.0279015821119,138.30814694361385,138.8930328969644,5088700
2022-08-01,140.28707885742188,141.6908293328006,138.9808168385306,139.3219966869365,6257900
2022-08-02,139.292724609375,140.90117968958964,138.0936941882214,139.07826194872678,7960900
2022-08-03,142.99703979492188,143.39672149790732,139.94583367769096,139.97507722916356,7121600
2022-08-04,143.6501922607422,143.71842226626646,142.03197941989075,142.9483171701234,5839900
2022-08-05,143.31875610351562,143.71842299423233,141.23263148323394,141.3496057073806,3960500
2022-08-08,142.10023498535156,144.30333398428368,141.33011495665207,143.1920341530138,5551100
2022-08-09,140.67697143554688,141.23262873873972,139.91660924407532,140.94992120301632,4282800
2022-08-10,144.51776123046875,144.63473543414176,142.8703051137331,144.020605990214,9636600
2022-08-11,143.952392578125,146.27248062225507,143.6891856877003,145.4243728363639,5512900
2022-08-12,146.818359375,146.82810226783891,144.4495274463364,144.89795338590062,4046800
2022-08-15,147.74447631835938,147.9589390107965,146.067776109114,146.23349457606102,3581300
2022-08-16,147.34478759765625,148.03691986806385,145.9702957009204,147.07183779726554,5495300
2022-08-17,146.29197692871094,147.41301959121435,145.23916427301302,145.99952648968699,6316400
2022-08-18,147.05233764648438,147.63722364392333,145.87279300848144,146.43819321825873,4988400
2022-08-19,144.38131713867188,146.01901583769995,144.05962313536688,145.8435544947959,5073100
2022-08-22,140.3553009033203,142.4609264967627,140.00436330441323,142.4121822712883,5372100
2022-08-23,139.98487854003906,141.4666018577085,139.79965940666807,140.08235211705323,7388600
2022-08-24,140.07260131835938,140.66724514079633,139.30248126775905,139.88738219543907,4491600
2022-08-25,142.44142150878906,142.45117927837734,140.2480653008468,140.43328442723907,3563300
2022-08-26,136.35853576660156,142.72414229377168,136.26104730958772,142.38294756887336,7160900
2022-08-29,134.5550537109375,135.871073021052,134.03839780391942,134.8864905428652,6615800
2022-08-30,133.1513214111328,135.54939706391625,131.94254812853092,135.31543374729333,6634400
2022-08-31,131.85482788085938,134.37963600712592,131.78659786374376,133.9507106150297,7085700
2022-09-01,131.21144104003906,131.3771594925652,128.46242760782837,130.56805301871555,7994300
2022-09-02,129.5054931640625,133.31704719623323,128.82310383830057,132.56644273733102,8303300
2022-09-06,128.6476593017578,130.23662884699237,127.79956629277956,129.68097144480015,7495000
2022-09-07,130.70452880859375,131.2309277275968,128.46242848764413,128.901096732588,5828500
2022-09-08,131.15293884277344,131.8353281898779,129.15455964657517,129.73944567668883,5605300
2022-09-09,133.74598693847656,134.1066823030044,131.99129896468284,132.2447629842941,5709300
2022-09-12,135.89060974121094,135.94911174051873,134.55510414602895,134.57460481246488,5090500
2022-09-13,128.67686462402344,132.75162486395462,128.32592712551758,132.01076342250667,10074400
2022-09-14,129.14480590820312,130.09038730477909,127.90678892476726,129.28128080695387,6614600
2022-09-15,126.17157745361328,128.8913472067002,125.41121523492488,128.11148432545264,7442600
2022-09-16,125.46971893310547,125.73291094532986,123.68578015080138,125.07003715575331,10381100
2022-09-19,126.49288940429688,126.61015245127747,124.13775713494184,124.21593747005363,7841500
2022-09-20,125.75016021728516,126.54173037085661,124.65566555265022,125.31040896177086,6054700
2022-09-21,123.78593444824219,128.26165730785422,123.76639309524948,126.40492309042266,8404400
2022-09-22,122.52530670166016,123.87389120652847,121.83147309591298,123.09210287165739,8016900
2022-09-23,120.92263793945312,121.5969301395497,119.32975309122189,121.41125374690037,9698100
2022-09-26,120.08221435546875,122.57415787689297,119.74018479221266,120.55128879628089,8596800
2022-09-27,120.23860931396484,122.81850083573892,119.1245655866391,121.6751413454342,9357400
2022-09-28,121.50898742675781,122.09533241819514,118.51866077544705,119.43726097005833,9466700
2022-09-29,118.34275817871094,120.04313926061124,116.94531654003855,119.76951557567168,15548300
2022-09-30,116.07559204101562,119.61317384197496,115.86059985205029,117.86392802484154,9756500
2022-10-03,119.67179107666016,120.38517348617624,116.54465267147503,116.99417835124002,8666100
2022-10-04,123.68821716308594,123.82502900594987,122.00737742997342,122.09533216077809,8889500
2022-10-05,124.09864807128906,124.9977068768038,121.30376488995033,122.01714729176867,7300200
2022-10-06,123.08233642578125,125.13452907359307,122.93575762724033,123.77617753207898,7174100
2022-10-07,118.0202865600586,120.58063667626857,117.38509182578947,120.57086227023275,7874500
2022-10-10,116.03650665283203,118.18642117533429,114.87360583250984,118.02028609612775,8353100
2022-10-11,114.2579345703125,116.17330790813924,113.40774771833816,115.37197817031696,10522400
2022-10-12,113.90613555908203,115.1276753019709,113.71069218249457,114.34589433993416,7055800
2022-10-13,117.44371795654297,118.05937130615135,110.39787757716604,110.82786195474539,19057300
2022-10-14,114.14066314697266,118.65546873458793,113.9549867420496,118.40139386601388,11242000
2022-10-17,117.6196060180664,118.20594353700702,116.62282552574992,116.9355468219167,7299800
2022-10-18,118.61638641357422,121.09855593824471,117.12122303802664,120.66857904071203,6999000
2022-10-19,118.27436065673828,119.44704326135398,117.08213669710469,117.58052699045854,5492000
2022-10-20,118.34275817871094,120.9128823387209,117.75642064588527,118.31344242042259,6214800
2022-10-21,121.50898742675781,121.7630697593349,117.64892514868428,118.04959372912072,8563000
2022-10-24,123.18982696533203,123.6393526572079,120.54152992616049,122.02692630040676,6692600
2022-10-25,125.54496002197266,125.63290729787556,123.49277490502219,123.49277490502219,5132500
2022-10-26,122.75007629394531,125.33973437364713,122.18328010998985,122.37873092636396,7584700
2022-10-27,121.35262298583984,123.96182962436968,121.06922492108664,123.20936455675199,5847400
2022-10-28,126.62969207763672,126.89354882557807,122.02693142533839,122.02693142533839,7467700
2022-10-31,124.95862579345703,125.71109095585983,124.21592758040026,125.3690538808993,6646100
2022-11-01,123.9129867553711,126.73718586794021,123.37550631982204,126.51242674448257,4706600
2022-11-02,119.6327133178711,125.41792369510353,119.59362315179276,123.82503856976673,9046200
2022-11-03,116.11469268798828,118.17665256908322,116.0267453967574,117.96166036071311,8005300
2022-11-04,118.23527526855469,118.85093608395317,115.52834642014942,118.52844779547654,8948100
2022-11-07,120.20928192138672,120.40472529279677,117.60006743337365,118.44048735067294,5213800
2022-11-08,121.3624038696289,122.82825137929727,119.57406811846887,121.20604322320168,6361000
2022-11-09,118.20594787597656,120.28744875411121,118.03004586826896,120.23859164155631,5981300
2022-11-10,127.91961669921875,128.05642853342033,123.41458566326276,124.04001332123731,13966100
2022-11-11,130.108642578125,130.5386269603157,127.17694714832375,127.80237491022639,7988900
2022-11-14,128.99456787109375,130.60699400493425,128.37890720734316,129.08251513409513,7263300
2022-11-15,130.55813598632812,132.46373445272542,129.24863442742094,131.92625413877502,6358100
2022-11-16,128.76983642578125,129.93274463521954,128.23235596200217,129.55162483569868,5047900
2022-11-17,128.93594360351562,129.53205549406474,126.66875906523995,126.71762362899734,4074800
2022-11-18,129.08253479003906,130.43111934023008,127.99780698040122,130.39202172091782,5956200
2022-11-21,127.69486236572266,128.87731926442945,127.44078749596308,128.3496058046729,4181900
2022-11-22,130.16726684570312,130.23568022604485,127.33330071940306,128.25190095536016,4509600
2022-11-23,131.3203887939453,131.7112754742021,129.7959098650244,129.88385713137652,4740300
2022-11-25,130.55813598632812,130.95878957366432,130.17701629304867,130.4310911181118,1631500
2022-11-28,127.76327514648438,129.9131818591194,127.24534354925686,129.08252896699193,6515100
2022-11-29,126.5124282836914,127.97827590136505,125.99448174031683,127.59715611722483,5785100
2022-11-30,132.8644256591797,132.88395955657495,126.3267433398003,126.4537733183577,11667200
2022-12-01,133.0500946044922,133.68530417834404,131.40835244901697,132.9914630862785,7582900
2022-12-02,132.278076171875,132.71782743021046,130.31384593191177,130.82199565154,4467200
2022-12-05,130.07933044433594,131.99471140622603,129.21936165597208,131.26178752833624,5763100
2022-12-06,127.29419708251953,130.1379449352493,126.47332602545502,129.9425015756681,5899600
2022-12-07,126.64923095703125,127.62646263135596,125.74039774599585,126.83489244960049,5206900
2022-12-08,128.720947265625,129.09230004445794,126.59057462833441,127.35282899314173,4482900
2022-12-09,127.92939758300781,129.72750022204562,127.45054871126962,128.14438973673748,5201400
2022-12-12,130.72427368164062,130.72427368164062,128.0955183245096,128.13460102702044,7403100
2022-12-13,132.26832580566406,136.15770406836378,130.92950814334185,135.4834117624083,9303800
2022-12-14,131.154296875,133.685323859665,129.62003566945882,132.14129570344124,9770500
2022-12-15,126.2485580444336,129.48319238924356,125.76970917240983,129.0043435172198,9611900
2022-12-16,124.57750701904297,126.56127882690431,123.94230488913837,125.81858806351691,11999600
2022-12-19,122.91633605957031,124.78821180055542,122.10290291106595,124.5921997591174,7138300
2022-12-20,123.10254669189453,123.72977027571869,121.68149489540741,122.2695160706057,6311000
2022-12-21,125.1410140991211,125.72902773623981,123.36714080897481,123.67095757504187,7335300
2022-12-22,121.98531341552734,123.71018213967388,119.9174329364045,123.57296996058788,7661800
2022-12-23,122.1126937866211,122.23030100031596,120.2212207596534,121.11305864004427,4115800
2022-12-27,120.95624542236328,121.9068831427654,120.24082212235136,121.69127366262134,4765100
2022-12-28,119.00598907470703,121.78929280780284,118.86878438234851,120.66225533158564,5181300
2022-12-29,122.12248992919922,122.53410394016204,120.16241466507866,120.1722171349855,5477100
2022-12-30,121.95589447021484,122.02449681051895,120.10362380490956,120.85824954825478,4452900
2023-01-03,120.7994613647461,124.07278402890998,119.93702331509714,123.25935086011654,7598100
2023-01-04,121.11306762695312,121.8872983510991,119.78021568122016,121.42667940964944,5906500
2023-01-05,118.76097869873047,120.81905654511094,118.55517166180191,120.50544475401577,5670500
2023-01-06,122.2401123046875,122.78893105407019,118.39835862772465,119.80961538567405,6912700
2023-01-09,123.66116333007812,125.91524566400906,123.2985466715982,123.33774907876587,10713600
2023-01-10,124.42559814453125,124.62161019071547,122.70072952358534,123.35736053193367,8604500
2023-01-11,126.58168029785156,126.58168029785156,124.43539521710156,124.81760934420845,6879000
2023-01-12,127.52251434326172,128.10074801313323,125.22922946961033,126.77769099530892,7679300
2023-01-13,127.8851318359375,128.07132644758084,126.02305113179989,126.31706544868366,5076600
2023-01-17,128.4633331298828,129.21796628507664,127.5518903663549,127.70869997468898,5212900
2023-01-18,126.80708312988281,129.8746060547148,126.7286783158404,129.18858262458014,6968000
2023-01-19,125.32722473144531,126.52287945942862,124.86661326987682,125.81725108335698,7322500
2023-01-20,128.7181396484375,128.81614939380785,125.50361739556578,125.95444128840681,7063900
2023-01-23,131.6484832763672,132.4031165913678,128.9435842536378,129.23758363878954,11736300
2023-01-24,131.5896759033203,132.0894897837968,130.7076329355393,130.90365245339484,6287800
2023-01-25,131.3152313232422,131.6484404875738,128.15950934531207,129.3649512952091,7171100
2023-01-26,133.41253662109375,133.47133649030667,131.22704178742313,132.59910353720838,5580900
2023-01-27,133.9711456298828,134.91198836682787,132.5108990817272,132.569698948876,6774700
2023-01-30,131.41326904296875,133.01073549129814,131.30546428349516,132.43251676057187,4852800
2023-01-31,133.24595642089844,133.30475630088497,131.3250756009214,131.4132754209012,4435800
2023-02-01,136.38206481933594,137.46990738333903,132.51091847229094,133.14793706520322,9426400
2023-02-02,140.10621643066406,140.89023474067926,138.07753092031342,138.71454953574846,9412000
2023-02-03,138.93997192382812,141.21365198815835,137.48950512062348,137.69531965154812,8072700
2023-02-06,137.24444580078125,138.47930262938337,136.72502711878326,137.40125539079193,6488700
2023-02-07,140.67462158203125,141.2038503772181,137.39150386970303,137.4503037460148,7854100
2023-02-08,138.97914123535156,141.7036447938709,138.69493688752974,140.94902654605266,6288500
2023-02-09,138.21470642089844,141.36063380802537,137.66588773815434,141.1254193921975,6312000
2023-02-10,137.57769775390625,138.04811166493056,136.27424581231577,137.18567369956216,4930800
2023-02-13,139.95921325683594,140.26302262000408,138.02853735404076,138.11673717802017,4205900
2023-02-14,140.5570068359375,141.35083498984838,138.43032679577234,139.30255976113216,6311000
2023-02-15,141.21363830566406,141.2234482540187,139.3711774719314,139.70438672381832,5245500
2023-02-16,138.7635040283203,140.74318393684962,138.65569930671265,139.1653229865112,6500600
2023-02-17,137.02890014648438,137.93053317912347,135.83325276633036,137.77372353322338,5303300
2023-02-21,133.775146484375,136.00963125129542,133.6575467453335,135.19619816315154,6138900
2023-02-22,133.57916259765625,134.65719526540218,132.94212901953327,134.04957658077828,7169200
2023-02-23,135.79403686523438,136.30366071474967,133.88296612228984,136.06844625631408,6560000
2023-02-24,133.3733367919922,133.95155548842123,132.59911353201647,133.3831467403928,7173700
2023-02-27,134.08877563476562,135.4020226650559,133.84376619086717,134.71599921297812,4694500
2023-02-28,133.7947540283203,135.088396045508,133.42233490852604,133.6575493453733,5242900
2023-03-01,132.81471252441406,134.06915957683688,132.403098487293,133.85355008774653,7534700
2023-03-02,134.45135498046875,134.87276395241742,132.22666553654093,132.45206998771846,5484700
2023-03-03,137.342529296875,137.35232429369177,135.186448615892,135.31385834547797,7219800
2023-03-06,137.9990997314453,139.8709752404636,137.8912949912875,138.22450420479788,7999600
2023-03-07,136.2840118408203,138.42050135889957,135.9410076896316,137.89127273656146,7060000
2023-03-08,137.41111755371094,137.57772219858862,135.96065072620308,136.76428896475673,6623500
2023-03-09,135.4412078857422,139.1751491503786,135.17659351813032,137.62668778145485,7812300
2023-03-10,133.05970764160156,135.58820641564606,132.53047896921325,135.2451872778319,15278400
2023-03-13,133.78494262695312,135.63721330370882,131.40345816577667,132.22668625451504,17219700
2023-03-14,136.87210083007812,137.35230984487515,134.95121990831396,135.50984870617012,10601100
2023-03-15,136.95046997070312,137.11707458080784,134.7159852699521,135.37260871713713,11530000
2023-03-16,140.79222106933594,140.98822562058413,136.019427250695,136.47025117733568,13043400
2023-03-17,140.59622192382812,142.28187309272468,139.77297885023114,141.06663585574836,11539300
2023-03-20,140.97535705566406,141.1521610901149,139.295801157998,140.34674879788912,5990800
2023-03-21,142.1147003173828,142.3700672452956,140.2681571837319,141.7414590489551,6533200
2023-03-22,140.7003173828125,144.9434336244436,140.62173949087114,142.1146894633562,7112200
2023-03-23,142.9888458251953,144.92378329792228,141.64323503986142,142.49774524810118,8797900
2023-03-24,143.36209106445312,143.4308373538226,141.59412594008677,142.53703068161505,5936300
2023-03-27,142.252197265625,144.06926043800988,141.9182524647154,143.57815985295443,5405300
2023-03-28,141.5843048095703,142.05577220240994,140.3074551687678,142.0066591422556,4984000
2023-03-29,144.55055236816406,144.8746805706167,143.15582842825347,143.36209727970564,7128300
2023-03-30,146.23013305664062,146.43638693499724,145.2479317652601,145.8863566097765,5601200
2023-03-31,148.32220458984375,148.4597121646351,145.8667014777115,146.0533221121858,7534900
2023-04-03,148.08648681640625,148.29274068629266,146.71139607262282,147.41858217235105,10571100
2023-04-04,147.27125549316406,148.81330363792443,146.72122519981764,148.3025697867893,7912400
2023-04-05,145.5916748046875,146.71138353570788,144.5407273492212,146.57387597180013,7868800
2023-04-06,146.416748046875,146.6033536957826,143.90230024877246,144.53090845149765,7848000
2023-04-10,146.33816528320312,146.3676301208512,144.16749399085444,144.96307458175468,4758600
2023-04-11,144.96310424804688,146.10246149427581,144.7175538925943,146.0828132694224,6395800
2023-04-12,144.13804626464844,146.33818265583582,143.9023125482774,145.94529312855073,6617900
2023-04-13,146.81942749023438,147.04534455134208,144.46215066434954,144.69788434181822,6820900
2023-04-14,146.00418090820312,147.2024673949137,144.7273315257858,145.99436429303947,6501800
2023-04-17,146.5345916748047,146.85871985212358,145.3952347461443,146.19081527810883,4153000
2023-04-18,146.9864044189453,148.04718351942702,146.34797963020404,147.6543090320787,4606400
2023-04-19,146.5640869140625,146.83910209358928,145.46402619595537,145.66046346887404,4311600
2023-04-20,145.60150146484375,147.04533833045556,144.9532451196303,145.21844362216305,5708100
2023-04-21,145.1300506591797,145.39524919191675,144.18714585620594,144.96307824588646,6118800
2023-04-24,144.4916229248047,145.25773868194133,143.41119558156004,144.5505526003996,4539900
2023-04-25,141.40750122070312,144.05944133681913,141.35838816560465,143.78442621290785,5511300
2023-04-26,143.50942993164062,144.99254847226558,143.16565348801393,143.8924878321836,6801700
2023-04-27,146.5542449951172,146.66228772465067,143.83354352391999,144.1871365490113,6042400
2023-04-28,148.14541625976562,148.17488109827434,146.39709923464102,146.5542550314886,5896000
2023-05-01,148.2338104248047,148.95081313882415,147.7918228610174,148.0275565557314,4097200
2023-05-02,146.84890747070312,148.57759130934767,146.0827916739228,148.41061889078804,6029400
2023-05-03,145.611328125,147.9784366175859,145.5425668470373,147.02570025313764,5815100
2023-05-04,144.91397094726562,145.89617223194526,144.31482756412296,145.03184529272468,5430500
2023-05-05,148.54812622070312,149.0490434755412,146.11225626801092,146.31852513012194,6115000
2023-05-08,148.46954345703125,148.59721942729684,147.55608850789193,148.2632746016767,3397800
2023-05-09,147.33018493652344,147.92932828808668,147.17302914232948,147.65431314184795,6236600
2023-05-10,149.1276397705078,149.4714012668255,147.6838025192434,148.61689084811124,5275900
2023-05-11,148.45970153808594,148.88205583648596,147.42840229457073,148.88205583648596,4478400
2023-05-12,148.2632598876953,148.93116445985282,147.11408634614205,148.71507900890776,3954000
2023-05-15,149.49099731445312,149.52046214707616,147.88018818653302,148.410585148145,3398300
2023-05-16,149.64817810058594,150.4634069095903,149.23565538769236,149.2847684460085,4699100
2023-05-17,151.64202880859375,151.89739570186114,149.5794004822354,150.27676986486497,5958300
2023-05-18,154.7458038330078,154.97170591518358,151.8286650365602,151.8286650365602,7745600
2023-05-19,154.67703247070312,155.0502737025578,154.1466504455624,154.78507519638737,4902500
2023-05-22,154.97171020507812,155.37441630977466,153.96004412844152,154.2154110550483,5397100
2023-05-23,152.68316650390625,154.83418943069682,152.62423683257504,154.1957646750084,5845500
2023-05-24,151.56346130371094,152.17242123786332,150.73841591153015,151.47506679466312,5462800
2023-05-25,157.37808227539062,157.99687378088228,154.77525528549685,155.5904840188145,9039000
2023-05-26,161.8471221923828,162.13196895020852,157.76116135969727,157.7808095812857,7580000
2023-05-30,162.71145629882812,165.04908499097047,162.36767987991252,164.22403957021436,9061800
2023-05-31,161.3560028076172,163.30075687716814,161.26760830154672,161.77835709306515,9650500
2023-06-01,162.9962921142578,163.68382998200696,160.3247035534027,160.8452690094986,8709700
2023-06-02,163.9293670654297,164.68566615253744,162.77037689432976,163.95883190115595,7135300
2023-06-05,162.9864501953125,164.9213875287997,162.70160348826357,163.83114372661757,5454500
2023-06-06,162.94717407226562,163.30076710589574,161.7783672264337,162.59358103863548,4987800
2023-06-07,160.5113525390625,163.89994440433412,160.17740765676766,162.63291118047232,6851900
2023-06-08,162.2498321533203,162.50519909121886,160.62919104588093,160.74706539100518,5332600
2023-06-09,163.0552215576172,164.72497564616828,162.50519126420332,163.03558832371058,7206800
2023-06-12,166.60096740722656,166.66972868700597,163.84098435599356,164.17492917640436,6893600
2023-06-13,167.61264038085938,168.4082359971489,166.25721282238513,168.084107780261,8297900
2023-06-14,169.34133911132812,169.4002687946404,166.83672266013352,167.4162178623086,8384500
2023-06-15,171.5218048095703,172.28792056650474,168.61448258764375,168.65377902949754,8866300
2023-06-16,170.10743713378906,173.16208362523653,169.9404647195095,173.1522520209131,8683300
2023-06-20,168.95782470703125,170.17829568564284,168.05230865178626,169.1349840354387,7068900
2023-06-21,166.45779418945312,168.6330121019141,165.96566493509113,168.308204991804,6029000
2023-06-22,167.81607055664062,167.8849758590487,165.68023146087813,165.70975801374087,7612100
2023-06-23,165.9951934814453,166.97945200198419,165.29637834227486,165.7491288513106,7364500
2023-06-26,164.80422973632812,167.5995200020688,164.68612353367726,166.14282176787302,5445100
2023-06-27,168.0522918701172,168.43615206192788,165.30620240527819,165.4636873605318,6916500
2023-06-28,168.15074157714844,169.05625771899972,166.9893235969245,167.1172670068134,5685800
2023-06-29,168.44601440429688,168.7511321640632,167.4322292586114,168.32790817950843,4564100
2023-06-30,171.12318420410156,171.55626034908423,169.99129293129104,170.1192363242411,5699200
2023-07-03,170.759033203125,171.17242002084004,169.8928808125251,171.0936775290951,3091100
2023-07-05,169.70584106445312,170.9755428822306,169.42041272059018,169.5680454814517,4697800
2023-07-06,169.2530975341797,169.41056747936622,167.52079296979278,168.03261159277915,6058200
2023-07-07,168.514892578125,170.55229972060835,168.4164607275892,168.97748022358627,5811100
2023-07-10,168.95782470703125,168.96766188574495,167.26489881547957,167.90466085951994,8438600
2023-07-11,169.32199096679688,169.50900248743713,167.66844387215403,169.3121537883501,4998000
2023-07-12,171.24127197265625,172.04837106838227,170.07985427130373,171.01489674619776,8052200
2023-07-13,173.47557067871094,173.849593736337,172.06808815106538,172.41256963487396,4674600
2023-07-14,173.21966552734375,175.26692508882806,172.7176840610117,173.9086435002968,5771900
2023-07-17,175.4342498779297,175.9460535120571,173.34761153311018,173.54447525856773,5929400
2023-07-18,177.4224395751953,178.27875472034884,174.11533026958557,175.03069852435104,8203000
2023-07-19,176.97952270507812,178.60355827998626,176.30038192089773,177.8653643873716,10495000
2023-07-20,173.44602966308594,176.59565377931477,172.9046844981265,175.84762274502054,12178000
2023-07-21,173.35748291015625,175.42441708879542,173.1507819829947,174.5484274805303,7435700
2023-07-24,173.66259765625,174.54842442895225,172.99329396825237,174.12520042069974,5654100
2023-07-25,175.65077209472656,176.23148098402805,174.19405875461095,174.22358530704375,5401100
2023-07-26,173.28855895996094,174.23345378186715,172.06808796246617,173.81021479313412,7750800
2023-07-27,172.78659057617188,176.1625901765521,171.99918073646364,175.6310971704403,6928500
2023-07-28,175.1389923095703,175.66064820963652,174.02677519275957,174.39094609921452,5643700
2023-07-31,175.54249572753906,175.75903378205933,174.53854793099893,175.29643112181984,5069200
2023-08-01,175.83778381347656,176.21180686813597,174.50904378316486,174.971646502793,4422900
2023-08-02,171.48736572265625,174.40077768575043,170.8672930388152,174.2925086427633,7909300
2023-08-03,170.78854370117188,171.79247658468358,169.98144450062256,170.08971353926717,5660500
2023-08-04,168.46571350097656,171.2314778940355,168.19995946127554,170.20784049149574,7215900
2023-08-07,168.9381561279297,169.75509261953889,167.71766998047823,169.17438361348022,4768000
2023-08-08,167.63893127441406,167.85545434842055,165.95584246712508,167.75703749998019,5730900
2023-08-09,165.47354125976562,167.86529732627272,164.9026695032273,167.86529732627272,7150900
2023-08-10,165.4932403564453,168.18026212847883,164.67630391644505,166.73340078540053,6365700
2023-08-11,164.2727508544922,165.23733507545742,163.7018940949417,164.17433400773254,5386000
2023-08-14,166.89088439941406,166.9105737764537,163.71173335354877,164.1054307827763,5164000
2023-08-15,165.24717712402344,166.98931906568137,164.863316867583,166.39875789334477,4683200
2023-08-16,163.67236328125,165.83774431264385,163.66252610150548,164.89284940634516,4889700
2023-08-17,162.1172332763672,164.70582306455725,161.87116863750467,164.40070531534272,6307400
2023-08-18,162.36329650878906,163.02274793299702,160.3750900387961,160.47350688233237,6829300
2023-08-21,165.46371459960938,165.79835892066936,163.04243182441093,163.19991680559014,6566400
2023-08-22,165.27667236328125,167.04834052599148,164.91250155321558,166.94990867638862,5680900
2023-08-23,168.25900268554688,168.75113197975355,165.67041281066375,165.680249989854,5056600
2023-08-24,164.38101196289062,170.38499501334613,164.25306856642058,170.3751578347233,6964500
2023-08-25,166.0542755126953,166.969628804518,163.57393962804264,165.04047533454496,7843300
2023-08-28,167.41253662109375,167.76687030715235,166.1231602969509,167.3141197752182,4481900
2023-08-29,170.76885986328125,170.93618201595928,166.7530831432276,166.9302574933885,6856900
2023-08-30,172.0582275390625,172.2354018803341,170.20781673636753,170.79837784914895,6133300
2023-08-31,172.89486694335938,173.55431839421394,172.26494204861817,172.45195358306532,5981700
2023-09-01,173.42636108398438,174.2039337828721,172.54053435771644,173.97754349309278,4622300
2023-09-05,174.0464324951172,174.58777767426463,172.43224915458208,172.9932686903583,5030200
2023-09-06,172.2058563232422,173.80035012576576,171.14285544869603,173.36727402666276,9071600
2023-09-07,169.7156982421875,170.08972130523566,168.38695818207435,169.00704588795017,6256800
2023-09-08,170.0700225830078,171.1625501378705,169.6271092539755,169.70585173758462,4292400
2023-09-11,170.9558563232422,171.7235767295492,169.45977924130878,171.56609176964201,4136400
2023-09-12,167.85546875,170.12911891738176,167.55035096204628,169.52872052158403,6121500
2023-09-13,168.2786865234375,169.1842025927404,167.31411734374865,167.7865572454298,5004400
2023-09-14,169.49916076660156,169.92238470736712,168.24914828207852,169.312149250973,4736600
2023-09-15,166.2412872314453,168.93816145681677,165.79837382333795,168.8889455184502,6558400
2023-09-18,167.04025268554688,167.5926124748557,165.7086592250752,165.75798028855107,4971900
2023-09-19,166.95144653320312,167.37558956184046,165.42259912363707,166.33004937826362,4118300
2023-09-20,164.32774353027344,167.62218555606734,164.25869103808859,167.4051849387349,5380200
2023-09-21,161.82237243652344,163.75564648961017,161.74346175571648,162.60160600282117,7370600
2023-09-22,162.1676025390625,163.6570021106603,161.80263876404783,162.53255126340392,6268900
2023-09-25,162.69036865234375,162.93695887643167,161.33905904055734,161.75332881094428,5288700
2023-09-26,159.76087951660156,161.7138699252373,159.20851980916302,161.62510105454322,7463000
2023-09-27,160.00746154785156,160.8458743076855,158.4194199450016,160.53023160493825,5832600
2023-09-28,161.1417694091797,162.1675931353123,158.49832952005406,159.24795835786455,6414700
2023-09-29,161.69415283203125,164.23896603898692,161.14179307560823,162.7298349006617,7941900
2023-10-02,163.4301300048828,163.90357899394442,161.5264457571333,161.77303596715922,6828100
2023-10-03,160.65847778320312,163.61756065955973,159.82992313931118,162.50296795991645,7419400
2023-10-04,162.66079711914062,163.0947983699086,160.78670217724928,160.78670217724928,7597100
2023-10-05,162.87777709960938,163.14408370100142,160.92477171869876,162.6509032604897,6011500
2023-10-06,165.92562866210938,166.63580970072388,161.28973552997272,161.76318453882485,8312800
2023-10-09,166.7837677001953,167.0402311769768,164.15018579698526,164.90968793482702,6569600
2023-10-10,167.04025268554688,168.38170433844354,166.43857183276214,166.90216273821966,10201400
2023-10-11,168.58880615234375,168.66771683179613,167.02049590624475,167.55312417920686,5194600
2023-10-12,168.74664306640625,170.4727748305258,167.46437074578256,168.73678487456843,7702900
2023-10-13,166.33004760742188,169.36804106265714,165.74808322313058,169.08198796601553,7591600
2023-10-16,167.92796325683594,168.68746545462406,166.57665347885586,166.6062431053317,7272100
2023-10-17,167.1487274169922,168.0167147884552,164.62363082992997,165.8171341603672,7658900
2023-10-18,165.43247985839844,167.32629130664807,164.75188831201527,165.97498145701368,6431400
2023-10-19,164.4855499267578,167.20791583618725,164.19951186777558,166.09332312395424,9995900
2023-10-20,161.7040252685547,164.52501833966107,161.53634570409594,164.40664478482148,7675200
2023-10-23,161.8914031982422,163.53862393099052,159.80030806419447,160.6979000058971,7579500
2023-10-24,163.0060272216797,163.2526174925255,161.2503056973115,162.5325781158449,5590200
2023-10-25,161.08261108398438,163.9825148065663,160.59930383067027,163.7852456184376,7764800
2023-10-26,158.00514221191406,162.0788172159667,157.32455083779982,161.36863622129718,10323200
2023-10-27,158.9224853515625,160.53025865693863,158.22217744417136,158.97180641351224,8115800
2023-10-30,160.62889099121094,161.20096711280226,159.27756621938573,159.76088851595668,7090400
2023-10-31,161.77305603027344,161.91114596298698,159.4551167989619,160.70778438476572,5446800
2023-11-01,164.89981079101562,165.11681139669273,162.05910158604178,162.05910158604178,10472900
2023-11-02,167.6912078857422,167.83917104822976,166.16236056141247,166.38921934975292,8096300
2023-11-03,169.4173583984375,170.09794989034552,167.1585983513106,167.52354710177025,7830900
2023-11-06,170.53192138671875,170.59110062774846,169.1115593993193,169.64420266992994,5549600
2023-11-07,172.39614868164062,172.89918729842384,170.72919643197898,170.98565988618674,6514900
2023-11-08,173.37266540527344,173.6587034535433,172.19889348691143,172.98798524343553,5361200
2023-11-09,172.56382751464844,174.90151296113027,172.33696873357684,173.62909903760115,7187300
2023-11-10,177.07150268554688,177.18986117044903,173.41209733704383,173.60936649543814,6673200
2023-11-13,176.0358428955078,176.47970232029854,175.296072170632,176.33175419559294,5862500
2023-11-14,179.55712890625,180.01086153570446,178.17622968734108,178.72858937490466,8254200
2023-11-15,179.7840118408203,180.632282846967,179.09356219643894,180.35610298921443,6573900
2023-11-16,180.68157958984375,180.87886380727255,179.10341120512197,179.4289121030723,5776800
2023-11-17,180.30679321289062,180.9972429004687,179.52755959709407,180.2772035870426,6638900
2023-11-20,182.92062377929688,183.3940727916328,180.51390080302417,180.53363223498437,5558100
2023-11-21,181.44110107421875,182.37814100444885,180.78024101709488,182.09210293968675,6675400
2023-11-22,182.24990844726562,183.8083604816749,181.7567279952629,182.58526754246594,5606700
2023-11-24,181.89483642578125,182.10196380831866,181.20438673286571,181.94415748613403,2096900
2023-11-27,181.88494873046875,182.94036214559068,181.31287263799277,181.6383584989737,4210000
2023-11-28,182.23016357421875,182.71348579977519,181.2733923638484,181.2733923638484,5506200
2023-11-29,182.36827087402344,184.35085091560506,182.2597705702151,183.56177421591522,5382700
2023-11-30,182.63458251953125,183.37435317291494,181.10572015907042,183.12776295512037,6872000
2023-12-01,183.04884338378906,183.37434426154033,181.28324908180528,182.161109612466,6996100
2023-12-04,180.81968688964844,181.22408341896806,178.84696509535075,181.22408341896806,9110900
2023-12-05,181.9046630859375,182.11180548324302,179.8530307464256,179.8530307464256,5420700
2023-12-06,180.365966796875,183.3053182605855,180.22787686369864,183.03901163632148,7365700
2023-12-07,182.55569458007812,182.86146408011774,180.83942103223328,181.22410121787573,6964400
2023-12-08,184.11415100097656,184.262099133221,181.93428653163545,182.16114535130183,6404400
2023-12-11,185.72190856933594,185.76137143824516,183.14750572263233,183.57164878469615,18897700
2023-12-12,186.95484924316406,187.014043543174,184.88350026302984,185.04132162837544,7527700
2023-12-13,188.60208129882812,189.0557989012611,186.9548452902074,187.39871975219086,14697500
2023-12-14,188.1385040283203,189.4602241664861,186.74773139529123,188.75004303688294,7713700
2023-12-15,189.08538818359375,190.17039123210049,187.9412058871091,187.9412058871091,9065600
2023-12-18,189.65084838867188,190.07591210078263,188.24711243492985,189.04784015520661,5069000
2023-12-19,190.37245178222656,190.39222674514224,189.50253442046272,189.61127409068322,4501800
2023-12-20,187.49583435058594,190.82719962898727,187.46617944359977,190.15500162546155,6867400
2023-12-21,189.60142517089844,190.0264888979265,188.00987978303786,189.40372076102773,5668000
2023-12-22,189.84854125976562,190.40211958790238,188.9094340899709,190.14510538808977,5107500
2023-12-26,190.63938903808594,191.03479785131572,189.96717595494013,189.96717595494013,3103800
2023-12-27,190.6294708251953,191.02489467420534,189.8188783315104,190.73821049818838,5882300
2023-12-28,190.8568572998047,191.49940035486728,190.7678775007105,191.30169595976176,4807700
2023-12-29,190.27362060546875,191.34124250497354,189.32463341738406,190.95571363158675,6095300
2024-01-02,185.29136657714844,187.9801882625469,184.115005204302,187.68362416356328,11772700
2024-01-03,183.40328979492188,184.60930628229838,183.07707073680731,183.60099420120602,9095000
2024-01-04,182.05886840820312,183.54167399721004,181.88093897778396,182.27634776796774,6063600
2024-01-05,182.00942993164062,183.58121524540937,181.31745703960163,182.2664592085964,8175300
2024-01-08,186.57650756835938,186.70500714112904,182.7409785903253,182.92880306269623,8217300
2024-01-09,186.873046875,187.40686535633768,184.74769814209694,185.14310694881593,5316900
2024-01-10,188.4645538330078,188.86985758188334,186.56656479626574,186.96198860634286,4892700
2024-01-11,189.4234619140625,190.34280920068633,186.76429487516955,189.393807009708,6648300
2024-01-12,190.03636169433594,190.47130531162418,189.0873595205301,189.7299025484214,4417300
2024-01-16,190.51084899902344,191.31156154363427,188.70182450599876,189.79910116295218,5887800
2024-01-17,189.57176208496094,189.79912139230936,187.5156031264788,189.09725342108732,7054500
2024-01-18,193.4171600341797,193.59508946035245,191.38077615396358,192.10240396657224,9459400
2024-01-19,197.87547302246094,197.91502295413787,194.25742355186753,194.68250235605825,9166600
2024-01-22,198.74539184570312,199.96128828503498,197.99409397759607,198.84423650779968,7484500
2024-01-23,199.54611206054688,199.67462671840718,197.77663717804276,198.93322384714546,6631900
2024-01-24,200.920166015625,202.9367750671407,200.34681268630212,200.920166015625,8825600
2024-01-25,201.7604217529297,203.7869106766388,200.83119449494168,202.76871870259964,8535700
2024-01-26,199.43736267089844,201.23650745793142,198.98262896173077,200.3468150053545,5276500
2024-01-29,201.26614379882812,201.30567864281875,199.28906975398257,199.6844785294005,3819800
2024-01-30,199.6053924560547,201.5033817166656,198.9925043329897,201.1969376551331,6125800
2024-01-31,195.41400146484375,198.51802235640548,195.31515680781305,197.7074147158089,8147600
2024-02-01,197.87547302246094,198.15226220868212,196.06644828716423,196.19496293929527,7151700
2024-02-02,199.92173767089844,200.55440077716577,196.4717379491672,196.53104775852378,6436100
2024-02-05,200.37648010253906,200.94983346765747,198.49826552471123,200.73235408489256,5043100
2024-02-06,199.45712280273438,200.93992836287154,198.17202163383988,200.59393436528825,6338600
2024-02-07,202.09649658203125,202.14592644633368,200.060112877337,200.86082539385495,5682900
2024-02-08,202.7292022705078,203.2729007244461,202.1953837579575,202.44251804757673,4974100
2024-02-09,205.45753479003906,205.7244440143465,203.34206612762358,203.57932044743887,5806100
2024-02-12,203.89564514160156,206.08031864442322,203.599096095684,205.447655540002,5376600
2024-02-13,200.43577575683594,201.78018680808202,198.8738853381913,199.4768935689093,9729700
2024-02-14,202.53147888183594,202.68963334862707,200.50497488003123,201.92847066830143,5895800
2024-02-15,202.10638427734375,202.99607661729945,200.9794527138351,202.79835715250215,5398200
2024-02-16,200.2479705810547,203.05541236689615,199.98106133657814,202.6501085297057,5545200
2024-02-20,198.21157836914062,199.78336390022233,196.2246241293126,199.0716159460404,8723800
2024-02-21,196.9660186767578,196.9660186767578,194.81101502258906,196.29382068389464,7977200
2024-02-22,203.41127014160156,203.96484846839658,201.59235053143183,202.05696414510865,9275800
2024-02-23,202.936767578125,205.27961068084232,202.2942245189794,205.02258139008123,6162000
2024-02-26,203.1344757080078,204.33059704368338,202.92687629890665,203.82644859854878,9124400
2024-02-27,203.3124237060547,203.68807263118998,201.7999631485813,203.68807263118998,4992200
2024-02-28,202.3535614013672,202.90713981879222,201.6220535285758,202.64024563574267,4164500
2024-02-29,204.60739135742188,205.09177993494936,202.29421831478655,203.43102987191094,5993400
2024-03-01,208.34405517578125,208.6406192960954,205.03246523659365,205.13130988744652,6568400
2024-03-04,208.34405517578125,209.54019159695977,207.58289253709083,208.04750613934485,10221900
2024-03-05,203.22344970703125,206.38676526828013,201.90869361297436,206.2879055291655,9021400
2024-03-06,204.8347930908203,206.3769086585206,203.46072703150992,205.348821557467,7151600
2024-03-07,208.06727600097656,208.69993911552174,205.55639850746627,206.58447041214774,6060400
2024-03-08,204.97317504882812,209.91586058090618,204.84466039815277,208.4429348621504,7456100
2024-03-11,204.40969848632812,204.8644321851306,202.93677279042598,204.03404956487734,7824200
2024-03-12,208.60110473632812,208.62086461809346,204.41958190944226,206.3768962435128,8691400
2024-03-13,206.34725952148438,208.08707955454628,205.48722190476647,207.96845991798403,6407700
2024-03-14,206.38674926757812,207.94863950445333,205.1313030807706,207.21711670980224,8011600
2024-03-15,203.2728729248047,204.35037466005394,202.44249036149859,203.42114744474617,9816700
2024-03-18,204.27195739746094,206.37111176418338,204.1135266618024,205.0541846029967,7088300
2024-03-19,205.33145141601562,205.36115529333046,202.25202356114536,203.27189697238904,6695100
2024-03-20,207.62864685058594,207.6979508596767,204.76705757267368,205.48987708409982,6678700
2024-03-21,207.7771453857422,209.84659582670733,207.59892214414458,209.84659582670733,6156000
2024-03-22,207.8464813232422,208.60890095240322,207.04444645355048,207.78707357123352,5753500
2024-03-25,206.47015380859375,207.35140408245314,205.28195339905574,205.87604604943078,4388900
2024-03-26,205.61859130859375,207.5494187114769,205.45026431539745,207.2127647250843,4269200
2024-03-27,206.66818237304688,207.02464400278726,205.08390510558127,206.91572475178916,6247500
2024-03-28,206.22259521484375,206.81668781851408,205.8067258596385,206.18297997599367,4427200
2024-04-01,206.79690551757812,208.00491351277074,206.04436703014093,206.65828239233247,5827400
2024-04-02,204.806640625,205.10369447481438,203.14316324009766,204.49969052008015,5709100
2024-04-03,205.3512420654297,206.41073063138796,203.72736476834694,203.776876262709,5335000
2024-04-04,202.10350036621094,208.03462120184477,201.99458111517967,207.3117865773701,8232400
2024-04-05,204.42047119140625,205.4601520912154,202.42032475745575,202.98472857204413,6404400
2024-04-08,204.182861328125,205.22252722671277,203.43032283081553,204.5492192120545,4062900
2024-04-09,205.21261596679688,205.65818919201212,202.64808074921928,205.23242358601146,4700400
2024-04-10,202.69761657714844,203.45014000099206,201.82626253253807,202.875839845116,6918400
2024-04-11,206.7473907470703,207.084044744652,202.61838582250718,203.598643939512,5281800
2024-04-12,203.40061950683594,205.2423354050001,202.6480961162696,204.28186976887866,8093400
2024-04-15,199.53895568847656,204.7769455333301,199.2320055703923,204.64821866750623,8594500
2024-04-16,199.77658081054688,201.01429261076564,198.98445734543617,199.97462678561118,7457000
2024-04-17,196.89520263671875,200.84596910190473,196.74666815284476,200.50931511251602,6545200
2024-04-18,194.64752197265625,197.34078421927825,194.4395797299504,196.8357881050444,7640300
2024-04-19,190.6373291015625,194.5385992768371,190.15214061636973,193.90489141290536,10940000
2024-04-22,192.34042358398438,193.49892007514228,190.1917576020466,192.10277746703375,6646700
2024-04-23,195.19212341308594,195.47926592763847,192.85532272835738,193.1424652429099,6075800
2024-04-24,196.08326721191406,197.4497059730022,195.00398607016737,196.63775972111281,4580100
2024-04-25,195.65750122070312,196.0238591045933,192.77610432047658,193.63754695936976,5784000
2024-04-26,197.86557006835938,199.3112090560335,196.42982733637518,197.20215832623668,5052100
2024-04-29,198.71713256835938,199.18251347296632,197.5586359894831,198.88545958148273,3747400
2024-04-30,194.34056091308594,198.83592353886897,194.2811531638797,198.03388870701144,7464500
2024-05-01,192.35032653808594,196.54865076435726,192.31072640494216,193.3008959302034,10226800
2024-05-02,195.12278747558594,195.39013745491005,192.3503100211666,194.80594111127934,6670000
2024-05-03,200.558837890625,201.23214590728287,199.68748388432638,200.4004071424275,6658200
2024-05-06,202.91542053222656,202.91542053222656,201.01429697883327,201.32126220333868,4010500
2024-05-07,202.2520294189453,203.6085719936931,202.2322369060209,203.509548993917,5010400
2024-05-08,202.8263397216797,203.04417824505043,201.47970844483743,201.52921994720154,3588000
2024-05-09,202.76690673828125,202.92533748262204,201.75692962909275,202.49955674580454,4794800
2024-05-10,203.51942443847656,204.73734375426645,202.87582033211237,203.8263896628768,4376900
2024-05-13,204.4799041748047,205.18293118888087,203.83630002390277,205.0146041818571,3291000
2024-05-14,206.29188537597656,206.57904295761563,204.29175410308693,204.41056959409025,4912600
2024-05-15,210.93580627441406,211.00512539126998,207.44050916637576,207.5890285470849,7154300
2024-05-16,210.2030792236328,211.71805247829568,210.11396759359022,211.06453697374113,6033300
2024-05-17,209.7377166748047,210.81699783422394,208.58911639620666,210.6882709607708,3808000
2024-05-20,212.20323181152344,212.59930869300447,209.75751183773497,209.94564646783994,3138400
2024-05-21,212.54978942871094,212.89633968995898,211.01502367521937,211.39129292168232,3070200
2024-05-22,213.02503967285156,213.8072668346865,211.76752033059438,213.1537665269808,5891500
2024-05-23,211.2922821044922,215.48069511878708,210.61897405495324,215.46090260588662,4700200
2024-05-24,213.0745849609375,213.53005448677217,211.12394976547503,211.82696167541624,2953200
2024-05-28,213.9756317138672,214.450908836122,212.6388968658406,214.2825818367565,4393200
2024-05-29,212.61907958984375,213.63895290419262,211.71803688225253,211.71803688225253,4284500
2024-05-30,207.7672576904297,210.56943904946405,207.123638482088,210.25257757296598,5225300
2024-05-31,208.09402465820312,208.42078240454936,203.50953506235862,208.38116716383544,6040500
2024-06-03,208.61880493164062,209.87632437019377,206.12357367409848,209.68818975630154,4814000
2024-06-04,209.0544891357422,209.3911431360355,207.44050803317805,208.50989289480452,3202700
2024-06-05,213.69839477539062,213.69839477539062,210.37142455711148,210.70807857050696,4394400
2024-06-06,212.98545837402344,213.96571647663222,212.42105452567182,213.8171971001118,3528800
2024-06-07,213.48056030273438,214.39151447260411,212.430967891896,213.21321029467632,3199300
2024-06-10,214.02511596679688,214.59941604848868,212.6190771911182,212.75770030678268,3367400
2024-06-11,218.00559997558594,218.06500772354016,213.38151058478442,213.48053357056568,6359600
2024-06-12,222.8277130126953,225.0754017598167,219.76809322185076,220.17406629810526,8910600
2024-06-13,224.59027099609375,225.52101770828781,223.22383214326467,224.89722114795217,6346800
2024-06-14,225.43190002441406,225.56062690094842,224.1248840727288,224.27340346196974,3932300
2024-06-17,228.84796142578125,229.64999627330732,225.2140413100698,225.98637228241245,5801300
2024-06-18,229.13511657714844,229.88763992171445,228.22416249410952,229.0757088274178,4338900
2024-06-20,226.5606689453125,230.3035082494852,225.79823424000716,230.16488513113757,6621500
2024-06-21,226.16461181640625,227.50133153296014,225.13482710874538,226.61018505525755,6780100
2024-06-24,220.61984252929688,224.82553154973593,220.56033056077757,223.81378267903136,6874300
2024-06-25,224.66683959960938,224.78586354550737,220.9868595408991,222.23667151400116,4563100
2024-06-26,224.408935546875,225.47026764825674,222.66317039276328,224.3295812093888,4729800
2024-06-27,224.51805114746094,225.62898162780124,223.7046805205742,223.97249952397502,3961800
2024-06-28,224.39901733398438,228.52535226530526,224.09152872134192,225.30165593807826,6244100
2024-07-01,226.09518432617188,226.4721136632961,221.47289611146462,224.73627717855047,4640800
2024-07-02,227.2259521484375,227.24579451713245,224.13120858490177,224.13120858490177,3538300
2024-07-03,230.2909393310547,230.40004965575054,226.71015612004484,226.89862078409158,3124600
2024-07-05,230.99520874023438,232.01687130480533,229.59661683270951,230.548838671876,3335900
2024-07-08,232.5723419189453,233.24683114260216,231.34237228514954,231.73914400667732,3835500
2024-07-09,232.3838653564453,234.31808010216363,231.0547142117253,233.762614855731,4339300
2024-07-10,235.75634765625,235.92498509318332,232.67153273558915,233.98084154520964,4374700
2024-07-11,229.8544921875,236.21261657294428,229.18991663953966,236.11341986745492,7053000
2024-07-12,231.90774536132812,234.36766927138896,229.68586932738444,230.4893111798641,4883800
2024-07-15,232.32435607910156,234.61565781485254,231.00511853587977,233.08812836944955,4314000
2024-07-16,231.5506591796875,232.98892059873577,229.8941771166134,232.86989666028254,3826100
2024-07-17,222.54415893554688,226.4820292343122,222.43504860729544,226.25389496080217,6220200
2024-07-18,222.5640106201172,225.02393478194313,219.75691308969883,224.98426517696095,5418600
2024-07-19,219.08238220214844,222.74251958190482,218.59635770730608,221.38361253018192,4236400
2024-07-22,224.2700653076172,224.5279555484561,221.03644043674717,221.9787485830228,5300800
2024-07-23,223.37734985351562,225.3909189195464,223.07977486436042,223.3376802514315,2765400
2024-07-24,214.13279724121094,221.15549764081308,213.6170015819516,220.46115092687833,7150400
2024-07-25,211.8414764404297,217.0985687318314,208.75664664957168,213.904628621607,10579000
2024-07-26,214.52952575683594,216.23560606135433,212.7143351374254,214.69814803707084,5848900
2024-07-29,213.57733154296875,217.16802851040526,212.9524255558185,216.2356339058615,3671900
2024-07-30,208.21112060546875,214.57915923974394,206.61415035436823,214.3708521916466,5347300
2024-07-31,217.0291748046875,217.81277438695116,213.13097385807276,214.6386761814304,7307000
2024-08-01,208.93519592285156,218.94352941993967,206.7133197932531,216.4340070492187,8495700
2024-08-02,203.06312561035156,205.05685247916747,199.62120840858253,203.38052786020114,9310800
2024-08-05,196.29830932617188,200.08739978844832,189.20618321773716,190.35679850175453,15715000
2024-08-06,198.96653747558594,202.99367577331043,196.69507806433654,198.8078287901354,12287900
2024-08-07,195.7428436279297,204.77911330470172,195.47503974496038,203.7872067106995,8826800
2024-08-08,203.05320739746094,203.5590743163794,196.39750743056268,199.2839592783005,7238600
2024-08-09,203.96575927734375,205.1362018019869,201.70421343710643,202.93416793618317,4767800
2024-08-12,205.63214111328125,207.21919762157745,203.6483280455573,204.60056497759354,4290100
2024-08-13,211.95057678222656,212.0200175031913,207.923438754456,208.1813441348481,4999800
2024-08-14,213.11111450195312,214.19228893887168,210.24450536375647,213.25989442068803,4461200
2024-08-15,219.24110412597656,219.45932477838755,215.40243061043475,215.8686279010134,4759400
2024-08-16,219.6081085205078,220.03463621591484,217.4854290663455,218.08057906239938,3353200
2024-08-19,223.2285614013672,223.23847501768645,218.19958816905196,219.092313102424,6502100
2024-08-20,222.44496154785156,223.9824197557033,221.13565274810918,222.64335496973675,3610800
2024-08-21,223.75428771972656,224.52797363987537,221.8795848923978,222.58383008713398,3769400
2024-08-22,218.60626220703125,225.5297649995542,218.1499785798833,225.0040557911634,4541800
2024-08-23,222.14739990234375,223.1194640935471,219.31054653449925,220.77856400584815,5340500
2024-08-26,219.36012268066406,222.78221231155234,218.23927859567763,221.94899932495335,3134400
2024-08-27,220.68930053710938,221.15549784075296,216.9299661213701,218.0012270445111,3828000
2024-08-28,217.64414978027344,220.8281767051605,215.81904522325544,220.40164898617718,4501100
2024-08-29,215.68014526367188,220.76863029818847,215.12468006210509,217.7036278029926,6657400
2024-08-30,218.54676818847656,219.38987966018263,215.68015891409078,218.03097255353765,5024200
2024-09-03,208.50868225097656,216.39433628567534,207.31838228436385,216.23562760542126,7382900
2024-09-04,207.97305297851562,210.34370912399552,205.74126315027033,206.39592513235937,6165000
2024-09-05,207.6556396484375,210.23458756437313,206.28680378360022,206.4752684473436,4437400
2024-09-06,202.2695770263672,207.98295316913598,201.33718247000067,207.48699990598718,6220500
2024-09-09,205.58255004882812,205.81069945711647,202.88456297023814,204.77910814955925,5461000
2024-09-10,208.657470703125,209.10382564119263,205.0270889542939,207.000988515447,5061500
2024-09-11,215.77935791015625,216.10668890864764,206.05868521199744,209.37164966660401,6384400
2024-09-12,217.56475830078125,218.48723917467942,214.1030144579292,215.62063012390846,5302100
2024-09-13,218.65586853027344,219.2014201254671,216.94978816091788,217.83258432939786,4023700
2024-09-16,217.8226776123047,218.5170091485009,215.80910858968943,217.07874772310322,3448900
2024-09-17,217.39614868164062,220.3421122366657,216.2951318465778,220.0048676546481,3495000
2024-09-18,215.412353515625,219.4692478585071,215.2040616063468,217.94171836105753,6370800
2024-09-19,221.81011962890625,223.188869014624,220.25283434380955,221.46296144612774,6967000
2024-09-20,220.72894287109375,221.72084932901814,218.75504357111927,220.93724988678608,7246400
2024-09-23,220.688232421875,221.2148860114893,220.01253165123035,220.92672307400386,3745300
2024-09-24,222.19862365722656,222.64578032408602,219.22749041857372,221.61235124595575,3512900
2024-09-25,222.83460998535156,223.80842031192228,221.6620650235086,221.76142475990437,3055800
2024-09-26,225.78585815429688,227.43538438163188,223.41094370890934,227.18696230507467,4622400
2024-09-27,223.67922973632812,226.17338176968389,222.84452008808188,226.1038163146303,3046900
2024-09-30,224.33505249023438,224.47416823788484,221.59247839549127,222.70540437669496,2750200
2024-10-01,218.86978149414062,223.7984821785488,217.56805223527437,223.66929784637784,5647700
2024-10-02,220.48948669433594,221.49310637520898,217.677347108101,218.9194574290981,2266200
2024-10-03,221.40367126464844,223.02338792542838,219.8137792001367,219.84358863392586,2892400
2024-10-04,223.86802673339844,224.42450490867927,221.5129903533374,224.26551114431334,2504600
2024-10-07,222.3278045654297,224.3449904096723,221.77132643384664,222.86438952492927,2215200
2024-10-08,226.48143005371094,226.85903645059662,223.4208683440349,223.92765906879825,3932400
2024-10-09,229.01531982421875,229.3332921625597,225.95475835998423,226.66028365087848,3789900
2024-10-10,228.95570373535156,229.55190756290148,226.849074423068,227.48503426994182,2846100
2024-10-11,229.35317993164062,229.86990206122118,228.07132877530188,228.40917913744025,4424500
2024-10-14,232.34417724609375,232.82114332642607,230.70458265357908,230.81388895974675,4905100
2024-10-15,227.2366180419922,233.08945629543018,226.39199214069544,232.5230467241378,7089700
2024-10-16,227.94215393066406,228.28995089363764,225.4877426661953,227.9520853549708,2879400
2024-10-17,228.6377410888672,231.25114621307736,228.6377410888672,231.12196187994746,3025600
2024-10-18,229.4525604248047,230.29718635078035,228.96564771749195,229.83015165421986,2268500
2024-10-21,230.5257568359375,230.5555662722831,228.31976757148027,228.73711484279914,3161200
2024-10-22,230.28726196289062,231.0722690430744,228.64768234400447,229.30350509407089,3084600
2024-10-23,226.9882049560547,229.78048174006938,225.05051585592187,229.43268477947746,3041800
2024-10-24,227.65399169921875,228.22038613603652,226.30257502784593,227.91234519430478,2416400
2024-10-25,228.83645629882812,231.41012034345138,228.50855252521674,228.9457626108583,4157400
2024-10-28,228.7669219970703,230.47606708874392,228.7172345494965,230.47606708874392,2949600
2024-10-29,231.8473358154297,232.51310508336618,228.34954914043206,229.20412159050312,3725800
2024-10-30,228.1607666015625,230.346877785299,228.0117194245386,229.73079590362704,4170600
2024-10-31,220.8372802734375,225.65665914774837,220.75778339461135,225.65665914774837,6055100
2024-11-01,222.49673461914062,224.15619213927442,220.77764306888497,221.07575256957801,5782900
2024-11-04,222.3278045654297,223.92764318284406,221.3837886401862,222.70539577304837,3155900
2024-11-05,225.4579315185547,225.6368032920763,223.01345169695722,223.01345169695722,3636500
2024-11-06,231.87716674804688,232.3044454314609,229.12464596048238,229.81029330129084,5483900
2024-11-07,235.92147827148438,236.18977836241973,233.37763860737547,233.48694492868393,5231500
2024-11-08,235.66310119628906,236.4381767925954,234.8085287231207,235.6233451766186,3618200
2024-11-11,234.3613739013672,235.78234078494611,232.96026986530083,235.63329361620674,3633600
2024-11-12,234.6594696044922,234.95757910618488,232.81120888897232,234.20238150937857,3765400
2024-11-13,233.84466552734375,235.57368859877008,233.1192773260327,234.16263789350864,3164800
2024-11-14,233.04969787597656,234.62965851256027,232.6720914990022,234.22225786435422,3301000
2024-11-15,227.26644897460938,230.46611122737573,226.5112361918311,230.16801687888912,5614900
2024-11-18,228.00177001953125,228.9656488523181,226.28269356169147,227.2664504053291,3083400
2024-11-19,229.86990356445312,230.0587067570237,226.57085131264532,226.57085131264532,3453400
2024-11-20,229.67117309570312,230.14813921648314,226.61061142594542,230.06864233593987,4437200
2024-11-21,232.00633239746094,233.08946413227332,228.34956685188567,231.8970260815617,5295900
2024-11-22,232.12557983398438,232.6621648141855,230.75428520544472,231.58897969130393,3545400
2024-11-25,232.1156463623047,234.2818947408345,231.06233919028202,233.8744788988317,5568600
2024-11-26,233.27825927734375,234.00366265155026,232.28457097978097,233.16895295811264,3114700
2024-11-27,230.11831665039062,231.83739300191465,228.08125279483878,231.69827725952217,3184700
2024-11-29,232.2547607421875,232.74167346480544,230.4263779199782,230.65492198213434,2084200
2024-12-02,234.4607391357422,235.3351896461719,232.3640563254923,232.42367519438898,4699100
2024-12-03,235.30538940429688,235.36500827552268,233.00997188722417,233.4670600082752,2788000
2024-12-04,239.60806274414062,239.727300487208,237.55112070134805,238.24669947337452,5420000
2024-12-05,238.39576721191406,239.5086932723528,238.0678482485747,239.23046175724312,2819000
2024-12-06,239.31988525390625,240.35332957137166,238.55475618398137,238.81310968210767,3327100
2024-12-09,237.75978088378906,239.2801226233406,237.15363047267857,238.42555016115983,4016200
2024-12-10,234.4607391357422,237.6007976391222,233.71547294957486,236.95490634276894,5617200
2024-12-11,237.85914611816406,238.61435887490296,235.50410987144295,236.31894149582354,4344800
2024-12-12,236.52761840820312,237.402068940433,235.762474192502,236.33881521033715,3609100
2024-12-13,237.5411834716797,239.59811030172324,235.65316666520025,238.66404090390958,4338500
2024-12-16,239.91610717773438,240.12477323113686,237.34245810256877,237.84923368045506,4721300
2024-12-17,238.46530151367188,239.3993708928047,237.30268808298928,238.21687945166755,4072500
2024-12-18,230.77415466308594,239.92601455900063,230.23755454029245,239.2701767033547,8463600
2024-12-19,231.0225830078125,233.8744633877283,230.72447350508227,233.11926578829363,6691700
2024-12-20,234.47068786621094,236.35868949010694,228.73710237604158,229.4525591343027,7462400
2024-12-23,236.95498657226562,237.0545091015243,233.8894101868867,235.1435034042731,3986700
2024-12-24,239.40347290039062,239.41342059780297,237.4426982101322,237.80101275219272,2326700
2024-12-26,239.56271362304688,240.43859694013403,237.8706787319386,238.63706144706643,3575400
2024-12-27,236.37770080566406,238.25884822204267,234.04864885279082,237.95030256344288,4363200
2024-12-30,233.37185668945312,235.23309365037025,231.4907091464503,232.93391500751397,3975200
2024-12-31,231.43096923828125,234.16808928692666,230.67451906858724,234.00883502095712,4690600
2025-01-02,230.88356018066406,233.91927841770342,228.7038147057518,233.26236590988694,6383300
2025-01-03,234.64584350585938,234.89467260819856,231.83904394155815,232.29689617228445,4558800
2025-01-06,237.63180541992188,239.93098401830613,236.69620551520774,237.32325974652125,4487700
2025-01-07,232.86424255371094,238.8759472093915,232.0480757774968,238.8759472093915,5003400
2025-01-08,232.7846221923828,233.44151952396638,230.54516012209896,233.40171354736174,5011900
2025-01-10,227.70851135253906,230.37596751326188,226.36482798079055,230.33614634771354,5832900
2025-01-13,226.09608459472656,226.25533886898498,223.3987703785224,224.04573517245092,5328000
2025-01-14,226.69326782226562,228.47489276196038,224.89174748856354,227.84783854228502,3610100
2025-01-15,231.20205688476562,231.8788799839723,229.03227426303425,229.78870931525432,5232700
2025-01-16,229.42044067382812,233.23250448234063,229.3706718140914,233.0831979031305,2684200
2025-01-17,233.01353454589844,233.8396490212707,231.9883598181371,233.56096163046124,3371300
2025-01-21,234.9543914794922,235.53167682509005,232.16750246834923,233.78987309154112,3372100
2025-01-22,240.2594451904297,240.8168199908602,237.79106456538412,238.1294685245992,5121900
2025-01-23,240.6874237060547,240.7371773771406,238.1792220779997,238.40814060189405,3802200
2025-01-24,238.17922973632812,241.44386648027358,237.4128318166893,241.44386648027358,3303800
2025-01-27,226.50416564941406,229.8981831091395,224.41399508639338,227.5094297691073,10352800
2025-01-28,232.5457305908203,233.06329938796839,225.62828442511656,228.03694836834532,5630300
2025-01-29,230.65464782714844,232.1973762298805,228.41518573467692,232.0878908089778,4525000
2025-01-30,231.08261108398438,231.87886725632939,228.6639994767005,230.24654893731758,4420100
2025-01-31,229.72898864746094,234.62594378568988,229.11189730503895,233.23250682301966,5370900
2025-02-03,226.633544921875,228.01703413284267,223.44853542763175,224.64291208955757,6876400
2025-02-04,229.898193359375,230.25650789508796,227.3302750513194,227.40990219118052,4185600
2025-02-05,233.09315490722656,233.14292376570776,229.38062891184344,230.10720564623435,2699000
2025-02-06,233.73016357421875,234.2079112173557,232.0580240422538,233.09316165426156,3404000
2025-02-07,231.72958374023438,235.80042438563748,230.95322293501593,234.6757119344695,4276400
2025-02-10,235.11366271972656,235.70089580446052,233.4912919794478,233.56097142373372,3027100
2025-02-11,235.22312927246094,236.16867682560047,233.65052752034575,233.80978179108928,3228100
2025-02-12,234.71551513671875,234.99420250708238,231.64993887539617,231.9087156657845,4277800
2025-02-13,238.03988647460938,238.18917786758607,234.8051080033083,235.1335642551808,3914800
2025-02-14,238.84608459472656,239.04514484298903,237.4028788106693,237.8408204692408,2278500
2025-02-18,241.0258331298828,241.05569140814333,238.965520805966,240.08028554787828,3012000
2025-02-19,241.0457305908203,242.001241065321,239.0750082721096,240.75709550271912,2802100
2025-02-20,240.2793426513672,241.13531538737806,237.741282721204,240.81680684033984,2993700
2025-02-21,233.76995849609375,240.4485382364586,233.65052538778778,240.3490005213216,4528800
2025-02-24,230.4257049560547,235.33262293245664,230.13706986912456,234.67571043311034,3723800
2025-02-25,227.43975830078125,230.14702028093959,225.88706705661005,229.9380123297063,5216800
2025-02-26,229.9180908203125,232.08787330523842,228.15637652131676,229.6692617176931,3815300
2025-02-27,221.5474853515625,231.41107503342894,221.4479628187811,231.17219361757077,5050000
2025-02-28,224.4737091064453,224.70262762867637,218.67101260399514,220.55216001453755,7086100
2025-03-03,217.64585876464844,226.0861384916133,216.03345088324167,225.62830140329206,6258100
2025-03-04,217.4766387939453,221.31856080072717,213.25649168583922,216.03343301561492,8860500
2025-03-05,220.5322723388672,221.24888620800272,215.22723385659273,218.1534514519236,5965500
2025-03-06,214.4110565185547,219.41749678279734,213.37593414761744,216.00356882942137,8216000
2025-03-07,217.5164337158203,218.06386075904595,211.63412548718884,214.1622223950091,5631700
2025-03-10,208.26995849609375,213.61480275024365,206.11012371194636,213.21668226173952,10780900
2025-03-11,207.4239501953125,210.91752079096088,205.32383179640775,207.63297334038757,7416400
2025-03-12,210.68858337402344,212.51997722374824,208.17043391639143,211.12652505140713,5490800
2025-03-13,206.6874237060547,210.54924131779134,205.88121978791193,210.08145654492728,6191500
2025-03-14,212.93800354003906,213.15697437381627,209.3249999700387,209.3946794113877,5020400
2025-03-17,214.4210205078125,215.94386868397802,212.15170016415377,212.76880670484982,5074400
2025-03-18,211.1563720703125,213.11714662937626,210.3800264790137,212.8981758023614,5743300
2025-03-19,213.90345764160156,216.41164411062584,211.35545001047143,212.24128102578345,4419300
2025-03-20,212.38063049316406,214.71961505514443,211.15638031595861,211.4748888721719,3572600
2025-03-21,212.95791625976562,213.24655135046626,208.95673984195264,209.7330854650221,5212700
2025-03-24,216.9910430908203,217.5095054165147,215.93415768553425,216.50247625400408,4100100
2025-03-25,217.70892333984375,217.9980651961981,216.741770074469,216.85144771942868,3740900
2025-03-26,212.85321044921875,217.55935356921924,212.01568037209717,217.04087604881548,3936500
2025-03-27,210.8889923095703,212.59397837214806,209.77228554492768,211.39750466517543,3288900
2025-03-28,205.77407836914062,210.6397404661281,205.07612138037715,209.79224517318474,5333800
2025-03-31,205.87376403808594,206.34238532058697,200.140646216924,202.1846303959621,7109500
2025-04-01,207.37933349609375,207.55879770183378,203.3810973763516,205.05617269986655,4740100
2025-04-02,208.91481018066406,210.63972657038292,204.25852331628568,204.41805720113527,4646000
2025-04-03,194.65679931640625,200.11074058148156,194.49728063997532,198.9043016684038,9725700
2025-04-04,181.8345489501953,190.08027213362155,181.76476238448683,188.58467619828127,16902300
2025-04-07,182.92135620117188,191.24683092966103,171.94367254035447,174.4163868391285,22278900
2025-04-08,179.2023162841797,192.2738265034504,175.92198227511332,189.73131014964454,12905700
2025-04-09,203.26145935058594,204.3781661165208,179.3418894900456,179.57122515475544,18494400
2025-04-10,193.79931640625,197.61807318630534,187.17881234194755,196.27204597307747,9873800
2025-04-11,197.76763916015625,198.6151343832297,191.38642079719205,192.8321604716019,7211600
2025-04-14,199.57232666015625,204.0292037957872,197.4186648468335,203.89958061200733,5952200
2025-04-15,200.30018615722656,201.81572769567404,199.36294356389703,199.8814211033113,3600000
2025-04-16,193.34068298339844,196.99990602053543,189.9805669736654,194.92601108459607,6611200
2025-04-17,192.29376220703125,194.72660078303178,191.47616243044553,194.72660078303178,3740400
2025-04-21,187.32838439941406,189.7312970153516,184.64627987374396,189.2527105675037,4486700
2025-04-22,191.8949432373047,193.00168488069173,188.7143066579316,189.82104830131863,4656400
2025-04-23,197.4585418701172,201.3570656430979,196.65092248887842,199.25326005841933,6706900
2025-04-24,204.82684326171875,205.106035169108,199.08376029378007,199.40282806565995,4658500
2025-04-25,207.85792541503906,208.24677975173395,204.00925791242295,204.2086676620634,3259200
2025-04-28,207.51893615722656,208.61569743395296,204.41806649419135,207.58872272627792,2787200
2025-04-29,208.486083984375,209.35352477717035,206.52186672966337,206.52186672966337,4572200
2025-04-30,209.353515625,210.13122427709152,203.20163297243587,204.38814148918757,5101900
2025-05-01,212.42446899414062,215.9141926779224,212.2350244170687,213.9300300206794,5766400
2025-05-02,215.97402954101562,216.98105868482713,214.27902381605028,214.8573227507305,4062700
2025-05-05,214.82740783691406,216.36287964345453,214.00980808577722,214.11948573010073,3378500
2025-05-06,213.0426483154297,214.60804598984592,210.988699051766,211.6367845213339,3979100
2025-05-07,215.17637634277344,216.11361892367026,211.57697474545054,213.04266002170598,4084700
2025-05-08,217.23033142089844,219.29426122840525,215.3757917500621,217.31009836753532,4352200
2025-05-09,216.96112060546875,218.59630486737152,215.84439864110433,218.19747016081692,3665000
2025-05-12,227.03146362304688,227.11123056657038,223.88073781681882,226.1640228349608,6739100
2025-05-13,231.93701171875,232.69479005946113,227.58981227810247,227.8490586426567,6378600
2025-05-14,233.44259643554688,234.3598934790507,232.0766084261429,233.02383138616398,5124000
2025-05-15,233.7616424560547,235.07777418640194,231.89713771871808,232.17631441049076,4768200
2025-05-16,234.20034790039062,234.5194156634178,232.1763093224006,234.5194156634178,4055800
2025-05-19,233.86135864257812,234.3898013328045,230.6607765850664,230.74054352883496,5931500
2025-05-20,232.9839324951172,233.02382357314323,231.21912503518408,232.4056335756479,5136600
2025-05-21,228.60682678222656,234.0208920732829,227.67956458895645,230.80036448261862,9321800
2025-05-22,228.66664123535156,230.7205905254817,228.15814410101467,228.71649747534266,5686000
2025-05-23,226.14407348632812,227.6197238816842,224.43910264094782,224.6883686300142,6002000
2025-05-27,231.51824951171875,231.83731728307004,228.89598163062308,229.6637099292083,7104200
2025-05-28,230.5610809326172,232.7247079502987,230.22206761572633,231.7974305347272,5394600
2025-05-29,230.94993591308594,234.29009113732144,229.763427335675,234.05080551766818,7005900
2025-05-30,230.2320556640625,230.94994297294534,226.7522967700052,230.84026532258852,6747000
2025-06-02,232.2660369873047,232.4056253274647,229.34464700610306,229.6238236864231,6439400
2025-06-03,235.75576782226562,235.93524724445405,232.40563234330384,232.57513138904437,7156200
2025-06-04,236.10475158691406,236.8425691891616,234.93818856547864,236.0548953455217,5449600
2025-06-05,235.4367218017578,238.86662431752097,234.41971228510965,236.8026945820282,7942600
2025-06-06,237.66017150878906,238.75694797528016,236.98216008932482,237.71002775071847,4513000
2025-06-09,238.8267364501953,240.30238689635956,238.40797139982396,238.58743561541635,5550300
2025-06-10,240.1627960205078,240.52173966190682,237.8894913629772,238.78685807346915,4915800
2025-06-11,239.6343536376953,241.71821370745855,238.39800403771548,240.741095265606,4799800
2025-06-12,241.85780334472656,242.4161567079223,239.5446077383578,239.5844836011626,5605200
2025-06-13,238.46778869628906,240.88068168627774,237.5903675312063,239.05605278924733,6596900
2025-06-16,242.326416015625,243.04430327763808,239.90355791682217,239.90355791682217,6933100
2025-06-17,240.61148071289062,243.01439327970786,240.04314695632314,241.30942243798253,5262700
2025-06-18,240.90061950683594,242.41616095778525,239.67423511874605,241.19974173207424,5533000
2025-06-20,239.83375549316406,242.57568135171203,238.70708357680016,241.75809682516444,5745300
2025-06-23,242.56826782226562,242.77798975281465,238.44356381048544,240.07147657817677,6138500
2025-06-24,246.92266845703125,247.2222712102209,244.74545860222688,245.03509491591572,5664700
2025-06-25,249.0299530029297,249.39947321303254,247.98129768216893,248.2010165203932,4614300
2025-06-26,250.7477569580078,251.14723745912093,249.15978615395315,250.1485209671339,5644200
2025-06-27,250.44813537597656,252.38564778095758,249.30959920098414,251.42687325713047,6098300
2025-06-30,252.90496826171875,253.59408506655458,251.42687214824144,252.6453074647794,6682600
2025-07-01,250.6478729248047,252.62532726235094,248.9300793825471,252.0960087540138,7572400
2025-07-02,253.29446411132812,253.46424408109357,249.8389136881888,250.01867533645677,5975100
2025-07-03,256.63018798828125,257.3992192134939,254.57283439901738,254.67271214652143,3556400
2025-07-07,254.59280395507812,256.31061276375635,253.45426777430615,255.6414593098112,5780400
2025-07-08,255.9610595703125,256.4504209007904,254.90240728247716,255.93109929453647,7857600
2025-07-09,257.4990539550781,258.46781014975886,255.59151707987334,256.8698881810717,6466800
2025-07-10,256.6501770019531,258.3679706001506,255.30190363200825,258.13825483304896,4994300
2025-07-11,255.52162170410156,257.0196964487278,255.11214428316134,255.4317256376287,4619500
2025-07-14,255.31187438964844,255.94105539473165,252.87500379694737,254.89241530652504,4062600
2025-07-15,257.5789794921875,258.89729260399656,257.48909866343814,258.2880596823719,7828500
2025-07-16,258.3779296875,258.52773106247366,254.48294154614524,257.6688495270194,8891300
2025-07-17,260.72491455078125,261.13439195355716,258.1781997892518,258.68752445451327,5977500
2025-07-18,260.5551452636719,261.81350724600554,259.856031568059,261.72362642429647,5140500
2025-07-21,260.89471435546875,262.67242845242237,260.54515749538746,260.84476024493836,4623300
2025-07-22,258.4778137207031,260.8747272138377,256.62021566900665,260.6949655594945,6724400
2025-07-23,259.9559326171875,260.29549257800534,257.6089426896427,259.1469746708607,5045900
2025-07-24,261.05450439453125,261.5638290526649,259.58639001133207,260.5950728885348,6079800
2025-07-25,261.6537170410156,262.31287356564894,260.43528173397976,260.9745971592993,4001000
2025-07-28,263.74102783203125,263.81094529864765,262.1131456134401,262.65243055429033,5758800
2025-07-29,263.75103759765625,266.9269487621107,263.30163345838946,265.458834283688,6869500
2025-07-30,264.34027099609375,265.2391097337196,262.2629541251717,264.0306713251161,6967300
2025-07-31,262.40277099609375,267.6660266084958,261.1244150585012,267.6660266084958,8207200
2025-08-01,256.74005126953125,259.63632294826385,255.45169848419962,259.5464421230186,9719000
2025-08-04,261.9533386230469,262.0032622527391,259.1569143569361,259.1569143569361,6188500
2025-08-05,259.7861328125,263.15180256309617,259.18689681287606,262.9221172727668,5588000
2025-08-06,262.71234130859375,263.05193171138177,259.86602390278097,260.0357886257687,5083500
2025-08-07,262.9520568847656,266.06804726384945,260.76486546898434,265.63860651459,5159000
2025-08-08,265.5787048339844,265.87830759233145,263.25167832332306,263.94079514593017,5507900
2025-08-11,263.7809753417969,266.607359871532,263.17177295669165,265.4088879790412,4712700
2025-08-12,267.86572265625,267.935640120515,263.63117478566284,265.09928914319664,5576900
2025-08-13,267.9656066894531,269.70336354916986,266.9868536019675,269.4137577248218,6995100
2025-08-14,267.3863830566406,268.30518518089394,265.9881555554051,266.6073853954653,7742200
2025-08-15,265.3589782714844,267.026817708483,264.30034125155254,267.026817708483,6686600
2025-08-18,265.92822265625,266.16793533361164,264.76970789729364,265.02938393176544,6116900
2025-08-19,261.2842102050781,265.88830919553084,260.79484886501876,265.8283886428056,8683500
2025-08-20,259.5164794921875,260.62504013855767,255.51161671496777,260.62504013855767,11532100
2025-08-21,258.57769775390625,259.9259711510839,257.45914012847004,258.8872974367177,7574300
2025-08-22,262.08319091796875,263.79098755716353,257.578969860257,258.2980469417719,6878000
2025-08-25,261.4939270019531,263.13183668668773,260.7748499049687,262.07319963812853,5345900
2025-08-26,262.6923828125,263.04193966060916,261.3341430898446,261.71362973347584,5540500
2025-08-27,264.110595703125,264.4101984675318,261.74361195067354,262.95208088340297,5769300
2025-08-28,266.1979064941406,266.7671517399341,263.1118761427819,264.43015876934425,6190300
2025-08-29,262.1131591796875,265.07934842151514,261.1543693895146,265.0293943091719,8740600
2025-09-02,259.4665222167969,259.7062348907588,255.95105127556425,257.4790862290395,9113000
2025-09-03,261.0145568847656,261.53387847963387,259.0670475667955,260.794838041089,7818300
2025-09-04,262.30291748046875,262.41276166637306,258.8872936231601,259.9459306800971,12198700
2025-09-05,262.5225830078125,264.88956652035154,259.85602723964007,264.7896887828695,19280900
2025-09-08,264.4900817871094,265.4488715878859,263.84092214674,263.9008426994874,10278000
2025-09-09,264.9994201660156,265.2790595539139,263.1218283565239,265.07933455021936,9677500
2025-09-10,269.8032531738281,271.6209244970508,268.5149003701804,270.36253196891073,12978600
2025-09-11,270.71209716796875,271.88060890555255,270.272659461391,271.50109175183457,11714600
2025-09-12,270.5323181152344,271.5110407346218,269.9530455036226,271.2513951817269,7806100
2025-09-15,272.9692077636719,273.0291283168631,270.6322147539864,270.96177779653794,8134000
2025-09-16,272.0204162597656,273.7881640231394,271.6908532155353,273.5984054442642,8040700
2025-09-17,271.08160400390625,272.1702012982617,268.27521316285964,271.8406382738233,9474300
2025-09-18,275.7655944824219,276.57455240732736,273.2688032380447,274.5971132479623,10441300
2025-09-19,278.56201171875,278.8216572760948,275.9753092358466,276.874178443173,7835400
2025-09-22,282.6600036621094,282.8900146484375,278.0400085449219,278.1499938964844,7885600
2025-09-23,280.2200012207031,282.7300109863281,278.9800109863281,282.2699890136719,8228200
2025-09-24,278.489990234375,280.9700012207031,276.6300048828125,280.9700012207031,6735500
2025-09-25,278.0,278.69000244140625,274.25,275.9599914550781,10674800
2025-09-26,278.8399963378906,279.0899963378906,276.3800048828125,278.29998779296875,8267000
2025-09-29,280.3299865722656,281.9200134277344,279.67999267578125,280.44000244140625,8053700
2025-09-30,281.8599853515625,282.1400146484375,279.739990234375,280.3299865722656,9107600
2025-10-01,284.6199951171875,284.82000732421875,280.3399963378906,280.4200134277344,8705600
2025-10-02,286.1600036621094,287.3299865722656,284.8699951171875,287.2699890136719,8803900
2025-10-03,284.7200012207031,287.8800048828125,283.739990234375,286.4200134277344,8729000
2025-10-06,287.6000061035156,289.44000244140625,287.45001220703125,288.55999755859375,8972800
2025-10-07,285.67999267578125,289.5,284.1700134277344,289.0799865722656,7794200
2025-10-08,290.69000244140625,290.70001220703125,286.19000244140625,286.3399963378906,7018900
2025-10-09,290.20001220703125,290.82000732421875,288.69000244140625,290.55999755859375,5994700
2025-10-10,278.3900146484375,291.3399963378906,278.2799987792969,290.80999755859375,22287300
2025-10-13,285.1700134277344,286.1199951171875,283.1099853515625,284.7300109863281,11015200
2025-10-14,281.510009765625,284.3800048828125,278.239990234375,281.42999267578125,13478400
2025-10-15,284.29998779296875,286.5799865722656,280.79998779296875,285.4599914550781,10468800
2025-10-16,284.510009765625,287.6199951171875,282.57000732421875,286.3500061035156,11583100
2025-10-17,285.010009765625,285.8599853515625,281.0199890136719,282.82000732421875,12755800
2025-10-20,288.19000244140625,289.4200134277344,286.4700012207031,286.6400146484375,6902600
2025-10-21,288.3399963378906,289.3699951171875,286.95001220703125,288.010009765625,6251900
2025-10-22,285.489990234375,288.8399963378906,281.8999938964844,288.2099914550781,10361600
2025-10-23,289.0899963378906,289.54998779296875,284.3699951171875,284.3699951171875,5961700
2025-10-24,293.5799865722656,294.57000732421875,292.07000732421875,292.5,7179800
2025-10-27,299.0,299.260009765625,297.2200012207031,297.70001220703125,7583500
2025-10-28,301.9599914550781,303.1400146484375,299.4200134277344,300.45001220703125,7527600
2025-10-29,304.1300048828125,305.989990234375,301.8699951171875,304.70001220703125,10753100
2025-10-30,300.3900146484375,303.9599914550781,300.2900085449219,302.3999938964844,9609300
2025-10-31,300.67999267578125,303.6400146484375,298.94000244140625,303.4200134277344,8151900
2025-11-03,301.9100036621094,304.2200012207031,300.260009765625,303.55999755859375,6991800
2025-11-04,293.94000244140625,298.3999938964844,293.45001220703125,296.45001220703125,8361300
2025-11-05,295.0899963378906,297.4800109863281,292.9700012207031,293.4200134277344,7223500
2025-11-06,289.1600036621094,294.94000244140625,287.6700134277344,294.6199951171875,12398700
2025-11-07,288.1600036621094,288.2300109863281,281.6000061035156,286.69000244140625,12773500
2025-11-10,295.5299987792969,296.0899963378906,291.7900085449219,293.30999755859375,9143200
2025-11-11,293.010009765625,294.1099853515625,291.05999755859375,293.5799865722656,7435800
2025-11-12,293.9200134277344,295.4599914550781,292.1499938964844,295.4599914550781,6589600
2025-11-13,286.5899963378906,292.67999267578125,285.0299987792969,292.2799987792969,11192900
2025-11-14,288.1499938964844,290.760009765625,280.2900085449219,281.29998779296875,13714800
2025-11-17,283.6400146484375,288.57000732421875,281.3500061035156,285.45001220703125,12337700
2025-11-18,279.0299987792969,282.6400146484375,276.4700012207031,281.19000244140625,18373800
2025-11-19,280.9700012207031,284.1199951171875,278.3299865722656,279.04998779296875,13834400
2025-11-20,272.1499938964844,288.510009765625,271.5199890136719,287.44000244140625,28275900
2025-11-21,273.20001220703125,276.8399963378906,267.4800109863281,272.6000061035156,22479500
2025-11-24,279.7099914550781,280.70001220703125,274.8699951171875,275.0400085449219,10062400
2025-11-25,280.4599914550781,281.17999267578125,273.30999755859375,277.25,10651700
2025-11-26,283.7799987792969,284.989990234375,281.5799865722656,283.7699890136719,6679400
2025-11-28,286.2200012207031,286.2699890136719,283.6099853515625,284.3800048828125,3396100
