Date,close,high,low,open,volume,returns,log_returns,sma_5,ema_5,sma_10,ema_10,sma_20,ema_20,sma_50,ema_50,rsi,stoch,williams_r,macd,macd_signal,macd_diff,bb_high,bb_low,bb_mid,bb_width,volume_sma_20,volume_ratio,obv,atr,volatility_5,volatility_10,volatility_20,adx,cci,price_position,close_lag_1,returns_lag_1,close_lag_2,returns_lag_2,close_lag_3,returns_lag_3,close_lag_5,returns_lag_5
2024-02-21,421.5031127929688,421.5922709450824,417.561536668885,420.4533435538116,49779000,-0.004001714247762633,-0.004009742531311769,426.09437866210936,424.76532216793464,427.52939758300784,425.3430196217833,424.3795928955078,422.77560515463733,411.36456604003905,413.3791224019076,51.42361308155718,36.56818674130437,-63.43181325869563,4.338371366074455,5.58519652803909,-1.2468251619646349,433.72111305176554,415.0380727392501,424.3795928955078,4.402436079699917,44893405.0,1.1088265637235581,463026000,5.312537725172357,0.008272434444763638,0.009103025543631018,0.009669426277499485,26.452181654994224,-74.47553327975137,0.9778804192730085,423.1966247558594,-0.007548177971220649,426.415283203125,-0.009067605820588964,430.3172302246094,0.0029777851847789805,424.4147338867188,-0.015597020577494902
2024-02-22,433.8428649902344,434.8827209600342,429.5249209528767,430.2973931592393,53887800,0.02927558972340627,0.02885524385422567,427.0550231933594,427.7911697753679,428.13152770996095,426.8884460524107,424.9856872558594,423.82962990088464,412.29326721191404,414.1816221112538,62.87085695479416,93.88902349380243,-6.110976506197572,4.718613456782975,5.4118799137878675,-0.6932664570048921,435.099620922829,414.87175358888976,424.9856872558594,4.759658487454237,45240395.0,1.1911434460287096,516913800,5.88875704245043,0.015764349138825403,0.012811082754785982,0.011608897008311506,26.237712239830845,135.43618600124097,0.8059173600188019,421.5031127929688,-0.004001714247762633,423.1966247558594,-0.007548177971220649,426.415283203125,-0.009067605820588964,429.0396423339844,0.01089714394434771
2024-02-23,432.56536865234375,436.3386023239945,431.5849311508751,435.4076702672671,39853900,-0.0029446060797135853,-0.0029489499616391123,427.50465087890626,429.38256940102656,428.5266815185547,427.92061379785304,425.5021545410156,424.66160502007125,413.13023193359373,414.90255334815924,61.26132349318224,79.90509411344571,-20.094905886554283,4.860842014209766,5.301672333872248,-0.4408303196624823,436.0474323300506,414.95687675198064,425.5021545410156,4.956627211634236,45014730.0,0.8853524168644352,477059900,5.807679480355357,0.0159249196072676,0.012884851188310259,0.011651111730077844,26.20058010693877,126.45976585967395,0.20624849000749407,433.8428649902344,0.02927558972340627,421.5031127929688,-0.004001714247762633,423.1966247558594,-0.007548177971220649,430.3172302246094,0.0029777851847789805
2024-02-26,432.3375549316406,434.3677918546279,432.1493858943125,433.3774412257861,33043200,-0.0005266573267593833,-0.0005267960594411585,428.68910522460936,430.36756457789795,428.47716369628904,428.7236940039962,426.1330093383789,425.39264786879215,413.9004052734375,415.5862789004526,60.96160611347215,78.69183893882192,-21.308161061178087,4.898707259383059,5.221079318974411,-0.32237205959135196,436.72875903080677,415.537259645951,426.1330093383789,4.972977666705061,44810040.0,0.7374061705814143,444016700,5.551302800352503,0.014986320060918334,0.012505061114909666,0.011536432577917014,26.16610026925327,105.08843918263933,0.0848217326701049,432.56536865234375,-0.0029446060797135853,433.8428649902344,0.02927558972340627,421.5031127929688,-0.004001714247762633,426.415283203125,-0.009067605820588964
2024-02-27,433.3774108886719,433.7636318908706,430.8322026971725,433.4467426813821,33713200,0.0024051946104837185,0.0024023067595619558,430.7252624511719,431.3708466814893,428.70098266601565,429.56982434666446,426.6009490966797,426.1531014897331,414.59120788574216,416.283970350971,61.8784060891954,84.22974340233584,-15.770256597664151,4.9554995106138335,5.167963357302296,-0.21246384668846208,437.6007754483512,415.6011227450082,426.6009490966797,5.15696290641803,44560965.0,0.7565635079940481,477729900,5.364168971305763,0.013879871430824463,0.012447399383586025,0.01135724513643981,25.86331015732345,90.7340709331629,0.8682482240690498,432.3375549316406,-0.0005266573267593833,432.56536865234375,-0.0029446060797135853,433.8428649902344,0.02927558972340627,423.1966247558594,-0.007548177971220649
2024-02-28,431.0698547363281,432.45636962600565,430.1092135346453,431.2283144443798,32938800,-0.00532458797889801,-0.005338814118830636,432.63861083984375,431.27051603310224,429.3664947509766,429.84255714478513,427.09463653564455,426.6213637036945,415.2427734375,416.86380895431836,58.590111246453276,71.94051677487377,-28.059483225126225,4.759443381783058,5.086259362198448,-0.3268159804153905,437.96537838097123,416.2238946903179,427.09463653564455,5.09055413737064,44370955.0,0.742350485807664,444791100,5.21445671292868,0.014101421857435237,0.01133780287757804,0.011312857015854522,25.429635158253003,64.27060487555768,0.40927878856371525,433.3774108886719,0.0024051946104837185,432.3375549316406,-0.0005266573267593833,432.56536865234375,-0.0029446060797135853,421.5031127929688,-0.004001714247762633
2024-02-29,434.763916015625,435.8433945493471,430.82230972359486,434.001356929354,42495200,0.008569518927637354,0.008533009033521022,432.82282104492185,432.4349826939432,429.9389221191406,430.73734966675596,428.1855072021484,427.3968448762593,415.9296942138672,417.5657739371147,62.06549345141942,91.61377854616482,-8.386221453835175,4.846282432679629,5.038263976294685,-0.19198154361505537,437.41278547279444,418.9582289315024,428.1855072021484,4.309944225314371,43295185.0,0.9815225411324608,487286300,5.2006444352732215,0.005375207850837905,0.011148361940340955,0.010293407811055024,25.492016633194783,98.27456510701172,0.7850108948042128,431.0698547363281,-0.00532458797889801,433.3774108886719,0.0024051946104837185,432.3375549316406,-0.0005266573267593833,433.8428649902344,0.02927558972340627
2024-03-01,441.3100891113281,442.2707303429398,435.5957773824606,435.6551959969438,43853000,0.015056845461544288,0.014944616306339678,434.57176513671874,435.39335149973823,431.0382080078125,432.65966592940543,429.3605560302734,428.72191575578967,416.6970977783203,418.4969235517898,67.30247935247803,96.1122113320096,-3.8877886679903986,5.381292278678302,5.106869636771409,0.27442264190689336,438.9801569652336,419.7409550953132,429.3605560302734,4.480896439998993,42937405.0,1.0213239481985463,531139300,5.365370856133336,0.007954712501803613,0.011964999760576606,0.010471506551061816,26.2989677597898,176.82582792184334,0.8560826964047487,434.763916015625,0.008569518927637354,431.0698547363281,-0.00532458797889801,433.3774108886719,0.0024051946104837185,432.56536865234375,-0.0029446060797135853
2024-03-04,439.7354736328125,441.736001238101,439.48788597656215,441.3101274997924,34325700,-0.0035680477681496736,-0.003574428432786548,436.0513488769531,436.84072554409636,432.37022705078124,433.94617642093397,430.1038131713867,429.77082602979186,417.3918310546875,419.3298078686927,64.9787268104009,89.73962184452257,-10.260378155477422,5.613523917243754,5.208200492865878,0.40532342437787605,440.4875675975923,419.7200587451811,430.1038131713867,4.828487499164721,41673570.0,0.8236803326424877,496813600,5.142709742233729,0.008489167729925893,0.011486489932035297,0.01001007539983536,27.048279520199458,163.14355437531373,0.11013121100822015,441.3100891113281,0.015056845461544288,434.763916015625,0.008569518927637354,431.0698547363281,-0.00532458797889801,432.3375549316406,-0.0005266573267593833
2024-03-05,431.8423461914063,436.69508807559725,429.4655109107802,436.6851748986833,57917100,-0.01794971730663031,-0.018112767566503377,435.7443359375,435.1745990931997,433.23479919433595,433.56366183374706,430.48014373779296,429.96811366423134,418.04906494140624,419.820495646054,54.77021288712907,57.79553032325958,-42.20446967674042,5.101848807776946,5.186930155848091,-0.08508134807114498,440.53797583596827,420.42231163961765,430.48014373779296,4.672843681404071,42574965.0,1.3603557865520266,438896500,5.508942097933626,0.01285837554567736,0.012940724114838868,0.01092878363407803,25.74439137258222,39.55074044553731,0.32876546254463684,439.7354736328125,-0.0035680477681496736,441.3100891113281,0.015056845461544288,434.763916015625,0.008569518927637354,433.3774108886719,0.0024051946104837185
2024-03-06,434.5559692382813,437.72507317758095,432.67430905196215,436.0712045205875,46234500,0.006283828046988793,0.00626416712046166,436.4415588378906,434.96838914156024,434.5400848388672,433.74408136184417,431.0347412109375,430.40505229033135,418.667724609375,420.3983573555531,57.25647412573181,68.77777070985853,-31.222229290141467,4.859294377514914,5.1214030001814566,-0.2621086226665428,440.699468040866,421.370014381009,431.0347412109375,4.4844305601802175,43094385.0,1.072865989385856,485131000,5.53564101852227,0.012849790792933,0.012810031481934114,0.010968442409660016,24.677932526902605,71.69359707195399,0.3725496062541555,431.8423461914063,-0.01794971730663031,439.7354736328125,-0.0035680477681496736,441.3100891113281,0.015056845461544288,431.0698547363281,-0.00532458797889801
2024-03-07,441.1516418457031,442.40937609905177,436.60590645920416,438.1508810428141,44526700,0.01517795882307893,0.015063926015170117,437.71910400390624,437.0294733762746,435.2709625244141,435.09091054072763,431.7012451171875,431.4285370098906,419.4062225341797,421.2122116492845,62.63303205736277,94.93825506687038,-5.061744933129601,5.140032802516998,5.125128960648565,0.014903841868433076,442.19102436381365,421.21146587056137,431.7012451171875,4.859740093535582,43435085.0,1.025132102308537,529657700,5.701195721539998,0.014022157793866388,0.010102229985019811,0.011229455961216613,24.311086759245516,143.6466205530742,0.7832789121888127,434.5559692382813,0.006283828046988793,431.8423461914063,-0.01794971730663031,439.7354736328125,-0.0035680477681496736,434.763916015625,0.008569518927637354
2024-03-08,434.78369140625,444.31088916848194,434.1102602798687,441.5081801623854,72096000,-0.014434833366618993,-0.014540029123112107,436.4138244628906,436.2808793862664,435.4927947998047,435.0350525162771,432.0097381591797,431.7480755238296,419.9678698730469,421.7444265417145,55.38896438429949,64.38344531002946,-35.61655468997054,4.793424037163163,5.058787975951485,-0.26536393878832154,442.48106405986834,421.538412258491,432.0097381591797,4.847726787506059,45545390.0,1.5829483510844895,457561700,6.02258380490237,0.013884775255165594,0.011276654508850098,0.011786559258372143,23.51648783332621,96.27894225409322,0.06601858902311525,441.1516418457031,0.01517795882307893,434.5559692382813,0.006283828046988793,431.8423461914063,-0.01794971730663031,441.3100891113281,0.015056845461544288
2024-03-11,433.16943359375,434.42716788876976,431.2382379675774,433.2882708218653,45860000,-0.003712783723048396,-0.003719693212129789,435.1006164550781,435.243730788761,435.57598266601565,434.6958490758176,432.02657318115234,431.88344295906006,420.480673828125,422.19246603395123,53.69361348790041,58.34869059017474,-41.65130940982526,4.338465845223027,4.914723549805794,-0.5762577045827673,442.5042182884448,421.5489280738599,432.02657318115234,4.850463262082306,45991195.0,0.9971473887556086,411701700,5.845645921600244,0.013886671733759934,0.011355782578246567,0.011626667760063155,22.278880382419995,15.87372170427189,0.605593623515552,434.78369140625,-0.014434833366618993,441.1516418457031,0.01517795882307893,434.5559692382813,0.006283828046988793,439.7354736328125,-0.0035680477681496736
2024-03-12,439.3789367675781,439.7354484650849,432.2484005864345,435.4868662876252,55300900,0.014335044655186202,0.014233269384820868,436.6079345703125,436.6221327817001,436.17613525390624,435.5473195652286,432.4385589599609,432.5972995122522,421.1216290283203,422.86644527840724,58.90436848345541,66.77785964567704,-33.22214035432295,4.427920895658303,4.817363018976296,-0.389442123317993,443.38187149398215,421.4952464259397,432.4385589599609,5.0612103418069445,47096075.0,1.1742146240424494,467002600,5.962888918532398,0.012601593723443395,0.012202402378304115,0.012004810170662837,21.863807407459067,77.19284890017954,0.9523828746148887,433.16943359375,-0.003712783723048396,434.78369140625,-0.014434833366618993,441.1516418457031,0.01517795882307893,431.8423461914063,-0.01794971730663031
2024-03-13,436.0018310546875,438.39849269164176,434.88273009385387,438.3786663377931,37928700,-0.007686089227980086,-0.0077157794440683635,436.89710693359376,436.4153655393626,436.66933288574216,435.62995801785746,433.0179138183594,432.9215406115318,421.73029846191406,423.3815584461045,55.26219697195119,44.02932704335959,-55.97067295664041,4.1781473780689,4.689519890794817,-0.5113725127259174,443.41389904595957,422.6219285907592,433.0179138183594,4.8016421010984125,45767925.0,0.828717928549306,429073900,5.858125901046102,0.013363959356219039,0.012369637971960145,0.011550374712848664,21.478382502138203,62.39443373310021,0.3183095927768094,439.3789367675781,0.014335044655186202,433.16943359375,-0.003712783723048396,434.78369140625,-0.014434833366618993,434.5559692382813,0.006283828046988793
2024-03-14,434.9025573730469,437.7646547619274,432.1790933458998,437.23977017652857,52195200,-0.0025212593235709457,-0.00252444305031898,435.6472900390625,435.9110961505907,436.6831970214844,435.4977033551646,433.3110595703125,433.1102088745332,422.4542443847656,423.8333623255925,54.08980149387716,36.62450607781547,-63.37549392218453,3.8471503127261713,4.521045975181089,-0.6738956624549175,443.57155754019175,423.0505616004333,433.3110595703125,4.735857875427375,46123050.0,1.1316510941926,376878700,5.838657009259065,0.010650865714445703,0.012131080439546315,0.011358458686835653,20.614824154591986,31.863940978000237,0.48759002439458227,436.0018310546875,-0.007686089227980086,439.3789367675781,0.014335044655186202,433.16943359375,-0.003712783723048396,441.1516418457031,0.01517795882307893
2024-03-15,429.7329406738281,434.63515795319904,428.56430400980366,431.86218839455097,73069800,-0.01188683904377319,-0.011958052412148801,434.63713989257815,433.85171099166985,435.5254821777344,434.44956468583064,433.28184509277344,432.78856428398984,423.15917724609375,424.06471833924877,48.84200845382942,7.4215244273479914,-92.57847557265201,3.131588883101415,4.243154556765154,-1.1115656736637387,443.57953360934556,422.9841565762013,433.28184509277344,4.753344103013226,47836735.0,1.527483010702967,303808900,5.874342463115076,0.009996085566572365,0.011410259558697572,0.011685916414418554,19.184152050813054,-42.67785154741333,0.19249955194138682,434.9025573730469,-0.0025212593235709457,436.0018310546875,-0.007686089227980086,439.3789367675781,0.014335044655186202,434.78369140625,-0.014434833366618993
2024-03-18,433.83148193359375,437.3617895539183,433.59346292495405,435.0710570885691,47323800,0.009537414686756396,0.009492220676085386,434.76954956054686,433.84496797231117,434.9350830078125,434.33718600360567,433.65265502929685,432.8878897744283,423.9866845703125,424.44772867628194,52.75553178917081,33.449651913178364,-66.55034808682164,2.8622253691248716,3.9669687192370975,-1.104743350112226,443.4568824054202,423.84842765317353,433.65265502929685,4.521695999052958,47517100.0,0.9959319907991018,351132700,5.9996643500418685,0.011208846871356908,0.012022446351254401,0.01166689859043171,18.291398347812436,25.542081245447047,0.06316305142020069,429.7329406738281,-0.01188683904377319,434.9025573730469,-0.0025212593235709457,436.0018310546875,-0.007686089227980086,433.16943359375,-0.003712783723048396
2024-03-19,434.9123840332031,435.3189683120467,429.7160644501117,431.8184093155366,43004100,0.0024915252687329748,0.0024884265655815037,433.87623901367186,434.20077332594184,435.24208679199216,434.4417674635324,434.2384429931641,433.08069875145446,424.82650085449217,424.85810731772983,53.76017613736171,40.31401068504623,-59.68598931495377,2.704793434563669,3.7145336623024123,-1.0097402277387433,442.7942570342199,425.68262895210825,434.2384429931641,3.9406064474998717,46967330.0,0.9156173024951599,394136800,5.971324315177094,0.008420774811610073,0.010517961314961796,0.011497819430040985,17.161908549951477,-19.609219393312593,0.9274332937071125,433.83148193359375,0.009537414686756396,429.7329406738281,-0.01188683904377319,434.9025573730469,-0.0025212593235709457,439.3789367675781,0.014335044655186202
2024-03-20,440.0690002441406,440.40616105313256,434.4066294366334,436.1122860523407,43653500,0.011856678264980935,0.0117869385680881,434.6896728515625,436.15684896534145,435.79338989257815,435.46490069637025,435.16673736572267,433.74625127456744,425.6070318603516,425.4546129226871,58.31436403232637,73.06153123616446,-26.938468763835548,2.9619794692179653,3.5640228236855234,-0.6020433544675581,441.8087539756398,428.52472075580556,435.16673736572267,3.052630653769397,46661055.0,0.9355446421003554,437790300,5.973339122414385,0.009584359799526865,0.010980707265244988,0.011649425673635801,16.551273756599205,88.86286544292538,0.9438021447942533,434.9123840332031,0.0024915252687329748,433.83148193359375,0.009537414686756396,429.7329406738281,-0.01188683904377319,436.0018310546875,-0.007686089227980086
2024-03-21,442.1514892578125,445.59255105668296,441.9531753932683,445.13639587885984,39345700,0.004732187480864569,0.004721025880360575,436.13945922851565,438.15506239616514,435.89337463378905,436.6806440711779,435.58216857910156,434.5467501301146,426.41336730957033,426.1093923868097,60.02661829814797,79.79203737532634,-20.207962624673655,3.29584822715492,3.510387904379403,-0.21453967722448297,442.8507913138231,428.31354584438003,435.58216857910156,3.3374289670453083,45933950.0,0.8565712289058529,477136000,5.941211385994953,0.009293227215269416,0.009965394340494345,0.009794585925912818,16.67755872549685,180.7395647327926,0.05449117730064145,440.0690002441406,0.011856678264980935,434.9123840332031,0.0024915252687329748,433.83148193359375,0.009537414686756396,434.9025573730469,-0.0025212593235709457
2024-03-22,442.6572265625,443.7579547131184,440.78297450531056,441.6358179016752,28253900,0.0011438100220728664,0.001143156369778119,438.72431640625,439.6557837849434,436.68072814941405,437.7672954332364,436.0867614746094,435.3191764570085,427.17534729003904,426.7583270603662,60.451471706061824,82.76202778769932,-17.237972212300676,3.56021050651475,3.5203524248064726,0.039858081708277204,443.83308274557385,428.3404402036449,436.0867614746094,3.5526514241205613,45353950.0,0.6229644826966559,505389900,5.72933773041016,0.004590804455056063,0.008524535507514645,0.009750611366313281,16.582201310868044,136.8985593615812,0.630004882791306,442.1514892578125,0.004732187480864569,440.0690002441406,0.011856678264980935,434.9123840332031,0.0024915252687329748,429.7329406738281,-0.01188683904377319
2024-03-25,441.0507507324219,442.5382408654653,438.8492641249952,439.850820235694,27789200,-0.0036291643594150713,-0.0036357657529232875,440.1681701660156,440.1207727674363,437.46885986328124,438.3642873058156,436.5224212646484,435.86504067371453,427.88836181640625,427.31881426319194,58.33067468396932,73.32784571566663,-26.672154284333377,3.5986078328842837,3.536003506422035,0.06260432646224867,444.3558894207295,428.6889531085673,436.5224212646484,3.5890335865849767,45091250.0,0.6162880824993763,477600700,5.592096638059776,0.005669704640643484,0.008518534354189538,0.009804042581244756,16.140604536452596,91.80127732928784,0.5967743258490833,442.6572265625,0.0011438100220728664,442.1514892578125,0.004732187480864569,440.0690002441406,0.011856678264980935,433.83148193359375,0.009537414686756396
2024-03-26,439.6227722167969,443.500166922462,439.3946794942053,442.5779000097676,34142000,-0.0032376739258547227,-0.00324292653262935,441.11024780273436,439.95477258388985,437.4932434082031,438.5931027441758,436.8346893310547,436.2229198682938,428.5686572265625,427.80132241823526,56.43538381404709,64.941906096082,-35.058093903918,3.4737686163104513,3.5235565283997183,-0.04978791208926703,444.6396489801141,429.02972968199526,436.8346893310547,3.5734156831782347,45112690.0,0.7568158759763606,443458700,5.485910265930982,0.00640942276569932,0.00739197482942527,0.009843917917186317,15.874176637494388,82.95600564316892,0.05555801267740234,441.0507507324219,-0.0036291643594150713,442.6572265625,0.0011438100220728664,442.1514892578125,0.004732187480864569,434.9123840332031,0.0024915252687329748
2024-03-27,441.12017822265625,442.8159388955268,438.2443697945435,442.7167668263367,41359200,0.003406115652992092,0.003400327979670848,441.3204833984375,440.3432411301453,438.005078125,439.05257101299037,437.3372055053711,436.6893254258521,429.2796936035156,428.32363048899686,57.97731588007766,73.73556525393289,-26.264434746067113,3.4558241979087825,3.5100100623015313,-0.05418586439274886,444.8826494637307,429.79176154701156,437.3372055053711,3.4506297947554283,45533710.0,0.9083204509362405,484817900,5.420600182720434,0.003800992614431239,0.006913895194993819,0.00975297691049436,15.401242911948703,73.3918391967628,0.629063755687577,439.6227722167969,-0.0032376739258547227,441.0507507324219,-0.0036291643594150713,442.6572265625,0.0011438100220728664,440.0690002441406,0.011856678264980935
2024-03-28,440.3070068359375,441.9234176268969,439.94999346626497,441.070574211559,36839600,-0.0018434236901044843,-0.0018451248865604866,440.9515869140625,440.33116303207606,438.54552307128904,439.28065025352623,437.6143600463867,437.0338665125269,430.0202209472656,428.7935668163278,56.80155561499689,68.96013896090305,-31.039861039096944,3.337514195970755,3.4755108890353763,-0.13799669306462148,445.1685672317452,430.0601528610282,437.6143600463867,3.452449405251586,45250930.0,0.8141180744793532,447978300,5.174373323999824,0.0030207541641477597,0.006876697892214742,0.00961573496012763,14.96209016679914,66.79745622572828,0.18091061048939397,441.12017822265625,0.003406115652992092,439.6227722167969,-0.0032376739258547227,441.0507507324219,-0.0036291643594150713,442.1514892578125,0.004732187480864569
2024-04-01,441.2391662597656,443.79763595945445,439.3252392986767,441.2589885667326,38729000,0.0021170669768046935,0.0021148291483777423,440.6679748535156,440.63383077463925,439.69614562988284,439.6367440728425,437.6108139038086,437.43437125035916,430.66490661621094,429.28162953959986,57.85662915783014,74.43433381643845,-25.565666183561547,3.2811471206156853,3.4366381353514384,-0.1554910147357531,445.1581417257223,430.0634860818949,437.6108139038086,3.449333326380135,44994730.0,0.8607452472767366,486707300,5.1242321337696755,0.0032056075389027164,0.0050986629143447175,0.00901379568854943,14.881010212721609,78.7231654928678,0.4279421317502938,440.3070068359375,-0.0018434236901044843,441.12017822265625,0.003406115652992092,439.6227722167969,-0.0032376739258547227,442.6572265625,0.0011438100220728664
2024-04-02,437.4312133789063,437.74855190392645,434.3769132990223,436.4098045902398,44259700,-0.008630133433389475,-0.008667588686513879,439.9440673828125,439.5662916427283,440.0561187744141,439.23573849212676,437.49560089111327,437.434070500697,431.07121337890624,429.60122106270995,52.24317427626106,52.07176842508664,-47.92823157491336,2.895824571130845,3.32847542250732,-0.43265085137647485,444.9797626060386,430.01143917618793,437.49560089111327,3.4213654718727295,45491430.0,0.9729239111630477,442447600,5.248376478553507,0.004770605712882641,0.005588053219057358,0.009189520466506972,13.849566155705528,-22.49817294053958,0.9058800297727172,441.2391662597656,0.0021170669768046935,440.3070068359375,-0.0018434236901044843,441.12017822265625,0.003406115652992092,441.0507507324219,-0.0036291643594150713
2024-04-03,438.4129333496094,440.29708147447735,435.2892101079776,435.299106130028,39949800,0.002244284222700621,0.0022417695785458104,439.702099609375,439.1818388783554,440.4061737060547,439.08613755712355,437.8241302490234,437.52729553392675,431.48626098632815,429.9467784072943,53.49588062150337,57.837012304861005,-42.162987695138995,2.6392466787856392,3.1906296737629836,-0.5513829949773443,444.8496119013409,430.79864859670596,437.8241302490234,3.209271105419223,44593065.0,0.8958747285031876,482397400,5.231197541978238,0.00493794585750204,0.005580479471827187,0.008194799147794012,13.295183598391981,4.179408319949655,0.6237626753885082,437.4312133789063,-0.008630133433389475,441.2391662597656,0.0021170669768046935,440.3070068359375,-0.0018434236901044843,439.6227722167969,-0.0032376739258547227
2024-04-04,431.7093200683594,443.22250998661207,431.48122734232624,442.6076552811834,57267700,-0.01529063759600413,-0.015408744899104874,437.81992797851564,436.69099927502344,439.57020568847656,437.74489801371186,437.68179779052736,436.97320263244416,431.7325732421875,430.0158976881204,44.84544175306424,18.469405863665138,-81.53059413633486,1.8733860548965708,2.927180949989701,-1.0537948950931302,445.0722215782926,430.2913740027621,437.68179779052736,3.3770761430212746,45144725.0,1.2685358034631953,425129700,5.696203620714495,0.007576005777782255,0.006183346001486737,0.008828632769081775,12.628220512021683,-56.40672832883641,0.019426559511554177,438.4129333496094,0.002244284222700621,437.4312133789063,-0.008630133433389475,441.2391662597656,0.0021170669768046935,441.12017822265625,0.003406115652992092
2024-04-05,436.7965393066406,439.47403376675936,432.3241424296577,433.1373110005756,54744600,0.011783899493936545,0.011715010013308507,437.1178344726562,436.7261792855625,439.0347106933594,437.5724691578807,437.4640426635742,436.9563775537962,432.0340844726563,430.2818052025722,51.283436665116916,44.59724013245057,-55.40275986754943,1.6578217326253366,2.6733091065168284,-1.0154873738914918,444.6874398937367,430.2406454334117,437.4640426635742,3.3023958660380965,45655620.0,1.1990769153939866,479874300,5.843954340549173,0.010542415868898593,0.0073210268546096465,0.008543650318304875,12.008897646106405,-35.04822244341744,0.6255195591172923,431.7093200683594,-0.01529063759600413,438.4129333496094,0.002244284222700621,437.4312133789063,-0.008630133433389475,440.3070068359375,-0.0018434236901044843
2024-04-08,436.9254455566406,438.8095936916302,435.53712747102014,437.7286878155733,28144900,0.00029511737937437665,0.0002950738408063537,436.2550903320313,436.79260137592195,438.46153259277344,437.4548285031097,437.5711303710938,436.9534316493052,432.3278729248047,430.542340118418,51.438119782365106,45.40917197350819,-54.59082802649181,1.4803228706450113,2.4347118593424653,-0.9543889886974539,444.6952273126369,430.44703342955063,437.5711303710938,3.2562006252566817,43458065.0,0.6476335290123939,508019200,5.660276617696378,0.0104144696044623,0.007295795578366262,0.007885187522649804,11.433812127756502,-12.68453241697691,0.4242421439935436,436.7965393066406,0.011783899493936545,431.7093200683594,-0.01529063759600413,438.4129333496094,0.002244284222700621,441.2391662597656,0.0021170669768046935
2024-04-09,438.5418395996094,439.5433956821738,433.791779434532,439.2657320756614,39443600,0.0036994733527351276,0.0036926471316266964,436.4772155761719,437.37568078381776,438.2106414794922,437.6524668842914,437.8397506713867,437.1047085969532,432.70430053710936,430.85604598042556,53.43469939761649,50.035081047001555,-49.964918952998445,1.453330148924124,2.238435517258797,-0.7851053683346731,444.67916571559306,431.00033562718033,437.8397506713867,3.124163593515094,43137245.0,0.9143745735268908,547462800,5.666800876978196,0.009873968047935174,0.007400756268831638,0.007862037951667013,11.25255779985952,-14.046252062878617,0.8258652803796395,436.9254455566406,0.00029511737937437665,436.7965393066406,0.011783899493936545,431.7093200683594,-0.01529063759600413,437.4312133789063,-0.008630133433389475
2024-04-10,434.7140502929688,435.5767897718114,432.6414842340189,433.3554807446242,61502200,-0.0087284472335305,-0.008766763251579384,435.73743896484376,436.4884706202015,437.7197692871094,437.11820932223276,437.60650634765625,436.8770268537166,432.91820922851565,431.007340267192,48.36367288230903,22.909423779666593,-77.0905762203334,1.110269124266324,2.0128022386603024,-0.9025331143939783,444.5376078684892,430.6754048268233,437.60650634765625,3.167732389850047,43447310.0,1.4155582934823814,485960600,5.683483340450502,0.010595298414337559,0.007814784456703276,0.007427931833064744,11.313384140589365,-83.02565346800132,0.7060818821736675,438.5418395996094,0.0036994733527351276,436.9254455566406,0.00029511737937437665,436.7965393066406,0.011783899493936545,438.4129333496094,0.002244284222700621
2024-04-11,441.6556701660156,442.6076554234298,434.3074649227314,436.5883013945989,45474600,0.015968243649747693,0.015842092417555048,437.726708984375,438.2108704688062,437.7733184814453,437.94320220292053,437.88919830322266,437.3321357406022,433.3274005126953,431.42492183185175,56.43755249083154,82.6088443472066,-17.391155652793408,1.3825839338599053,1.8867585777002231,-0.5041746438403178,444.99445398416293,430.7839426222824,437.88919830322266,3.2452299387481753,43824605.0,1.0376499685507719,531435200,5.870390994753921,0.009718999138485902,0.009455996990063026,0.008079348691793152,11.1474082368748,40.52999681294449,0.8853056134768734,434.7140502929688,-0.0087284472335305,438.5418395996094,0.0036994733527351276,436.9254455566406,0.00029511737937437665,431.7093200683594,-0.01529063759600413
2024-04-12,434.6148376464844,438.5517292412644,433.23644591876376,437.4212525251469,53665000,-0.015941904508742444,-0.016070343539291883,437.2903686523438,437.01219286136563,437.2041015625,437.3380450108412,437.8748123168945,437.07334544592436,433.7607672119141,431.5500165696805,48.20447581743592,25.442565292940035,-74.55743470705997,1.0185181969821997,1.7131105015566186,-0.6945923045744189,445.00531813331753,430.7443065004715,437.8748123168945,3.2568695964464793,43898095.0,1.2224904064743585,477770200,6.0524505127894885,0.012192784435349243,0.010750541912876294,0.008876795421175825,10.760177295575861,-59.061843828454194,0.25932610626035185,441.6556701660156,0.015968243649747693,434.7140502929688,-0.0087284472335305,438.5418395996094,0.0036994733527351276,436.7965393066406,0.011783899493936545
2024-04-15,427.4650268554688,438.46253441648776,426.6221096654615,438.37328863350814,63453600,-0.016450912789202188,-0.016587731660548343,435.3982849121094,433.8298041927334,435.8266876220703,435.5429508007735,437.76141662597655,436.15826748492856,433.9538854980469,431.38982089461336,41.57233649712477,4.907664403285961,-95.09233559671404,0.1513191867892374,1.4007522386031424,-1.249433051813905,445.4560505202769,430.0667827316762,437.76141662597655,3.515446360534167,43417285.0,1.4614824487528413,414316600,6.465877244092115,0.013942584140878287,0.011668971087966933,0.009249428063862614,10.836759283730187,-171.60776208418315,0.07118977635723199,434.6148376464844,-0.015941904508742444,441.6556701660156,0.015968243649747693,434.7140502929688,-0.0087284472335305,436.9254455566406,0.00029511737937437665
2024-04-16,427.5046997070313,430.1425193560447,426.1163815399364,427.30635557041785,47619000,9.280958457424937e-05,9.280527803121187e-05,433.19085693359386,431.7214360308327,434.8340362548828,434.0814506019113,437.4450775146485,435.3341181727479,434.0065728759766,431.2374632009827,41.62033320388553,7.8519212164175025,-92.14807878358249,-0.5266698864485875,1.0152678135927964,-1.5419377000413839,446.2062578054363,428.68389722386075,437.4450775146485,4.00561384325756,43432045.0,1.0964024374168888,461935600,6.291610142093271,0.013512524032332263,0.011535335397101037,0.008961452295038455,10.992828904262979,-207.90928931238162,0.3448262902243051,427.4650268554688,-0.016450912789202188,434.6148376464844,-0.015941904508742444,441.6556701660156,0.015968243649747693,438.5418395996094,0.0036994733527351276
2024-04-17,422.28851318359375,429.5077971562724,421.3563503130694,429.4879748499224,56880500,-0.012201471766303817,-0.012276520820338489,430.70574951171875,428.5771284150864,433.2215942382812,431.9372801622172,436.81388397216807,434.09167960235226,433.9660284423828,430.88652398461454,37.283667679274,4.153785505931986,-95.84621449406802,-1.467962018217463,0.5186218472307444,-1.9865838654482075,447.7603920978445,425.86737584649165,436.81388397216807,5.011978111196613,44125865.0,1.2890512174662185,405055100,6.424455620743963,0.013836700055641549,0.011813540237414549,0.009282878060646295,11.885094243252192,-238.4478200136105,0.11435551116795667,427.5046997070313,9.280958457424937e-05,427.4650268554688,-0.016450912789202188,434.6148376464844,-0.015941904508742444,434.7140502929688,-0.0087284472335305
2024-04-18,419.8787841796875,424.66848889149566,419.3036044050467,422.9330838090479,46549400,-0.005706356977933202,-0.005722700436976804,426.3503723144531,425.67768033662014,432.0385406494141,429.74482634721176,435.8043731689454,432.73807051447943,433.8943237304687,430.4548479138331,35.44619949644775,2.348244605479341,-97.65175539452066,-2.380941791074804,-0.061290880430365235,-2.3196509106444387,448.8806859713239,422.7280603665669,435.8043731689454,6.0010011865159845,44270660.0,1.0514729168257262,358505700,6.34877196829432,0.007107364480866534,0.011136031643547562,0.008776668657100667,13.002800837656862,-226.82675635524646,0.10721195881903917,422.28851318359375,-0.012201471766303817,427.5046997070313,9.280958457424937e-05,427.4650268554688,-0.016450912789202188,441.6556701660156,0.015968243649747693
2024-04-19,411.1918640136719,419.2243170638417,409.62505433483545,418.6987384090921,75231000,-0.020689114318998447,-0.020906132539570226,421.6657775878906,420.8490748956374,429.4780731201172,426.3715604683863,434.2563919067384,430.6860508477359,433.5617297363281,429.6994367804934,29.7534635856573,4.663477184331276,-95.33652281566873,-3.7620797825845784,-0.8014486608612079,-2.9606311217233703,450.82452147551106,417.6882623379657,434.2563919067384,7.630574875835514,46064925.0,1.6331514704517591,283274700,6.627697530905586,0.00830824286002199,0.011171615733945683,0.009513187021544639,15.136812804168747,-253.26404164242328,0.1632218768307745,419.8787841796875,-0.005706356977933202,422.28851318359375,-0.012201471766303817,427.5046997070313,9.280958457424937e-05,434.6148376464844,-0.015941904508742444
2024-04-22,415.32708740234375,417.6673906954906,410.4877813065422,413.82967097777305,47807700,0.010056676093509465,0.010006444222852283,419.2381896972656,419.0084123978729,427.3182373046875,424.3634744563785,432.8898849487306,429.22329242436524,433.2959948730469,429.1358152362522,35.09705896108055,16.971621680544658,-83.02837831945534,-4.471419878459301,-1.5354429043808266,-2.935976974078474,450.90605717159275,414.8737127258684,432.8898849487306,8.323674379684762,47042615.0,1.0162636579620414,331082400,6.667119806480072,0.011712937887874787,0.012162080155916053,0.009945072849110156,17.11839534450121,-185.44728396825488,0.6740347327506837,411.1918640136719,-0.020689114318998447,419.8787841796875,-0.005706356977933202,422.28851318359375,-0.012201471766303817,427.4650268554688,-0.016450912789202188
2024-04-23,421.5249633789063,422.72486361887206,415.3766586914757,417.2608068172804,44384700,0.014922879254823052,0.014812628577315008,418.0422424316406,419.8472627248841,425.6165496826172,423.84738153320177,431.9135955810548,428.49011822955964,433.06983947753906,428.83735045753275,42.19456706576296,35.41907806176862,-64.58092193823138,-4.481796857114489,-2.1247136949275593,-2.3570831621869295,450.1696148688362,413.65757629327334,431.9135955810548,8.453551578167646,47872390.0,0.9271461065553652,375467100,6.719309550054946,0.014968469228651082,0.013497601960871818,0.010730654794948115,17.79765885987545,-112.03448674982083,0.8367083863467344,415.32708740234375,0.010056676093509465,411.1918640136719,-0.020689114318998447,419.8787841796875,-0.005706356977933202,427.5046997070313,9.280958457424937e-05
2024-04-24,422.9529724121094,426.146119246378,420.66223992916287,424.6288804555555,48440300,0.0033877211488408943,0.0033819957486121485,418.1751342773438,420.8824992872926,424.44044189453126,423.6847616930031,431.0801055908204,427.9627710088501,432.90611450195314,428.6065905341828,43.721626067355295,40.40893573394621,-59.59106426605379,-4.324937110026212,-2.56475837794729,-1.7601787320789226,449.3742492060738,412.785961975567,431.0801055908204,8.487584269369245,48587305.0,0.9969744154362955,423907400,6.631064533423532,0.014099025427318992,0.01355647815025528,0.010799199818645668,17.736293780078807,-71.66719940570859,0.41772116970437384,421.5249633789063,0.014922879254823052,415.32708740234375,0.010056676093509465,411.1918640136719,-0.020689114318998447,422.28851318359375,-0.012201471766303817
2024-04-25,420.9101257324219,421.77286514490976,414.6527531576191,415.7435550161751,57392200,-0.004829961752100043,-0.004841663712583064,418.38140258789065,420.8917081023357,422.3658874511719,423.1802824274429,430.0696029663086,427.2910905063331,432.83602233886717,428.3047683850941,42.01181507009607,34.21522567996888,-65.78477432003112,-4.315716392481704,-2.914949980854173,-1.4007664116275311,448.2662047032394,411.8730012293778,430.0696029663086,8.46216594310494,49388955.0,1.1620452386571045,366515200,6.750289870642587,0.014009382985913527,0.011872489540576164,0.010744092383137827,18.429502313572637,-94.7064611207112,0.8788306400073836,422.9529724121094,0.0033877211488408943,421.5249633789063,0.014922879254823052,415.32708740234375,0.010056676093509465,419.8787841796875,-0.005706356977933202
2024-04-26,427.4054870605469,428.942548052639,423.35952732013,424.05367120624175,41874900,0.015431706036585613,0.015313848212644733,421.62412719726564,423.0629677550728,421.64495239257815,423.94850145164355,429.4245269775391,427.3019854162582,432.80333923339845,428.2695024507982,48.85985078887872,53.90852188386092,-46.09147811613908,-3.741161748372974,-3.080192334357933,-0.6609694140150411,447.028800258797,411.82025369628116,429.4245269775391,8.19900689192758,49640720.0,0.843559481006722,408390100,6.84187075989791,0.008559422870091255,0.012698799218267796,0.011452686247133383,17.80100883695292,-26.647416692081,0.7246900798317786,420.9101257324219,-0.004829961752100043,422.9529724121094,0.0033877211488408943,421.5249633789063,0.014922879254823052,411.1918640136719,-0.020689114318998447
2024-04-29,429.1408996582031,430.1424860232728,426.3940121310616,429.5177353307269,30022200,0.004060342345137968,0.004052121400876793,424.3868896484375,425.0889450561163,421.8125396728516,424.89257385283616,428.8196136474609,427.47712010596723,432.7798126220703,428.3036748903043,50.54043735332923,59.17012206207237,-40.82987793792763,-3.1099403043337475,-3.086141928353096,-0.023798375980651265,445.56911232148144,412.0701149734404,428.8196136474609,7.811908849761956,49205380.0,0.6101405984467552,438412300,6.620913840777432,0.00858314953096137,0.011646157656223004,0.011492478862218155,17.02500449794843,-3.9175900237669063,0.732801562997651,427.4054870605469,0.015431706036585613,420.9101257324219,-0.004829961752100043,422.9529724121094,0.0033877211488408943,415.32708740234375,0.010056676093509465
2024-04-30,421.0489501953125,428.9524822520637,420.969630704574,427.55423790616953,43665900,-0.018856159991591626,-0.019036204264782437,424.29168701171875,423.7422801025151,421.1669647216797,424.19373318783187,428.00050048828126,426.86491344780967,432.67248596191405,428.0191758826576,43.38164151378949,34.63612778686376,-65.36387221313625,-3.225464311834628,-3.1140064050494027,-0.11145790678522527,444.58683921843004,411.4141617581325,428.00050048828126,7.7506165115350925,49175690.0,0.887957037308475,394746400,6.73165349169541,0.012696986306979933,0.013155000706860992,0.012048555235723818,17.014604117427133,-44.897304045942526,0.009936235224422774,429.1408996582031,0.004060342345137968,427.4054870605469,0.015431706036585613,420.9101257324219,-0.004829961752100043,421.5249633789063,0.014922879254823052
2024-05-01,418.0045471191406,426.5526824520506,417.1517339743829,419.6209578958545,52251700,-0.007230520524418083,-0.007256787430132659,423.302001953125,421.8297024413903,420.7385681152344,423.068426629888,426.98008117675784,426.02106903555546,432.5686444091797,427.62644534291184,41.02710449750316,28.968047006477153,-71.03195299352285,-3.5220755111172934,-3.195620226262981,-0.3264552848543123,443.3886665916919,410.57149576182377,426.98008117675784,7.685878633828527,49790785.0,1.0494251094856206,342494700,6.922317419264857,0.012842151195134944,0.012792184298427413,0.012065870472014753,17.449719209395628,-67.49867802406519,0.09071564925331994,421.0489501953125,-0.018856159991591626,429.1408996582031,0.004060342345137968,427.4054870605469,0.015431706036585613,422.9529724121094,0.0033877211488408943
2024-05-02,423.3396606445313,424.24207490316456,417.1219631527472,421.75299854433047,36559000,0.012763290643989178,0.012682526336191144,423.78790893554685,422.3330218424373,421.08465576171875,423.1177419052776,426.5615982055664,425.7656968078389,432.6053753662109,427.4583361390538,46.50643251058492,47.55826886005099,-52.44173113994901,-3.288732488460141,-3.2142426787024134,-0.07448980975772779,442.8931185133026,410.23007789783014,426.5615982055664,7.657285783079722,48755350.0,0.7498459143458103,379053700,6.936445585775751,0.014298166371452321,0.013349590243879932,0.01210817480648366,17.857207669454898,-52.2595123145831,0.8732584135821065,418.0045471191406,-0.007230520524418083,421.0489501953125,-0.018856159991591626,429.1408996582031,0.004060342345137968,420.9101257324219,-0.004829961752100043
2024-05-03,431.84814453125,432.8398046158384,429.0119809525339,430.81680956962015,48515300,0.020098480434752153,0.019899172081417393,424.6764404296875,425.50472940537486,423.15028381347656,424.7050878372726,426.3141784667969,426.34497754340185,432.56548095703124,427.63048548776743,53.86800047298568,95.7283189671014,-4.271681032898594,-2.3896959926974546,-3.0493333415014217,0.6596373488039671,442.16070489992086,410.4676520336729,426.3141784667969,7.4342009876916055,48443885.0,1.0014741798681093,427569000,7.119566899027988,0.015553864143928352,0.012201527752123272,0.01269540300630581,16.796873281636643,49.39700037690113,0.7409337075348986,423.3396606445313,0.012763290643989178,418.0045471191406,-0.007230520524418083,421.0489501953125,-0.018856159991591626,427.4054870605469,0.015431706036585613
2024-05-06,436.5783386230469,436.6675843963085,432.87943572819887,433.65292935952976,30227200,0.010953373660853138,0.010893819945000355,426.16392822265624,429.1959324779322,425.27540893554686,426.8638607074133,426.2968231201172,427.31958336051093,432.6457403564453,427.98138168915096,57.37954597018374,99.66997994248787,-0.33002005751213404,-1.280752246612451,-2.6956171225236276,1.4148648759111766,442.0975191192083,410.4961271210261,426.2968231201172,7.413001993983401,48548000.0,0.6226250308972563,457796200,6.955272110887309,0.016060840625107976,0.01224619152921081,0.012951342741837216,15.916944276134616,94.96603646037711,0.9764407943884131,431.84814453125,0.020098480434752153,423.3396606445313,0.012763290643989178,418.0045471191406,-0.007230520524418083,429.1408996582031,0.004060342345137968
2024-05-07,436.6477966308594,438.2840297962167,435.9139475542184,437.0246323231492,30996100,0.00015909632170840737,0.00015908366723078624,429.2836975097656,431.6798871955747,426.7876922607422,428.64275814803983,426.2021209716797,428.2079846243536,432.7319451904297,428.32124109862974,57.4307872165361,94.29067808944458,-5.709321910555412,-0.39178539938006907,-2.234850777894916,1.8430653785148468,441.7284394302013,410.67580251315803,426.2021209716797,7.285894506167105,48125625.0,0.6440664406955754,488792300,6.62775854882381,0.010829501804312172,0.011808504838980658,0.012922856280664462,15.318271179057817,112.16481785459463,0.3096302160347298,436.5783386230469,0.010953373660853138,431.84814453125,0.020098480434752153,423.3396606445313,0.012763290643989178,421.0489501953125,-0.018856159991591626
2024-05-08,436.3899841308594,437.7981549271884,433.9009073507243,434.019931995412,24896700,-0.0005904358203322468,-0.0005906101962030977,432.9607849121094,433.24991950733624,428.1313934326172,430.0513446903706,426.2859176635742,428.9872226725923,432.7921966552734,428.63766239401133,57.15610498380159,93.39109080186897,-6.608909198131024,0.28859714929927804,-1.7301611924560771,2.018758341755355,442.01189618095265,410.55993914619575,426.2859176635742,7.378136535014243,46295350.0,0.5377797122173177,463895600,6.432722050798118,0.008814333682467815,0.011882991410829997,0.012765260298511707,14.446184265635726,100.09063902403416,0.6386755604398845,436.6477966308594,0.00015909632170840737,436.5783386230469,0.010953373660853138,431.84814453125,0.020098480434752153,418.0045471191406,-0.007230520524418083
2024-05-09,437.3419189453125,437.9170987408149,434.8032715536724,436.6576710669421,24580100,0.002181385570406924,0.0021790098032523375,435.7612365722656,434.61391931999503,429.7745727539062,431.3769036458146,426.0702301025391,429.78290803189896,432.91763793945313,428.97900578818,57.955719460462355,96.61065466710667,-3.3893453328933263,0.8943093632431101,-1.2052670813162398,2.09957644455935,441.04759603598035,411.0928641690978,426.0702301025391,7.030468160066839,45250625.0,0.5431991270838801,488475700,6.195658131965572,0.008858114197254624,0.011559257718330279,0.012234113539672286,13.654469275541109,110.96885909190482,0.8152820432813604,436.3899841308594,-0.0005904358203322468,436.6477966308594,0.00015909632170840737,436.5783386230469,0.010953373660853138,423.3396606445313,0.012763290643989178
2024-05-10,438.3732604980469,440.6044957185327,436.8262731662219,438.8492682397871,27116600,0.0023582042060399377,0.002355428006208691,437.066259765625,435.86703304601235,430.87135009765626,432.6489685280386,426.2581512451172,430.60103683819875,432.98982482910156,429.34740793366495,58.85175050163514,91.40236839492111,-8.597631605078877,1.4409509155455567,-0.6760234819438806,2.1169743974894373,441.74527753269695,410.7710249575374,426.2581512451172,7.266547861825634,43923205.0,0.6173638740615581,515592300,6.022984161990231,0.004617883378830804,0.010825772827921827,0.011684045260758117,13.33185196578584,126.6509405455736,0.40944844046783113,437.3419189453125,0.002181385570406924,436.3899841308594,-0.0005904358203322468,436.6477966308594,0.00015909632170840737,431.84814453125,0.020098480434752153
2024-05-13,439.3847351074219,440.3863214728053,437.9666684555867,440.2871494121526,22994200,0.002307336465335208,0.002304678652080908,437.6275390625,437.0396003998156,431.89573364257814,433.8736533606537,426.85413665771483,431.4375795305057,432.9513177490234,429.7410286071456,59.75756146377997,95.29988936870883,-4.700110631291166,1.9334976741880041,-0.1541192507175037,2.087616924905508,443.36475194698795,410.3435213684417,426.85413665771483,7.735951872717882,41900235.0,0.5487845115904482,538586500,5.765603365935114,0.001395111742311748,0.010813499141368184,0.010984025898890193,13.032278749584517,120.36946773901936,0.5860619856175154,438.3732604980469,0.0023582042060399377,437.3419189453125,0.002181385570406924,436.3899841308594,-0.0005904358203322468,436.5783386230469,0.010953373660853138
2024-05-14,442.21099853515625,442.7465034838916,438.7699366421945,438.9583544896557,34478300,0.006432320474318187,0.006411721387075863,438.74017944335935,438.7633997782625,434.0119384765625,435.3895343014723,427.5894515991211,432.46361943571054,433.00082824707033,430.23004703569507,62.257661302833924,98.09386449827392,-1.906135501726074,2.522818881898729,0.38126837580574285,2.1415505060929863,445.4085329409438,409.7703702572984,427.5894515991211,8.334668348427208,41243200.0,0.8359753850331691,573064800,5.637815042775254,0.0025082637620962855,0.007832566299351376,0.011034656924735597,13.126519277466015,120.43692442648292,0.8653348553815935,439.3847351074219,0.002307336465335208,438.3732604980469,0.0023582042060399377,437.3419189453125,0.002181385570406924,436.6477966308594,0.00015909632170840737
2024-05-15,449.1228332519531,449.3707482659212,443.1728729167193,444.6901115916814,41464700,0.01563017369466757,0.015509280622355367,441.2867492675781,442.2165442694928,437.12376708984374,437.88649774701423,428.93116760253906,434.05021122773366,433.34643798828125,430.97094061280325,67.5647432296229,99.2312423147166,-0.7687576852834002,3.5071591345003412,1.0064465275446626,2.5007126069556787,448.8669687651572,408.99536643992093,428.93116760253906,9.295571256361237,40472410.0,1.0245176899522415,614529500,5.746524663345945,0.005791578592252217,0.007194830127295605,0.010937070184460846,14.118257754153904,146.84226985988144,0.9599999999845141,442.21099853515625,0.006432320474318187,439.3847351074219,0.002307336465335208,438.3732604980469,0.0023582042060399377,436.3899841308594,-0.0005904358203322468
2024-05-16,448.2105407714844,450.8979311561078,448.04194523953385,448.9344332726971,34780400,-0.002031276107391733,-0.0020333419467047148,443.4604736328125,444.21454310349,439.61085510253906,439.7635964787361,430.3477554321289,435.3988140414242,433.6195294189453,431.6470033641241,66.24077422333696,92.04348374454867,-7.956516255451328,4.165622791122416,1.6382817802602134,2.527341010862203,451.49861831075174,409.1968925535061,430.3477554321289,9.829661064403334,39883960.0,0.872039787423315,579749100,5.540057610005088,0.006683975413124732,0.007447118679109198,0.010810726819843424,15.223704141189119,139.64438514789853,0.05903234009881736,449.1228332519531,0.01563017369466757,442.21099853515625,0.006432320474318187,439.3847351074219,0.002307336465335208,437.3419189453125,0.002181385570406924
2024-05-17,447.9924011230469,448.9443863977975,445.7909143693281,448.3394579667014,35803700,-0.00048669013464530675,-0.0004868086067299099,445.3843017578125,445.473829110009,441.22528076171875,441.25974277770166,432.18778228759766,436.598203287293,433.7563446044922,432.2879993546701,65.9082047618528,91.39764097132068,-8.60235902867931,4.616640182149013,2.233953460637973,2.3826867215110394,452.7472879795978,411.6282765955975,432.18778228759766,9.514154048121096,37912595.0,0.9443748179200079,543945400,5.3695872113239655,0.007068646129244711,0.005674241569933514,0.00928489866541067,15.757734173689345,117.13015505023084,0.6981151993022483,448.2105407714844,-0.002031276107391733,449.1228332519531,0.01563017369466757,442.21099853515625,0.006432320474318187,438.3732604980469,0.0023582042060399377
2024-05-20,451.1160888671875,451.78048417088377,448.0221142717293,448.21053210724057,24474200,0.006972635554330919,0.006948439141112796,447.73057250976564,447.35458236240186,442.67905578613284,443.0518057030627,433.9772323608398,437.98085905680676,434.08299255371094,433.0263558061414,68.35804604958753,98.08302465258517,-1.9169753474148343,5.166573169726291,2.820477402455637,2.346095767270654,454.58510220787514,413.3693625138045,433.9772323608398,9.49721243896982,36745920.0,0.6660385697242034,568419600,5.256622628217746,0.007036079893597893,0.005230448959977567,0.009210197533169057,16.625338556859273,125.86096404329156,0.8232224816593853,447.9924011230469,-0.00048669013464530675,448.2105407714844,-0.002031276107391733,449.1228332519531,0.01563017369466757,439.3847351074219,0.002307336465335208
2024-05-21,451.9986572265625,452.1870750648368,449.0633518318087,449.2616959551704,23167700,0.0019564107358511773,0.001954499456792753,449.6881042480469,448.9026073171221,444.2141418457031,444.67850598006265,435.5009170532227,439.31588745392634,434.4595770263672,433.77036762655007,69.03509985829089,99.46266294901136,-0.5373370509886447,5.60895833487541,3.3781735889395916,2.2307847459358188,456.6985676245392,414.3032664819062,435.5009170532227,9.734836250058198,35685070.0,0.6492266934042724,591587300,5.104272671418486,0.007140502360950571,0.005140897705747818,0.00886417811931569,17.483946899772498,121.70356147939582,0.9396816477285639,451.1160888671875,0.006972635554330919,447.9924011230469,-0.00048669013464530675,448.2105407714844,-0.002031276107391733,442.21099853515625,0.006432320474318187
2024-05-22,451.909423828125,453.0101822957235,449.3013528761101,452.25651092198274,25120000,-0.0001974196095736458,-0.00019743909938992472,450.24542236328125,449.9048794874564,445.7660858154297,445.993218316074,436.94873962402346,440.5152718705167,434.71018676757814,434.48170316386677,68.87463388387188,95.41316262891144,-4.586837371088558,5.884518311856198,3.879442533522913,2.0050757783332847,458.47345251248424,415.4240267355627,436.94873962402346,9.85228285907492,34519055.0,0.727714011869676,566467300,5.004598153432407,0.0035044685312314323,0.005107777089650842,0.008903442115318702,18.393024817205788,113.77853721123134,0.703205959851461,451.9986572265625,0.0019564107358511773,451.1160888671875,0.006972635554330919,447.9924011230469,-0.00048669013464530675,449.1228332519531,0.01563017369466757
2024-05-23,449.8765563964844,456.7388278262186,448.0816539096593,456.7090792316384,40899200,-0.00449839575023725,-0.004508543977664949,450.57862548828126,449.8954384571324,447.01954956054686,446.69927978523947,438.3970611572266,441.40682277775176,434.98768127441406,435.08542289847924,65.15883160587813,71.23869962175702,-28.76130037824297,5.871186780050948,4.277791382828521,1.5933953972224275,459.29923774398907,417.4948845704641,438.3970611572266,9.535728424632913,33694405.0,1.2138276369622791,525568100,5.265496422227186,0.004187758412003473,0.0057032403511224974,0.008887696003529478,19.719041162748482,104.57076065731181,0.20733122657627312,451.909423828125,-0.0001974196095736458,451.9986572265625,0.0019564107358511773,451.1160888671875,0.006972635554330919,448.2105407714844,-0.002031276107391733
2024-05-24,454.1307373046875,455.4000609729843,449.7872613928874,451.49291790932347,29669500,0.00945632940351282,0.009411898205028194,451.80629272460936,451.3072047396508,448.5952972412109,448.05045387968454,439.7333236694336,442.61862416126945,435.3722448730469,435.8322979732325,68.93581314962742,88.5799999858584,-11.420000014141607,6.133198595045371,4.648872825271891,1.4843257697734806,461.066522418242,418.4001249206252,439.7333236694336,9.702789213603232,33084135.0,0.8967893523587666,555237600,5.290303790646453,0.005582586356913815,0.006066176123809827,0.008555125710022683,20.950342055038124,104.35227485946774,0.7738519520855093,449.8765563964844,-0.00449839575023725,451.909423828125,-0.0001974196095736458,451.9986572265625,0.0019564107358511773,447.9924011230469,-0.00048669013464530675
2024-05-28,455.8462829589844,455.9057801407355,452.88122910382384,455.3504529356833,26216800,0.0037776470812762586,0.0037705296915671502,452.75233154296876,452.820230812762,450.2414520263672,449.46787734864813,441.06859283447267,443.8784011896233,435.89451171875,436.6171601295365,70.332515565677,96.09182951577424,-3.90817048422577,6.405437150782177,5.000185690373948,1.4052514604082287,462.9194325439747,419.2177531249706,441.06859283447267,9.908136768061556,32893865.0,0.7970118440019134,581454400,5.128464308236824,0.005142170197138176,0.006050396521856944,0.008553640101789295,22.161138588547374,105.22843790570204,0.980328590550121,454.1307373046875,0.00945632940351282,449.8765563964844,-0.00449839575023725,451.909423828125,-0.0001974196095736458,451.1160888671875,0.006972635554330919
2024-05-29,452.6333618164063,454.41833798326735,451.5425295975173,451.6813765449514,29739200,-0.007048255656977975,-0.0070732119455523355,452.8792724609375,452.75794114731013,451.2836883544922,450.0434199791496,442.64781341552737,444.7122069636026,436.27054931640623,437.2452464701981,64.48483109442546,81.2839667305335,-18.716033269466493,6.2894316300764785,5.258034878314454,1.0313967517620242,462.9966463913275,422.29898043972725,442.64781341552737,9.194141418562948,32197530.0,0.9236484910488475,551715200,5.069556383467558,0.006580297604056738,0.006826290302858064,0.007273130294527767,22.882094088338597,81.8909670308354,0.379313247800614,455.8462829589844,0.0037776470812762586,454.1307373046875,0.00945632940351282,449.8765563964844,-0.00449839575023725,451.9986572265625,0.0019564107358511773
2024-05-30,447.78411865234375,451.8400352069915,446.45529771251273,451.7011882628128,30536800,-0.010713402000689154,-0.010771203697808148,452.05421142578126,451.1000003156547,451.1498168945312,449.6326379197303,444.1367919921875,445.00476998157797,436.5279840087891,437.65853557538026,56.80778395765613,55.02983255149883,-44.97016744850117,5.740035466805466,5.354434996012657,0.38560047079280935,461.1375268650165,427.1360571193585,444.1367919921875,7.655630057835003,31111785.0,0.9815187396030154,521178400,5.1487355063551306,0.008247563653805013,0.00618635939543289,0.0075824328903829966,22.19566136588463,43.1163454450066,0.24677543541701802,452.6333618164063,-0.007048255656977975,455.8462829589844,0.0037776470812762586,454.1307373046875,0.00945632940351282,451.909423828125,-0.0001974196095736458
2024-05-31,446.95111083984375,448.7063685680924,439.36491720141737,448.0121943996343,55941300,-0.0018602888709118304,-0.0018620213572035128,451.4691223144531,449.7170371570511,451.0238739013672,449.1450875415691,445.31736450195314,445.1901357776033,436.66562622070313,438.0229502916337,55.58360986369131,47.86046297003394,-52.13953702996606,5.177732602085314,5.319094517227189,-0.14136191514187502,459.4074292310412,431.2272997728651,445.31736450195314,6.328100295323767,32080900.0,1.743757188856921,465237100,5.448215210663695,0.008115527030330121,0.006181219126290053,0.0073407475909852285,21.096350527170785,1.0572004436180402,0.8121001052800416,447.78411865234375,-0.010713402000689154,452.6333618164063,-0.007048255656977975,455.8462829589844,0.0037776470812762586,449.8765563964844,-0.00449839575023725
2024-06-03,449.3509521484375,451.7805012690849,444.16455885925086,450.7789451331645,32997500,0.0053693597585746655,0.005354996139152809,450.51316528320314,449.5950088208466,451.15972900390625,449.18251747009066,446.1925048828125,445.58640400339704,436.80961547851564,438.4671856585672,58.367102684321154,58.88518884042456,-41.11481115957544,4.869616757168615,5.229198965215474,-0.35958220804685936,458.93755999691797,433.44744976870703,446.1925048828125,5.712805560215681,31305010.0,1.0540645091632297,498234600,5.603052867747289,0.006875160621922018,0.0064301781742446655,0.006150218493695593,19.686489352256466,31.185357445569714,0.6809916632801287,446.95111083984375,-0.0018602888709118304,447.78411865234375,-0.010713402000689154,452.6333618164063,-0.007048255656977975,454.1307373046875,0.00945632940351282
2024-06-04,450.5806274414063,451.7805277756861,447.3676581687935,449.09313718363126,23767400,0.002736558779033338,0.0027328212192065074,449.4600341796875,449.92354836103317,451.10618286132814,449.43671928305713,446.89261932373046,446.06204433082644,436.96808349609375,438.94222259122756,59.75869340966269,64.55489775559528,-35.44510224440472,4.670815001676829,5.117522172507746,-0.4467071708309174,458.96906227204204,434.8161763754189,446.89261932373046,5.404628506322843,30982020.0,0.7671352610320438,522002000,5.518039777686238,0.006665406269464574,0.006072935139498699,0.005784678693901416,18.377337547755072,44.07042828863763,0.7280906889978249,449.3509521484375,0.0053693597585746655,446.95111083984375,-0.0018602888709118304,447.78411865234375,-0.010713402000689154,455.8462829589844,0.0037776470812762586
2024-06-05,459.6642150878906,459.7435345818929,450.620279618369,454.1605135166423,33817400,0.02015973855348574,0.019959221459659695,450.8662048339844,453.1704372699857,451.87273864746095,451.29626397484503,448.043440246582,447.35748916483254,437.3403527832031,439.75484974795944,68.21143297974824,99.61077097370564,-0.3892290262943556,5.186446657900831,5.131307069586363,0.05513958831446786,460.3793379589045,435.7075425342595,448.043440246582,5.506563249997988,31123085.0,1.0865696636435622,555819400,5.7783874464576925,0.011310657950113611,0.008851208657256311,0.007102080751551835,18.477446581787326,126.89341458717296,0.9913057900476816,450.5806274414063,0.002736558779033338,449.3509521484375,0.0053693597585746655,446.95111083984375,-0.0018602888709118304,452.6333618164063,-0.007048255656977975
2024-06-06,459.5054931640625,460.6657486894201,458.3353416175047,460.3484102236568,21966800,-0.00034529971796426473,-0.0003453593476390128,453.2104797363281,455.28212256801135,452.63234558105466,452.7888511001573,449.1992156982422,448.514441926664,437.7380072021484,440.52938478388506,67.94287779315775,94.5530035951361,-5.446996404863897,5.518665190558352,5.2087786937807605,0.30988649677759117,461.2800363789184,437.118395017566,449.1992156982422,5.378825366779674,30976590.0,0.7091419681766133,533852600,5.532103133990388,0.008810339227626455,0.0088548875028831,0.007096502225551253,18.70082439991737,159.9927535118935,0.5021232387291931,459.6642150878906,0.02015973855348574,450.5806274414063,0.002736558779033338,449.3509521484375,0.0053693597585746655,447.78411865234375,-0.010713402000689154
2024-06-07,459.0989685058594,461.8557824759205,457.9883139946212,459.1386433849938,25829700,-0.0008847003229578432,-0.0008850919012585651,455.6400512695312,456.55440454729404,453.55458679199216,453.93614517392126,450.28706817626954,449.52249207706353,438.0975830078125,441.25760375337427,67.21297645968713,87.7425170778717,-12.2574829221283,5.683630276851545,5.3037490103949185,0.3798812664566267,461.80637632111194,438.76776003142714,450.28706817626954,5.116428589209693,31039070.0,0.8321673297556917,508022900,5.413200658798166,0.008623375395440778,0.008644917669259457,0.007139189644521497,19.079931414481226,152.18013524484365,0.28717868460464774,459.5054931640625,-0.00034529971796426473,459.6642150878906,0.02015973855348574,450.5806274414063,0.002736558779033338,446.95111083984375,-0.0018602888709118304
2024-06-10,460.953369140625,461.310382527494,457.6809027868318,457.9684927008283,20660800,0.004039217602254119,0.004031081863489333,457.9605346679688,458.0207260784044,454.2368499755859,455.2120040769583,451.41607360839845,450.611147035498,438.51051025390626,442.02998670973705,68.85654696783385,95.98764509821459,-4.012354901785408,5.896035107041428,5.422206229724221,0.4738288773172066,462.4597179184274,440.3724292983695,451.41607360839845,4.892889268098698,30716280.0,0.6726335350504683,528683700,5.285792021788458,0.008645321259204761,0.008292836147935474,0.0071478857664994955,19.357047718447237,144.58458182016025,0.9016351068282725,459.0989685058594,-0.0008847003229578432,459.5054931640625,-0.00034529971796426473,459.6642150878906,0.02015973855348574,449.3509521484375,0.0053693597585746655
2024-06-11,464.1167907714844,464.2358154151436,458.17675592342266,459.6741724930278,22053300,0.006862780147929293,0.0068393384612319775,460.6677673339844,460.0527476427644,455.06390075683595,456.83105620323573,452.6526763916016,451.89739881987765,438.96806274414064,442.89613588862915,71.48277152738918,99.52143005597799,-0.47856994402201547,6.247610587207021,5.587287101220781,0.6603234859862397,463.568552716435,441.7368000667681,452.6526763916016,4.8230693837275975,30669235.0,0.7190691257868023,550737000,5.3410254124979195,0.008554874598857657,0.00844207611007634,0.007212418367652279,20.05327814788104,158.62183208049842,0.9803559209280133,460.953369140625,0.004039217602254119,459.0989685058594,-0.0008847003229578432,459.5054931640625,-0.00034529971796426473,450.5806274414063,0.002736558779033338
2024-06-12,470.1956481933594,472.526055569347,467.3595147260773,468.0536586645621,34532600,0.013097689079014652,0.013012656035523472,462.7740539550781,463.43371449296274,456.82012939453125,459.2609820196218,454.0519088745117,453.6400892363997,439.6233514404297,443.9667049986186,75.71984596109436,92.97247473795592,-7.027525262044077,6.936786719711847,5.857187024918995,1.0795996947928526,466.34297857612984,441.76083917289355,454.0519088745117,5.413949137262664,30671950.0,1.1258690758168295,585269600,5.5601853685954,0.005748319073371402,0.008491211368755821,0.007537402074151642,21.6911141926532,226.85311120573172,0.5489424265215515,464.1167907714844,0.006862780147929293,460.953369140625,0.004039217602254119,459.0989685058594,-0.0008847003229578432,459.6642150878906,0.02015973855348574
2024-06-13,472.7442321777344,474.400317958904,470.46342591741177,473.7358923366688,25859000,0.005420262807976695,0.005405626049752736,465.4218017578125,466.53722038788663,459.31614074707034,461.7124820483695,455.2329788208008,455.4595314212887,440.3099774169922,445.0952354762309,77.24626294327082,95.27310735609115,-4.7268926439088546,7.60099367447674,6.205948354830544,1.3950453196461963,469.7420147065442,440.7239429350574,455.2329788208008,6.374334268719481,29891665.0,0.8650906531971371,611128600,5.463362825520345,0.005056489451481764,0.006777194630363159,0.006968330935567452,23.397243436387612,205.99400117651476,0.5793418351904214,470.1956481933594,0.013097689079014652,464.1167907714844,0.006862780147929293,460.953369140625,0.004039217602254119,459.5054931640625,-0.00034529971796426473
2024-06-14,475.193603515625,475.2630269854355,472.07977628993007,472.5458577452709,23372600,0.0051811765668876575,0.005167800454352499,468.64072875976564,469.4226814304661,462.14039001464846,464.163595042416,456.58213195800784,457.33896685884457,441.1796630859375,446.27556363463856,78.6363366911627,99.80660967881548,-0.1933903211845301,8.230154173973574,6.61078951865915,1.619364655314424,473.10646692173566,440.05779699428,456.58213195800784,7.238274915781233,29321275.0,0.7971208618997639,634501200,5.300497673376421,0.0035964823791665487,0.006279709717364361,0.006902953015381384,25.067238530617125,181.36511359939857,0.9781910139825527,472.7442321777344,0.005420262807976695,470.1956481933594,0.013097689079014652,464.1167907714844,0.006862780147929293,459.0989685058594,-0.0008847003229578432
2024-06-17,481.0146484375,482.7996245224885,474.1523774535477,475.46134579310905,37054500,0.012249838547508052,0.012175416431487045,472.6529846191406,473.28667043281075,465.3067596435547,467.22742293243124,458.23324432373045,459.5937936758594,442.0640252685547,447.63788068573115,81.52502088649783,95.89043832667298,-4.10956167332701,9.093652118355976,7.107362038598516,1.9862900797574605,477.38479347666396,439.08169517079693,458.23324432373045,8.358865006050682,29383815.0,1.2610513645011718,671555700,5.5395512016310215,0.0038197007650720587,0.00655395633386593,0.007152237645758313,27.27118890189514,188.73736691518087,0.7935786880105308,475.193603515625,0.0051811765668876575,472.7442321777344,0.005420262807976695,470.1956481933594,0.013097689079014652,460.953369140625,0.004039217602254119
2024-06-18,481.1634216308594,481.8476695678094,479.3982677423815,480.9651077551038,24438600,0.0003092903591244145,0.0003092425387212965,476.06231079101565,475.91225416549366,468.3650390625,469.76124087759996,459.73561096191406,461.64804395728794,442.94878479003904,448.95260778161855,81.59352291506585,96.23295978597426,-3.767040214025725,9.678418430737224,7.621573317026257,2.056845113710967,481.01426784631064,438.4569540775175,459.73561096191406,9.256910440274495,29382035.0,0.8317531443958868,695994300,5.318826246187942,0.005361792105662658,0.006764850275817946,0.0071413952586506626,29.3177142466533,167.60602622327212,0.7206469228859296,481.0146484375,0.012249838547508052,475.193603515625,0.0051811765668876575,472.7442321777344,0.005420262807976695,464.1167907714844,0.006862780147929293
2024-06-20,477.45458984375,482.77979974185206,475.6200126050373,482.3633194469185,33918700,-0.0077080501558880465,-0.00773791071793454,477.51409912109375,476.4263660582458,470.1440765380859,471.16003159871815,461.00840759277344,463.1534292798081,443.7270397949219,450.0703325683688,74.20666840823253,87.69409302282669,-12.305906977173313,9.730412083565739,8.043341070334154,1.6870710132315843,483.3046302695447,438.7121849160022,461.00840759277344,9.672805228518254,29919585.0,1.1336621146316033,662075600,5.450323452661286,0.00738302137360266,0.00628545766753375,0.007549111610945423,30.206446672578743,128.19486619820572,0.25623348901727966,481.1634216308594,0.0003092903591244145,481.0146484375,0.012249838547508052,475.193603515625,0.0051811765668876575,470.1956481933594,0.013097689079014652
2024-06-21,476.1753540039063,478.5156876477148,474.6779677863536,477.176940419479,37456800,-0.0026792827361076244,-0.0026828784381352543,478.2003234863281,476.342695373466,471.8110626220703,472.0719083996614,462.2217041015625,464.39361258686506,444.55626586914065,451.09405889917423,71.7924271811628,82.85425324154329,-17.14574675845672,9.558212660995821,8.346315388466488,1.2118972725293329,485.0401646884861,439.403243514639,462.2217041015625,9.87338343675429,30536425.0,1.2266268890349803,624618800,5.335137481854139,0.007628534387618097,0.006497173527876989,0.007620522046291182,30.79061950186703,97.89062139828003,0.3901760085694729,477.45458984375,-0.0077080501558880465,481.1634216308594,0.0003092903591244145,481.0146484375,0.012249838547508052,472.7442321777344,0.005420262807976695
2024-06-24,470.7542724609375,476.6838944372882,470.6152351395036,474.94573089678033,37751000,-0.01138463277737034,-0.011449933800969871,477.3124572753906,474.47988773595654,472.9765930175781,471.8323382289843,463.26558990478514,464.9993897177291,445.13823791503904,451.8650476663022,62.51101083546422,66.00428002976227,-33.995719970237744,8.881922133776982,8.453436737528587,0.4284853962483943,485.63529628340683,440.89588352616346,463.26558990478514,9.657400362163452,30379015.0,1.242667018664035,586867800,5.387531897277741,0.009074433720406078,0.007979741477881285,0.008100752225081678,30.348881132376086,64.49823754908714,0.02291071464208599,476.1753540039063,-0.0026792827361076244,477.45458984375,-0.0077080501558880465,481.1634216308594,0.0003092903591244145,475.193603515625,0.0051811765668876575
2024-06-25,476.1376037597656,476.4355625136695,471.9064075873392,472.84999415997686,29014700,0.011435544218613147,0.011370652628005245,476.33704833984376,475.0324597438929,474.49501647949216,472.6151137800355,464.3659332275391,466.06017200744685,445.9686932373047,452.8169126111439,67.06454995381915,79.29721446296432,-20.702785537035673,8.680285931061576,8.498806576235186,0.18147935482639,486.99355757225305,441.7383088828251,464.3659332275391,9.745600495472374,30346275.0,0.9561206441317757,615882500,5.40851462266733,0.008760152926428118,0.008462441716802653,0.008204182752826555,29.938695503563064,69.81940117094463,0.9342131680536936,470.7542724609375,-0.01138463277737034,476.1753540039063,-0.0026792827361076244,477.45458984375,-0.0077080501558880465,481.0146484375,0.012249838547508052
2024-06-26,477.1208801269531,477.6671782369132,474.8960406845145,475.3131829243897,22737100,0.002065109664565856,0.0020629802567390114,475.5285400390625,475.7285998715797,475.79542541503906,473.4343440249296,465.4296630859375,467.11357278073314,446.96181030273436,453.7700093764698,67.83308543699306,77.39238303884612,-22.60761696115388,8.501826212572325,8.499410503502613,0.002415709069712335,488.3535402575806,442.50578591429434,465.4296630859375,9.850630069278782,30172290.0,0.7535755489556809,638619600,5.220130546219569,0.008910048911635413,0.008372172143525293,0.00819799038465298,29.739949378540608,72.67235262914606,0.8028614243390899,476.1376037597656,0.011435544218613147,470.7542724609375,-0.01138463277737034,476.1753540039063,-0.0026792827361076244,481.1634216308594,0.0003092903591244145
2024-06-27,478.3525085449219,479.832451208404,476.0581351712482,476.87259619260544,26222100,0.0025813760605928326,0.0025780500320005365,475.7081237792969,476.60323609602716,476.6111114501953,474.3285557558373,466.71562042236326,468.18394761541776,447.9787664794922,454.7340289517032,68.81469570092501,82.2956119170116,-17.704388082988398,8.363369996812366,8.472202402164564,-0.10883240535219763,489.509047571684,443.9221932730425,466.71562042236326,9.767587006705876,29996435.0,0.8741738809961918,664841700,5.116858081286444,0.008331772232748096,0.007555410517788146,0.007896352370394485,29.86853301401374,74.80645416373237,0.6078911651876031,477.1208801269531,0.002065109664565856,476.1376037597656,0.011435544218613147,470.7542724609375,-0.01138463277737034,477.45458984375,-0.0077080501558880465
2024-06-28,475.8694458007813,483.9047544228724,475.2238482454163,479.1471438922123,34881600,-0.0051908638499538196,-0.005204383188700012,475.6469421386719,476.35863933094527,476.9236328125,474.6087175821907,468.11988677978513,468.91589982354765,449.0503851318359,455.5628688281376,64.53865092355791,69.3587779033657,-30.6412220966343,7.961504765595407,8.370062874850733,-0.4085581092553259,489.49114357855836,446.7486299810119,468.11988677978513,9.13067673573406,30213675.0,1.1544970944448167,629960100,5.371432945298559,0.008634322222669228,0.0077254333895391755,0.007484895597492917,30.519225413569696,70.84294755406422,0.074369834457391,478.3525085449219,0.0025813760605928326,477.1208801269531,0.002065109664565856,476.1376037597656,0.011435544218613147,476.1753540039063,-0.0026792827361076244
2024-07-01,478.6604309082031,479.2265525389148,473.0387100492218,476.7931418929245,24898300,0.00586502271169187,0.005847890420865821,477.228173828125,477.1259031900313,477.2703155517578,475.34539273237476,469.7053527832031,469.84395040303866,450.22601806640625,456.46865557637545,67.0193536390108,79.61627868261336,-20.383721317386648,7.778566376309868,8.25176357514256,-0.4731971988326915,489.18028555619816,450.2304200102081,469.7053527832031,8.292404017794478,28661525.0,0.868701159481221,654858400,5.429747912755306,0.006059897650311046,0.007772528949301451,0.007415941607638728,30.537000016288406,57.802236434409814,0.9085106591278774,475.8694458007813,-0.0051908638499538196,478.3525085449219,0.0025813760605928326,477.1208801269531,0.002065109664565856,470.7542724609375,-0.01138463277737034
2024-07-02,483.6861877441406,483.74577949274527,477.03149291242784,477.1606184714592,26723600,0.010499628779428782,0.010444890498214152,478.737890625,479.31266470806776,477.5374694824219,476.86190091633216,471.42211456298827,471.16225872123886,451.6759045410156,457.53600977903295,70.9590194259995,98.6789754470944,-1.3210245529056015,7.947509022598979,8.190912664633844,-0.2434036420348651,489.41423357880853,453.429995547168,471.42211456298827,7.6331247347185185,28347830.0,0.9427035508538043,681582000,5.521500674724029,0.0057545141810377695,0.007499834685126174,0.0075725700824212806,31.128507231995087,89.40943394281882,0.991124634316556,478.6604309082031,0.00586502271169187,475.8694458007813,-0.0051908638499538196,478.3525085449219,0.0025813760605928326,476.1376037597656,0.011435544218613147
2024-07-03,487.71875,487.847875565811,482.9313438696424,482.9313438696424,18064900,0.008337145773516408,0.008302583739960354,480.8574645996094,482.1146931387119,478.19300231933596,478.83587347699904,473.27902069091795,472.7390674144542,453.12373779296877,458.71964665044345,73.6761693298008,99.25723523940884,-0.7427647605911577,8.310987469331678,8.214927625573411,0.09605984375826715,489.8972785247956,456.6607628570403,473.27902069091795,7.022604893670299,28062705.0,0.6437333820813068,699646900,5.478288604827216,0.006126647489614886,0.007887360309662243,0.0076377361759549685,32.123788493271036,130.00882858647967,0.973736452058466,483.6861877441406,0.010499628779428782,478.6604309082031,0.00586502271169187,475.8694458007813,-0.0051908638499538196,477.1208801269531,0.002065109664565856
2024-07-05,492.8041076660156,493.2411340464325,488.2650106714653,488.5629997369305,28495900,0.01042682420148,0.010372839802976937,483.74778442382814,485.6778313144799,479.7279541015625,481.3755524204566,474.9360153198242,474.6500236288886,454.54932067871096,460.0562921804659,76.64391982320859,98.0684684298531,-1.9315315701468996,8.906721479652447,8.353286396389219,0.5534350832632278,492.38185111487064,457.4901795247778,474.9360153198242,7.34660469297041,27796630.0,1.0251566466870266,728142800,5.481438279227591,0.006529903517354437,0.007646225804641045,0.006819897632715011,33.543446849309674,173.3152207096973,0.9121753325678039,487.71875,0.008337145773516408,483.6861877441406,0.010499628779428782,478.6604309082031,0.00586502271169187,478.3525085449219,0.0025813760605928326
2024-07-08,493.9761352539063,494.5323451541408,492.1485841086832,493.17161627995387,22109400,0.002378282911320584,0.00237545927257247,487.36912231445314,488.4439326276221,481.5080322265625,483.66656748108375,476.65954742431643,476.4906056884141,455.9697839355469,461.3864821049146,77.2796806193125,97.67442680200878,-2.3255731979912295,9.365458628884767,8.555720842888329,0.8097377859964379,494.4741472106665,458.84494763796636,476.65954742431643,7.474768892226441,27803760.0,0.7951946067726092,750252200,5.260175619672589,0.0034340214363968156,0.007376983077709744,0.006765864764237538,34.969798361900985,182.30630243295357,0.7666670904908672,492.8041076660156,0.01042682420148,487.71875,0.008337145773516408,483.6861877441406,0.010499628779428782,475.8694458007813,-0.0051908638499538196
2024-07-09,494.4032287597656,496.6181566504467,492.88357841286194,495.49579476663,25614500,0.000864603521058438,0.0008642299667362063,490.51768188476564,490.43036467166996,483.8729278564453,485.6186877135713,478.42476043701174,478.1965697904476,457.43964599609376,462.68125648353623,77.51982000065503,91.4820037058185,-8.5179962941815,9.652209340244895,8.775018542359643,0.8771907978852518,495.92301511293863,460.92650576108485,478.42476043701174,7.314945263260748,27793000.0,0.9216169539092577,775866700,5.151204378094886,0.004569964991609958,0.005325358014433354,0.006715342685168951,36.46692098069932,176.60210798007455,0.4069135120987044,493.9761352539063,0.002378282911320584,492.8041076660156,0.01042682420148,487.71875,0.008337145773516408,478.6604309082031,0.00586502271169187
2024-07-10,499.55810546875,500.1143153546077,495.01903875500045,496.3300875938562,28046900,0.010426462468531295,0.010372481802768715,493.6920654296875,493.4729449373633,486.21497802734376,488.15312730542195,480.354997253418,480.2310017598097,458.8826983642578,464.12740742413285,80.23514922222141,98.11448397101918,-1.885516028980821,10.178090126896223,9.055632859266959,1.1224572676292635,498.2312220146412,462.47877249219476,480.354997253418,7.442922365099233,28162305.0,0.9959021465039882,803913600,5.1911959650054,0.004554050844544334,0.005196308287067117,0.0068805420450128996,38.1272069450913,181.94846038759425,0.890838137032707,494.4032287597656,0.000864603521058438,493.9761352539063,0.002378282911320584,492.8041076660156,0.01042682420148,483.6861877441406,0.010499628779428782
2024-07-11,488.6027526855469,499.875991373456,487.4108872466256,499.6674202260992,49966600,-0.021930087137558063,-0.022174125957870328,493.8688659667969,491.8495475200912,487.3631652832031,488.23487737453553,481.5792953491211,481.02831137178464,460.0719354248047,465.0872248853648,62.8580782034032,60.97653694583097,-39.02346305416903,9.600184081004045,9.164543103614378,0.4356409773896672,498.14531516043564,465.0132755378065,481.5792953491211,6.879872108831016,29557970.0,1.690461151425487,753947000,5.710760833707185,0.013264839685901293,0.009964785573639263,0.008959579012872015,37.75899677184343,104.012378606916,0.09561616387514295,499.55810546875,0.010426462468531295,494.4032287597656,0.000864603521058438,493.9761352539063,0.002378282911320584,487.71875,0.008337145773516408
2024-07-12,491.4732055664063,496.24072780150505,488.7120097956045,489.1788320807586,37109400,0.005874819298668177,0.005857629838231632,493.602685546875,491.72410020219627,488.67523498535166,488.823664318512,482.64317321777344,482.0230631998438,461.48042053222656,466.1219692257978,64.99714394257538,70.70718908796017,-29.292810912039837,9.266986877926286,9.185031858476759,0.0819550194495271,498.87789142522627,466.4084550103206,482.64317321777344,6.727420632189306,29686810.0,1.2500298954316749,791056400,5.848418996725113,0.0125441080818822,0.010024742483039353,0.008655082915884908,37.41708732525611,91.0358133303141,0.3667551060620248,488.6027526855469,-0.021930087137558063,499.55810546875,0.010426462468531295,494.4032287597656,0.000864603521058438,492.8041076660156,0.01042682420148
2024-07-15,492.7941589355469,497.62130286804535,490.7480946872657,493.251039123013,31151400,0.002687742392015524,0.0026841368714612948,493.3662902832031,492.08078644664647,490.36770629882824,489.54557243070013,483.6456695556641,483.0488818413394,462.97621276855466,467.16793744970954,65.96846552864787,74.04927554550899,-25.950724454491013,9.005703447663791,9.149166176314164,-0.14346272865037335,499.787440682499,467.5038984288292,483.6456695556641,6.675040072896629,29951430.0,1.0400638633948363,822207800,5.921618224157582,0.012562468954185516,0.009632795758064288,0.00862393427248153,37.26254589308211,92.28206740127482,0.2976869308241048,491.4732055664063,0.005874819298668177,488.6027526855469,-0.021930087137558063,499.55810546875,0.010426462468531295,493.9761352539063,0.002378282911320584
2024-07-16,492.98291015625,495.068712485088,489.81448387875247,494.2542514301147,25950600,0.0003830224390459769,0.0003829491046767789,493.0822265625,492.3814943498477,491.7999542236329,490.1705429262546,484.53513488769534,483.99497977609275,464.36907775878905,468.1802893205543,66.11316851256242,73.66114213173617,-26.338857868263826,8.713422185745912,9.062017378200515,-0.3485951924546029,500.6764331360145,468.39383663937616,484.53513488769534,6.662591455647639,30080330.0,0.8627099503230184,848158400,5.873947537170291,0.0125520445977448,0.009641955258561428,0.00860084137871281,36.885377537572694,73.20944413081278,0.6030240621081389,492.7941589355469,0.002687742392015524,491.4732055664063,0.005874819298668177,488.6027526855469,-0.021930087137558063,494.4032287597656,0.000864603521058438
2024-07-17,478.5114440917969,485.4938941085194,478.44194058688345,484.97742214156807,56268800,-0.029354904128150006,-0.02979438124009231,488.8728942871094,487.7581442638308,491.2824798583985,488.050706774535,484.4099746704102,483.4727382823503,465.30234375,468.5854326449168,48.93364931179269,20.21278557154345,-79.78721442845655,7.230709691230004,8.695755840806413,-1.465046149576409,500.6966887040311,468.12326063678927,484.4099746704102,6.724351225303442,31041045.0,1.8127224776098871,791889600,6.493020539470024,0.016015603376513747,0.013613929867597702,0.010727737664739653,34.26445921528184,-33.27806421614962,0.009855922149685175,492.98291015625,0.0003830224390459769,492.7941589355469,0.002687742392015524,491.4732055664063,0.005874819298668177,499.55810546875,0.010426462468531295
2024-07-18,476.2468566894531,482.42478759582406,473.0486346386727,482.2460123391684,49347400,-0.004732566859799725,-0.004743800912291101,486.40171508789064,483.92104840570494,490.13529052734384,485.904552213611,484.16414642333984,482.7845590830268,466.0957141113281,468.8858806466634,46.880699389828074,11.848845497807499,-88.1511545021925,5.8059882609666715,8.117802324838465,-2.3118140638717932,500.78445344851826,467.5438393981614,484.16414642333984,6.86556703876461,32286485.0,1.5284228060131042,742542200,6.698958569304405,0.014138324314108967,0.013241203718296261,0.010774139546473228,32.587172387213656,-62.56288015705052,0.3411017360064479,478.5114440917969,-0.029354904128150006,492.98291015625,0.0003830224390459769,492.7941589355469,0.002687742392015524,488.6027526855469,-0.021930087137558063
2024-07-19,472.025634765625,478.4320213678309,470.73443963101306,475.90919254373387,42042900,-0.008863516608112021,-0.008903031237107001,482.5122009277344,479.9559105256783,488.05744323730477,483.3811126776135,483.89269866943357,481.75989962422665,466.80327087402344,469.0090082591717,43.239184993276304,4.394828442296628,-95.60517155770337,4.286852761726038,7.35161241221598,-3.0647596504899415,501.10911331455475,466.6762840243124,483.89269866943357,7.115798478655036,32692695.0,1.286002882295265,700499300,6.770288795555364,0.012766692444747301,0.01256960450249435,0.010818071877755105,31.336717807498047,-88.79865022432281,0.16774036038088824,476.2468566894531,-0.004732566859799725,478.5114440917969,-0.029354904128150006,492.98291015625,0.0003830224390459769,491.4732055664063,0.005874819298668177
2024-07-22,479.0577697753906,480.08080201661727,474.4789343811228,477.9056119572144,40300000,0.014897782009778648,0.014787900042893602,479.7649230957031,479.65653027558244,486.56560668945315,482.5950503317548,484.0368194580078,481.5025539243375,467.65662658691406,469.40307733823914,50.181611945533675,28.330038638295516,-71.66996136170448,3.6087618982940626,6.603042309431596,-2.9942804111375336,501.03933914688713,467.0342997691285,484.0368194580078,7.025300144694616,32834855.0,1.2273542855602682,740799300,6.862065828086571,0.016059516804974222,0.01385800488353317,0.011334676705161518,29.88255216877911,-54.324586939598575,0.8173765772639351,472.025634765625,-0.008863516608112021,476.2468566894531,-0.004732566859799725,478.5114440917969,-0.029354904128150006,492.7941589355469,0.002687742392015524
2024-07-23,477.3692321777344,481.1534601075388,476.892498146368,478.1538973525805,23282500,-0.003524705587069188,-0.003530931996953632,476.6421875,478.89409757629977,484.86220703125,481.64490157647833,484.36756744384763,481.1089042341849,468.4571728515625,469.71547556723897,48.64312992135678,22.582779481919285,-77.41722051808071,2.9016704801420588,5.862767943573689,-2.9610974634316305,500.5618328465239,468.1733020411714,484.36756744384763,6.686767030310567,32111430.0,0.7250533532763879,717516800,6.676272694735447,0.015792435496065873,0.01379224685219294,0.011038297302423882,28.3390960264553,-53.4505155095937,0.11188413219821482,479.0577697753906,0.014897782009778648,472.025634765625,-0.008863516608112021,476.2468566894531,-0.004732566859799725,492.98291015625,0.0003830224390459769
2024-07-24,460.245849609375,470.9827317756404,459.3817388630185,470.6152391879869,58818600,-0.035870310472762124,-0.03652946071570058,472.98906860351565,472.6780149206582,480.9309814453125,477.7541648551868,483.57297973632814,479.1219466508697,468.8946246337891,469.3441176865384,36.44171631088381,2.121424227939386,-97.87857577206061,0.9486461672461814,4.879943588308188,-3.9312974210620064,502.6138239203834,464.53213555227285,483.57297973632814,7.875065391138046,33601625.0,1.7504689133338045,658698200,7.4842170247340505,0.018246818760667638,0.016191859111219464,0.01343720228446999,28.870840782499183,-170.4530157036928,0.07448593002836106,477.3692321777344,-0.003524705587069188,479.0577697753906,0.014897782009778648,472.025634765625,-0.008863516608112021,478.5114440917969,-0.029354904128150006
2024-07-25,455.1704406738281,464.7750501371207,452.54831230185806,460.5835912562857,59256800,-0.011027603920501505,-0.01108885868979336,468.77378540039064,466.8421568383815,477.58775024414064,473.6480331858488,482.4754577636719,476.8408508435324,469.2103387451172,468.78828721545176,33.74022960368315,5.512610275583134,-94.48738972441687,-0.9971877954622528,3.7045173115541,-4.701705107016353,505.07524662297595,459.87566890436784,482.4754577636719,9.368264642540213,35427610.0,1.6726163576939004,599441400,7.822968511200377,0.018215044620781246,0.015505421674596153,0.01356708651941983,29.878022585176126,-192.3299129753905,0.21445854219481583,460.245849609375,-0.035870310472762124,477.3692321777344,-0.003524705587069188,479.0577697753906,0.014897782009778648,476.2468566894531,-0.004732566859799725
2024-07-26,459.8385925292969,462.7785633719282,456.6602243726604,459.5207496514002,39992100,0.010255832625154726,0.010203598407099421,466.336376953125,464.50763540202,474.4242889404297,471.1372257937485,481.5497619628906,475.22158814693853,469.562890625,468.4373187963869,38.272747985288,15.326661395858835,-84.67333860414116,-2.1379494382253483,2.5360239615982105,-4.673973399823559,506.1751268758936,456.9243970498876,481.5497619628906,10.227547330778538,36116110.0,1.1073202512673708,639433500,7.807622381693213,0.020125433265722702,0.015963273014069898,0.01381754855579623,30.813262830519,-153.9009953031721,0.5194821923016808,455.1704406738281,-0.011027603920501505,460.245849609375,-0.035870310472762124,477.3692321777344,-0.003524705587069188,472.025634765625,-0.008863516608112021
2024-07-29,460.7622985839844,464.7451857175545,458.4977211057792,462.56005380386296,28218500,0.0020087614865180736,0.0020067466229655552,462.6772827148437,463.2591897960082,471.2211029052734,469.2508753919732,480.7944046020508,473.8445129504667,469.7956799316406,468.1363376115868,39.15960815072332,17.268607313961585,-82.73139268603842,-2.9336585108056283,1.4420874671174428,-4.375745977923071,506.94965008997974,454.63915911412187,480.7944046020508,10.880012428421415,35782955.0,0.7886017239213474,667652000,7.696182540984791,0.017597734293237622,0.015921169741899884,0.013820532685388152,31.31391284249015,-126.64072122338958,0.3624794406839274,459.8385925292969,0.010255832625154726,455.1704406738281,-0.011027603920501505,460.245849609375,-0.035870310472762124,479.0577697753906,0.014897782009778648
2024-07-30,454.4353942871094,463.4043166892039,451.0782508086242,462.6991274170474,41317200,-0.013731384525858203,-0.01382653199471676,458.09051513671875,460.3179246263753,467.36635131835936,466.5571515547252,479.5831527709961,471.99602545871835,469.9201770019531,467.5990457165093,35.40718533839981,6.879710903878699,-93.1202890961213,-4.028355608323807,0.347998852029193,-4.376354460352999,508.1537155717587,451.0125899702335,479.5831527709961,11.914748312439254,36603900.0,1.1287649676673797,626334800,8.026888493812997,0.01759422088328548,0.01586053857009184,0.013963331914195775,32.345708757446225,-137.6267580325908,0.2723613122778517,460.7622985839844,0.0020087614865180736,459.8385925292969,0.010255832625154726,455.1704406738281,-0.011027603920501505,477.3692321777344,-0.003524705587069188
2024-07-31,467.8838195800781,469.5921871864052,463.2553348988527,464.70545137397374,44552100,0.029593701243420645,0.02916425960762144,459.61810913085935,462.839889610943,466.3035888671875,466.79836392297113,478.793034362793,471.60438680360977,470.31800537109376,467.6102133190022,47.026860686107874,36.10757788294241,-63.89242211705759,-3.767308232771313,-0.4750625649309083,-3.292245667840405,507.73759880209053,449.84846992349543,478.793034362793,12.090637232356041,37495325.0,1.1882041294481378,670886900,8.536167379918917,0.01758327393222297,0.017867084097585192,0.015470333454051747,32.232954191862994,-68.62079237225744,0.7304075384941685,454.4353942871094,-0.013731384525858203,460.7622985839844,0.0020087614865180736,459.8385925292969,0.010255832625154726,460.245849609375,-0.035870310472762124
2024-08-01,456.5509948730469,472.33350369622815,452.8958926151431,468.5691599962209,56653900,-0.024221450353214546,-0.024519614167506535,459.89421997070315,460.74359136497765,464.33400268554686,464.935205913894,477.2346466064453,470.1707304292704,470.42670349121096,467.1765184779843,40.42702677312394,11.758455499299147,-88.24154450070085,-4.423894644705342,-1.264828980885795,-3.159065663819547,507.418773315521,447.05051989736967,477.2346466064453,12.649595717205836,39424775.0,1.437012639894584,614233000,9.314841930002212,0.0209593859209544,0.019199433128598835,0.016076878282592397,32.90183533382176,-92.42923889255984,0.1880427714412797,467.8838195800781,0.029593701243420645,454.4353942871094,-0.013731384525858203,460.7622985839844,0.0020087614865180736,455.1704406738281,-0.011027603920501505
2024-08-02,445.71478271484375,450.502188881302,441.4637326291967,447.8403229132502,66323200,-0.023734943697179656,-0.024021155357851626,457.0694580078125,455.73398848159974,461.7029174804687,461.44058351406665,474.8801803588867,467.84159255170596,470.30102600097655,466.33488178139055,35.32242834212008,7.93032680373226,-92.06967319626773,-5.752326625140483,-2.162328509736733,-3.5899981154037506,507.11566081688335,442.6446999008901,474.8801803588867,13.57625851373074,41316140.0,1.605261285299159,547909800,9.727157666705637,0.022568640635838966,0.02016549886925941,0.01636804611699515,34.176901260739946,-145.72107514430238,0.470329220723928,456.5509948730469,-0.024221450353214546,467.8838195800781,0.029593701243420645,454.4353942871094,-0.013731384525858203,459.8385925292969,0.010255832625154726
2024-08-05,432.42529296875,439.2985016588213,420.5859329762926,421.8373901313144,87483500,-0.029816129644943845,-0.030269668381311125,451.4020568847656,447.96442331064986,457.0396697998047,456.1650761421909,471.8026382446289,464.4686116390435,469.9113433837891,465.0050939848164,30.273811881655263,18.240227833283694,-81.7597721667163,-7.78769756818815,-3.2874023214270167,-4.500295246761134,507.7024088913763,435.9028675978815,471.8026382446289,15.218130521827833,44584845.0,1.9621801982265499,460426300,10.827278528980315,0.024170183725001116,0.020088495173348535,0.017179522298736132,36.18984735044462,-184.2550158322728,0.6326956065335994,445.71478271484375,-0.023734943697179656,456.5509948730469,-0.024221450353214546,467.8838195800781,0.029593701243420645,460.7622985839844,0.0020087614865180736
2024-08-06,436.5571594238281,444.0461697793086,431.6207736907292,434.2727280075505,63164400,0.009555098932144901,0.00950973769947057,447.8264099121094,444.1620020150426,452.9584625244141,452.6000003752158,468.910334777832,461.81037809473725,469.64495544433595,463.8894887079149,33.458291173588236,25.827170548031294,-74.17282945196871,-8.964005141758435,-4.4227228854933,-4.541282256265134,506.34859424923116,431.4720753064329,468.910334777832,15.968195492700005,46462340.0,1.3594752222983173,523590700,10.941429783237394,0.02601805364409092,0.020964179946097516,0.017482585983309436,37.42625432846271,-136.50265152170195,0.39728196170715063,432.42529296875,-0.029816129644943845,445.71478271484375,-0.023734943697179656,456.5509948730469,-0.024221450353214546,454.4353942871094,-0.013731384525858203
2024-08-07,431.8293151855469,445.9630779902184,431.4320267462296,443.4700452934175,54929200,-0.010829840116517886,-0.010888909698203901,440.6155090332031,440.0511064052107,450.11680908203124,448.8235121589123,465.5238952636719,458.95503877005245,469.1989270019531,462.63222700115534,31.675627945970433,18.563383287698915,-81.43661671230109,-10.160609702546594,-5.570300248903959,-4.590309453642635,503.5093479403429,427.5384425870009,465.5238952636719,16.31944270235843,47806455.0,1.1489912816166772,468661500,11.197831316148207,0.015794929028689876,0.018735057890533657,0.017069043371460566,38.320253525295094,-128.0316695835564,0.027340653655659068,436.5571594238281,0.009555098932144901,432.42529296875,-0.029816129644943845,445.71478271484375,-0.023734943697179656,467.8838195800781,0.029593701243420645
2024-08-08,445.0393676757813,445.9531280389296,434.1932146384202,438.0767719597118,47890100,0.030590911792448328,0.03013233850753946,438.31318359375,441.7138601620676,449.10370178222655,448.1354858892521,463.3457260131836,457.62973676107424,468.98278869628905,461.9423109491799,41.11599643690962,40.373837033992764,-59.626162966007236,-9.928536613315828,-6.441947521786334,-3.4865890915294937,500.77984643875897,425.9116055876082,463.3457260131836,16.15818095385227,47702630.0,1.0039299719952548,516551600,11.406829997379244,0.024896145655765686,0.02189785304277281,0.018638447183317655,39.15039563663945,-96.57671202918407,0.9222987166554348,431.8293151855469,-0.010829840116517886,436.5571594238281,0.009555098932144901,432.42529296875,-0.029816129644943845,456.5509948730469,-0.024221450353214546
2024-08-09,447.3635559082031,449.0023897057576,442.5960035839398,443.7183654286112,33574000,0.005222432892981743,0.0052088432836687095,438.6429382324219,443.5970920774461,447.8561981201172,447.9951349836068,461.14024353027344,456.65200525127705,468.877392578125,461.37059506522,42.61823409676221,44.21118741381831,-55.78881258618169,-9.44816192243394,-7.043190401915855,-2.4049715205180844,496.8433483134193,425.43713874712756,461.14024353027344,15.484705698127602,47525860.0,0.7064364537538089,550125600,11.049655434839138,0.022672694355254916,0.02164033440977657,0.018619909059396197,39.48211451906574,-70.67707959495628,0.7441874769228118,445.0393676757813,0.030590911792448328,431.8293151855469,-0.010829840116517886,436.5571594238281,0.009555098932144901,445.71478271484375,-0.023734943697179656
2024-08-12,448.3269958496094,451.2967626201712,445.5161202096437,448.3369379119588,27795000,0.00215359505413959,0.0021512793923801434,441.8232788085937,445.1737266681672,446.6126678466797,448.05547332287995,458.91688537597656,455.859147213023,468.8882501220703,460.8590813704902,43.264386703956276,53.60843511564038,-46.39156488435962,-8.887273016332415,-7.412006924799167,-1.475266091533248,491.8923337634594,425.9414369884937,458.91688537597656,14.370989361381673,47358040.0,0.5869119583496276,577920600,10.67329736167402,0.01505853185790274,0.021643762482916145,0.018609398195700906,39.45986984608238,-55.22700781669019,0.4862566199905368,447.3635559082031,0.005222432892981743,445.0393676757813,0.030590911792448328,431.8293151855469,-0.010829840116517886,432.42529296875,-0.029816129644943845
2024-08-13,459.45123291015625,459.7194261094815,452.5979085233757,452.7369761543098,40084500,0.024812775415109067,0.02450993777474239,446.4020935058594,449.9328954154969,447.1142517089844,450.1274296114756,457.24030151367185,456.20125061274996,469.13825256347656,460.8038716269477,50.23281083399795,75.10555450845723,-24.89444549154277,-7.459147150410615,-7.421434969921457,-0.0377121804891587,486.2936104329257,428.18699259441803,457.24030151367185,12.70811379621361,48064735.0,0.8339690211544909,618005100,10.724663997259599,0.01703611618537322,0.022825500252535984,0.019719072332119576,38.31804091956134,-3.607373372952434,0.9623404427246327,448.3269958496094,0.00215359505413959,447.3635559082031,0.005222432892981743,445.0393676757813,0.030590911792448328,436.5571594238281,0.009555098932144901
2024-08-14,459.6002502441406,461.9641272088199,455.2995200325608,460.3749733562008,34733700,0.00032433765176875795,0.00032428506568270505,451.95628051757814,453.1553470250449,446.2858947753906,451.84976063559645,456.29474182128905,456.52496486335855,469.34323852539063,460.75667078840627,50.32083549130391,75.39352422744341,-24.606475772556585,-6.243353170120827,-7.185818609961331,0.9424654398405039,483.70167519436933,428.8878084482088,456.29474182128905,12.012820162549403,46987980.0,0.73920394109302,652738800,10.434659938616706,0.01402738735354413,0.02056342283425165,0.018750521401292422,36.98123014709679,12.790028946998646,0.6453088828454162,459.45123291015625,0.024812775415109067,448.3269958496094,0.00215359505413959,447.3635559082031,0.005222432892981743,431.8293151855469,-0.010829840116517886
2024-08-15,471.2112121582031,471.6085006441093,465.212055994164,465.5894906646838,38280600,0.025263175787860748,0.024949336500174005,457.1906494140625,459.17396873609766,447.7519165039063,455.3700245487977,456.04295959472654,457.9236550819152,469.75585021972654,461.1666528029081,56.74109840135066,97.83121889122292,-2.168781108777085,-4.293428124953039,-6.607340512959673,2.313912388006634,482.7968239824731,429.28909520698,456.04295959472654,11.73304568127617,46434640.0,0.8243974756776407,691019400,10.547059257284705,0.012432802278071557,0.02046719482752713,0.019683948281615772,34.6575053668875,79.62360742185973,0.9378891700402074,459.6002502441406,0.00032433765176875795,459.45123291015625,0.024812775415109067,448.3269958496094,0.00215359505413959,445.0393676757813,0.030590911792448328
2024-08-16,471.8170166015625,473.1876874820908,468.4598732127125,469.4233135916952,38383600,0.0012856324886343362,0.0012848067708237463,462.0813415527344,463.388318024586,450.3621398925781,458.36038674020944,456.03252868652345,459.2468323695006,469.99890625,461.58431412834557,57.05295914636163,97.39424874054878,-2.6057512594512304,-2.668454836249225,-5.819563377617583,3.151108541368358,482.76161056805915,429.30344680498774,456.03252868652345,11.722445308242152,46251675.0,0.829885620358614,729403000,10.131398901005673,0.013043764669093736,0.018190387727464404,0.019583403625411576,32.33671884916905,92.44895913538119,0.7100836025905176,471.2112121582031,0.025263175787860748,459.6002502441406,0.00032433765176875795,459.45123291015625,0.024812775415109067,447.3635559082031,0.005222432892981743
2024-08-19,478.0148315429688,478.0545694827898,470.16827069807226,471.95611425601714,23737700,0.013136056401798157,0.01305052661474333,468.01890869140624,468.2638225307136,454.92109375,461.9339221588929,455.98038177490236,461.03426086221185,470.3690930175781,462.2286481446053,60.21316552180637,99.93085282297152,-0.06914717702849364,-0.8705052861126887,-4.829751759316605,3.9592464732039163,482.5330638119901,429.42769973781463,455.98038177490236,11.646414231126121,45423560.0,0.5225856361764688,753140700,9.971034606985091,0.012122686774487256,0.013224573562202186,0.019517476975045456,30.36571322774254,120.67268121771397,0.9949611419747992,471.8170166015625,0.0012856324886343362,471.2112121582031,0.025263175787860748,459.6002502441406,0.00032433765176875795,448.3269958496094,0.00215359505413959
2024-08-20,477.01165771484375,479.6735236269398,475.3132018798396,477.1010453412389,29209300,-0.002098624900166657,-0.0021008300991996946,471.53099365234374,471.17976759209034,458.96654357910154,464.6753286236112,455.96250305175784,462.55591770531964,470.7273468017578,462.8083740101049,59.4506285209032,95.49505085114365,-4.504949148856361,0.4680396718487714,-3.7701934730835296,4.238233144932301,482.4579738720539,429.46703223146176,455.96250305175784,11.621776195613387,45719900.0,0.6388749756670509,723931400,9.570269402707599,0.01150547613905813,0.013784577256264141,0.019506246004324875,28.69643158181079,133.57413377886732,0.389525345485053,478.0148315429688,0.013136056401798157,471.8170166015625,0.0012856324886343362,471.2112121582031,0.025263175787860748,459.45123291015625,0.024812775415109067
2024-08-21,479.2365112304688,481.0938582480417,476.0780270943448,477.7963064815791,25658800,0.004664149145292118,0.004653305705541612,475.4582458496094,473.8653488048832,463.70726318359374,467.3228163703126,456.9120361328125,464.1445456600958,471.0930096435547,463.4526146854133,60.64110886535532,96.93040703472921,-3.069592965270794,1.688904638200654,-2.6783738508266928,4.367278489027347,485.2505258860634,428.5735463795616,456.9120361328125,12.404352484605425,44061910.0,0.582335173395797,749590200,9.244952384921122,0.01097242362083815,0.012074464488059192,0.01757788746782444,27.29159705910917,130.72088428779054,0.6297030420836772,477.01165771484375,-0.002098624900166657,478.0148315429688,0.013136056401798157,471.8170166015625,0.0012856324886343362,459.6002502441406,0.00032433765176875795
2024-08-22,471.6382751464844,482.2559738891847,470.60530088101154,481.56069633698496,37739600,-0.015854877301555104,-0.01598191038722733,475.5436584472656,473.12299091875025,466.3671539306641,468.10744523870744,457.7354278564453,464.85823418260895,471.2434393310547,463.7736209780044,54.73134328796472,82.78305221542232,-17.216947784577684,2.02004890270905,-1.7386893001195445,3.758738202828594,486.7720236955227,428.6988320173679,457.7354278564453,12.687065091314642,42986050.0,0.8779499395734197,711850600,9.416789572296267,0.010624123961148,0.012430430347866922,0.017800381253700967,25.344926739612653,95.54177618680356,0.0886621970026379,479.2365112304688,0.004664149145292118,477.01165771484375,-0.002098624900166657,478.0148315429688,0.013136056401798157,471.2112121582031,0.025263175787860748
2024-08-23,476.75341796875,479.4748756967485,472.06534147961065,475.9985486907264,36061500,0.01084547860471452,0.010787088203491906,476.53093872070315,474.3331332687502,469.30614013671874,469.67944028053336,458.58116912841797,465.9911088289081,471.3745947265625,464.2826326247003,57.718661661536004,89.17330071795213,-10.826699282047858,2.6645174957357654,-0.8580479409484827,3.522565436684248,488.77578642984395,428.386551826992,458.58116912841797,13.168712251667047,42789520.0,0.8427647704391169,747912100,9.303918927865398,0.011671026957323655,0.01252366610735641,0.01781538069130561,23.537304300080173,92.3506405901599,0.632708663148194,471.6382751464844,-0.015854877301555104,479.2365112304688,0.004664149145292118,477.01165771484375,-0.002098624900166657,471.8170166015625,0.0012856324886343362
2024-08-26,472.12493896484375,477.1308584014276,470.03913667367,476.2071559175767,27452600,-0.00970832893789475,-0.009755762010186802,475.35296020507815,473.59706850078146,471.68593444824216,470.12407640495337,459.14930114746096,466.5752831275687,471.36220886230467,464.590174049804,54.231283809943186,80.06641456665128,-19.933585433348725,2.769854763513706,-0.13246740005604496,2.902322163569751,489.9090003194515,428.38960197547044,459.14930114746096,13.39856081458423,42751225.0,0.642147681148318,720459500,9.145904842143413,0.010722365590853671,0.013499864567724012,0.018005283603458922,22.104969493406326,70.40331563444865,0.29411789847595743,476.75341796875,0.01084547860471452,471.6382751464844,-0.015854877301555104,479.2365112304688,0.004664149145292118,478.0148315429688,0.013136056401798157
2024-08-27,473.5353393554688,474.60802120277503,468.5194779462626,470.4860966960176,27510000,0.002987345666842778,0.002982892416503875,474.65769653320314,473.5764921190106,473.09434509277344,470.7443060323198,460.1042984008789,467.23814562546397,471.32904357910155,464.9409648461046,55.12112703767913,81.855734731715,-18.144265268284997,2.933329237936391,0.4806919275424423,2.452637310393949,491.4005992944678,428.80799750729005,460.1042984008789,13.604002832558226,42060865.0,0.6540521693978476,747969500,8.927521871741199,0.010999379338184791,0.011622490907698423,0.017651772185605024,20.961719697787608,59.996975046476024,0.8238196228233661,472.12493896484375,-0.00970832893789475,476.75341796875,0.01084547860471452,471.6382751464844,-0.015854877301555104,477.01165771484375,-0.002098624900166657
2024-08-28,468.1619262695313,473.7935589984192,464.7253372305788,473.06851591373936,37372400,-0.011347438383904507,-0.011412311794434757,472.4427795410156,471.7716368358508,473.9505126953125,470.27478243908547,460.1182037353516,467.32612473442276,471.0719891357422,465.06727705878797,51.04897236631558,64.46278826943673,-35.53721173056327,2.5993309390994455,0.904419729853843,1.6949112092456025,491.4285623983749,428.8078450723283,460.1182037353516,13.60970220644964,41701880.0,0.896180220172328,710597100,8.937571864319711,0.011117830552212079,0.012484561301071681,0.016654576687851384,20.355544166096838,42.96789416385342,0.37897055529697576,473.5353393554688,0.002987345666842778,472.12493896484375,-0.00970832893789475,476.75341796875,0.01084547860471452,479.2365112304688,0.004664149145292118
2024-08-29,467.4765930175781,474.6974098895093,466.195309724221,470.07886723160885,41081500,-0.0014638807931566244,-0.0014649533134672857,471.6104431152344,470.33995556309327,473.57705078125,469.7660207260841,460.66448364257815,467.34045504710423,470.7982525634766,465.1617600375641,50.53617614897537,59.77289131165853,-40.22710868834146,2.2533588963893862,1.1742075631609517,1.0791513332284346,492.08786753755834,429.24109974759796,460.66448364257815,13.642633635008453,40923260.0,1.0038667496186766,669515600,8.906466742960324,0.009173540949665009,0.009414793581646517,0.015648008581914397,19.655116139045283,42.319636384709035,0.1507019757980738,468.1619262695313,-0.011347438383904507,473.5353393554688,0.002987345666842778,472.12493896484375,-0.00970832893789475,471.6382751464844,-0.015854877301555104
2024-08-30,473.0486755371094,473.67441930067,467.32765465134537,471.82701419984215,33466500,0.011919489879831824,0.01184901224585913,470.86949462890624,471.2428622210987,473.70021667480466,470.3628670553614,462.0311782836914,467.8840950937714,470.71013427734374,465.4710508414678,54.53502665385895,68.95516198204263,-31.04483801795737,2.401115486748438,1.4195891478784488,0.9815263388699891,493.11063401659453,430.9517225507883,462.0311782836914,13.45340193203154,39280425.0,0.8519892541895868,702982100,8.723630879129205,0.00954681158434725,0.010235695759308563,0.014644656149696208,19.004718685354558,46.70871598742786,0.9014074417085287,467.4765930175781,-0.0014638807931566244,468.1619262695313,-0.011347438383904507,473.5353393554688,0.002987345666842778,476.75341796875,0.01084547860471452
2024-09-03,458.6864318847656,470.1285026150824,456.3026709381786,469.9994073634833,44985200,-0.030361027088885884,-0.030831469640807904,468.1817932128906,467.05738544232105,471.7673767089844,468.23987884252574,463.3442352294922,467.0081271691042,470.36035583496096,465.2049873529697,44.53994038108371,12.564382059373063,-87.43561794062694,1.3438100113528435,1.404433320573328,-0.06062330922048442,491.37942510079785,435.30904535818655,463.3442352294922,12.101236074479248,37155510.0,1.210727560999701,657996900,9.296657573400747,0.016154797465687248,0.013037340762403322,0.014709444649918408,19.646569934507202,-9.02838416575407,0.1724135663066021,473.0486755371094,0.011919489879831824,467.4765930175781,-0.0014638807931566244,468.1619262695313,-0.011347438383904507,472.12493896484375,-0.00970832893789475
2024-09-04,457.49456787109375,461.3086220226015,454.6340727242135,455.5677172920808,32505100,-0.0025984287539844164,-0.0026018105294511955,464.9736389160156,463.8697795852453,469.8156677246094,466.286185938629,464.39110565185547,466.10207390262707,470.09516174316406,464.9026179615236,43.822156236772635,10.35589523616055,-89.64410476383945,0.40504523026447714,1.2045557025115579,-0.7995104722470807,489.7864271893432,438.9957841143677,464.39110565185547,10.93704045078163,35622545.0,0.9124867411915685,625491800,9.109364125185552,0.015591210990513407,0.013030019726552343,0.014677780800590913,20.400999562744698,-40.95687698681024,0.4285675360174835,458.6864318847656,-0.030361027088885884,473.0486755371094,0.011919489879831824,467.4765930175781,-0.0014638807931566244,473.5353393554688,0.002987345666842778
2024-09-05,457.9216918945313,462.2124498582173,454.8426531701362,455.8656853906013,34452400,0.000933615508103447,0.0009331799602133905,462.92559204101565,461.8870836883406,467.68418579101564,464.7653688397021,465.6957244873047,465.32298990185603,469.73084350585935,464.62885615497487,44.169395268288014,11.902219006152226,-88.09778099384776,-0.3009975704879366,0.903445047911659,-1.2044426183995958,486.53872950019786,444.8527194744115,465.6957244873047,8.951340507083128,34598705.0,0.9957713735239513,659944200,8.985109308249521,0.01565708822347982,0.012802905719634668,0.014349768360702345,20.93738455137409,-50.935126462582524,0.417791542246061,457.49456787109375,-0.0025984287539844164,458.6864318847656,-0.030361027088885884,473.0486755371094,0.011919489879831824,468.1619262695313,-0.011347438383904507
2024-09-06,445.6551818847656,458.10043106486665,445.15856375258096,457.21643624021857,50624400,-0.02678735300574253,-0.027152672889782816,458.5613098144531,456.47644975381564,465.08587646484375,461.29078939334994,465.7265151977539,463.44986532879983,469.1015295410156,463.8847904973196,37.08074399506321,1.3386867987710422,-98.66131320122896,-1.8292598502554824,0.35690406827823073,-2.186163918533713,486.4488393895991,445.0041910059087,465.7265151977539,8.89892394597555,34735420.0,1.457428757159119,609319800,9.267734879966392,0.01836605612942426,0.014266666862251946,0.0142863001252227,22.30671277924277,-122.36039117880387,0.038372989012906096,457.9216918945313,0.000933615508103447,457.49456787109375,-0.0025984287539844164,458.6864318847656,-0.030361027088885884,467.4765930175781,-0.0014638807931566244
2024-09-09,451.38616943359375,452.3794057534475,446.77756867127937,449.995644648032,32981200,0.012859690141132418,0.012777706434492213,454.22880859375,454.77968964707503,462.5491516113281,459.489949400667,465.9276458740234,462.30094191020873,468.56220275878906,463.39464849482056,41.78178635630528,16.78717101296529,-83.21282898703471,-2.5485972752351813,-0.2241962004244517,-2.3244010748107296,486.0010699533722,445.85422179467463,465.9276458740234,8.616541326580226,34705780.0,0.9503085653167859,642301000,9.086055522017498,0.018641381762893393,0.014535671668289346,0.014528572066340336,23.57823184797797,-122.9440258445625,0.8226945365659248,445.6551818847656,-0.02678735300574253,457.9216918945313,0.000933615508103447,457.49456787109375,-0.0025984287539844164,473.0486755371094,0.011919489879831824
2024-09-10,455.5577697753906,456.0643299932791,449.1712675740587,453.1541245672566,29680300,0.009241754896990972,0.009199311182730298,453.603076171875,455.03904968984693,460.89243469238284,458.7750076506167,466.2891845703125,461.6587350402261,468.1559692382813,463.087319917588,45.0029157031022,28.032161772254945,-71.96783822774506,-2.750359649019174,-0.7294288901433962,-2.0209307588757777,485.3146885888015,447.2636805518235,466.2891845703125,8.160388294667868,34800045.0,0.8528810810445792,671981300,8.929413157531993,0.015555554338213423,0.015128475019035298,0.014655690905483815,24.063582695313567,-102.16209667019625,0.9265115869880055,451.38616943359375,0.012859690141132418,445.6551818847656,-0.02678735300574253,457.9216918945313,0.000933615508103447,458.6864318847656,-0.030361027088885884
2024-09-11,465.4503784179688,466.1953056243424,448.22766504395,456.7992989484092,57843000,0.02171537683893665,0.02148295675053033,455.19423828125,458.50949259922095,460.0839385986328,459.98871142649887,466.5891418457031,462.0198439333444,467.8917681884766,463.1799888783873,51.81189418750234,54.69873662519115,-45.30126337480885,-2.0879384872023934,-1.0011308095551956,-1.0868076776471978,485.3614381426461,447.81684554876017,466.5891418457031,8.04660658097817,35687970.0,1.6207982689965275,729824300,9.575000830593448,0.0185488456126373,0.017052386681176153,0.014403932609284653,22.92539926399329,-53.03036662475055,0.9585406217841229,455.5577697753906,0.009241754896990972,451.38616943359375,0.012859690141132418,445.6551818847656,-0.02678735300574253,457.49456787109375,-0.0025984287539844164
2024-09-12,470.019287109375,470.8337481570052,463.6923766741707,465.4801899049605,40067800,0.009816102646506675,0.009768237687596715,457.61375732421874,462.34609076927234,460.26967468261716,461.81245245974907,467.11009368896487,462.78169566439493,467.61843017578127,463.4481966521515,54.607116784542555,72.44579020391912,-27.554209796080887,-1.1806820290605629,-1.037041053456269,-0.14364097560429379,485.6545754318049,448.5656119461248,467.11009368896487,7.940090352741675,35954675.0,1.1143975018547658,769892100,9.401170162896378,0.018655565292670154,0.0170199461673468,0.0145449253105501,21.306558345676756,11.377616725208677,0.8859517321460634,465.4503784179688,0.02171537683893665,455.5577697753906,0.009241754896990972,451.38616943359375,0.012859690141132418,457.9216918945313,0.000933615508103447
2024-09-13,472.12493896484375,473.3068925861367,469.0558424367427,469.28429769764654,29111800,0.004479926490716046,0.00446992149001786,462.9077087402344,465.6057068344628,460.73450927734376,463.6874500061299,467.15578002929686,463.6715283596758,467.30655395507813,463.78846105657084,55.87738820548617,84.34294600508312,-15.657053994916884,-0.28844127105952566,-0.8873210969769204,0.5988798259173947,485.7448992723436,448.5666607862501,467.15578002929686,7.958424165010211,35496235.0,0.8201376850249048,799003900,9.03330444764621,0.006390308624909102,0.017046439499702908,0.013437178216134466,20.107239354635237,38.80589557092944,0.7219619670839112,470.019287109375,0.009816102646506675,465.4503784179688,0.02171537683893665,455.5577697753906,0.009241754896990972,445.6551818847656,-0.02678735300574253
2024-09-16,470.0391540527344,470.6549557314034,466.7118365753345,469.9895043603904,22585600,-0.004417866416213001,-0.004427654025587112,466.6383056640625,467.0835225738867,460.4335571289063,464.8423052873307,467.06688690185547,464.2779689018718,466.8512548828125,464.0335862721067,54.25767698069296,84.23006838120418,-15.769931618795837,0.2475074354803155,-0.6603553904854733,0.9078628259657888,485.58285541973396,448.550918383977,467.06688690185547,7.928615381278031,34706335.0,0.6507630379295307,776418300,8.774718586350714,0.009479010053225554,0.01667546608490453,0.01347302518638926,18.682111003899173,19.5777855388941,0.8438287927957723,472.12493896484375,0.004479926490716046,470.019287109375,0.009816102646506675,465.4503784179688,0.02171537683893665,451.38616943359375,0.012859690141132418
2024-09-17,470.2874450683594,474.36966201518817,467.7845005092707,473.0685248896242,30084400,0.0005282347512631791,0.0005280952843989596,469.58424072265626,468.15149673871093,461.5936584472656,465.83233070206313,466.680517578125,464.85029996534684,466.3774810791016,464.27883563666563,54.42702691102854,85.07062597940566,-14.929374020594341,0.6843963613891901,-0.39140504011054067,1.0758014014997308,484.57875396458434,448.7822811916656,466.680517578125,7.67044507422065,35023670.0,0.8589733742923,806502700,8.618321652034053,0.010017710597111113,0.012984317364062324,0.013111125065755663,17.8328467719472,36.89128637568759,0.38008856074395636,470.0391540527344,-0.004417866416213001,472.12493896484375,0.004479926490716046,470.019287109375,0.009816102646506675,455.5577697753906,0.009241754896990972
2024-09-18,468.2512817382813,475.5912815757591,467.6453918877667,471.4892414857105,39909200,-0.004329614476061727,-0.0043390143986566185,470.14442138671876,468.18475840523445,462.6693298339845,466.2721399813755,466.24249877929697,465.17420299134056,465.85444213867197,464.43461783672905,52.70379017401099,75.8812213877016,-24.118778612298403,0.8564598825778376,-0.14183205557286502,0.9982919381507026,483.5262018714451,448.95879568714884,466.24249877929697,7.414040177547022,35558665.0,1.1223480971515662,766593500,8.57029079745965,0.0060741726051297355,0.013072232665083571,0.013132833950425289,17.197373889530326,38.321005411957934,0.07625198364162593,470.2874450683594,0.0005282347512631791,470.0391540527344,-0.004417866416213001,472.12493896484375,0.004479926490716046,465.4503784179688,0.02171537683893665
2024-09-19,480.0906677246094,482.9412812738034,477.2400844865808,479.3457405239608,52782500,0.025284257508867647,0.024969898541963742,472.1586975097656,472.1533948450261,464.88622741699226,468.7845995710544,466.285206604004,466.5948186802233,465.4650933837891,465.04858057743024,60.52920634172744,92.45524478859197,-7.544755211408043,1.9259597014204246,0.2717262958257929,1.6542334055946317,483.7008484657244,448.86956474228356,466.285206604004,7.469952559104357,36914850.0,1.4298446289230486,819376000,9.007412850178396,0.012299071985380342,0.01490711546760863,0.014341762846392516,17.450934434672828,124.6867883708451,0.4999973416752139,468.2512817382813,-0.004329614476061727,470.2874450683594,0.0005282347512631791,470.0391540527344,-0.004417866416213001,470.019287109375,0.009816102646506675
2024-09-20,479.1769104003906,480.4184557427532,475.0648976771265,479.2265600896189,34577700,-0.0019033015754076343,-0.0019051151554095851,473.569091796875,474.49456669681433,468.23840026855476,470.6741106309337,466.6621383666993,467.793113129763,465.27657653808603,465.6026327273503,59.7080975304266,90.03679163284556,-9.963208367154438,2.6690463290497064,0.7511903024705756,1.917856026579131,484.83476635583315,448.48951037756547,466.6621383666993,7.788344712402591,36756755.0,0.9407168831960275,784798300,8.746423222710417,0.01260439291507986,0.010452576043694838,0.013851332541580528,17.34401584293397,104.46215667027855,0.7680896840531295,480.0906677246094,0.025284257508867647,468.2512817382813,-0.004329614476061727,470.2874450683594,0.0005282347512631791,472.12493896484375,0.004479926490716046
2024-09-23,480.4470825195313,481.5411838648417,479.014809913627,480.3575692758824,24843000,0.0026507373197079964,0.002647230311610064,475.6506774902344,476.47873863772,471.14449157714853,472.4510146106787,466.84682159423835,468.99825307164576,465.05605407714853,466.18476801331815,60.51003203903349,93.39857236877921,-6.601427631220792,3.32214449605209,1.2653811411868787,2.056763354865211,485.49477399420175,448.19886919427495,466.84682159423835,7.988895516641789,36195830.0,0.6863497811764504,809641300,8.30213398903215,0.01193869620760173,0.010350259934693316,0.013661072174136025,17.37433770113759,119.10575020537533,0.5669281877922201,479.1769104003906,-0.0019033015754076343,480.0906677246094,0.025284257508867647,468.2512817382813,-0.004329614476061727,470.0391540527344,-0.004417866416213001
2024-09-24,482.7645263671875,483.7193645829603,477.592458207472,481.8594076096414,25952600,0.004823515288100433,0.004811919411873933,478.14609375,478.5740012142092,473.8651672363282,474.3261985664076,467.37880096435555,470.3093267188402,464.8554614257813,466.83495461543066,61.99623815393876,97.52381124040213,-2.4761887595978873,3.9808392130772177,1.8084727555649467,2.172366457512271,487.1706447633187,447.5869571653924,467.37880096435555,8.469294609907896,36120830.0,0.7184940102428432,835593900,8.146760588064728,0.011739176676232534,0.010305246247031835,0.013476147869581033,17.65599584172869,119.90709693754192,0.8441565518811922,480.4470825195313,0.0026507373197079964,479.1769104003906,-0.0019033015754076343,480.0906677246094,0.025284257508867647,470.2874450683594,0.0005282347512631791
2024-09-25,483.2120971679688,485.1715233071317,481.9588512083114,482.137877672903,26549900,0.0009270996030907863,0.0009266701116874687,481.1382568359375,480.1200331987958,475.64133911132814,475.94181649396415,467.86263885498056,471.5381619997096,464.6600451660157,467.47719549984396,62.29140651602973,95.10302121868408,-4.896978781315926,4.487248537155438,2.344227911883045,2.1430206252723925,488.6794288401574,447.0458488698037,467.86263885498056,8.898675917411419,36072825.0,0.7360083386870865,862143800,7.79432569597584,0.010863303298395945,0.008728657322442131,0.013469651503577436,18.086452461009834,126.51032099867413,0.39009457581388657,482.7645263671875,0.004823515288100433,480.4470825195313,0.0026507373197079964,479.1769104003906,-0.0019033015754076343,468.2512817382813,-0.004329614476061727
2024-09-26,486.842529296875,491.04983361052376,483.1922164784065,490.7215880503668,32020200,0.007513123430029189,0.007485040490868496,482.48862915039064,482.3608652314889,477.32366333007815,477.92376427631154,468.79666900634777,472.9957207899158,464.82666687011726,468.2366203546295,64.68723746692697,90.49674933183897,-9.503250668161026,5.122478365025131,2.8998780025114623,2.2226003625136688,491.1993123690912,446.3940256436043,468.79666900634777,9.557509617219614,35805215.0,0.8942887230254029,894164000,7.798846512843084,0.0036041366015184787,0.008581010359216585,0.013210157601989193,19.117659986982982,136.8035783488282,0.4645572260707036,483.2120971679688,0.0009270996030907863,482.7645263671875,0.004823515288100433,480.4470825195313,0.0026507373197079964,480.0906677246094,0.025284257508867647
2024-09-27,484.13714599609375,488.0062792057034,482.9535314389067,487.86701615014687,22851100,-0.00555699869665971,-0.005572496253853336,483.4806762695313,482.95295881969054,478.52488403320314,479.0534700435446,469.6296966552735,474.0568089047899,464.9844726562501,468.86017037978496,61.54895735839163,83.85722198145298,-16.14277801854701,5.345975677794854,3.3890975375681407,1.9568781402267135,492.9924922096188,446.26690110092824,469.6296966552735,9.949454100001036,34893695.0,0.654877621874095,871312900,7.602696602411199,0.00492503843147447,0.009035823534765616,0.013298732458689096,20.027500596032702,108.31115162203272,0.23425166103512496,486.842529296875,0.007513123430029189,483.2120971679688,0.0009270996030907863,482.7645263671875,0.004823515288100433,479.1769104003906,-0.0019033015754076343
2024-09-30,485.4500427246094,485.7882139588143,480.3276940460128,483.17232696807946,30281100,0.0027118281242692888,0.002708157752495713,484.48126831054685,483.7853201213302,480.06597290039065,480.2164832582837,470.2497650146485,475.1418787923917,465.2529608154298,469.51075360899375,62.49976685745075,86.92314968306978,-13.076850316930212,5.564890112834632,3.8242560526214393,1.7406340602131931,494.5808369940079,445.91869303528915,470.2497650146485,10.348148490239623,34734425.0,0.8717892983689812,901594000,7.449683981724791,0.004926910101328891,0.00869980443568175,0.013089042327033782,20.341654776655286,90.51842587803458,0.938069773629807,484.13714599609375,-0.00555699869665971,486.842529296875,0.007513123430029189,483.2120971679688,0.0009270996030907863,480.4470825195313,0.0026507373197079964
2024-10-01,478.6865539550781,485.3804385534666,474.83733279282353,485.0820610811063,42735400,-0.013932409463949913,-0.014030376489560216,483.665673828125,482.0857313992462,480.9058837890625,479.93831429406447,471.2497711181642,475.47946690312375,465.2455364990235,469.87058891668335,54.96001391095242,54.80837387696991,-45.19162612303009,5.133449154537516,4.086094673004655,1.047354481532861,495.23924301203954,447.2602992242888,471.2497711181642,10.181213175745008,34621935.0,1.2343446430709317,858858600,7.675614406729152,0.008302868672189325,0.010266050439372457,0.011398830864013733,19.632680382255728,57.34317266446199,0.3650936687543294,485.4500427246094,0.0027118281242692888,484.13714599609375,-0.00555699869665971,486.842529296875,0.007513123430029189,482.7645263671875,0.004823515288100433
2024-10-02,479.3629150390625,481.28254755619815,475.1556106595733,477.7814234131209,23744000,0.0014129519168566418,0.001411954639589657,482.8958374023438,481.17812594585166,482.0170471191406,479.83369624770046,472.3431884765626,475.8493191065465,465.28541015625007,470.24283699991395,55.53766225586015,51.980770831044,-48.019229168956,4.790879496992545,4.227051637802233,0.5638278591903125,495.7106019673846,448.9757749857406,472.3431884765626,9.894252340629013,34183880.0,0.6945964004086137,882602600,7.5649945845788436,0.00834356805236695,0.010042077350187027,0.011345158610294143,18.97434701602757,45.14665530412298,0.6866896869360946,478.6865539550781,-0.013932409463949913,485.4500427246094,0.0027118281242692888,484.13714599609375,-0.00555699869665971,483.2120971679688,0.0009270996030907863
2024-10-03,479.00482177734375,481.9489240016088,476.41877250367753,477.1647465045182,25337200,-0.0007470191174250296,-0.0007472982752387359,481.3282958984375,480.4536912230157,481.90846252441406,479.68299179854466,473.3973449707032,476.14984317043195,465.66058959960947,470.5864442460877,55.13448978857394,50.50943668139726,-49.49056331860274,4.439321704568158,4.269505651155418,0.16981605341273998,495.95550510197734,450.8391848394291,473.3973449707032,9.530328114818708,33728120.0,0.751218864259259,857265400,7.419648649818304,0.00676357366902376,0.0060155479476721,0.011362790483833067,18.46287145202217,43.5381341369399,0.46762720236269184,479.3629150390625,0.0014129519168566418,478.6865539550781,-0.013932409463949913,485.4500427246094,0.0027118281242692888,486.842529296875,0.007513123430029189
2024-10-04,484.7041015625,485.2610930864183,479.8005728037589,484.8334085865813,30686600,0.011898167880667998,0.011827941178430843,481.4416870117187,481.87049466951055,482.461181640625,480.5959208465365,475.34979095458993,476.964534445867,466.2512628173829,471.1400778663392,60.09919474081052,72.88663355787905,-27.113366442120952,4.5679375286405275,4.32919202665244,0.2387455019880873,494.4617095818786,456.23787232730126,475.34979095458993,8.041202075174334,32731230.0,0.9375327477763592,887952000,7.336550268336609,0.009290127905481574,0.007074013974283571,0.009243055342756,18.47343370157549,68.2241607387921,0.897996620253033,479.00482177734375,-0.0007470191174250296,479.3629150390625,0.0014129519168566418,478.6865539550781,-0.013932409463949913,484.13714599609375,-0.00555699869665971
2024-10-07,479.5121154785156,483.958121938575,478.2887071345021,482.78446340912143,24975100,-0.010711661129434225,-0.010769443975472148,480.2541015625,481.0843682725123,482.36768493652346,480.39886532507813,476.75608825683605,477.20716121088117,466.6447332763673,471.4683930668167,54.21363727758946,50.70286970020067,-49.29713029979933,4.202473115973191,4.30384824451659,-0.10137512854339903,492.4394776550202,461.0726988586519,476.75608825683605,6.579208859409576,32330925.0,0.7724833112569467,862976900,7.270753422598131,0.01029304926393933,0.007968714136331982,0.009583796257683614,18.1739625954543,41.771688987406456,0.2157909389718773,484.7041015625,0.011898167880667998,479.00482177734375,-0.0007470191174250296,479.3629150390625,0.0014129519168566418,485.4500427246094,0.0027118281242692888
2024-10-08,486.6734008789063,487.3596993525453,481.2526749649376,482.0583244159472,28272000,0.014934524424360607,0.014824102456727991,481.8514709472656,482.9473791413103,482.7585723876953,481.53968997122865,478.3118698120118,478.1087078459312,467.1629553222657,472.0646678829771,60.02817362026344,73.00581334842911,-26.99418665157088,4.439519797635683,4.330982555140409,0.10853724249527374,491.19921844025936,465.4245211837643,478.3118698120118,5.388680248856286,32260510.0,0.8763655627266896,891248900,7.3119555977003845,0.010314312163586069,0.009216011458590764,0.009857370924320836,18.393443901597493,86.0137508926823,0.8876214617514232,479.5121154785156,-0.010711661129434225,484.7041015625,0.011898167880667998,479.00482177734375,-0.0007470191174250296,478.6865539550781,-0.013932409463949913
2024-10-09,490.5027770996094,491.0796806722642,485.33070878142695,486.3750602662613,24995000,0.007868472396040938,0.00783767740134746,484.079443359375,485.46584512741003,483.4876403808594,483.16934217638874,479.5644897460937,479.28909539390054,467.8843029785157,472.7877309895117,62.75214155185249,96.44815160383885,-3.5518483961611507,4.880124619420087,4.440810967996345,0.4393136514237419,492.072390440939,467.05658905124847,479.5644897460937,5.216358159240519,30618110.0,0.8163469267044896,916243900,7.200313904353018,0.010413625467847763,0.009480497578379756,0.008943873052237856,19.08859519034977,135.64829134382566,0.8996510013095966,486.6734008789063,0.014934524424360607,479.5121154785156,-0.010711661129434225,484.7041015625,0.011898167880667998,479.3629150390625,0.0014129519168566418
2024-10-10,489.94573974609375,491.8156526348728,486.9021684624454,488.2150898975997,25750400,-0.0011356456671040016,-0.0011362910012715076,486.267626953125,486.959143333638,483.79796142578124,484.4014144617896,480.56081237792966,480.30401390363323,468.325541381836,473.4605940780051,62.08930603688952,88.98646682254201,-11.01353317745799,5.125277843393292,4.577704343075735,0.547573500317557,493.04315335558977,468.07847140026956,480.56081237792966,5.194905891678723,29902240.0,0.8611528768413337,890493500,7.0369689235011865,0.010465286517274425,0.009267048323990584,0.008817206133757695,19.827890333548662,136.56049774625114,0.6194323980253742,490.5027770996094,0.007868472396040938,486.6734008789063,0.014934524424360607,479.5121154785156,-0.010711661129434225,479.00482177734375,-0.0007470191174250296
2024-10-11,490.7116394042969,491.7361395257322,487.5387911821617,488.1057083653818,20644500,0.0015632336319528761,0.0015620130541254796,487.46913452148436,488.20997535719096,484.4554107666016,485.54872808770006,481.49014739990236,481.29521633226784,469.00875427246103,474.13710565942836,62.67311559430268,93.49751188075952,-6.502488119240482,5.3200391415379045,4.726171302768169,0.5938678387697358,494.08892701404903,468.8913677857557,481.49014739990236,5.233245034059957,29478875.0,0.7003150561206966,911138000,6.834138882077568,0.009644704017622357,0.009004913069555446,0.008800134809992028,20.51437868080478,129.03790687866996,0.7559172988155155,489.94573974609375,-0.0011356456671040016,490.5027770996094,0.007868472396040938,486.6734008789063,0.014934524424360607,484.7041015625,0.011898167880667998
2024-10-14,494.8294372558594,496.1522845063359,492.6014712113681,493.1087129085002,26060100,0.008391481923194943,0.00835646917496183,490.5325988769531,490.4164626567471,485.3933502197266,487.2361297546381,482.7296615600586,482.58418975356227,469.9910473632813,474.9485696436021,65.7288523912504,93.7938060181581,-6.206193981841913,5.740487974208349,4.929034637056205,0.8114533371521446,495.4554600575125,470.00386306260475,482.7296615600586,5.272432796579081,29652600.0,0.8788470488253981,937198100,6.734603612074814,0.00630698454855797,0.009272938342122365,0.008776929190890256,21.720364590090757,175.2451348184649,0.6274523212994612,490.7116394042969,0.0015632336319528761,489.94573974609375,-0.0011356456671040016,490.5027770996094,0.007868472396040938,479.5121154785156,-0.010711661129434225
2024-10-15,488.2151489257813,495.8240780548679,486.0567840167079,495.1576612241944,34784500,-0.013366804462479953,-0.013456944349256305,490.8409484863281,489.6826914130919,486.34620971679686,487.4141332403005,483.6260467529297,483.1204715794879,471.10684448242193,475.46882765466796,57.57552482125907,62.7625917842313,-37.2374082157687,5.476845250121073,5.038596759669178,0.43824849045189485,495.192735381247,472.0593581246124,483.6260467529297,4.783319139230063,29887605.0,1.1638436736566882,902413600,6.951224356795184,0.008839247971208476,0.009166383541683172,0.009472713241494702,21.34291599536243,102.01734662482176,0.22097879930907524,494.8294372558594,0.008391481923194943,490.7116394042969,0.0015632336319528761,489.94573974609375,-0.0011356456671040016,486.6734008789063,0.014934524424360607
2024-10-16,488.2748107910156,489.0506225559772,484.95274347162825,488.5433505102776,22996800,0.00012220404337215385,0.00012219657706631458,490.3953552246094,489.21339787239987,487.2373992919922,487.5706200677032,484.6272232055664,483.61136102820484,472.1411975097657,475.97102307177965,57.6265836336673,63.04249795543082,-36.95750204456918,5.212632720497368,5.073403951834816,0.13922876866255152,493.9451838318203,475.3092625793125,484.6272232055664,3.8454136210592043,29041985.0,0.7918467005612736,925410400,6.747413980191882,0.007888594466169217,0.00918480615816548,0.009370006481724424,20.76813234587246,53.44755291751615,0.81067968354515,488.2151489257813,-0.013366804462479953,494.8294372558594,0.008391481923194943,490.7116394042969,0.0015632336319528761,490.5027770996094,0.007868472396040938
2024-10-17,488.6130065917969,493.82486894890553,488.5533310956286,493.775149486686,27210700,0.0006926341341126907,0.0006923943737952205,490.12880859375,489.0132674455322,488.1982177734375,487.7601448902657,485.05334014892577,484.0877082247374,473.2768713378907,476.4667871313882,57.93563073846519,64.62915789877404,-35.37084210122596,4.973203962358809,5.0533639539396145,-0.08015999158080511,494.281520595188,475.82515970266354,485.05334014892577,3.805016761013914,27763395.0,0.980092672383907,952621100,6.661888564313169,0.007916401698290167,0.009150242522719428,0.007623425635907282,20.92543286628078,92.32084634134925,0.011320320147191934,488.2748107910156,0.00012220404337215385,488.2151489257813,-0.013366804462479953,494.8294372558594,0.008391481923194943,489.94573974609375,-0.0011356456671040016
2024-10-18,491.815673828125,492.9097750712338,490.6519410618732,491.40787107597725,25335000,0.0065546090528116885,0.006533221012185366,490.3496154785156,489.9474029063965,488.909375,488.49751378805826,485.6852783203125,484.8237049488696,474.21239746093755,477.06870425675044,60.84779404168744,79.65460707348566,-20.345392926514332,4.984426065719674,5.039576376295627,-0.055150310575952766,494.94817619186585,476.4223804487591,485.6852783203125,3.814362215625749,27301260.0,0.9279791482151373,977956100,6.492951415393438,0.008535215865832193,0.008652116358077116,0.007693548167000156,21.071497635231363,104.4558835499286,0.5154199827691608,488.6130065917969,0.0006926341341126907,488.2748107910156,0.00012220404337215385,488.2151489257813,-0.013366804462479953,490.7116394042969,0.0015632336319528761
2024-10-21,492.7606201171875,493.5662696437468,488.6726666363485,490.6022552281417,30336500,0.0019213423633033244,0.001919498945911092,489.93585205078125,490.88514197666024,490.2342254638672,489.2726240297181,486.3009552001953,485.5796016315665,475.12033874511724,477.68407350617935,61.6905223153016,83.84665869508022,-16.15334130491978,5.011796066446436,5.0340203143257884,-0.022224247879352177,495.7248290404054,476.8770813599852,486.3009552001953,3.875737334848775,27575935.0,1.100107756998992,1008292600,6.378712243393786,0.0074581803122492065,0.007520677669622472,0.007688688707727062,20.75989844986979,91.81504641530594,0.8353667991815369,491.815673828125,0.0065546090528116885,488.6130065917969,0.0006926341341126907,488.2748107910156,0.00012220404337215385,494.8294372558594,0.008391481923194943
2024-10-22,493.2977294921875,494.7797519667792,489.3291571129143,490.0850872246856,26685800,0.0010900006069320956,0.0010894069875950051,490.9523681640625,491.6893378151693,490.8966583251953,490.0044613865307,486.82761535644534,486.3146614278161,476.01975341796884,478.29637374092476,62.188710144304785,85.53448056400785,-14.465519435992151,5.018971646030707,5.031010580666773,-0.012038934636065868,496.57387714217134,477.08135357071933,486.82761535644534,4.003988877496191,27612595.0,0.9664357877265791,1034978400,6.3124181441417235,0.0025877148446940283,0.006185096111847985,0.007643682165150664,20.66405630603806,95.17701114735188,0.7280989480233268,492.7606201171875,0.0019213423633033244,491.815673828125,0.0065546090528116885,488.6130065917969,0.0006926341341126907,488.2151489257813,-0.013366804462479953
2024-10-23,485.7384948730469,491.596892235502,482.4462652056482,490.9404314380169,39346600,-0.015323878800176716,-0.01544250284487272,490.4451049804687,489.70572350112855,490.42023010253905,489.2288311113518,486.95393524169924,486.25978842259997,476.54549865722663,478.588221628459,51.94946900938369,41.703784093611375,-58.296215906388625,4.364381413738954,4.897684747281209,-0.5333033335422552,496.57415531576675,477.33371516763174,486.95393524169924,3.9511828030684315,28252430.0,1.3926802048531755,995631800,6.63663572574155,0.008336847774334435,0.007651962300339796,0.008481703088319392,19.214805162484225,-3.138234667916416,0.3597818659444671,493.2977294921875,0.0010900006069320956,492.7606201171875,0.0019213423633033244,491.815673828125,0.0065546090528116885,488.2748107910156,0.00012220404337215385
2024-10-24,489.67724609375,490.35358858620776,486.8127010036224,489.4683515136812,22024900,0.008108789528267879,0.00807608994488564,490.6579528808594,489.6962310320024,490.3933807373047,489.3103611081514,487.09567108154295,486.5852605817571,477.1470385742188,479.02308533298026,56.013363166884155,63.752845928860054,-36.247154071139946,4.115991654891445,4.741346128803257,-0.6253544739118118,496.788404453651,477.40293770943487,487.09567108154295,3.979806821352536,27752665.0,0.7936138745594342,1017656700,6.492239867700073,0.00931814058163767,0.008167938824000215,0.008509384011963234,17.869071957755665,34.47493119668766,0.8089906903949672,485.7384948730469,-0.015323878800176716,493.2977294921875,0.0010900006069320956,492.7606201171875,0.0019213423633033244,488.6130065917969,0.0006926341341126907
2024-10-25,492.6611328125,497.5944990663683,491.775895756788,492.48210633620766,38762100,0.006093578459185123,0.006075087688586327,490.82704467773436,490.6845316255017,490.588330078125,489.9195923271239,487.5218704223633,487.1639150799231,477.57603698730475,479.55791072433396,58.85255987670044,69.81141013850217,-30.188589861497835,4.112509255524969,4.6155787541476,-0.5030694986226303,497.4045216572202,477.6392191875064,487.5218704223633,4.054239136510978,28548215.0,1.3577766595915015,1056418800,6.594026518051376,0.009244874150278089,0.008388456769866492,0.008484286922787944,17.771927354529403,106.54421283411877,0.1521390974083535,489.67724609375,0.008108789528267879,485.7384948730469,-0.015323878800176716,493.2977294921875,0.0010900006069320956,491.815673828125,0.0065546090528116885
2024-10-28,492.7406921386719,495.8439391561385,492.44231467690014,495.78426366378415,20477800,0.00016148894417078452,0.00016147590623487594,490.82305908203125,491.3699184632251,490.37945556640625,490.43251956558714,487.8864028930664,487.6950367045658,477.99451049804696,480.0748825445041,58.92868128614749,67.95793508124711,-32.04206491875288,4.069261290524764,4.506315261423033,-0.43705397089826903,497.9722338335749,477.80057195255796,487.8864028930664,4.134499703497186,28058050.0,0.7298368917298245,1076896600,6.365997800993305,0.009204838790579284,0.007910492898989936,0.00847489844693895,17.681721651533586,92.59472617844204,0.08771616725599646,492.6611328125,0.006093578459185123,489.67724609375,0.008108789528267879,485.7384948730469,-0.015323878800176716,492.7606201171875,0.0019213423633033244
2024-10-29,497.4751892089844,498.6588038230343,491.1990631565496,493.0590203061244,28014100,0.009608496204693617,0.009562628186095599,491.65855102539064,493.40500871181155,491.3054595947266,491.7130049552957,488.8258346557617,488.62647980022473,478.38371765136725,480.7572475117386,63.28191031599293,92.69938754205563,-7.300612457944363,4.366684887195959,4.478389186577618,-0.11170429938165949,498.808588690575,478.8430806209484,488.8258346557617,4.084380704568652,27321985.0,1.0253317978177647,1104910700,6.444122291385549,0.010186946105931613,0.007009363960333701,0.007942033693553254,18.01833745042714,120.26037916311896,0.8413330078012187,492.7406921386719,0.00016148894417078452,492.6611328125,0.006093578459185123,489.67724609375,0.008108789528267879,493.2977294921875,0.0010900006069320956
2024-10-30,493.7154541015625,497.66414449235685,493.2280941179006,496.7093062383675,29756000,-0.007557633403587616,-0.00758633702734791,493.2539428710937,493.5084905083952,491.8495239257812,492.07708661825325,489.54346160888673,489.1111440193998,478.7177935791016,481.26541247604547,58.022496318444404,69.50909516310648,-30.49090483689352,4.250024392973728,4.43271622785684,-0.18269183488311214,498.73409436592283,480.35282885185063,489.54346160888673,3.754777043423701,27622585.0,1.0772344442057107,1075154700,6.300688583033457,0.007043838831363584,0.00762024991092686,0.008222715819967395,18.330909263685438,102.10635528823926,0.10986349173518285,497.4751892089844,0.009608496204693617,492.7406921386719,0.00016148894417078452,492.6611328125,0.006093578459185123,485.7384948730469,-0.015323878800176716
2024-10-31,481.252685546875,489.7866145078588,481.1532162789596,489.7368950507805,41245200,-0.025242816385738998,-0.025566881447421527,491.56903076171875,489.4232221878885,491.1134918212891,490.10901369618443,489.6558547973633,488.3627194029689,478.75811706542976,481.26491338078387,44.74669589731844,0.5682143924903128,-99.43178560750968,3.116009427121071,4.169374867709687,-1.0533654405886157,498.37089978874053,480.9408098059861,489.6558547973633,3.559661303338777,28417985.0,1.4513766546079885,1033909500,6.747942100145562,0.013842208597949563,0.011308500524242999,0.010170086545084556,17.691833013947182,-114.72990167810573,0.011521450218908103,493.7154541015625,-0.007557633403587616,497.4751892089844,0.009608496204693617,492.7406921386719,0.00016148894417078452,489.67724609375,0.008108789528267879
2024-11-01,484.8134765625,488.1156621424876,482.5954665919066,482.89384405538,33655800,0.00739900497714352,0.007371766615150746,489.99949951171874,487.886640312759,490.41327209472655,489.14618876278723,489.6613235473633,488.0246962753052,479.02162109375007,481.4040727212433,48.38075973900776,20.90909702016454,-79.09090297983546,2.476077789285057,3.8307154520247613,-1.3546376627397043,498.3640612170235,480.95858587770306,489.6613235473633,3.5545946764237084,28566445.0,1.1781585002964141,1067565300,6.756158849821781,0.014076075874977194,0.011377922125656102,0.009946966177927343,17.098405067761657,-97.14911575754591,0.4017991663936207,481.252685546875,-0.025242816385738998,493.7154541015625,-0.007557633403587616,497.4751892089844,0.009608496204693617,492.6611328125,0.006093578459185123
2024-11-04,483.4010925292969,486.7529974051912,481.6505305522388,484.2067419951569,23291600,-0.002913252418677459,-0.0029175041981840556,488.13157958984374,486.3914577182717,489.4773193359375,488.1016258112435,489.8557723999023,487.58435306139967,479.154574584961,481.48238722351994,47.05865812548882,12.84090719421844,-87.15909280578155,1.8338206254908869,3.4313364867179867,-1.5975158612270999,497.7818821087613,481.92966269104335,489.8557723999023,3.236099340027111,28482270.0,0.817757854272149,1044273700,6.638037992902538,0.0139632439282856,0.011324923936255048,0.00965099847979968,16.69637613138123,-134.70645517064372,0.34308149910093816,484.8134765625,0.00739900497714352,481.252685546875,-0.025242816385738998,493.7154541015625,-0.007557633403587616,492.7406921386719,0.00016148894417078452
2024-11-05,489.56781005859375,490.2342268567496,484.902983532783,484.9924967706679,24353600,0.01275693750924467,0.012676253246783075,486.55010375976565,487.4502418317124,489.1043273925781,488.36820476530715,490.00049285888673,487.7732537277991,479.503432006836,481.79946262881697,53.08667311274847,48.06804546518826,-51.93195453481174,1.8016613328269386,3.105401455939777,-1.3037401231128385,497.7934721245044,482.2075135932691,490.00049285888673,3.180804664154456,28286350.0,0.860966508580994,1068627300,6.651973445370409,0.014763812119144125,0.012227338466385981,0.009489909489961047,15.656676144269479,-44.15203570955164,0.8749978648981392,483.4010925292969,-0.002913252418677459,484.8134765625,0.00739900497714352,481.252685546875,-0.025242816385738998,497.4751892089844,0.009608496204693617
2024-11-06,502.8660583496094,503.6916199489961,496.9181781185984,497.8730163872913,43082200,0.027163240756012952,0.026800867444862757,488.380224609375,492.5888473376781,490.81708374023435,491.0041781442711,490.61865692138673,489.21066369178106,480.0900463867188,482.62560363747554,62.89753581527833,96.33708930111911,-3.6629106988808884,2.816762476230167,3.0476736599978556,-0.2309111837676885,500.2236616475283,481.0136521952452,490.61865692138673,3.915466560694035,29190710.0,1.4758873627945328,1111709500,7.185676048586976,0.019542058523746256,0.013851539162997922,0.011133917293832408,16.270625179652402,207.643027856988,0.8781178579301285,489.56781005859375,0.01275693750924467,483.4010925292969,-0.002913252418677459,484.8134765625,0.00739900497714352,493.7154541015625,-0.007557633403587616
2024-11-07,510.78326416015625,511.5690622448699,505.6111962889953,505.6708717770418,32853100,0.01574416423437075,0.015621510591686415,494.2863403320313,498.65365294517085,492.927685546875,494.60037560170474,491.66053314208983,491.2651970697215,480.94247314453133,483.7298256187571,67.28416706582092,97.41648453377115,-2.583515466228839,4.2115417560771675,3.2804472792137185,0.931094476863449,504.6661398202092,478.65492646397047,491.66053314208983,5.290482274427647,29545845.0,1.1119363822561175,1144562600,7.294056609063658,0.011046326738218244,0.014332374234448,0.011570439673222976,17.59859455390527,277.7114503249186,0.8681074581703823,502.8660583496094,0.027163240756012952,489.56781005859375,0.01275693750924467,483.4010925292969,-0.002913252418677459,481.252685546875,-0.025242816385738998
2024-11-08,511.3800964355469,512.1558778054664,509.6593418436095,510.2859648423034,22924500,0.0011684648211252036,0.001167782697412767,499.59966430664065,502.89580077529627,494.79958190917966,497.65123393513056,492.69395599365237,493.1809017712287,481.8205432128907,484.81414996451355,67.59519743999232,97.49769428906536,-2.5023057109346323,5.303933319167015,3.685144487204378,1.6187888319626373,508.26527929442636,477.12263269287837,492.69395599365237,6.320890732004275,29659845.0,0.7729136817808724,1167487100,6.951376562834601,0.012008835080350975,0.01434931856999299,0.011571827006299416,18.883410898443014,233.07431622510092,0.6892568815986805,510.78326416015625,0.01574416423437075,502.8660583496094,0.027163240756012952,489.56781005859375,0.01275693750924467,484.8134765625,0.00739900497714352
2024-11-11,511.0818176269531,512.8124678783156,508.1774783537471,512.6035732692607,24167500,-0.0005832820062274813,-0.0005834521813534858,505.13580932617185,505.6244730591819,496.6336944580078,500.0931582427346,493.506575012207,494.88575090034533,482.5812060546876,485.84425457872686,67.25108616217295,94.53350864618139,-5.466491353818608,6.075557649458858,4.163227119655274,1.912330529803584,511.0147258484546,475.9984241759594,493.506575012207,7.095407324943751,29565215.0,0.8174302131745025,1143319600,6.785920345815592,0.011372813182518093,0.0143723822113692,0.011489903500144834,19.792368628354513,183.96017350186568,0.6266118311052146,511.3800964355469,0.0011684648211252036,510.78326416015625,0.01574416423437075,502.8660583496094,0.027163240756012952,483.4010925292969,-0.002913252418677459
2024-11-12,510.15667724609375,511.8972832625985,507.0932240126998,511.01210691192,25835300,-0.0018101610132698065,-0.001811801334512719,509.2535827636719,507.13520778815257,497.90184326171874,501.92288897061803,494.60365142822263,496.34012483803565,483.6106109619141,486.79768291862365,66.12666348206861,91.61132844885104,-8.388671551148962,6.537069129710574,4.637995521666334,1.8990736080442394,513.3537549460341,475.85354791041124,494.60365142822263,7.581870236367415,29117755.0,0.8872696401216371,1117484300,6.644358838964384,0.012680867734353183,0.014309057404912279,0.010972309643550981,20.4240256760253,142.88913061879038,0.6376801521327595,511.0818176269531,-0.0005832820062274813,511.3800964355469,0.0011684648211252036,510.78326416015625,0.01574416423437075,489.56781005859375,0.01275693750924467
2024-11-13,509.5002746582031,512.2156007658452,507.21263305307264,509.64949375077566,24567400,-0.001286668619989384,-0.0012874970887776609,510.58042602539064,507.92356341150276,499.48032531738284,503.30059545926986,495.66492462158203,497.5934724399564,484.65072509765633,487.6879806339013,65.29251944149135,89.53799267895566,-10.462007321044345,6.771793084381386,5.064755034209345,1.7070380501720415,515.2463497672102,476.08349947595383,495.66492462158203,7.901073557132459,29196285.0,0.8414563702197043,1092916900,6.527116615664971,0.007407707657812644,0.013946652065241988,0.010991247593460075,21.0467156298846,119.88592752625193,0.45725691957683484,510.15667724609375,-0.0018101610132698065,511.0818176269531,-0.0005832820062274813,511.3800964355469,0.0011684648211252036,502.8660583496094,0.027163240756012952
2024-11-14,505.9593811035156,510.0373482348618,505.04430625976136,509.1620975260134,28679500,-0.006949738264739658,-0.0069740001703198756,509.6156494140625,507.26883597550705,501.95099487304685,503.78401103095086,496.532243347168,498.39022564600964,485.61147888183604,488.40450614251364,60.834502907501076,78.35360462235508,-21.646395377644915,6.596057744397569,5.3710155762469896,1.2250421681505799,516.3229608914804,476.74152580285556,496.532243347168,7.971573975096337,29269725.0,0.9798349659930183,1064237400,6.417539855624646,0.003042738379275475,0.010591895128685126,0.011177216911317891,21.16875358548921,84.34603974712789,0.1832700082032731,509.5002746582031,-0.001286668619989384,510.15667724609375,-0.0018101610132698065,511.0818176269531,-0.0005832820062274813,510.78326416015625,0.01574416423437075
2024-11-15,493.9044189453125,500.6281106168657,491.8355673896348,500.2402199212759,51461100,-0.02382594850185571,-0.024114377015191257,506.1205139160156,502.8140302987756,502.86008911132814,501.98772156083476,496.63668060302734,497.96300596022894,486.57646362304695,488.6201889975254,48.65468991223262,40.276386908060374,-59.723613091939626,5.421555209061921,5.381123502809976,0.04043170625194481,516.3486251790684,476.92473602698624,496.63668060302734,7.938175066773731,30576030.0,1.683053686171815,1012776300,6.967987988357232,0.0097954924854722,0.013911128556000777,0.01248561142976613,20.179147529970017,-9.916806590616781,0.23529614835976778,505.9593811035156,-0.006949738264739658,509.5002746582031,-0.001286668619989384,510.15667724609375,-0.0018101610132698065,511.3800964355469,0.0011684648211252036
2024-11-18,497.3359069824219,499.4445524267209,494.0635893908615,495.4560681908618,27080800,0.0069476763225504445,0.006923652428714537,503.3713317871094,500.98798919332444,504.2535705566406,501.14193709203244,496.8654449462891,497.9032822480568,487.4954583740235,488.96198185967825,51.62378343527879,51.115202937366554,-48.884797062633446,4.713313747482118,5.247561551744405,-0.5342478042622867,516.4981839553493,477.23270593722884,496.8654449462891,7.90263811208788,30413245.0,0.8904278382658608,1039857100,6.865998380718032,0.011447572740960652,0.013877834890410843,0.01257055598517755,19.26022762127362,0.08159220024829653,0.6081286137244235,493.9044189453125,-0.02382594850185571,505.9593811035156,-0.006949738264739658,509.5002746582031,-0.001286668619989384,511.0818176269531,-0.0005832820062274813
2024-11-19,500.7574157714844,501.24480608965695,494.4116587859232,494.7498603755775,24523000,0.006879673759778271,0.0068561167854080335,501.4914794921875,500.9111313860444,505.3725311279297,501.07202412466006,497.2384292602539,498.1751044883832,488.3994512939454,489.42454789543535,54.45199755406473,61.92249817087769,-38.07750182912231,4.3776516083635215,5.073579563068229,-0.6959279547047075,516.8693166694509,477.60754185105696,497.2384292602539,7.895965498242767,30305105.0,0.8092035978756714,1064380100,6.863651875219156,0.012715416172247298,0.013535774519642864,0.012650361889920152,18.121212574529043,13.015626717815751,0.9286726457661582,497.3359069824219,0.0069476763225504445,493.9044189453125,-0.02382594850185571,505.9593811035156,-0.006949738264739658,510.15667724609375,-0.0018101610132698065
2024-11-20,500.468994140625,500.7773276306885,493.8944608715484,500.4590381074747,29565500,-0.0005759707630390576,-0.0005761366979178138,499.6852233886719,500.763752304238,505.13282470703126,500.9623823093809,497.97495422363284,498.3935701695491,489.0998236083984,489.8576634344624,54.164529089349784,60.389260755744495,-39.610739244255505,4.041772689972902,4.867218188449163,-0.8254454984762614,516.9180130076068,479.0318954396589,497.97495422363284,7.608036759000088,29816050.0,0.9915968077595791,1034814600,6.865024366927793,0.012752316194555729,0.010352568290286676,0.012076176227341837,17.142295324200504,4.751600785122036,0.955202751854878,500.7574157714844,0.006879673759778271,497.3359069824219,0.0069476763225504445,493.9044189453125,-0.02382594850185571,509.5002746582031,-0.001286668619989384
2024-11-21,502.269287109375,504.2386390775591,494.88910418409273,503.5225028108303,34526700,0.003597211794991173,0.003590757302794644,498.94720458984375,501.2655972392837,504.28142700195315,501.20000136392525,498.60455627441405,498.76268606858014,489.74482360839846,490.34439377465503,55.735373732782584,66.16647848746584,-33.83352151253416,3.876172717914983,4.669009094342327,-0.7928363764273438,517.2371016740278,479.9720108748003,498.60455627441405,7.473876909122784,30441140.0,1.1342117936450475,1069341300,7.042489404537693,0.01291134105285059,0.008847227926620606,0.011989318280112125,16.168721525547348,18.91420348187608,0.7893636431434382,500.468994140625,-0.0005759707630390576,500.7574157714844,0.006879673759778271,497.3359069824219,0.0069476763225504445,505.9593811035156,-0.006949738264739658
2024-11-22,503.074951171875,503.8109691728965,500.08109899945873,501.7123101251142,23826600,0.001604048033947425,0.0016027629229694378,500.78131103515625,501.86871521681417,503.45091247558594,501.54090132900694,499.1252471923828,499.17337798317965,490.36382385253904,490.8436313196441,56.454606145168555,65.11036683485243,-34.889633165147565,3.766525739460292,4.48851242336592,-0.7219866839056284,517.6460274556107,480.6044669291549,499.1252471923828,7.421295703797265,29694365.0,0.8023946630951697,1093167900,6.80587374517341,0.003291837789521012,0.008863669623215888,0.01193752433837096,15.264688712512273,32.33953013716178,0.8026692708118117,502.269287109375,0.003597211794991173,500.468994140625,-0.0005759707630390576,500.7574157714844,0.006879673759778271,493.9044189453125,-0.02382594850185571
2024-11-25,503.87060546875,508.7045326214257,501.5531263369306,507.1628348574178,26375200,0.0015815820187858876,0.0015803326351065121,502.0882507324219,502.53601196745944,502.72979125976565,501.9644838998693,499.6817428588867,499.6207329818054,491.0404528808594,491.35449305098155,57.19432870714914,57.37281389883769,-42.62718610116231,3.7011676149007826,4.331043461672893,-0.6298758467721104,518.0701013565576,481.2933843612158,499.6817428588867,7.360028162111148,29989235.0,0.8794889232753019,1119543100,6.830554640839247,0.0028028747137094083,0.00891754329408633,0.011935782294638998,15.18830373179748,49.120032591621026,0.3240592185080461,503.074951171875,0.001604048033947425,502.269287109375,0.003597211794991173,500.468994140625,-0.0005759707630390576,497.3359069824219,0.0069476763225504445
2024-11-26,506.5760498046875,507.4016114089344,504.5072284847136,505.3526414489566,26557100,0.005369323605254994,0.0053549601789159365,503.2519775390625,503.8826912465355,502.371728515625,502.80295042801805,500.13678588867185,500.2831441077942,491.76622497558594,491.9514168452445,59.70112170948741,70.27006884552232,-29.72993115447768,3.823601480122477,4.22955506536281,-0.40595358524033287,518.7334519730442,481.5401198042994,500.13678588867185,7.436631981120434,29916385.0,0.8877108647986713,1146100200,6.5948725907924715,0.0022568798192041657,0.009164981810714304,0.011815360116848318,15.117374821133746,56.89421871726929,0.7147711184273831,503.87060546875,0.0015815820187858876,503.074951171875,0.001604048033947425,502.269287109375,0.003597211794991173,500.7574157714844,0.006879673759778271
2024-11-27,502.5875549316406,505.5117755416059,499.2356498317086,505.44217436804354,24957400,-0.007873437511672021,-0.007904596681746187,503.6756896972656,503.45097914157054,501.6804565429687,502.7637876104949,500.5803909301758,500.5026118053034,492.4529504394531,492.368520299613,54.62252151890738,51.256321437038046,-48.743678562961954,3.557781111376471,4.095200274565542,-0.537419163189071,518.9652597390257,482.19552212132584,500.5803909301758,7.345421091979752,29676455.0,0.8409831969485574,1121142800,6.64812454666293,0.005127705533286509,0.00944690992784775,0.011827565723308491,14.060314002342691,20.195746587022413,0.5340723329669348,506.5760498046875,0.005369323605254994,503.87060546875,0.0015815820187858876,503.074951171875,0.001604048033947425,500.468994140625,-0.0005759707630390576
2024-11-29,507.0037231445313,507.6005084355028,502.5975105201472,503.21417752443887,15334000,0.008786863442114878,0.008748483619189562,504.62257690429686,504.6352271425575,501.78489074707034,503.53468498031964,501.8679428100586,501.12176526618225,492.99121154785155,492.94244982294316,58.801448067054025,72.30885117218007,-27.691148827819934,3.6612596985852974,4.0084121593694935,-0.34715246078419604,518.1440615739264,485.5918240461909,501.8679428100586,6.486215745414824,28380895.0,0.5402930386797175,1136476800,6.531326615034303,0.0062284418747741545,0.009712712690937354,0.010195138489140927,13.429750922865793,45.63735525653065,0.8807144633764808,502.5875549316406,-0.007873437511672021,506.5760498046875,0.005369323605254994,503.87060546875,0.0015815820187858876,502.269287109375,0.003597211794991173
2024-12-02,512.52392578125,513.4887504350102,507.8790111186217,508.26693218686097,25147200,0.010887893687409944,0.010829047329539827,506.5123718261719,507.264793355455,503.64684143066404,505.16909239867056,503.2534652709961,502.2076853152363,493.65815185546876,493.71035084091596,63.34552316009409,95.54419019255359,-4.455809807446415,4.1409669536171805,4.034923118219031,0.10604383539814943,518.1454894072618,488.3614411347304,503.2534652709961,5.918299689500016,27955465.0,0.8995450442337483,1161624000,6.528019520423199,0.007395066999434024,0.005396519691402973,0.010309716030080495,13.725404718724013,98.08962870735255,0.8280090037295864,507.0037231445313,0.008786863442114878,502.5875549316406,-0.007873437511672021,506.5760498046875,0.005369323605254994,503.074951171875,0.001604048033947425
2024-12-03,514.095458984375,514.373985095904,510.61424683539474,511.1911504181891,18597900,0.0030662631031896925,0.0030615717060728234,508.5573425292969,509.54168189842835,505.3227966308594,506.7920681415259,504.78818359375,503.33985423610665,494.3311193847656,494.5097668465418,64.54447220814575,98.76421621447041,-1.2357837855295848,4.594979936542529,4.146934481883731,0.4480454546587982,517.3196386726885,492.25672851481147,504.78818359375,4.965035033000588,27720780.0,0.6709010352522548,1180221900,6.330285144715061,0.007315588599234228,0.005276873440758906,0.010220610645695507,14.121473235579119,112.02781716021832,0.9259187495717138,512.52392578125,0.010887893687409944,507.0037231445313,0.008786863442114878,502.5875549316406,-0.007873437511672021,503.87060546875,0.0015815820187858876
2024-12-04,520.451171875,520.7097859190565,516.8107846060128,517.5269512439784,26086200,0.012362904164104238,0.012287107535991599,511.3323669433594,513.1781785572856,507.29217224121095,509.2755415476121,506.3323516845703,504.9695035350489,495.08485229492186,495.52707684765784,68.96568357913705,99.10434270699676,-0.8956572930032384,5.405332106046274,4.398614006716239,1.0067180993300342,518.5893265272631,494.0753768418775,506.3323516845703,4.841474103684573,27807410.0,0.9381024698093062,1206308100,6.350573843998375,0.00824150626307623,0.0059307992193662175,0.01020144335650842,15.280738709849453,180.1777930271522,0.9336717217086686,514.095458984375,0.0030662631031896925,512.52392578125,0.010887893687409944,507.0037231445313,0.008786863442114878,506.5760498046875,0.005369323605254994
2024-12-05,519.0089111328125,521.226921022137,518.6209900907503,520.5008591030347,18169600,-0.0027711739739033625,-0.0027750207849321948,514.6166381835938,515.1217560824613,509.1461639404297,511.04524510855754,507.13949432373045,506.30658997293114,495.80078857421876,496.4479330941345,66.92621151645503,92.4535293030132,-7.5464706969867965,5.863572041681834,4.691605613709358,1.1719664279724764,520.4572835294045,493.82170511805634,507.13949432373045,5.252120710272565,26561780.0,0.6840505417935093,1188138500,6.083099350240402,0.0062569286015395935,0.006150635883867828,0.0085492621906976,16.416506184989185,158.7424187303971,0.14886083026033387,520.451171875,0.012362904164104238,514.095458984375,0.0030662631031896925,512.52392578125,0.010887893687409944,502.5875549316406,-0.007873437511672021
2024-12-06,523.6539306640625,523.8926326740412,519.5460949043419,519.6754019443355,23762600,0.00894978762717491,0.008909975640784922,517.9466796875,517.9658142763284,511.2846282958984,513.3377333913766,507.7830276489258,507.95871765780083,496.5370166015625,497.51483495962185,70.00295722315315,99.20427814218031,-0.7957218578196882,6.52631346905514,5.058547184778515,1.4677662842766246,522.8693419293533,492.6967133684983,507.7830276489258,5.942031717869051,26107255.0,0.9101914391229564,1211901100,5.997429506739569,0.00627243827902751,0.006373325594471535,0.00808044690985045,17.776259515151065,163.97225932590686,0.945082264845991,519.0089111328125,-0.0027711739739033625,520.451171875,0.012362904164104238,514.095458984375,0.0030662631031896925,507.0037231445313,0.008786863442114878
2024-12-09,519.575927734375,523.5245880810076,518.4221204877712,522.7288945325893,20674400,-0.0077875915578750066,-0.007818073204549832,519.357080078125,518.5025187623439,512.9347259521485,514.471950544649,508.1928192138672,509.0651186174745,497.2457922363281,498.37997585274945,64.34371284004233,85.61010661553874,-14.389893384461255,6.645870610423231,5.376011869907459,1.2698587405157715,524.0721101229407,492.31352830479375,508.1928192138672,6.24931730977129,25994750.0,0.7953298262149088,1191226700,5.942742411707552,0.008253310366485411,0.007406071754670782,0.008331014220896861,18.773671547515,127.87779187727399,0.22612730517106244,523.6539306640625,0.00894978762717491,519.0089111328125,-0.0027711739739033625,520.451171875,0.012362904164104238,512.52392578125,0.010887893687409944
2024-12-10,517.805419921875,522.5597902510734,516.3731473444096,520.8092281333355,24350000,-0.0034076016959068145,-0.0034134207937716776,520.099072265625,518.2701524821877,514.3282073974609,515.0780358859628,508.5289993286133,509.8975282655127,497.8928997802734,499.14175797310736,62.00018537814352,79.70805423662387,-20.29194576337613,6.522567227758088,5.605322941477585,0.9172442862805035,524.9153035978784,492.14269505934817,508.5289993286133,6.444589901814517,26003875.0,0.9363989020867083,1166876700,5.960163875632998,0.008690283910890058,0.007693952847951997,0.00837999667369775,19.21930056723978,100.94689557267338,0.2315104652152269,519.575927734375,-0.0077875915578750066,523.6539306640625,0.00894978762717491,519.0089111328125,-0.0027711739739033625,514.095458984375,0.0030662631031896925
2024-12-11,527.0753784179688,527.7616769340509,521.7740335072752,522.18180592059,32168600,0.017902397579176332,0.017744036890591414,521.4239135742188,521.2052277941148,516.378140258789,517.259370891782,509.374934387207,511.533513994318,498.86067626953127,500.23719406898425,68.47445965860729,97.91224580654998,-2.0877541934500212,7.091114631594735,5.902481279501015,1.1886333520937198,527.6482020614932,491.10166671292086,509.374934387207,7.17478086991832,26320540.0,1.2221861709524198,1199045300,6.245599099671778,0.010575010797186465,0.009065135091126744,0.009190835434506784,20.289318691908115,138.65692272996034,0.8853808640137628,517.805419921875,-0.0034076016959068145,519.575927734375,-0.0077875915578750066,523.6539306640625,0.00894978762717491,520.451171875,0.012362904164104238
2024-12-12,523.6737060546875,526.120522433409,523.196302159333,524.8473644357773,23577500,-0.0064538631523473056,-0.006474779369311045,522.3568725585938,522.0280538809724,518.4867553710938,518.4256136486739,510.08360595703124,512.6897227619722,499.74689208984375,501.15627297038435,64.15490608183876,85.66932975034669,-14.330670249653314,7.184388851984636,6.15886279399774,1.0255260579868963,529.3914096157504,490.7758022983121,510.08360595703124,7.5704466613834285,26271045.0,0.8974709609001088,1175467800,6.076561753883493,0.011153090411307479,0.008867294868918591,0.009349662646094057,21.282906950528712,111.19373879730705,0.1632585272629873,527.0753784179688,0.017902397579176332,517.805419921875,-0.0034076016959068145,519.575927734375,-0.0077875915578750066,519.0089111328125,-0.0027711739739033625
2024-12-13,527.68212890625,530.307911172932,524.4694263576389,527.6124973833525,28780400,0.007654428330499119,0.007625281832664691,523.1625122070312,523.9127455560649,520.5545959472656,520.1086164227786,511.169743347168,514.1175709661892,500.7204382324219,502.1965026149281,66.8117176777765,91.54943298832782,-8.45056701167219,7.49535379512713,6.426160994223618,1.0691928009035117,531.8243375158512,490.51514917848476,511.169743347168,8.081305451858627,26276090.0,1.095307559077473,1204248200,6.116393422766422,0.01096004367720382,0.008808585869758254,0.009231580073259447,22.687926071086697,117.25410756469854,0.5502630648521772,523.6737060546875,-0.0064538631523473056,527.0753784179688,0.017902397579176332,517.805419921875,-0.0034076016959068145,523.6539306640625,0.00894978762717491
2024-12-16,535.2811279296875,536.2559086463527,530.1388970892364,530.2184846535105,31979900,0.014400713246037533,0.01429800782167102,526.3035522460938,527.7022063472725,522.8303161621094,522.8672548785802,513.2385787963867,516.1331478198557,501.73197875976564,503.4939389017814,71.17373122369335,97.36689923874968,-2.6331007612503283,8.259758116608396,6.792880418700574,1.4668776979078215,534.8289800841396,491.64817750863386,513.2385787963867,8.413397659382998,25302030.0,1.263926254138502,1236228100,6.291921016861873,0.010707194022097983,0.00917445115768713,0.0073337322781900915,24.564924422296006,143.48330301056168,0.8406442904925908,527.68212890625,0.007654428330499119,523.6737060546875,-0.0064538631523473056,527.0753784179688,0.017902397579176332,519.575927734375,-0.0077875915578750066
2024-12-17,532.9237670898438,534.5947414195532,531.2627487924711,533.4807585330802,28579100,-0.00440396777850427,-0.004413693810526862,529.3272216796875,529.4427265947963,524.7131469726562,524.6957116442644,515.0179718017578,517.7322544169974,502.8002117919922,504.64804981111723,68.17999482606787,90.99914029992982,-9.00085970007019,8.576470516680502,7.14959843829656,1.4268720783839415,536.936064861173,493.0998787423425,515.0179718017578,8.51158377356665,25376945.0,1.1261836284864077,1207649000,6.129525168315765,0.010933381592320416,0.00958911674794859,0.007534679491098864,26.30785146270465,122.48063015070784,0.4985059942276545,535.2811279296875,0.014400713246037533,527.68212890625,0.007654428330499119,523.6737060546875,-0.0064538631523473056,517.805419921875,-0.0034076016959068145
2024-12-18,513.6975708007812,533.9980443477575,512.2454469027805,532.2773503776515,54703200,-0.036076822758443816,-0.036743679205277074,526.65166015625,524.1943413301246,524.0377868652344,522.696049672722,515.6649795532227,517.3479988345006,503.3406951904297,505.0029329871825,49.78671166556341,32.9785756262472,-67.02142437375281,7.1931557926330925,7.158309909163867,0.03484588346922557,536.6030866152646,494.7268724911808,515.6649795532227,8.120817931123762,26885955.0,2.0346385315306823,1152945800,7.245458902362998,0.019395600097670773,0.015255973845346021,0.01156288519076751,24.493012160856363,31.744347293939803,0.06675634492235794,532.9237670898438,-0.00440396777850427,535.2811279296875,0.014400713246037533,527.68212890625,0.007654428330499119,527.0753784179688,0.017902397579176332
2024-12-19,511.4099731445313,518.9592575433442,511.07183222457314,518.3923099577986,46441800,-0.004453199287440479,-0.004463144315163636,524.1989135742188,519.9328852682602,523.2778930664062,520.6440357585054,516.212028503418,516.782472578313,503.75883911132814,505.25418946394126,48.12319298422,12.443086924703513,-87.55691307529649,5.8449024973094765,6.895628426792989,-1.0507259294835123,536.077694827544,496.34636217929193,516.212028503418,7.696708029729484,27729770.0,1.6747993221725244,1106504000,7.291313646392142,0.01937811608531409,0.015284474912240368,0.01162902351256017,22.961856534306314,-18.785183033312112,0.04287088704968737,513.6975708007812,-0.036076822758443816,532.9237670898438,-0.00440396777850427,535.2811279296875,0.014400713246037533,523.6737060546875,-0.0064538631523473056
2024-12-20,515.8758544921875,522.0028221794778,506.556186993886,507.7000078297467,60530000,0.00873248779290825,0.008694580146901668,521.8376586914062,518.580541676236,522.5000854492188,519.7770937100839,516.8923568725586,516.696127998682,504.27744140625,505.6707253474019,51.528182394962286,31.379645935258946,-68.62035406474105,5.078222758082006,6.532147293050793,-1.4539245349687864,535.7055412606153,498.0791724845019,516.8923568725586,7.279343228011842,29029935.0,2.0850890640988347,1167034000,7.873836613477832,0.019553420820577202,0.015268322822585686,0.011742117807297388,22.112856765365652,-18.288868128548607,0.6033461259533276,511.4099731445313,-0.004453199287440479,513.6975708007812,-0.036076822758443816,532.9237670898438,-0.00440396777850427,527.68212890625,0.007654428330499119
2024-12-23,520.90185546875,521.2804299717675,514.1872352921986,517.5943450139422,29672800,0.009742655975845116,0.009695502323616474,518.9618041992187,519.3543129404073,522.6326782226563,519.9815958480232,517.7837020874024,517.0966734720217,504.88124572753907,506.26802456784696,55.09999746424955,48.30236674515267,-51.69763325484733,4.820610815129953,6.189839997466625,-1.3692291823366718,535.554155018885,500.01324915591977,517.7837020874024,6.864044912901857,29322245.0,1.0119552578596898,1196706800,7.81807647534148,0.01851975052497829,0.01545727644209006,0.011889530766373215,21.32449983706361,9.547294578368849,0.9466284910799656,515.8758544921875,0.00873248779290825,511.4099731445313,-0.004453199287440479,513.6975708007812,-0.036076822758443816,535.2811279296875,0.014400713246037533
2024-12-24,527.9652099609375,528.0548371426894,522.2169092458087,522.854514827797,17558200,0.013559856656358615,0.013468744521047862,517.9700927734375,522.2246119472508,523.6486572265625,521.4331620503713,518.9884323120117,518.1317721852517,505.5439611816406,507.1188945832623,59.605049931308415,72.0849279921563,-27.9150720078437,5.127300838517158,5.9773321656767315,-0.8500313271595736,536.0764768679425,501.900387756081,518.9884323120117,6.585135040411667,28881395.0,0.6079415485297714,1214265000,7.77056970381276,0.020383697204066704,0.01592158615150475,0.012175642959514905,20.008395785459612,74.42583413790881,0.9846474325422472,520.90185546875,0.009742655975845116,515.8758544921875,0.00873248779290825,511.4099731445313,-0.004453199287440479,532.9237670898438,-0.00440396777850427
2024-12-26,527.6065063476562,529.2403478108545,524.3289121388443,526.3313560192331,19090500,-0.0006794076702663077,-0.0006796385722478243,520.7518798828125,524.018576747386,523.7017700195313,522.5555882862412,520.0399551391602,519.0341278197665,506.3317883300781,507.9223303387288,59.27976094197614,70.87716039931941,-29.122839600680578,5.2805397328349954,5.8379736791083845,-0.557433946273389,536.5208306570617,503.55907962125866,520.0399551391602,6.338311260522778,28508065.0,0.6696526053241425,1195174500,7.566345844398289,0.007592598779058043,0.014920098346508549,0.012173373717691833,18.946943760719968,78.0223194334623,0.667339333674657,527.9652099609375,0.013559856656358615,520.90185546875,0.009742655975845116,515.8758544921875,0.00873248779290825,513.6975708007812,-0.036076822758443816
2024-12-27,520.593017578125,524.4683897338862,515.9106967940162,524.0300435156842,33839600,-0.013293029341283069,-0.013382172525832202,522.5884887695313,522.8767236909657,523.393701171875,522.1987572484019,520.9402282714843,519.1825935110387,506.9781524658203,508.4192200343914,53.169851262156875,47.26249878194787,-52.73750121805213,4.780941019043439,5.626567147095396,-0.8456261280519568,535.3458248227216,506.53463172024703,520.9402282714843,5.530613981967206,28952175.0,1.168810288000815,1161334900,7.861307537915558,0.010804633097597414,0.015407883395058114,0.012464079455342749,18.355985043922203,-5.83315720590127,0.547147556818653,527.6065063476562,-0.0006794076702663077,527.9652099609375,0.013559856656358615,520.90185546875,0.009742655975845116,511.4099731445313,-0.004453199287440479
2024-12-30,513.669189453125,517.4050741628361,509.90341888184463,513.5695901830321,34584000,-0.013299886650824932,-0.013389122241982977,522.1471557617188,519.8075456116856,521.9924072265625,520.6479267401696,521.2735015869141,518.657507410285,507.4792761230469,508.6251011880672,47.91896477529545,23.949727685909885,-76.05027231409011,3.782705697479855,5.2577948571722875,-1.4750891596924323,534.6453112495892,507.901691924239,521.2735015869141,5.1304390581785855,29914675.0,1.1560881072583942,1126750900,8.063328334941616,0.012546816198313328,0.015602100381302877,0.012790005753839958,18.468571944869236,-100.01553045489507,0.5019919511327481,520.593017578125,-0.013293029341283069,527.6065063476562,-0.0006794076702663077,527.9652099609375,0.013559856656358615,515.8758544921875,0.00873248779290825
2024-12-31,509.3056640625,515.7114228726336,508.3393140727987,514.9543347038892,29117000,-0.008494816275180117,-0.008531102871737471,519.8279174804687,516.3069184286237,519.3948608398438,518.5856971624115,521.1125885009766,517.7668556628769,507.8290759277344,508.65178992824104,44.908902125938454,9.257585309341236,-90.74241469065876,2.609417244039946,4.728119334545819,-2.118702090505873,534.9703131777137,507.25486382423946,521.1125885009766,5.3185146482835925,30113165.0,0.9669192859667857,1097633900,8.013955511005426,0.011307653809690388,0.014472903246148795,0.012714050074207145,18.734638120611546,-133.45944227939333,0.13108189473680032,513.669189453125,-0.013299886650824932,520.593017578125,-0.013293029341283069,527.6065063476562,-0.0006794076702663077,520.90185546875,0.009742655975845116
2025-01-02,508.3094482421875,514.6953239346398,503.80644256925154,512.3641052015905,36389800,-0.0019560273733579825,-0.001957942893181035,515.8967651367187,513.641095033145,516.9334289550782,516.7172882678253,520.8232879638672,516.8661501942398,508.1400524902344,508.6383647640821,44.225863848136626,13.876979245934708,-86.1230207540653,1.5809669971997664,4.098688867076609,-2.5177218698768424,535.4738105750184,506.17276535271594,520.8232879638672,5.625909190207964,31002760.0,1.1737600136245934,1061244100,8.219307357747054,0.006029794462010968,0.014502270250983721,0.012694946569351346,19.431887099535277,-154.654942244167,0.4135416230365054,509.3056640625,-0.008494816275180117,513.669189453125,-0.013299886650824932,520.593017578125,-0.013293029341283069,527.9652099609375,0.013559856656358615
2025-01-03,516.6280517578125,517.6940315122579,510.6008364706132,511.417696434176,29059500,0.016365234886725144,0.01623276771392682,513.70107421875,514.6367472747008,517.2264770507812,516.7010634478229,520.6321319580078,516.8434741526753,508.6066589355469,508.9516858226598,50.9363520101917,39.51254285077084,-60.48745714922916,1.4207767196147643,3.5631064375842403,-2.142329717969476,535.3964117438202,505.8678521721954,520.6321319580078,5.67167444325285,31151425.0,0.9328465712242698,1090303600,8.302541351484434,0.01236810612346708,0.010897832603488155,0.01293742311569741,19.578553260453955,-71.87920855894023,0.8497179693675548,508.3094482421875,-0.0019560273733579825,509.3056640625,-0.008494816275180117,513.669189453125,-0.013299886650824932,527.6065063476562,-0.0006794076702663077
2025-01-06,522.5655517578125,525.9328339298473,520.0650507509039,522.0475504427856,36109700,0.0114927944384704,0.011427253960616505,514.0955810546875,517.2796821024048,518.3420349121094,517.7673340496392,520.8099639892578,517.3884339245932,509.3432000732422,509.48556291815595,55.0897593407778,57.81022450103981,-42.18977549896019,1.752727052337491,3.2010305605348903,-1.4483035081973994,535.577432083802,506.04249589471357,520.8099639892578,5.670962199505392,32048430.0,1.1267229003105612,1126413300,8.374129981523748,0.012741724641941949,0.011234082632340148,0.013184167858776151,18.50859877960652,23.790212243995676,0.42614066174753307,516.6280517578125,0.016365234886725144,508.3094482421875,-0.0019560273733579825,509.3056640625,-0.008494816275180117,520.593017578125,-0.013293029341283069
2025-01-07,513.2407836914062,524.0100909190774,511.34797203831766,523.6116330578326,36690300,-0.017844207363151843,-0.018005334904620172,514.0098999023437,515.9333826320719,518.0785278320312,516.9443248935968,520.289306640625,516.9934196166706,509.8144708251953,509.6328264778913,48.190183837968924,30.64261902882715,-69.35738097117286,1.2489718598303625,2.810618820393985,-1.5616469605636225,535.3503373627049,505.2282759185451,520.289306640625,5.7894830932909676,32694815.0,1.1222054628539724,1089723000,8.680414902897743,0.014091404493212178,0.0125839808631494,0.01362622025899589,18.44675471301544,-53.17757862867789,0.14948616980289114,522.5655517578125,0.0114927944384704,516.6280517578125,0.016365234886725144,508.3094482421875,-0.0019560273733579825,513.669189453125,-0.013299886650824932
2025-01-08,513.3304443359375,514.9741969361809,508.6481238764345,513.1411571001679,30777800,0.00017469508928424915,0.00017467983187404302,514.8148559570312,515.0657365333605,517.32138671875,516.2872557012951,519.9770324707031,516.6445648280294,510.22785705566406,509.7778310997755,48.25728795803581,31.545201995431363,-68.45479800456864,0.8472109842409736,2.417937253163383,-1.5707262689224093,535.340233855993,504.61383108541315,519.9770324707031,5.909184608516543,33199985.0,0.9270425875192414,1120500800,8.51224762838693,0.01330998457476335,0.012077218563254322,0.013530839229384192,18.645897435713035,-89.54370640878537,0.7401622483975399,513.2407836914062,-0.017844207363151843,522.5655517578125,0.0114927944384704,516.6280517578125,0.016365234886725144,509.3056640625,-0.008494816275180117
2025-01-10,505.2808837890625,509.6543435394188,502.0232033717528,509.5547442725234,40532500,-0.01568105035595191,-0.015805298633426643,514.2091430664062,511.8041189519278,515.0529541015625,514.2860971717981,519.3508056640625,515.562309490985,510.47866088867187,509.6014802248456,42.88677770963486,11.96922191671781,-88.03077808328219,-0.1193439446381035,1.9104810136030856,-2.029824958241189,535.9854530529818,502.7161582751431,519.3508056640625,6.405938801866172,34009110.0,1.1918130171592258,1079968300,8.711890009515342,0.015477509873534427,0.011583169348491748,0.01394095169835936,19.41223553609361,-142.19099626562294,0.42689301279908,513.3304443359375,0.00017469508928424915,513.2407836914062,-0.017844207363151843,522.5655517578125,0.0114927944384704,508.3094482421875,-0.0019560273733579825
2025-01-13,503.656982421875,504.1152423896796,497.81905506714537,499.31340880810814,31694200,-0.0032138587056964596,-0.003219034241522094,511.61492919921875,509.0884067752436,512.6580017089843,512.3535308536302,518.1798858642578,514.4284688177364,510.6022967529297,509.3683626639448,41.87432984735305,18.579526317861152,-81.42047368213885,-1.004798269266189,1.3274251570292308,-2.33222342629542,535.7455539070254,500.6142178214903,518.1798858642578,6.779756807221594,33985390.0,0.9325830893804662,1048274100,8.62259991754404,0.012052359849750036,0.011522189427172619,0.013203757018989928,20.456617455413785,-156.6274966905289,0.9272162747990015,505.2808837890625,-0.01568105035595191,513.3304443359375,0.00017469508928424915,513.2407836914062,-0.017844207363151843,516.6280517578125,0.016365234886725144
2025-01-14,503.1788330078125,508.2397285865004,499.7019793212129,506.82506018066647,33737200,-0.000949355277004793,-0.0009498062001392091,507.7375854492187,507.1185488527666,510.9165832519531,510.68540397257243,517.155142211914,513.357074931077,510.7915643310547,509.1256360107632,41.56319629108826,17.057789392641133,-82.94221060735887,-1.7252225706604918,0.7168956114912863,-2.442118182151778,535.6840979536724,498.6261864701556,517.155142211914,7.165724259265259,34493375.0,0.9780776743360138,1014536900,8.616539156668575,0.008574891706817897,0.011139283102148267,0.013167440795167504,20.80262353959119,-123.51248648270786,0.4072330515367743,503.656982421875,-0.0032138587056964596,505.2808837890625,-0.01568105035595191,513.3304443359375,0.00017469508928424915,522.5655517578125,0.0114927944384704
2025-01-15,514.7550659179688,515.9007006401041,509.5347694909147,511.0988974445716,34957600,0.023006200083890427,0.022745547639188467,508.0404418945312,509.66405454116733,511.0251708984375,511.425342508099,516.5087890625,513.4902169298286,511.46161193847655,509.3463979679085,51.04670822960744,53.89979014855829,-46.10020985144171,-1.3465367333852782,0.3042091425159735,-1.6507458759012517,534.4152039682207,498.60237415677926,516.5087890625,6.933634154889065,34802235.0,1.0044642247832647,1049494500,8.909776904927362,0.01400191632507048,0.013249358101002145,0.014164147254827895,20.09195460293163,-31.138069828152133,0.8200365829650489,503.1788330078125,-0.000949355277004793,503.656982421875,-0.0032138587056964596,505.2808837890625,-0.01568105035595191,513.2407836914062,-0.017844207363151843
2025-01-16,511.1487121582031,517.1061831442493,511.01919663194894,517.026467249921,28229000,-0.00700596069576187,-0.0070306176697460514,507.6040954589844,510.15894041351265,511.2094757080078,511.3750460808452,515.3021682739258,513.2672164753881,511.98831665039063,509.4170769557632,48.41091242103373,42.42237007809458,-57.57762992190542,-1.3221867421864886,-0.021070034424518935,-1.3011167077619696,531.116146376896,499.4881901709555,515.3021682739258,6.1377494901453025,34614690.0,0.815520809228683,1021265500,8.708149019739716,0.014426875315661444,0.013147648305024594,0.013729855591089503,19.28030221248118,-27.817559699309836,0.02127744590699095,514.7550659179688,0.023006200083890427,503.1788330078125,-0.000949355277004793,503.656982421875,-0.0032138587056964596,513.3304443359375,0.00017469508928424915
2025-01-17,519.776123046875,522.0973697832961,511.1786021287471,520.8819303330192,51837900,0.016878475252817715,0.01673761656646132,510.5031433105469,513.3646679579668,512.3561431884766,512.9025146201233,514.6447860717774,513.8871123393392,512.7158172607421,509.82331405737546,54.46792288286253,78.10073518384137,-21.899264816158635,-0.5998149489350908,-0.13681901732663332,-0.4629959316084575,528.4379874151443,500.8515847284104,514.6447860717774,5.360280223044265,35777630.0,1.4488913882780945,1073103400,8.868185348693522,0.013318838369410859,0.014082290013993018,0.014361396207503437,17.91521998479465,37.78878391558165,0.7874076260306917,511.1487121582031,-0.00700596069576187,514.7550659179688,0.023006200083890427,503.1788330078125,-0.000949355277004793,505.2808837890625,-0.01568105035595191
2025-01-21,522.8245849609375,523.990163931292,518.1024365526878,522.5057821782378,23628000,0.005864951810777175,0.005847819933359453,514.3366638183594,516.5179736256238,512.975796508789,514.7065274093623,515.1011367797852,514.7383002080628,513.380952758789,510.3331678182995,56.41516887742062,88.94403707132557,-11.05596292867442,0.2161635027276816,-0.06622251331577034,0.2823860160434519,529.3356637492129,500.86660981035743,515.1011367797852,5.52688625710149,34223870.0,0.6903953293417723,1096731400,8.655295493687147,0.012378091514657689,0.013287917347628759,0.011832371422692452,16.84635312238493,87.2289071061629,0.8020324489427942,519.776123046875,0.016878475252817715,511.1487121582031,-0.00700596069576187,514.7550659179688,0.023006200083890427,503.656982421875,-0.0032138587056964596
2025-01-22,529.5093383789062,531.8106408124149,527.2678076655376,527.5766383538297,33593000,0.012785843684967935,0.012704794905832295,519.6027648925781,520.8484285433847,513.6701751708985,517.397947585643,516.0061050415039,516.1450657481431,513.913818359375,511.08517450695075,60.413173951625375,93.22978795177585,-6.770212048224146,1.3862561406178884,0.2242732174709614,1.161982923146927,531.4378970531997,500.57431302980814,516.0061050415039,5.981243966272274,33581430.0,1.0003445356555691,1130324400,8.67892123352931,0.011511614025889648,0.013404206605759987,0.012044262221619799,16.697671255640532,156.4437203030367,0.49342131679656887,522.8245849609375,0.005864951810777175,519.776123046875,0.016878475252817715,511.1487121582031,-0.00700596069576187,503.1788330078125,-0.000949355277004793
2025-01-23,530.6350708007812,530.7546142367858,526.4608402116309,527.0485853044178,23096600,0.002125991630896218,0.002123734908637961,522.7787658691407,524.1106426291835,515.4096038818359,519.8046972611227,516.7440658569336,517.5250662293467,514.3108544921874,511.85183710670884,61.06095426206988,96.54158526041321,-3.4584147395867797,2.376999612611712,0.6548184964991115,1.7221811161126006,533.4401670433755,500.04796467049175,516.7440658569336,6.462038865895509,31709760.0,0.7283751122682732,1153421000,8.36569643293114,0.0093338868147827,0.011582067625204731,0.011934487850165867,16.45020156532207,130.9089555948055,0.9721588897316484,529.5093383789062,0.012785843684967935,522.8245849609375,0.005864951810777175,519.776123046875,0.016878475252817715,514.7550659179688,0.023006200083890427
2025-01-24,527.6364135742188,531.7807280773806,526.1620039307094,531.0136677980639,19878300,-0.005651072444264216,-0.005667100165212366,526.0763061523437,525.285899610862,516.840200805664,521.2286456816855,517.080793762207,518.4880516907631,514.635980834961,512.4708401054347,58.323198343790736,87.71982198924894,-12.280178010751051,2.8869256923954936,1.101239935678388,1.7856857567171056,534.3601877610362,499.80139976337784,517.080793762207,6.6834406565777575,31220035.0,0.6367161343669218,1133542700,8.169484126769714,0.008865088984924385,0.011904283017218584,0.011869705352987512,16.33164618111873,109.3321442282994,0.2624100427419362,530.6350708007812,0.002125991630896218,529.5093383789062,0.012785843684967935,522.8245849609375,0.005864951810777175,511.1487121582031,-0.00700596069576187
2025-01-27,512.2745361328125,516.0402765990139,508.2297899969277,509.0765966785985,60771700,-0.029114513415297916,-0.02954675113191617,524.5759887695312,520.9487784515122,517.5395660400391,519.6006257637085,516.2962600708008,517.8962883042916,514.6598352050781,512.46314191043,46.75722852342382,42.52664519388839,-57.47335480611161,2.0280920764739676,1.286610363837504,0.7414817126364637,532.9408208579633,499.6516992836383,516.2962600708008,6.447678232214969,33380710.0,1.8205634331924037,1072771000,8.972136944664095,0.016146574807646235,0.014662041137147546,0.013199229369011155,16.17896683134851,-39.80623651018424,0.517860965890739,527.6364135742188,-0.005651072444264216,530.6350708007812,0.002125991630896218,529.5093383789062,0.012785843684967935,519.776123046875,0.016878475252817715
2025-01-28,519.8458251953125,521.0313482861533,509.85358086015856,513.2806042053568,33194200,0.014779748998761555,0.014671592886365638,523.9802368164062,520.5811273661124,519.1584503173829,519.6452074785456,515.9082260131836,518.0819584843888,514.8536181640625,512.752658901994,51.82769974561954,64.800654765665,-35.199345234334984,1.9360820510202075,1.4165047012740448,0.5195773497461627,531.8259730404505,499.99047898591664,515.9082260131836,6.170766901809467,34085895.0,0.9738397656860704,1105965200,9.129681979044854,0.01775442925344088,0.015119953167864447,0.013688729827714855,15.46329266582589,13.153556581445123,0.89393918787636,512.2745361328125,-0.029114513415297916,527.6364135742188,-0.005651072444264216,530.6350708007812,0.002125991630896218,522.8245849609375,0.005864951810777175
2025-01-29,518.8695678710938,520.6229528077788,514.9543680275574,520.4934372745863,26649000,-0.0018779747319350726,-0.001879740337336473,521.8522827148438,520.0106075344395,520.7275238037109,519.5041820953725,515.822053527832,518.1569689021702,515.0410040283203,512.992537685096,51.151269149665936,61.92859892356705,-38.07140107643294,1.7640527339774508,1.486014307814726,0.2780384261627247,531.6558598407069,499.9882472149573,515.822053527832,6.139251396710757,33726365.0,0.7901533414585296,1079316200,8.882460750557465,0.016032473403888022,0.015151578860329452,0.013368119546318103,14.798738083554884,28.256383070594588,0.6906838294327081,519.8458251953125,0.014779748998761555,512.2745361328125,-0.029114513415297916,527.6364135742188,-0.005651072444264216,529.5093383789062,0.012785843684967935
2025-01-30,521.0811767578125,524.1196841000327,516.2594290396685,521.738726504641,27431300,0.004262359991149545,0.004253301865010305,519.94150390625,520.3674639422305,521.3601348876953,519.7909083976342,516.1926528930665,518.4354648884218,515.3434399414062,513.3097392173594,52.658675760543694,68.43494112040477,-31.565058879595217,1.7855934055029365,1.5459301273523682,0.23966327815056832,532.1540048871921,500.23130089894084,516.1926528930665,6.1842615948399144,33368730.0,0.8220660480635613,1106747500,8.809446058400805,0.016261632557477285,0.013495110494307214,0.013026533278339771,13.771593697703164,49.041013550103685,0.6134340019570872,518.8695678710938,-0.0018779747319350726,519.8458251953125,0.014779748998761555,512.2745361328125,-0.029114513415297916,530.6350708007812,0.002125991630896218
2025-01-31,520.323974609375,529.5192724001945,519.2281395504486,524.9365512323936,38755200,-0.0014531366363084164,-0.001454193463283712,518.4790161132812,520.3529674979454,522.2776611328125,519.8878295270416,516.7435684204102,518.615322957084,515.8718310546875,513.5848072719483,52.06626660304246,66.2073246917041,-33.792675308295884,1.7217177670164574,1.5810876552851862,0.14063011173127116,532.4750072167049,501.01212962411546,516.7435684204102,6.088682959086576,33850640.0,1.1448882502664648,1067992300,8.915280829211166,0.016232460785580664,0.01322672512344158,0.012856212026661025,13.3498151695312,68.94759949222316,0.1064834236342376,521.0811767578125,0.004262359991149545,518.8695678710938,-0.0018779747319350726,519.8458251953125,0.014779748998761555,527.6364135742188,-0.005651072444264216
2025-02-03,516.1597900390625,518.8894667950981,509.1263667109108,511.53724066840994,40580800,-0.008003061118678434,-0.008035257507144754,519.2560668945313,518.9552416783179,521.9160278320312,519.2100041655908,517.1360855102539,518.3814626791772,516.2483087158203,513.6857869883057,48.813909404456936,51.256607885567405,-48.743392114432595,1.3198663720860395,1.528843398645357,-0.20897702655931738,532.3906969684936,501.88147405201425,517.1360855102539,5.899650744035026,34060190.0,1.1914437353402902,1027411500,9.078304191300669,0.00857924266151438,0.012402221855807293,0.013003355415136043,12.9325832129616,-23.166858408688476,0.7204088114871702,520.323974609375,-0.0014531366363084164,521.0811767578125,0.004262359991149545,518.8695678710938,-0.0018779747319350726,512.2745361328125,-0.029114513415297916
2025-02-04,522.4957885742188,523.1333941133616,516.2792865811033,516.6778052444203,26046800,0.012275265639496435,0.012200535499595546,519.7860595703125,520.1354239769515,521.8831481933594,519.807419512614,517.4294723510742,518.7733032406097,516.683076171875,514.0312772465768,53.566625048280734,60.49823515240403,-39.50176484759597,1.4954201039669215,1.5221587397096699,-0.026738635742748373,532.8584234209442,502.00052128120416,517.4294723510742,5.963692404209058,33909555.0,0.7681256802101945,1053458300,8.927968468657703,0.007634167550189056,0.012929568595909385,0.012776647898842395,12.079927763813032,38.79822201592449,0.9069746810605538,516.1597900390625,-0.008003061118678434,520.323974609375,-0.0014531366363084164,521.0811767578125,0.004262359991149545,519.8458251953125,0.014779748998761555
2025-02-05,524.8668823242188,525.0263141261553,518.6603518561534,519.8558471490118,21134100,0.004538015045959076,0.004527749301366111,520.9855224609375,521.712576759374,521.4189025878907,520.7273218419966,517.5445388793945,519.3536441057154,517.1710339355469,514.456202935896,55.24150500729325,70.55340139111638,-29.446598608883612,1.8050674568198701,1.57874048313171,0.22632697368816013,533.1582098436472,501.93086791514185,517.5445388793945,6.033749674205801,33160775.0,0.6373222579990968,1074592400,8.744968025896572,0.007559790710777653,0.012270517283774941,0.012558580804826358,11.349967509432503,63.05607714174163,0.9749555848319561,522.4957885742188,0.012275265639496435,516.1597900390625,-0.008003061118678434,520.323974609375,-0.0014531366363084164,518.8695678710938,-0.0018779747319350726
2025-02-06,527.6065063476562,527.8157377758239,523.7610503813152,525.3749476688555,19434500,0.0052196549557592675,0.005206079774847174,522.2905883789062,523.6772199554681,521.1160461425782,521.9780826612074,518.262825012207,520.1396309859002,517.6777783203125,514.9719011089063,57.164101896507624,82.17140468062532,-17.828595319374678,2.245643596032096,1.7121211057117873,0.5335224903203086,534.3335175059495,502.19213251846446,518.262825012207,6.201753904831595,32297985.0,0.6017248444446303,1094026900,8.40994798079744,0.007632926226488155,0.012391221520495448,0.011843878003738359,10.973210945253896,90.76560919193858,0.9483976425541848,524.8668823242188,0.004538015045959076,522.4957885742188,0.012275265639496435,516.1597900390625,-0.008003061118678434,521.0811767578125,0.004262359991149545
2025-02-07,520.95166015625,530.0970984278108,520.2244274064886,528.1445149779497,29605500,-0.012613275445510053,-0.012693498098385318,522.4161254882813,522.7687000223955,520.4475708007812,521.7914603875787,518.6438858032227,520.2169670973622,518.0353125,515.2064014637041,51.38953773254869,53.95000485295015,-46.04999514704985,2.0343620306185812,1.7765692906931463,0.25779273992543494,534.5896256412445,502.6981459652008,518.6438858032227,6.149012944913727,32239370.0,0.9183026839544322,1064421400,8.514428197977777,0.01026234475009656,0.01289787920628358,0.012254310923575831,10.203665267623267,57.81242230083075,0.07366119545393277,527.6065063476562,0.0052196549557592675,524.8668823242188,0.004538015045959076,522.4957885742188,0.012275265639496435,520.323974609375,-0.0014531366363084164
2025-02-10,527.2578735351562,528.3636808400595,524.7672836743383,525.2354853815722,20852800,0.012105179542022837,0.012032497818458422,524.6357421875,524.2650911933158,521.9459045410156,522.7853536871382,519.7427352905273,520.8875296152473,518.5030578613281,515.6790082116041,55.93240927460479,80.69294737122651,-19.30705262877349,2.3487041844596206,1.890996269446441,0.45770791501317953,534.8610331630385,504.6244374180161,519.7427352905273,5.8176081534108794,31255385.0,0.6671746324673332,1085274200,8.435684804108613,0.010142569558507829,0.008975220016350488,0.011855026762929972,9.489087138394824,82.16660314736212,0.692523585683915,520.95166015625,-0.012613275445510053,527.6065063476562,0.0052196549557592675,524.8668823242188,0.004538015045959076,516.1597900390625,-0.008003061118678434
2025-02-11,526.0025634765625,527.9252913951378,523.8507207672724,523.9802362938708,19325500,-0.0023808275259640244,-0.002383666202312468,525.3370971679688,524.8442486210647,522.5615783691406,523.370300921579,520.8600143432617,521.3746756972773,518.8915881347656,516.0838535161123,54.83386740658146,75.46524651765823,-24.534753482341763,2.468079095934968,2.0064128347441463,0.46166626119082155,534.2636139101218,507.45641477640163,520.8600143432617,5.1467185799471675,30636950.0,0.6307905976280276,1065948700,8.124176648662672,0.009350145338937648,0.008049156259404422,0.011836460896940237,8.914249452476065,68.2586558802993,0.5281152066726098,527.2578735351562,0.012105179542022837,520.95166015625,-0.012613275445510053,527.6065063476562,0.0052196549557592675,522.4957885742188,0.012275265639496435
2025-02-12,526.3114013671875,527.1980658905265,519.9853278738981,520.3339861084905,25009400,0.0005871414173037603,0.0005869691172215144,525.6260009765625,525.333299536439,523.30576171875,523.9050464571441,522.0166427612305,521.8448400467926,519.3660650634765,516.4849338239976,55.067684436291394,76.77660782976382,-23.22339217023618,2.5581168315744662,2.1167536341102107,0.44136319746425556,532.8667125109254,511.16657301153566,522.0166427612305,4.156982310871516,30200560.0,0.8281104721236957,1090958100,8.059073889231657,0.009181301178419456,0.007981636143093596,0.01181964775718471,8.867832117590014,43.816966206325134,0.8770696341136176,526.0025634765625,-0.0023808275259640244,527.2578735351562,0.012105179542022837,520.95166015625,-0.012613275445510053,524.8668823242188,0.004538015045959076
2025-02-13,533.8828735351562,534.2016155325434,527.1981083755304,527.9851128913989,28714800,0.014385917060319331,0.014283421580321202,526.8812744140625,528.1831575360114,524.5859313964844,525.7191968349645,522.9730331420899,522.9913194266368,519.903648071289,517.1672059695333,60.47048740210073,98.77273934036681,-1.2272606596331883,3.2034989702573284,2.3341027013396345,0.869396268917694,534.4482529760077,511.49781330817206,522.9730331420899,4.388455658974688,29888420.0,0.9607332873400467,1119672900,8.04701248038339,0.011061108778679376,0.008959557445213725,0.011164483646572703,8.564389056144291,135.6848691367386,0.9544882313479965,526.3114013671875,0.0005871414173037603,526.0025634765625,-0.0023808275259640244,527.2578735351562,0.012105179542022837,527.6065063476562,0.0052196549557592675
2025-02-14,536.1243286132812,536.8117337584231,533.6536224423348,533.9923693740982,17862600,0.004198402288657421,0.004189613588181691,529.9158081054687,530.8302145617681,526.165966796875,527.6110389764766,524.2218139648437,524.2420822063173,520.3756561279297,517.9106225437979,61.92990209900428,97.51708133772564,-2.48291866227436,3.8514386695287612,2.63756989497746,1.213868774551301,535.71403991249,512.7295880171974,524.2218139648437,4.384489787148374,29370100.0,0.6081899619000276,1137535500,7.697805254362309,0.007248034883164869,0.00886259076954529,0.010974334157416466,8.593191380869204,170.94803831050208,0.782336632113552,533.8828735351562,0.014385917060319331,526.3114013671875,0.0005871414173037603,526.0025634765625,-0.0023808275259640244,520.95166015625,-0.012613275445510053
2025-02-18,537.3397216796875,537.9673551250996,534.0222392975678,537.6983519898058,20565000,0.0022669985328775955,0.0022644327686943055,531.932177734375,533.0000502677412,528.2839599609375,529.3798903770604,525.0999938964844,525.4894764418764,520.8405413818359,518.6725480001073,62.733334223891106,97.8238143700257,-2.1761856299743,4.412147126739228,2.9924853413298136,1.4196617854094145,537.7273263256961,512.4726614672727,525.0999938964844,4.80949631536313,27806455.0,0.7395764760376682,1158100500,7.4297560095887025,0.0063854303453962594,0.00799437624065495,0.01043610894520014,8.758260925165885,159.35356819600122,0.8409087405961193,536.1243286132812,0.004198402288657421,533.8828735351562,0.014385917060319331,526.3114013671875,0.0005871414173037603,527.2578735351562,0.012105179542022837
2025-02-19,537.4891967773438,538.774319161458,534.440717443179,536.5427605384632,19666900,0.00027817615490821623,0.0002781374710954131,534.2295043945312,534.4964324376087,529.78330078125,530.8543097225664,525.8332244873047,526.6323069500161,521.1813018798828,519.410455795293,62.83720904678207,95.66539245414039,-4.334607545859607,4.813091685030713,3.3566066100699934,1.4564850749607197,539.5066289031915,512.1598200714179,525.8332244873047,5.200662027097501,27608400.0,0.7123520377856015,1177767400,7.208602131638014,0.005827094896257705,0.00750974915679336,0.010393868858467598,9.011745235378287,141.81237480058502,0.7034516626749501,537.3397216796875,0.0022669985328775955,536.1243286132812,0.004198402288657421,533.8828735351562,0.014385917060319331,526.0025634765625,-0.0023808275259640244
2025-02-20,535.207763671875,537.0707198380107,530.4557600378364,536.7021174397108,26550800,-0.004244612020386063,-0.004253645958759668,536.0087768554688,534.7335428490309,530.8173889160156,531.6458468042589,526.1181457519531,527.4490171140026,521.5052789306641,520.029958064963,60.08440620368084,87.97031432260945,-12.029685677390544,4.890377325591658,3.6633607531743264,1.2270165724173312,540.3135993244179,511.9226921794883,526.1181457519531,5.396298792232666,27256290.0,0.9741164333076878,1151216600,7.196090317914396,0.0069064234381341315,0.0077994845868634925,0.010108770211782808,8.627295370556984,102.32012174064083,0.7183722618906192,537.4891967773438,0.00027817615490821623,537.3397216796875,0.0022669985328775955,536.1243286132812,0.004198402288657421,526.3114013671875,0.0005871414173037603
2025-02-21,524.0997924804688,536.3734259054734,523.7311900666963,536.3534817300003,47093800,-0.020754503102119237,-0.020972904968208698,534.0521606445312,531.1889593928436,530.4667175292968,530.273836927206,525.7913818359375,527.1300433393803,521.5141961669922,520.1895594145907,48.86084071463358,50.504080491000536,-49.495919508999464,4.009091993661514,3.732507001271764,0.27658499238974965,539.8561616460561,511.7266020258189,525.7913818359375,5.349946878553901,28456150.0,1.654960351277316,1104122800,7.58510071226173,0.01006176477708619,0.010468994052948578,0.011164666092263338,8.663214871550982,31.49020866789454,0.029156426004880213,535.207763671875,-0.004244612020386063,537.4891967773438,0.00027817615490821623,537.3397216796875,0.0022669985328775955,533.8828735351562,0.014385917060319331
2025-02-24,517.9131469726562,527.0785293164791,517.574460821282,525.893006175843,39268400,-0.011804327337227583,-0.01187455158961546,530.4099243164062,526.7636885861145,530.1628662109375,528.0264387536515,525.3052185058593,526.2522436854066,521.4809405517578,520.1002883384364,43.93801281617233,7.26320526861487,-92.73679473138513,2.779417040743624,3.541889009166136,-0.7624719684225121,539.7483864569086,510.86205055481,525.3052185058593,5.498962295531888,29425655.0,1.3344953578773353,1064854400,7.722169839614264,0.0094683572529537,0.010368643884403882,0.011394760455328015,9.399244694688816,-48.55549402204566,0.035635912298179744,524.0997924804688,-0.020754503102119237,535.207763671875,-0.004244612020386063,537.4891967773438,0.00027817615490821623,536.1243286132812,0.004198402288657421
2025-02-25,511.3877868652344,517.3652018839585,507.52238695535993,517.2854859915275,48940000,-0.012599332813936881,-0.012679377457721196,525.2195373535156,521.6383880124879,528.5758575439453,525.0012293193938,525.2608810424805,524.8365811311045,521.352587890625,519.7586216139971,39.425999571637846,12.368514958957308,-87.6314850410427,1.2637806782844336,3.086267342989796,-1.8224866647053624,539.8682929040126,510.6534691809484,525.2608810424805,5.56196449754298,28834070.0,1.697297675978452,1015914400,7.912783423734411,0.008128400760875428,0.009956907928343726,0.009714542240721989,11.00827126466417,-150.89073303580668,0.3927128507317684,517.9131469726562,-0.011804327337227583,524.0997924804688,-0.020754503102119237,535.207763671875,-0.004244612020386063,537.3397216796875,0.0022669985328775955
2025-02-26,512.6231079101562,517.7038863374212,509.4451131699638,513.5894882871941,34457600,0.0024156248480127207,0.0024127119163997756,520.2463195800781,518.6332946450441,527.2379119873046,522.7506617904415,524.8997451782227,523.6733932052999,521.0635424804688,519.4787975471799,40.668160340811625,16.32129789978562,-83.67870210021438,0.16045836167006655,2.5011055467258503,-2.3406471850557837,540.3571997172419,509.4422906392036,524.8997451782227,5.889678812387604,28897240.0,1.1924183762878393,1050372000,7.937496976857481,0.008819413867172792,0.010104836042336795,0.009095382195578464,12.44800583806622,-131.34866598621548,0.3848022794325483,511.3877868652344,-0.012599332813936881,517.9131469726562,-0.011804327337227583,524.0997924804688,-0.020754503102119237,537.4891967773438,0.00027817615490821623
2025-02-27,498.3869018554688,517.116154231956,498.1677287505483,516.1796900929963,52448000,-0.02777129207601492,-0.028164205981419884,512.8821472167969,511.884497048519,524.4454620361328,518.3208872568101,523.8756118774414,521.2651559338874,520.5578063964844,518.651664382799,32.4177805758182,0.5397476190505999,-99.4602523809494,-1.8414483051301431,1.6325947763546516,-3.474043081484795,543.060269010032,504.69095474485084,523.8756118774414,7.3241268337869325,30187190.0,1.737425709382026,997924000,8.723991870039638,0.011307901876625935,0.012763327730728042,0.010934766938966316,14.627680873746286,-200.36013011264777,0.011566824121318778,512.6231079101562,0.0024156248480127207,511.3877868652344,-0.012599332813936881,517.9131469726562,-0.011804327337227583,535.207763671875,-0.004244612020386063
2025-02-28,506.2571716308594,506.86486088968695,495.05946030473615,498.2474270999202,47654000,0.015791485984262277,0.015668097763213523,509.313623046875,510.0087219092992,521.6828918457031,516.1274844157282,523.1344116210937,519.8358240955038,520.1293072509766,518.1656058435073,39.70079299428521,25.615343658833275,-74.38465634116673,-2.7610807451261508,0.7538596720584911,-3.5149404171846417,543.7832293071485,502.4855939350389,523.1344116210937,7.894268557890535,31198325.0,1.527453797599711,1045578000,8.944092492533292,0.01653612271667474,0.01301032712484678,0.011565465716431895,16.848905927451494,-183.55743715741957,0.9485244694113053,498.3869018554688,-0.02777129207601492,512.6231079101562,0.0024156248480127207,511.3877868652344,-0.012599332813936881,524.0997924804688,-0.020754503102119237
2025-03-03,495.1790466308594,511.1088490940928,491.72210680896086,509.5945814567039,44587200,-0.021882406059183124,-0.022125376972184082,504.7668029785156,505.06549681648596,517.5883636474609,512.318677545752,521.877165222168,517.4875595750614,519.327265625,517.2641721488936,34.126037884185806,7.347029287380676,-92.65297071261934,-4.333850255150082,-0.26368231338322357,-4.070167941766859,545.851563502616,497.90276694171985,521.877165222168,9.187755233644674,31489925.0,1.4159195361691082,1000990800,9.689996049147481,0.017860747486289425,0.013516262522510142,0.012441425067671708,18.219717521908162,-171.51106000613296,0.17831463229032934,506.2571716308594,0.015791485984262277,498.3869018554688,-0.02777129207601492,512.6231079101562,0.0024156248480127207,517.9131469726562,-0.011804327337227583
2025-03-04,493.6846923828125,501.8438669070773,485.90409236827736,492.3198540523609,67875400,-0.003017805899127368,-0.0030223686573411382,501.22618408203124,501.27189533859485,513.2228607177734,508.93068024339937,520.7534103393555,515.2206198424662,518.5424841308594,516.3394866678709,33.443833278391764,14.716411270508676,-85.28358872949133,-5.635896218629512,-1.3381250944324812,-4.2977711241970304,547.6261828410095,493.88063783770144,520.7534103393555,10.320728378578279,32854655.0,2.0659294702683684,933115400,10.136408798408372,0.01786644133701149,0.013176640372961082,0.012373002759542418,19.900804500030407,-179.7810647307233,0.4881248474090462,495.1790466308594,-0.021882406059183124,506.2571716308594,0.015791485984262277,498.3869018554688,-0.02777129207601492,511.3877868652344,-0.012599332813936881
2025-03-05,500.1203918457031,501.7342891326799,489.4108559644338,494.33226372255456,46323700,0.013036052286385713,0.012951814254559482,498.72564086914065,500.8880608409643,509.48598022460936,507.3288096256364,519.6346405029296,513.7825028903936,518.2709405517578,515.7034437336683,39.09107751819352,26.88904576301045,-73.11095423698956,-6.078401831510973,-2.2861804418481797,-3.7922213896627937,547.9485316552824,491.32074935057693,519.6346405029296,10.897614956904746,33868500.0,1.3677517457224264,979439100,10.292624824825355,0.01977874022209049,0.014641961019858608,0.012420764024340029,21.461813836858205,-130.7332551584926,0.8690383381781762,493.6846923828125,-0.003017805899127368,495.1790466308594,-0.021882406059183124,506.2571716308594,0.015791485984262277,512.6231079101562,0.0024156248480127207
2025-03-06,486.3623962402344,496.7032997202751,484.3699243677266,491.8317218014017,57574300,-0.02750936740390575,-0.027894835827860447,496.32073974609375,496.046172640721,504.6014434814453,503.5167344646542,517.7094161987304,511.17106416180707,517.7699890136719,514.5528144202003,32.70287963188072,3.6623362507055544,-96.33766374929445,-7.453328649657692,-3.3196100834100823,-4.13371856624761,549.3761756550018,486.04265674245903,517.7094161987304,12.233410660669012,35690510.0,1.6131543090866451,921864800,10.682470728621867,0.01970278723139511,0.015932263435767306,0.013534878255377797,23.254075379012583,-145.1495134570936,0.16155122304616504,500.1203918457031,0.013036052286385713,493.6846923828125,-0.003017805899127368,495.1790466308594,-0.021882406059183124,498.3869018554688,-0.02777129207601492
2025-03-07,489.9388732910156,491.4232550880436,478.7212470644506,485.3262961011522,54714700,0.007353522966472736,0.0073266176352659255,493.057080078125,494.01040619081925,501.1853515625,501.04803243308356,515.8260345458984,509.1489507455412,517.2512493896485,513.587561826899,35.64699296342786,18.679521021746385,-81.32047897825362,-8.160309284899313,-4.287749923707929,-3.872559361191384,549.3408861889403,482.3111829028566,515.8260345458984,12.994633616174983,37454520.0,1.460830361729372,976579500,10.826723392548377,0.017774060938246638,0.016185802399904622,0.013617173099846768,25.263540452661285,-133.82222107892616,0.8831380208263779,486.3623962402344,-0.02750936740390575,500.1203918457031,0.013036052286385713,493.6846923828125,-0.003017805899127368,506.2571716308594,0.015791485984262277
2025-03-10,470.95062255859375,482.1483046930257,466.8959350231872,481.6302729539333,76668000,-0.03875636690118922,-0.039527381748525305,488.2113952636719,486.3238116467441,496.4890991210938,495.5757760922672,513.3259826660156,505.51101472773667,516.2522247314453,511.9155249928478,28.514544010678634,5.641038796318319,-94.35896120368169,-10.135948766550825,-5.457389692276508,-4.678559074274317,552.0009145427913,474.65105078924,513.3259826660156,15.068371047930626,39807645.0,1.9259617091139152,899911500,11.699310169354096,0.022437788551271372,0.019125878272452317,0.01563272928692436,27.71751052552821,-163.4189435165382,0.265839841490212,489.9388732910156,0.007353522966472736,486.3623962402344,-0.02750936740390575,500.1203918457031,0.013036052286385713,495.1790466308594,-0.021882406059183124
2025-03-11,469.8248596191406,477.0077119927552,465.25214045630736,470.5720365490684,68760800,-0.002390405459784861,-0.002393267040050231,483.4394287109375,480.8241609708763,492.3328063964844,490.89379127897143,510.45433197021487,502.11233328882275,515.0894177246093,510.26491066446715,28.15486434664382,6.367042069337032,-93.63295793066297,-11.658109520660958,-6.697533657953398,-4.960575862707559,552.9091888116694,467.99947512876037,510.45433197021487,16.634144989068986,42203045.0,1.629285280244589,831150700,11.703328838432222,0.02248675175452224,0.019202155305417922,0.015130032610113446,30.067510596138423,-148.51183765421047,0.3889831428966907,470.95062255859375,-0.03875636690118922,489.9388732910156,0.007353522966472736,486.3623962402344,-0.02750936740390575,493.6846923828125,-0.003017805899127368
2025-03-12,475.1248474121094,479.2492483034156,470.01415228809566,477.356406139668,46971100,0.011280773429624746,0.0112176200075235,478.44031982421876,478.92438978462064,488.5829803466797,488.0267105759056,507.9104461669922,499.54209653865956,514.0397845458984,508.88686896829626,32.47340403823844,13.881508037222613,-86.11849196277738,-12.295038612098324,-7.817034648782384,-4.47800396331594,552.3830719579472,463.4378203760371,507.9104461669922,17.51199493004057,43585325.0,1.0776815361592462,878121800,11.54054739884956,0.022053505928715772,0.019940887313574684,0.015586423605490101,31.847693158332323,-117.07592742431184,0.5533992408395475,469.8248596191406,-0.002390405459784861,470.95062255859375,-0.03875636690118922,489.9388732910156,0.007353522966472736,500.1203918457031,0.013036052286385713
2025-03-13,466.5771179199219,474.48723340088907,464.67430370193534,474.4573475399869,46563300,-0.017990491422927968,-0.018154287805841045,474.48326416015624,474.80863249638776,485.402001953125,484.126784638454,504.9237319946289,496.40257476544645,512.9594665527344,507.2276630448306,29.403664109856365,3.0491752749882135,-96.95082472501178,-13.335812889813838,-8.920790296988674,-4.415022592825164,551.9992285176909,457.8482354715669,504.9237319946289,18.64657711258569,44663020.0,1.042547055707384,831558500,11.462689992515593,0.020522304153199188,0.019049907974232196,0.015790870475071953,33.7658663610823,-123.24429565659102,0.1939088810724918,475.1248474121094,0.011280773429624746,469.8248596191406,-0.002390405459784861,470.95062255859375,-0.03875636690118922,486.3623962402344,-0.02750936740390575
2025-03-14,477.8544921875,478.7510983733253,471.3391012058141,471.94682088464697,43563000,0.0241704400718461,0.023882958149482422,472.06638793945314,475.82391906009184,482.5617340087891,482.9863678291896,502.12231292724607,494.63609071040395,512.2431726074219,506.075773991602,37.76287355890401,24.854407352519612,-75.14559264748038,-13.099639657108128,-9.756560169012566,-3.3430794880955617,548.6361060506061,455.60851980388605,502.12231292724607,18.52687758574057,45405430.0,0.9594226945984213,875121500,11.513496454007582,0.024651004148518313,0.020279443531994065,0.016583641952826772,34.79633357053614,-90.16225014639622,0.8790331181124469,466.5771179199219,-0.017990491422927968,475.1248474121094,0.011280773429624746,469.8248596191406,-0.002390405459784861,489.9388732910156,0.007353522966472736
2025-03-17,480.9527893066406,484.0112407832775,476.0014957209765,477.8046802482964,41744400,0.006483766857474427,0.0064628376591263645,474.0668212890625,477.53354247560816,481.1391082763672,482.6166262796352,499.3637359619141,493.3329191481407,511.6761151123047,505.0905589059172,39.86945352600538,30.696989860546626,-69.30301013945338,-12.51816240081638,-10.30888061537333,-2.20928178544305,543.9899199254805,454.7375519983476,499.3637359619141,17.87321775683369,46599520.0,0.8958118023533289,916865900,11.263228497457112,0.01573182580074425,0.019720467498154197,0.016660927731671875,34.89721609613315,-68.99279380303398,0.618158698821298,477.8544921875,0.0241704400718461,466.5771179199219,-0.017990491422927968,475.1248474121094,0.011280773429624746,470.95062255859375,-0.03875636690118922
2025-03-18,472.7537841796875,477.8046769977494,470.6317968855951,477.6054480628794,39072300,-0.017047421928404027,-0.01719440204179265,474.65260620117186,475.94028971030133,479.0460174560547,480.8233822614628,496.1344390869141,491.37300153209753,510.9650018310547,503.82245009312385,36.361948199387754,15.406551058161096,-84.5934489418389,-12.573983621531966,-10.761901216605057,-1.8120824049269082,538.595782335164,453.6730958386641,496.1344390869141,17.11686990582465,47524885.0,0.8221440199171445,877793600,11.195925920570568,0.018427314810365674,0.020235234305544948,0.016759791038446558,35.36289720232098,-85.00168586882614,0.29583476384432095,480.9527893066406,0.006483766857474427,477.8544921875,0.0241704400718461,466.5771179199219,-0.017990491422927968,469.8248596191406,-0.002390405459784861
2025-03-19,479.0798645019531,483.5031236316215,473.0825053273427,475.01520527629424,40430300,0.01338134253804557,0.013292603132392345,475.4436096191406,476.98681464085195,476.9419647216797,480.50637903246104,493.2139724731445,490.2022265768457,510.2140380859375,502.8521526189603,40.696987498254835,31.023369946571712,-68.9766300534283,-11.969780351410122,-11.003477043566072,-0.9663033078440506,531.7493805494202,454.67856439686886,493.2139724731445,15.626243467128823,48563055.0,0.8325320554895074,918223900,11.16402688709653,0.01873092775970706,0.020268061930630698,0.017276474426218966,34.933255728677906,-61.16234708788099,0.5755281500033732,472.7537841796875,-0.017047421928404027,480.9527893066406,0.006483766857474427,477.8544921875,0.0241704400718461,475.1248474121094,0.011280773429624746
2025-03-20,477.4560241699219,482.7260901579374,474.3876005916405,475.0849778783517,36780500,-0.003389498186736284,-0.003395255549109468,477.6193908691406,477.1432178172086,476.05132751464845,479.9517690574539,490.3263854980469,488.98830253809103,509.31184753417966,501.85622601311564,39.94479386539886,27.526317658631132,-72.47368234136887,-11.489531088184265,-11.100687852489711,-0.38884323569455326,524.2172681738781,456.4355028222157,490.3263854980469,13.823805399094189,49074540.0,0.7494823181225947,881443400,10.9622027927537,0.015780002890933415,0.018534038674945207,0.01728104393869538,34.53430293172362,-56.590869053155984,0.36798314057341586,479.0798645019531,0.01338134253804557,472.7537841796875,-0.017047421928404027,480.9527893066406,0.006483766857474427,466.5771179199219,-0.017990491422927968
2025-03-21,479.0300598144531,479.7971505017605,471.1299165344871,472.29549549568526,42234900,0.0032967133408103866,0.0032912910951761443,477.85450439453126,477.77216514962345,474.9604461669922,479.78418555872645,488.0728988647461,488.0398984691731,508.6276330566406,500.96108224061913,41.08156879466506,38.62234278430216,-61.37765721569784,-10.856768496199265,-11.051903981231623,0.1951354850323579,518.4977556675477,457.64804206194447,488.0728988647461,12.467341199877977,48831595.0,0.8649092867025949,923678300,10.798276448076535,0.01153891408601773,0.018357644543249833,0.017001888422169233,34.43410543358458,-58.09240041524987,0.9114953293870954,477.4560241699219,-0.003389498186736284,479.0798645019531,0.01338134253804557,472.7537841796875,-0.017047421928404027,477.8544921875,0.0241704400718461
2025-03-24,489.54205322265625,490.3901226191041,483.296306654798,486.6286929361406,34567200,0.021944329364789406,0.0217070180520431,479.5723571777344,481.6954611739677,476.81958923339846,481.55834331580456,486.6543441772461,488.18296082664773,508.151865234375,500.51327718109115,48.14147863702523,67.10134726629138,-32.89865273370863,-9.39872689446031,-10.721268563877361,1.3225416694170509,513.8566661983974,459.4520221560948,486.6543441772461,11.179319509472558,48596535.0,0.7113099730258546,958245500,10.838404044974709,0.015061899798973297,0.014524077455018393,0.0178751871782577,32.83936308893209,4.964618679007714,0.8804494787004468,479.0300598144531,0.0032967133408103866,477.4560241699219,-0.003389498186736284,479.0798645019531,0.01338134253804557,480.9527893066406,0.006483766857474427
2025-03-25,492.3356628417969,492.4953019420397,489.30261128131787,490.27040239350913,26035200,0.005706577403821189,0.005690356572019219,483.4887329101563,485.24219506324414,479.07066955566404,483.51785595689404,485.70173797607424,488.5784562566619,507.89296081542966,500.19258642268744,49.860928774463,86.36349114415792,-13.636508855842088,-7.92642656001027,-10.162300163103943,2.2358736030936726,510.6104378208674,460.7930381312811,485.70173797607424,10.256788435054007,47451295.0,0.5486720646928603,984280700,10.292281660385218,0.009751000099986605,0.014354558775357134,0.017808009131977307,31.09673753888424,34.429574015770505,0.9499985694505917,489.54205322265625,0.021944329364789406,479.0300598144531,0.0032967133408103866,477.4560241699219,-0.003389498186736284,472.7537841796875,-0.017047421928404027
2025-03-26,483.2763671875,492.036361140999,481.71992401202056,491.1783047786964,34627100,-0.018400648862213154,-0.018572046610728372,484.3280334472656,484.5869191046628,479.8858215332031,483.47394890791327,484.2344009399414,488.0734953929322,507.4853485107422,499.5292052762095,44.6865343506577,66.86339334420259,-33.136606655797415,-7.405264110171231,-9.610892952517402,2.2056288423461705,505.8689905804785,462.5998112994043,484.2344009399414,8.935585575309181,47459770.0,0.7296095198101465,949653600,10.315385743913154,0.014648273360069951,0.015852377401329637,0.018156953395416342,30.214593648404524,8.740554637026875,0.1508702235088866,492.3356628417969,0.005706577403821189,489.54205322265625,0.021944329364789406,479.0300598144531,0.0032967133408103866,479.0798645019531,0.01338134253804557
2025-03-27,480.5226440429688,485.47133436435945,479.1557704025238,481.3108525863661,33469800,-0.005698029805506377,-0.005714325509091486,484.941357421875,483.2321607507648,481.28037414550784,482.9373480233779,483.34118804931643,487.3543666929357,507.0322247314453,498.7838499337295,43.21835888427111,56.965390688921644,-43.034609311078356,-7.132225699631249,-9.115159501940171,1.9829338023089225,504.01873440429193,462.6636416943409,483.34118804931643,8.556087031782496,46510860.0,0.719612580803709,916183800,10.029684188050478,0.014888391100352078,0.014570693294302309,0.017204126340003456,29.623962778484273,-12.651759853006896,0.2164293875706528,483.2763671875,-0.018400648862213154,492.3356628417969,0.005706577403821189,489.54205322265625,0.021944329364789406,477.4560241699219,-0.003389498186736284
2025-03-28,467.8715515136719,479.4251537993937,466.98356470882175,478.716780016139,46363800,-0.026327775987525892,-0.02668055763161107,482.70965576171875,478.1119576717339,480.282080078125,480.19811229434043,481.42190704345705,485.4988604853868,506.09455444335936,497.57160293686456,37.17540311476069,11.492210970085372,-88.50778902991463,-7.846231754113546,-8.861373952374848,1.0151421982613016,500.28085280273586,462.56296128417824,481.42190704345705,7.834685328341923,46446350.0,0.9982226805766222,869820000,10.28035526991452,0.01920010879717307,0.015173771823047999,0.01752750926813364,30.00966578030587,-89.39081564235987,0.0713724588055955,480.5226440429688,-0.005698029805506377,483.2763671875,-0.018400648862213154,492.3356628417969,0.005706577403821189,479.0300598144531,0.0032967133408103866
2025-03-31,467.85162353515625,468.7894538218736,456.28800345950606,460.8675723729834,53000300,-4.2592840815314226e-05,-4.259374791611601e-05,478.37156982421874,474.69184629287474,478.9719635009766,477.9532961563069,480.0555358886719,483.8181712520315,505.2286126708984,496.4061135485623,37.1665874771553,31.937262817960494,-68.06273718203951,-8.317812156861692,-8.752661593272217,0.4348494364105253,498.688053045368,461.4230187319758,480.0555358886719,7.762650678406974,46867005.0,1.1308659471626148,816819700,10.439004919375451,0.013191231033611044,0.014906083254091512,0.017013651648543196,31.00296937592441,-141.93595621419325,0.9249822812853004,467.8715515136719,-0.026327775987525892,480.5226440429688,-0.005698029805506377,483.2763671875,-0.018400648862213154,489.54205322265625,0.021944329364789406
2025-04-01,471.62298583984375,472.5508595678627,463.3618526767417,466.23526514595727,41156200,0.008061022159526754,0.008028705673508146,474.2290344238281,473.6688928085311,478.8588836669922,476.80233064422265,478.95245056152345,482.6567250222994,504.2655499267578,495.4342261874361,40.06333287023427,42.35329069838024,-57.646709301619765,-8.291644685628228,-8.66045821174342,0.3688135261151917,496.8234971272826,461.0814039957643,478.95245056152345,7.462555644013167,45531045.0,0.9039151198923724,857975900,10.349719345928703,0.013869904293846961,0.014315901794982157,0.01718213883142805,31.418778796795767,-91.655522662064,0.8990235028547631,467.85162353515625,-4.2592840815314226e-05,467.8715515136719,-0.026327775987525892,480.5226440429688,-0.005698029805506377,492.3356628417969,0.005706577403821189
2025-04-02,475.0650939941406,478.4673280191872,464.79853106385406,465.05794840151947,49894500,0.00729843170847011,0.007271927039316069,472.58677978515624,474.1342932037343,478.45740661621096,476.4864694351168,477.69968566894534,481.9337125434271,503.3103601074219,494.6354366896598,42.66155643521912,51.85996006769909,-48.14003993230091,-7.902067302004184,-8.508780029795574,0.6067127277913897,492.74968854022484,462.64968279766583,477.69968566894534,6.301031096641513,45709585.0,1.0915544299953719,907870400,10.586796318029021,0.014035941034410597,0.013797042234268643,0.016961869901873986,31.05196300522733,-51.65325134930488,0.7510948449787124,471.62298583984375,0.008061022159526754,467.85162353515625,-4.2592840815314226e-05,467.8715515136719,-0.026327775987525892,483.2763671875,-0.018400648862213154
2025-04-03,449.6331787109375,459.0217417604512,449.1143744877712,455.40000781261466,70456300,-0.05353353804503436,-0.055019742711246315,466.40888671875,465.9672550394687,475.6751220703125,471.6040529398115,475.8632247924805,478.8574712260471,501.7128369140625,492.87064225912167,31.72042632245561,1.1959269974419064,-98.8040730025581,-9.535547581847709,-8.714133540206001,-0.8214140416417077,494.719244624321,457.00720496063997,475.8632247924805,7.924974593303968,46353685.0,1.519971928876852,837414100,11.684219402910477,0.026664785762900142,0.021706122112388423,0.01975533629807468,31.660639484744536,-234.49556056959014,0.052365498207750244,475.0650939941406,0.00729843170847011,471.62298583984375,0.008061022159526754,467.85162353515625,-4.2592840815314226e-05,480.5226440429688,-0.005698029805506377
2025-04-04,421.70697021484375,439.3666229320661,421.70697021484375,437.14172341887735,117088400,-0.06210886967050777,-0.06412140245887239,457.17597045898435,451.2138267645937,469.94281311035155,462.5318560807264,472.4516296386719,473.4145663678372,499.5342749023437,490.07991002209116,24.33892801744227,0.0,-100.0,-12.934404346862493,-9.5581877015373,-3.3762166453251936,501.7082316930712,443.19502758427257,472.4516296386719,12.385014769353036,49472370.0,2.3667432952979612,720325700,12.844361480994996,0.03474391069494497,0.027697842403377734,0.02346238952315091,33.319249177244544,-354.4421250571413,0.0,449.6331787109375,-0.05353353804503436,475.0650939941406,0.00729843170847011,471.62298583984375,0.008061022159526754,467.8715515136719,-0.026327775987525892
2025-04-07,422.7246398925781,442.1303359409776,401.47318336158713,407.7288864290708,161557000,0.002413215217229814,0.0024103080894647745,448.15057373046875,441.7174311405886,463.2610717773438,455.29418041015396,470.0403305053711,468.5869543225744,497.43603942871096,487.4385268797573,25.023642303860555,23.347574042903943,-76.65242595709606,-15.368744067703119,-10.720298974770463,-4.648445092932656,506.4655334165311,433.6151275942111,470.0403305053711,15.498756403305597,53716820.0,3.0075682067553515,881882700,14.830989416594672,0.03511312087666895,0.02562506917645775,0.02232688945206608,35.39966352776744,-274.39656270834774,0.5226990869427316,421.70697021484375,-0.06210886967050777,449.6331787109375,-0.05353353804503436,475.0650939941406,0.00729843170847011,467.85162353515625,-4.2592840815314226e-05
2025-04-08,415.1119995117188,442.1303144349011,408.85629674852464,437.16165046755134,101248100,-0.0180085087606765,-0.018172635390949935,436.84837646484374,432.84895393096537,455.53870544433596,447.98832933771115,467.3046875,463.4941014834453,495.49278869628904,484.6021924731676,23.323286495024774,14.984068007686073,-85.01593199231392,-17.708124060935006,-12.117863992003372,-5.590260068931634,510.8968365651345,423.7125384348655,467.3046875,18.65684219790091,55341185.0,1.8295253345225622,780634600,16.148348578721944,0.031759093110852774,0.024650425598501242,0.02249796146556368,37.33147685325298,-202.9925857185907,0.1880056331681481,422.7246398925781,0.002413215217229814,421.70697021484375,-0.06210886967050777,449.6331787109375,-0.05353353804503436,471.62298583984375,0.008061022159526754
2025-04-09,464.938232421875,466.7640494224436,414.4834474028116,414.6231430319054,142876900,0.1200308181135814,0.11335620110128078,434.8230041503906,443.5453800946019,453.70489196777345,451.0701298984682,466.7953567504883,463.63163776329577,494.39463684082034,483.83105678488164,48.154880099617905,69.72486473624805,-30.27513526375194,-15.364427423928419,-12.767176678388381,-2.5972507455400375,510.2479381534898,423.34277534748674,466.7953567504883,18.617400869404037,60136475.0,2.3758775352230073,923511500,18.729223824501236,0.0732047809809646,0.04969553709559543,0.035978520676013453,36.90444421141511,-73.24683831163948,0.9650765880626342,415.1119995117188,-0.0180085087606765,422.7246398925781,0.002413215217229814,421.70697021484375,-0.06210886967050777,475.0650939941406,0.00729843170847011
2025-04-10,445.1633911132813,454.5519544943761,431.64427637376247,452.5265809783469,108384100,-0.04253219014832588,-0.04346317744633084,433.9290466308594,444.0847171008284,450.16896667480466,449.99617739207054,465.72467041015625,461.8727571299611,492.9205133056641,482.31467773893655,42.29996328641352,47.99955047528069,-52.00044952471931,-14.93058489335317,-13.199858321381338,-1.7307265719718323,510.18949038567627,421.25985043463623,465.72467041015625,19.09489567574789,63227515.0,1.7141919937862495,815127400,19.76956184047347,0.07142131638050624,0.051274869919151325,0.037010585439671714,36.50791390113709,-81.47203096594866,0.5901564823933226,464.938232421875,0.1200308181135814,415.1119995117188,-0.0180085087606765,422.7246398925781,0.002413215217229814,449.6331787109375,-0.05353353804503436
2025-04-11,453.36468505859375,454.7515326857512,440.3244565510031,443.6368995420995,52483800,0.018423109602077492,0.018255460071624447,440.2605895996094,447.1780397534169,448.71828002929686,450.60863333143834,464.50018005371095,461.0624645517357,491.56618347167966,481.17938390833484,45.271934344295744,57.00977136797886,-42.99022863202114,-13.766296386372176,-13.313145934379506,-0.4531504519926699,508.9102019094974,420.0901581979245,464.50018005371095,19.121638166276384,63673555.0,0.8242636994274939,867611200,19.387955718635943,0.06244088791970109,0.05130251177860562,0.03682084630378989,36.12286391251459,-53.11577269832644,0.9038718854537975,445.1633911132813,-0.04253219014832588,464.938232421875,0.1200308181135814,415.1119995117188,-0.0180085087606765,421.70697021484375,-0.06210886967050777
2025-04-14,456.4376831054688,463.99041238720434,451.5987273133604,463.4017603039649,43941200,0.006778203393760007,0.006755334654286945,447.0031982421876,450.2645875374342,447.57688598632814,451.6684605630802,463.27442474365233,460.62200917590076,490.28845764160155,480.2091211317519,46.38625258572831,60.691885037162415,-39.30811496283759,-12.452084220338577,-13.14093359157132,0.6888493712327435,507.15042317187095,419.3984263154337,463.27442474365233,18.941688159236033,63783395.0,0.6889128432251058,911552400,18.8882221011508,0.06223246370391856,0.05137671467259722,0.03682447656602045,34.99599001918326,-20.21504705057381,0.39050022359616654,453.36468505859375,0.018423109602077492,445.1633911132813,-0.04253219014832588,464.938232421875,0.1200308181135814,422.7246398925781,0.002413215217229814
2025-04-15,456.9464721679688,461.3264842842656,455.1106682130159,457.49523727635807,35404200,0.0011146955681624604,0.0011140747563589011,455.3700927734375,452.4918824142791,446.10923461914064,452.62809903669626,462.4840591430664,460.27195803228824,489.1041912841797,479.29686038807415,46.58019002021588,66.04108321926135,-33.958916780738654,-11.239939558542062,-12.76073478496547,1.5207952264234077,506.2178158149919,418.7503024711409,462.4840591430664,18.912546630454457,63599990.0,0.5566698988474684,946956600,17.983050241872146,0.06009884836491408,0.0512826919616599,0.0366571155602389,33.94960711823274,-15.741359660957936,0.295343995684589,456.4376831054688,0.006778203393760007,453.36468505859375,0.018423109602077492,445.1633911132813,-0.04253219014832588,415.1119995117188,-0.0180085087606765
2025-04-16,443.1679382324219,451.5887103120072,436.7625831135612,448.00689370261694,48980600,-0.03015349668895595,-0.030617464015845742,451.0160339355469,449.3839010203267,442.9195190429688,450.90806979955545,460.68846282958987,458.6430037656343,487.51763427734375,477.8800399113819,42.13511039171341,53.487749747263436,-46.512250252736564,-11.261305398904199,-12.460848907753217,1.1995435088490183,504.4980869144895,416.87883874469026,460.68846282958987,19.01919740547309,64027505.0,0.764993107259138,897976000,18.140253014196105,0.025859179722188173,0.0518911154390959,0.03704374483981648,33.88315994268842,-61.729118222784074,0.4320315773015109,456.9464721679688,0.0011146955681624604,456.4376831054688,0.006778203393760007,453.36468505859375,0.018423109602077492,464.938232421875,0.1200308181135814
2025-04-17,443.088134765625,446.7298122375281,440.3543570860115,446.1511471509205,44837000,-0.00018007500072136917,-0.00018009121617100553,450.6009826660156,447.28531226875947,442.2650146484375,449.4862634297499,458.970068359375,457.1615876703953,485.8820593261719,476.5156514742934,42.110045407782096,54.04950154210208,-45.950498457897915,-11.15607714128106,-12.199894554458785,1.0438174131777256,502.710161308186,415.22997541056395,458.970068359375,19.0601069499645,64430330.0,0.6958989655958615,853139000,17.299910309719,0.01797661802001437,0.04910092335803086,0.03705008889437209,33.8214589939687,-57.61669346150271,0.4287972567606121,443.1679382324219,-0.03015349668895595,456.9464721679688,0.0011146955681624604,456.4376831054688,0.006778203393760007,445.1633911132813,-0.04253219014832588
2025-04-21,432.1231384277344,438.0795369204027,426.9549484348984,437.2314980152638,44149300,-0.024746761372183124,-0.025058109782821105,446.35267333984376,442.2312543217511,443.30663146972654,446.3293316112016,456.6247222900391,454.77697345680855,483.97239196777343,474.7747686097225,38.70327817132024,39.80816359795976,-60.19183640204024,-11.821199130025889,-12.124155469572207,0.3029563395463182,500.8385664606848,412.4108781193934,456.6247222900391,19.365506076371368,64526050.0,0.6842089357709018,808989700,17.216572882648112,0.016759503185194653,0.0451478566444357,0.03732506101323447,34.33229936806753,-90.08768422199368,0.4645735884544249,443.088134765625,-0.00018007500072136917,443.1679382324219,-0.03015349668895595,456.9464721679688,0.0011146955681624604,453.36468505859375,0.018423109602077492
2025-04-22,443.46728515625,446.5601976003793,436.6228994956535,437.82017753392927,52304400,0.026252115935728293,0.025913443595508928,443.75859375,442.6432645999174,445.3808959960937,445.8089595284831,454.32098388671875,453.6998602853268,482.4227044677734,473.54702416056676,43.7715606204124,54.541942093667544,-45.45805790633245,-11.302645403491113,-11.95985345635599,0.6572080528648776,496.1724912557829,412.4694765176546,454.32098388671875,18.42376154894906,65412910.0,0.7996036256451517,861294100,17.018036189076458,0.022685216936764823,0.04572074873919449,0.037497711725119204,34.0526610514361,-47.35530093714607,0.6887572042618609,432.1231384277344,-0.024746761372183124,443.088134765625,-0.00018007500072136917,443.1679382324219,-0.03015349668895595,456.4376831054688,0.006778203393760007
2025-04-23,453.5242919921875,462.3242031118777,451.8481271450211,457.126082514728,55801100,0.022678125698480933,0.02242479982478979,443.07415771484375,446.27027373067415,449.2221252441406,447.21174724915664,452.38041534423826,453.683139495504,480.9480328369141,472.7618189774931,47.88555128799393,79.72188419446674,-20.278115805533254,-9.96529768891196,-11.560942302867184,1.5956446139552245,490.42761267037514,414.3332180181014,452.38041534423826,16.82088615493441,66901205.0,0.8340821364876762,917095200,17.149384886687262,0.02606517906793402,0.04518392619553657,0.03792526487461768,32.57868871697962,16.760992384054855,0.15999930245382926,443.46728515625,0.026252115935728293,432.1231384277344,-0.024746761372183124,443.088134765625,-0.00018007500072136917,456.9464721679688,0.0011146955681624604
2025-04-24,466.28515625,466.5944474838895,454.791384907367,455.4399282507265,45956100,0.028137113012751902,0.027748536555936974,447.6976013183594,452.9419012371161,449.3568176269531,450.6796397947645,451.5308547973633,454.88333156736076,479.7536846923828,472.5078322038659,52.62226953243557,99.2665234797204,-0.733476520279589,-7.785992812890129,-10.805952404871775,3.019959591981646,487.48163514708324,415.58007444764337,451.5308547973633,15.923952911636047,67467655.0,0.6811575116994951,963051300,16.858011358474027,0.02271495103027742,0.02518617475086249,0.0383835544773217,30.91322053726426,56.780696124776725,0.97379567955506,453.5242919921875,0.022678125698480933,443.46728515625,0.026252115935728293,432.1231384277344,-0.024746761372183124,443.1679382324219,-0.03015349668895595
2025-04-25,471.4832763671875,472.01206755185086,464.32963016047904,465.90601675595167,38697100,0.01114794251438811,0.011086262185731858,453.3766296386719,459.12235961380657,451.9888061523437,454.4621191715687,451.0788864135742,456.4642786911538,478.6571221923828,472.467653543604,54.4388916201172,99.25035504781013,-0.7496449521898582,-5.575166102238256,-9.759795144345071,4.184629042106815,485.7654336998306,416.39233912731777,451.0788864135742,15.379370806752357,67729020.0,0.5713518370707269,1001748400,16.202613217966725,0.02194422428945221,0.020205248094623467,0.03846226651008472,28.9947041085231,97.51755078365402,0.9311688260095206,466.28515625,0.028137113012751902,453.5242919921875,0.022678125698480933,443.46728515625,0.026252115935728293,443.088134765625,-0.00018007500072136917
2025-04-28,471.3336181640625,473.7281436779861,464.96815011298537,471.952200623288,33550800,-0.00031741996084810875,-0.00031747034922701475,461.2187255859375,463.19277913055856,453.78569946289065,457.52966444293116,451.2519897460937,457.88040626000225,477.40613708496096,472.4231815679357,54.37424847117991,96.3088371500702,-3.6911628499298055,-3.791440802663544,-8.566124276008766,4.774683473345222,486.30464749141777,416.1993320007697,451.2519897460937,15.535735483425633,67088370.0,0.5000986012925936,968197600,15.670997528469155,0.011982676239640333,0.019784017231728637,0.03797123420982035,27.09430543025082,102.25110299922551,0.7266521377865791,471.4832763671875,0.01114794251438811,466.28515625,0.028137113012751902,453.5242919921875,0.022678125698480933,432.1231384277344,-0.024746761372183124
2025-04-29,474.446533203125,475.3345200084478,468.5200646884619,469.09876024538016,30613100,0.006604483361886793,0.006582769315916778,467.4145751953125,466.9440304880808,455.5865844726562,460.60545876296635,451.5817352294922,459.4581326355377,476.17258117675783,472.50252869088433,55.5564019514829,98.54072119471475,-1.4592788052852408,-2.1024042166594086,-7.273380264138895,5.170976047479487,487.36918676666323,415.7942836923212,451.5817352294922,15.849822410990102,65969010.0,0.4640527423406839,998810700,15.038387370720349,0.011644439808142157,0.019781452102883127,0.0379903860001274,25.213559926227052,110.74421435180776,0.8696907142665672,471.3336181640625,-0.00031741996084810875,471.4832763671875,0.01114794251438811,466.28515625,0.028137113012751902,443.46728515625,0.026252115935728293
2025-04-30,474.38665771484375,476.1127269253242,461.3763604209729,466.0656637973968,46810600,-0.00012620070775315462,-0.00012620867173252024,471.58704833984376,469.4249062303352,457.3306030273437,463.11113129967134,451.7199188232422,460.87989692880495,474.91351989746096,472.57641610358866,55.52660091242499,96.4887160008327,-3.5112839991673157,-0.7599023239359894,-5.9706846760983145,5.210782352162325,487.8356752380016,415.6041624084828,451.7199188232422,15.990331579286183,66251730.0,0.7065566438793371,952000100,15.016814451693987,0.011690202489099303,0.01980581395415353,0.03795856633309462,23.967936590323323,99.04672666136223,0.8828700948731796,474.446533203125,0.006604483361886793,471.3336181640625,-0.00031741996084810875,471.4832763671875,0.01114794251438811,453.5242919921875,0.022678125698480933
2025-05-01,480.5824890136719,486.0699573116427,479.6446283596297,482.3085581850568,43316500,0.013060719980350965,0.012976164220764575,474.44651489257814,473.1441004914475,461.0720581054687,466.287741793126,451.99578857421875,462.75633427022086,473.7753857421875,472.8903797471213,58.03512583390152,90.71730106746274,-9.28269893253726,0.7948296024510455,-4.617581820388443,5.412411422839488,488.896379298213,415.0951978502245,451.99578857421875,16.327847142290388,65922830.0,0.6570788905755411,995316600,14.778706247772915,0.006207521631207776,0.015865430324501356,0.03803101954942605,22.438708423502753,148.98812154515085,0.14596305668268864,474.38665771484375,-0.00012620070775315462,474.446533203125,0.006604483361886793,471.3336181640625,-0.00031741996084810875,466.28515625,0.028137113012751902
2025-05-02,487.7162170410156,489.7914949378418,483.7253307988606,485.4314565899748,39218100,0.014843920014615541,0.014734827284796323,477.69310302734374,478.0014726746369,465.5348663330078,470.18382820183314,453.89994049072266,465.1334659626775,472.8255548095703,473.4717851311956,60.778257345725734,96.69733934736699,-3.302660652633006,2.5729388506341024,-3.179477686183934,5.752416536818036,493.9152354989109,413.88464548253444,453.89994049072266,17.631769224259724,64360920.0,0.6093464791988679,1034534700,14.3808705103727,0.007116329033504609,0.01568870191453741,0.03585867738071043,21.27733643517252,146.40883237718114,0.6578928876064841,480.5824890136719,0.013060719980350965,474.38665771484375,-0.00012620070775315462,474.446533203125,0.006604483361886793,471.4832763671875,0.01114794251438811
2025-05-05,484.8228149414063,487.9157577687587,482.9969979417489,483.495858705901,28309500,-0.005932552575683592,-0.005950220075952805,480.3909423828125,480.2752534302267,470.804833984375,472.84546215448273,457.0557327270508,467.00864205588977,472.0400152587891,473.91692355512544,59.091084441969656,92.09269084162236,-7.907309158377648,3.705910443394032,-1.802400060268341,5.508310503662373,496.36673757122514,417.7447278828764,457.0557327270508,17.20184302672362,59921975.0,0.4724393680281733,1006225200,13.705005461561067,0.008773111812548298,0.011717075352381824,0.03238482278428175,20.13998455821587,125.69899281649737,0.3711945823405363,487.7162170410156,0.014843920014615541,480.5824890136719,0.013060719980350965,474.38665771484375,-0.00012620070775315462,471.3336181640625,-0.00031741996084810875
2025-05-06,480.3131408691406,483.9448315222372,477.1004762212246,478.467349889628,32786300,-0.009301695244706476,-0.009345226163096867,481.56426391601565,480.2878825765314,474.4894195556641,474.20322192078413,459.9351577758789,468.27573718096124,471.28801513671874,474.1677556066555,56.46035607747847,84.91585773534328,-15.084142264656718,4.191587572203048,-0.6036025337740631,4.795190105977111,497.14600790144243,422.7243076503154,459.9351577758789,16.180911372596544,53483440.0,0.6130177864400644,973438900,13.277672122891113,0.01096797224879627,0.012174079981884547,0.03258649796459043,18.796448821483715,95.72003215877125,0.4693889353455648,484.8228149414063,-0.005932552575683592,487.7162170410156,0.014843920014615541,480.5824890136719,0.013060719980350965,474.446533203125,0.006604483361886793
2025-05-07,482.1988220214844,484.6931259434826,475.6936883542095,480.9816004896274,38006300,0.003925941207711947,0.003918254811520489,483.12669677734374,480.9248623915158,477.35687255859375,475.65696739363864,463.2894989013672,469.6017452610111,470.70423583984376,474.48269938762917,57.31606543457706,87.91678833590616,-12.08321166409384,4.674761168782254,0.45207020673720033,4.2226909620450535,495.4912379117999,431.08775989093454,463.2894989013672,13.901346387861174,50321350.0,0.7552718677062519,1011445200,12.972083941918399,0.010873895809613109,0.011069676457136563,0.03206947367947352,17.661935271525714,88.87188516319499,0.7228377998816743,480.3131408691406,-0.009301695244706476,484.8228149414063,-0.005932552575683592,487.7162170410156,0.014843920014615541,474.38665771484375,-0.00012620070775315462
2025-05-08,487.1774597167969,491.5774153657984,483.0668518401002,487.4169031432312,39577600,0.01032486490622464,0.010271927557408649,484.44569091796876,483.00906149994285,479.44610290527345,477.75160236148554,464.4014602661133,471.2756228282288,470.19532287597656,474.9805331260279,59.57507257191206,93.19129111287822,-6.8087088871217905,5.397198632750644,1.4410958919398893,3.956102740810755,498.24801744596317,430.55490308626344,464.4014602661133,14.576421512738126,45156385.0,0.8764563416668539,1051022800,12.715406042089516,0.010315667135490343,0.008212728034356494,0.018339038122574997,16.76527231625403,105.74759648839577,0.48300066901987565,482.1988220214844,0.003925941207711947,480.3131408691406,-0.009301695244706476,484.8228149414063,-0.005932552575683592,480.5824890136719,0.013060719980350965
2025-05-09,486.8581848144531,490.4200580470196,485.09222863644607,489.0930713377677,27767400,-0.0006553564742698414,-0.0006555713141936432,484.2740844726562,484.29210260477964,480.98359375,479.40734462566144,466.4861999511719,472.75967635072635,469.9647485351563,475.4463233883191,59.35811630021458,91.41247907178983,-8.587520928210175,5.876235130741179,2.3281237397001475,3.5481113910410316,500.4721545391072,432.5002453632366,466.4861999511719,14.571043941489659,41125550.0,0.6751861069335243,1023255400,12.187721996981233,0.0078042444285110575,0.007983825246545676,0.015016582410722236,15.932656714930326,96.94944162357119,0.33145884409685095,487.1774597167969,0.01032486490622464,482.1988220214844,0.003925941207711947,480.3131408691406,-0.009301695244706476,487.7162170410156,0.014843920014615541
2025-05-12,506.69287109375,506.73278847929913,500.3373899950198,505.83481476868576,45090600,0.04074017218557402,0.03993216403666301,488.648095703125,491.75902543443647,484.51951904296874,484.36834943804115,469.15260925292966,475.99140918339526,469.97346252441406,476.6716782002968,67.32028135509452,99.9272704165814,-0.07272958341860264,7.766837159928457,3.4158664237458094,4.3509707361826475,506.77556242321475,431.5296560826446,469.15260925292966,16.038684397469392,40755890.0,1.1063578785790225,1068346000,12.736784973257288,0.019125360109616175,0.014136198590986854,0.016819257931091847,16.35528357035044,155.70457757722235,0.9937584208792261,486.8581848144531,-0.0006553564742698414,487.1774597167969,0.01032486490622464,482.1988220214844,0.003925941207711947,484.8228149414063,-0.005932552575683592
2025-05-13,514.4152221679688,516.211108574203,507.2615460721175,507.99985019165166,53269600,0.015240694145842726,0.015125721470695535,495.4685119628906,499.3110910122806,488.5163879394531,489.8314172071189,472.0514862060547,479.65081994383087,470.3581860351562,478.15181717942124,69.80090123182066,97.07604284256342,-2.923957157436576,9.775595107121944,4.6878121604210365,5.087782946700908,513.9952534556509,430.10771895645854,472.0514862060547,17.770844272392498,41222310.0,1.2922516957443675,1121615600,12.506888723771265,0.01617338075930865,0.014347918797166324,0.016953462844693887,17.30268848635811,165.26234989596733,0.7993324918513434,506.69287109375,0.04074017218557402,486.8581848144531,-0.0006553564742698414,487.1774597167969,0.01032486490622464,480.3131408691406,-0.009301695244706476
2025-05-14,517.4982299804688,518.0469646789172,514.5749130124277,515.5926085268512,47014500,0.005993228193183819,0.005975340236585023,502.5283935546875,505.3734706683433,492.8275451660156,494.86174680227333,475.0790740966797,483.2553351854154,470.8344567871094,479.69481375985447,70.75531910635041,99.03171193313763,-0.9682880668623651,11.483943465525726,6.047038421441975,5.436905044083751,520.796286079343,429.36186211401645,475.0790740966797,19.24614847311069,41802825.0,1.1246727942429728,1168630100,11.872949708569637,0.015877896038626806,0.014080786592316557,0.016912508061953203,18.28455499155262,156.19237713787166,0.8419566437248682,514.4152221679688,0.015240694145842726,506.69287109375,0.04074017218557402,486.8581848144531,-0.0006553564742698414,482.1988220214844,0.003925941207711947
2025-05-15,518.06689453125,520.740780872913,513.9961737159014,515.34313429326,50153300,0.0010988724556655338,0.0010982691372681532,508.70628051757814,509.6046119559789,496.57598571777345,499.08086457117815,478.8240219116211,486.57072178978063,471.1933868408203,481.1996012410857,70.93776738516488,95.49580991222227,-4.504190087777727,12.736885437379897,7.38500782462956,5.351877612750337,525.7270213640527,431.92102245918954,478.8240219116211,19.5909132817437,41861460.0,1.1980781367873934,1218783400,11.506639526315492,0.016958807184317633,0.014188555744324342,0.014652437922459998,19.349483086700086,143.76705830898638,0.6035519520297646,517.4982299804688,0.005993228193183819,514.4152221679688,0.015240694145842726,506.69287109375,0.04074017218557402,487.1774597167969,0.01032486490622464
2025-05-16,520.32177734375,520.5113468748441,515.9217911890203,519.4736774852381,48394600,0.004352493541476488,0.004343048836888881,515.3989990234375,513.1770004185693,499.8365417480469,502.9428487116457,482.68570404052736,489.78510803301583,471.8725744628906,482.73380422550395,71.69191418201099,99.29418408202571,-0.7058159179742906,13.753262130429448,8.658658685789538,5.09460344463991,529.9005641730603,435.47084390799444,482.68570404052736,19.56339694227557,42039340.0,1.1511741145317695,1267178000,11.012562109137516,0.0161157713693878,0.013982069687573354,0.014554973031813584,20.338344889337026,136.39113900295882,0.9586954502424921,518.06689453125,0.0010988724556655338,517.4982299804688,0.005993228193183819,514.4152221679688,0.015240694145842726,486.8581848144531,-0.0006553564742698414
2025-05-19,520.8206787109375,521.3395134461759,513.0683621458206,513.0683621458206,52536200,0.0009588323781763997,0.0009583729920377644,518.224560546875,515.7248931826921,503.436328125,506.19336325697145,487.1205810546875,492.7408766690084,472.4902105712891,484.2274071465013,71.86586874558321,99.13474407354734,-0.865255926452653,14.432634724013951,9.81345389343442,4.6191808305795306,531.0536111250653,443.1875509843096,487.1205810546875,18.037845978610232,42458685.0,1.237348730889805,1319714200,10.816747051367358,0.005840144271349308,0.013456874626983065,0.012483147132219282,20.906412292400187,122.63412126452401,0.9372717634472626,520.32177734375,0.004352493541476488,518.06689453125,0.0010988724556655338,517.4982299804688,0.005993228193183819,506.69287109375,0.04074017218557402
2025-05-20,519.0846557617188,519.7431252481014,515.4828343697768,518.2864297349452,42517600,-0.0033332450499383715,-0.0033388126868614033,519.158447265625,516.8448140423677,507.3134796142578,508.53723462147093,490.9014495849609,495.2498080111713,473.45289123535156,485.5943580725883,70.2482131792625,95.06010094041649,-4.939899059583527,14.661946068063912,10.78315232836032,3.8787937397035925,532.0857867728764,449.71711239704536,490.9014495849609,16.779065216749867,41969345.0,1.0130632250753497,1277196600,10.425396857781168,0.0035932836102382116,0.012754341133709768,0.012135558132276854,21.43390345238741,105.84721141342008,0.8454402515524679,520.8206787109375,0.0009588323781763997,520.32177734375,0.004352493541476488,518.06689453125,0.0010988724556655338,514.4152221679688,0.015240694145842726
2025-05-21,511.8710632324219,521.8083922034795,510.0751765474603,515.0937453813776,71292800,-0.013896755469898214,-0.013994219384484289,518.0330139160156,515.1868971057191,510.28070373535155,509.1433852780075,493.8187881469727,496.83278469890945,474.2938153076172,486.6248170984641,63.81985565977799,78.45084508503268,-21.549154914967314,14.099074969833623,11.44633685665498,2.6527381131786427,532.1677220282176,455.46985426572786,493.8187881469727,15.531581544374637,42743930.0,1.6679046592112612,1205903800,10.51881248622674,0.007104361190417374,0.014492677998967375,0.012551479894174317,21.237896856456278,81.0652382430488,0.15306005937298178,519.0846557617188,-0.0033332450499383715,520.8206787109375,0.0009588323781763997,520.32177734375,0.004352493541476488,517.4982299804688,0.005993228193183819
2025-05-22,512.8289184570312,516.5304876315237,511.1327795047052,512.4896663081278,55607200,0.0018712822298658782,0.0018695335624343216,516.9854187011719,514.4009042228232,512.845849609375,509.81348221964817,496.1459762573242,498.35622600920675,475.04789672851564,487.65242891644715,64.28718364602878,80.5279596377797,-19.472040362220298,13.573815979509959,11.871832681225978,1.7019832982839809,533.1545475026146,459.1374050120338,496.1459762573242,14.918420390895621,43226485.0,1.286415030044659,1261511000,10.153019317697579,0.0072007911580309275,0.014464238666649488,0.011455362045940174,21.055890731663084,68.37767315838842,0.3142331731253465,511.8710632324219,-0.013896755469898214,519.0846557617188,-0.0033332450499383715,520.8206787109375,0.0009588323781763997,518.06689453125,0.0010988724556655338
2025-05-23,508.0797119140625,510.6737940312997,504.428047390636,505.0266864096977,58368100,-0.009260800965081861,-0.009303948777812501,514.5370056152344,512.293840119903,514.9680023193359,509.4982512549962,497.97579803466795,499.2822722858597,475.8779486083984,488.4534988379223,60.139396792012874,70.2292779884473,-29.770722011552703,12.628746835748814,12.023215512130545,0.6055313236182691,533.5155562054993,462.43603986383664,497.97579803466795,14.273688926688404,44210035.0,1.3202455053473718,1203142900,10.027865871175987,0.006753669478218493,0.01509594933821613,0.01176768536578132,20.06316786133134,40.899116706313514,0.5846642096548463,512.8289184570312,0.0018712822298658782,511.8710632324219,-0.013896755469898214,519.0846557617188,-0.0033332450499383715,520.32177734375,0.004352493541476488
2025-05-27,520.0324096679688,520.5213443920381,513.4175716555094,514.9740148753984,47226300,0.023525241165165633,0.023252787432276805,514.3793518066407,514.8733633025917,516.3019561767578,511.41355278462754,500.4107376098633,501.25847584606055,476.7215069580078,489.69188749792414,66.07240174778985,96.1487716774336,-3.851228322566408,12.697882263760448,12.158148862456526,0.5397334013039217,534.9751175637796,465.8463576559471,500.4107376098633,13.81440379117675,44893810.0,1.0519557150529215,1250369200,10.200277771661677,0.014548985787876756,0.010881741317184933,0.012511766653484843,20.024749784718153,74.35429424810842,0.931172527289854,508.0797119140625,-0.009260800965081861,512.8289184570312,0.0018712822298658782,511.8710632324219,-0.013896755469898214,520.8206787109375,0.0009588323781763997
2025-05-28,517.7276611328125,522.4868123985062,517.2088873377407,520.9902300780834,46637200,-0.0044319324955685024,-0.004441782622563922,514.1079528808593,515.8247959126653,516.6332000732422,512.5615724842975,502.57479400634764,502.82696968289406,477.4570043945312,490.7913296012531,64.09145292957572,87.92705218808527,-12.072947811914727,12.423488402403677,12.211216770445958,0.21227163195771936,535.7577864454721,469.3918015672232,502.57479400634764,13.205195658382085,45695015.0,1.0206189887452712,1203732000,9.848681149454805,0.014615925580042004,0.01010409003443611,0.012679607184175006,20.149080041465464,73.36875348219874,0.09829123928233315,520.0324096679688,0.023525241165165633,508.0797119140625,-0.009260800965081861,512.8289184570312,0.0018712822298658782,519.0846557617188,-0.0033332450499383715
2025-05-29,518.745361328125,525.2804253410164,516.1413226819035,525.1308036452639,58513300,0.0019657056628685776,0.001963776191593376,515.4828125,516.7983177178186,516.7579132080078,513.6858977286297,504.79272918701173,504.3430069824398,478.3768359375,491.88756613956184,64.59621171839596,83.73884735129644,-16.261152648703554,12.14811330264871,12.19859607688651,-0.05048277423779979,536.0147932657436,473.57066510827985,504.79272918701173,12.37025110445478,46280150.0,1.2643282271124878,1262245300,9.797996971573244,0.0125383023771117,0.009948179443069936,0.012648461746740459,20.492897542981304,73.35650044925755,0.28493373401341876,517.7276611328125,-0.0044319324955685024,520.0324096679688,0.023525241165165633,508.0797119140625,-0.009260800965081861,511.8710632324219,-0.013896755469898214
2025-05-30,517.92724609375,519.4936763161024,510.7636123003792,518.2565112732493,67662800,-0.0015771037109235664,-0.0015783486480832518,516.5024780273437,517.1746271764624,516.7439483642578,514.4570519768333,506.65996704101565,505.63674404065983,479.1537835693359,492.90873005933395,63.819572614829184,70.5201105428148,-29.479889457185198,11.728660789242156,12.104609019357639,-0.3759482301154833,536.29351116836,477.02642291367124,506.65996704101565,11.697606306023971,47497465.0,1.424556026305825,1194582500,9.72171604615539,0.012691517545052537,0.00995983746538938,0.01255349617123843,20.11502523913615,50.25025904203855,0.8205705915084609,518.745361328125,0.0019657056628685776,517.7276611328125,-0.0044319324955685024,520.0324096679688,0.023525241165165633,512.8289184570312,0.0018712822298658782
2025-06-02,522.0179443359375,522.2573877784328,514.7943887427975,516.0615146714447,44762800,0.007898210169555497,0.007867182575506672,519.2901245117188,518.7890662296209,516.9135650634765,515.8317596784887,508.3750534057617,507.1968583544958,480.04502197265623,494.0502678741027,66.0195060454875,84.35439347568791,-15.645606524312084,11.592693457155178,12.002225906917147,-0.40953244976196856,537.388519470658,479.36158734086536,508.3750534057617,11.414197400335107,47774700.0,0.9369561713626668,1239345300,9.56037911683252,0.011089158820307022,0.010191730764540684,0.01232657352132202,20.015111971100474,65.05071343936014,0.967915922077877,517.92724609375,-0.0015771037109235664,518.745361328125,0.0019657056628685776,517.7276611328125,-0.0044319324955685024,508.0797119140625,-0.009260800965081861
2025-06-03,526.0985717773438,527.5352932742484,521.4990899538703,522.3671028482407,44070300,0.007817025230037355,0.007786630582708992,520.5033569335938,521.2255680788619,517.4413543701172,517.6984527873714,510.43884124755857,508.99702153762416,480.98639221191405,495.30706410560236,68.10303433971248,93.78237673091303,-6.217623269086967,11.679576016148985,11.937695928763516,-0.2581199126145304,538.3068760801817,482.5708064149355,510.43884124755857,10.919245394614224,48562740.0,0.9074920401937782,1283415600,9.30865227422863,0.0055279791798058565,0.010462757803931355,0.012156510258863598,20.378244138234884,91.58467095542844,0.7619825872779177,522.0179443359375,0.007898210169555497,517.92724609375,-0.0015771037109235664,518.745361328125,0.0019657056628685776,520.0324096679688,0.023525241165165633
2025-06-04,527.5652465820312,528.6328159543389,524.7715775087336,526.8069684561985,41359300,0.0027878327054424723,0.002783953907133931,522.4708740234375,523.338794246585,518.2894134521484,519.4924152954914,512.8014465332031,510.7654239228058,481.7468560791016,496.5720908693839,68.84250977452011,95.58942540806389,-4.410574591936102,11.731545515265793,11.896465846063972,-0.16492033079817858,537.9301340788625,487.6727589875439,512.8014465332031,9.800552520099899,48991390.0,0.8442156876953277,1324774900,8.91955128646982,0.004069147142913535,0.010355831110672087,0.011745378832392095,20.807892768989,106.34570702929831,0.7235163309857147,526.0985717773438,0.007817025230037355,522.0179443359375,0.007898210169555497,517.92724609375,-0.0015771037109235664,517.7276611328125,-0.0044319324955685024
2025-06-05,523.5942993164062,531.8354895194587,521.4691474254556,528.9720333839703,61031200,-0.007526931107292967,-0.007555401405861817,523.4406616210938,523.4239626031922,519.4617370605469,520.2382123902031,514.8712203979492,511.9872215793391,482.37202880859377,497.63178531828675,64.4836869814512,69.93083059587771,-30.069169404122288,11.321798810874157,11.781532439026009,-0.45973362815185226,536.0916843702936,493.6507564256048,514.8712203979492,8.243018110797834,50142635.0,1.2171518309717868,1263743700,9.022893487007915,0.006571400177790164,0.00944806265867751,0.012063440768166511,20.7281053541177,102.17582677116799,0.20500499324245924,527.5652465820312,0.0027878327054424723,526.0985717773438,0.007817025230037355,522.0179443359375,0.007898210169555497,518.745361328125,0.0019657056628685776
2025-06-06,528.7125854492188,530.5883068303796,527.0065205763339,528.7924202239315,42467000,0.009775290027975503,0.009727820978865667,525.5977294921875,525.186836885201,521.0501037597656,521.7790074918423,516.9479766845703,513.5801133764705,483.28075317382815,498.8506402253821,67.35295744934339,88.605634719353,-11.394365280646989,11.280045172035216,11.681234985627851,-0.4011898135926355,534.7800888889337,499.11586448020694,516.9479766845703,6.8989968076590955,50287105.0,0.8444908490954093,1306210700,8.877973060362587,0.0070239992316926845,0.009733866935159461,0.012049359734101534,20.65401704030864,139.29988795464402,0.47631677376343257,523.5942993164062,-0.007526931107292967,527.5652465820312,0.0027878327054424723,526.0985717773438,0.007817025230037355,517.92724609375,-0.0015771037109235664
2025-06-09,529.4908447265625,531.1370487649452,527.8046928522319,528.9321230881146,33688700,0.0014719893166199594,0.0014709070023190482,527.0923095703125,526.6215061656549,523.1912170410156,523.1811597163369,519.0796096801757,515.0954211240984,484.2601171875,500.05221687248724,67.77920732242305,91.44522578256026,-8.55477421743974,11.180868044960562,11.581161597494393,-0.4002935525338316,531.334991418154,506.82422794219747,519.0796096801757,4.72196615294878,50583170.0,0.6660061044019187,1339899400,8.481857549816208,0.006749320851671775,0.008763143656958143,0.012013885441442208,20.643248404305496,156.25529835455595,0.505993932955094,528.7125854492188,0.009775290027975503,523.5942993164062,-0.007526931107292967,527.5652465820312,0.0027878327054424723,522.0179443359375,0.007898210169555497
2025-06-10,532.9928588867188,533.6812892020579,527.6849728561217,529.9597463571823,40664800,0.006613927691166754,0.006592151635518247,528.4711669921875,528.7452904060095,524.4872619628907,524.9651050200426,520.3946090698242,516.7999390062527,485.56254333496094,501.3440067553983,69.69651274728916,97.64665290849803,-2.353347091501961,11.255110820912023,11.51595144217792,-0.26084062126589735,532.6952972659967,508.0939208736517,520.3946090698242,4.727446434604418,50361880.0,0.8074519855096752,1380564200,8.304318892396207,0.006547057416708202,0.00571450753803105,0.008459703743924926,20.906268759760657,160.2789384802546,0.8851911280674485,529.4908447265625,0.0014719893166199594,528.7125854492188,0.009775290027975503,523.5942993164062,-0.007526931107292967,526.0985717773438,0.007817025230037355
2025-06-11,531.1968994140625,535.5569985772692,528.9021520465418,534.3996074866686,53701000,-0.0033695751128964835,-0.003375264916192408,529.1974975585938,529.5624934086939,525.8341857910157,526.0981585462281,521.2336929321289,518.1710780927108,486.8294488525391,502.5147084282871,67.47889662137203,85.99342734978205,-14.00657265021794,11.041747444469365,11.42111064263621,-0.3793631981668444,534.0663841923193,508.4010016719384,521.2336929321289,4.923968436499921,50383450.0,1.065846026820315,1326863200,8.186499437991289,0.007067078675601402,0.0055800388035273435,0.008003537481940621,21.349256099710065,138.23118667271248,0.3448234841916645,532.9928588867188,0.006613927691166754,529.4908447265625,0.0014719893166199594,528.7125854492188,0.009775290027975503,527.5652465820312,0.0027878327054424723
2025-06-12,532.444091796875,533.4219003917297,529.6305704230522,529.8800008275191,34104900,0.002347890931193808,0.0023451389420199426,530.9674560546875,530.5230262047543,527.2040588378907,527.2519645918002,521.9809860229492,519.5304127312027,488.0458709716797,503.6884097368592,68.23476979145889,89.9999625373474,-10.000037462652589,10.84824165648979,11.306536845406926,-0.45829518891713583,535.5746628240843,508.3873092218141,521.9809860229492,5.208495008489609,49737970.0,0.6856914345318074,1360968100,7.872558761611731,0.005040332564896318,0.005576628801880669,0.007940361625470337,21.760601486805943,117.23874538705273,0.7420935125649462,531.1968994140625,-0.0033695751128964835,532.9928588867188,0.006613927691166754,529.4908447265625,0.0014719893166199594,523.5942993164062,-0.007526931107292967
2025-06-13,525.7593994140625,530.6581857051825,524.5321604293532,526.4777297402487,55814400,-0.01255473107092464,-0.01263420761211029,530.3768188476563,528.935150607857,527.9872741699219,526.9805891049388,522.3656112670899,520.1236495581417,489.0597570800781,504.5539387438084,60.163376322541055,60.48301327705671,-39.51698672294329,10.039756058087733,11.053180687943089,-1.013424629855356,535.9298127463421,508.80140978783766,522.3656112670899,5.193374596903449,50021025.0,1.115818798195359,1305153700,7.875371090605306,0.00732068265919203,0.007307376055923969,0.008537059033757394,21.199485912297007,54.985701884139594,0.2003320145496981,532.444091796875,0.002347890931193808,531.1968994140625,-0.0033695751128964835,532.9928588867188,0.006613927691166754,528.7125854492188,0.009775290027975503
2025-06-16,533.0726318359375,534.1501881746067,529.2414151368115,529.2912890357304,37622100,0.013909846271936033,0.013813992214316343,531.0931762695312,530.3143110172173,529.0927429199219,528.0882332378476,523.0031539916993,521.3568859655508,490.7285461425781,505.67231886506835,65.03613452959947,89.97971993988031,-10.02028006011968,9.87530575614926,10.817605701584323,-0.9422999454350638,537.3019065714892,508.7044014119093,523.0031539916993,5.467941243052958,49482400.0,0.7603127576673726,1342775800,7.912186638458083,0.01002574940754985,0.008094711551273604,0.009002827626034361,21.116089034755298,100.09040795949794,0.7804835688163688,525.7593994140625,-0.01255473107092464,532.444091796875,0.002347890931193808,531.1968994140625,-0.0033695751128964835,529.4908447265625,0.0014719893166199594
2025-06-17,527.87451171875,532.114828121446,526.7071337109421,530.4985241525759,42180900,-0.009751241775974973,-0.009799096483396628,530.0695068359375,529.5010445843949,529.2703369140625,528.0493747798298,523.3558456420899,521.9776122277602,492.8518969726563,506.5429930946245,59.46814571906172,69.01396698005695,-30.986033019943044,9.219258977405957,10.49793635674865,-1.2786773793426924,537.7693859874659,508.94230529671387,523.3558456420899,5.508122423928386,48964635.0,0.861456436875308,1300594900,7.801708887496462,0.010551296225135209,0.008612523491380862,0.009333487778961692,20.586905305597185,59.41569190357247,0.21587351635824614,533.0726318359375,0.013909846271936033,525.7593994140625,-0.01255473107092464,532.444091796875,0.002347890931193808,532.9928588867188,0.006613927691166754
2025-06-18,527.78466796875,531.3365539479147,526.1983249413829,528.8921241797174,43983500,-0.0001701990681600707,-0.00017021355366510826,529.387060546875,528.9289190458467,529.2922790527343,528.0012462687243,523.7908462524414,522.5306651554736,494.9530975341797,507.37599995243335,59.373530119130045,68.65159715692495,-31.348402843075046,8.593032410271917,10.116955567453303,-1.523923157181386,538.1876349223201,509.3940575825627,523.7908462524414,5.497151686740295,49037930.0,0.8969281533702584,1256611400,7.611460324570414,0.010535648831941132,0.008570968410876232,0.00928798502880476,20.004035520318734,49.90526107804247,0.30873342260915937,527.87451171875,-0.009751241775974973,533.0726318359375,0.013909846271936033,525.7593994140625,-0.01255473107092464,531.1968994140625,-0.0033695751128964835
2025-06-20,525.629638671875,532.344284928363,523.6840695536811,531.047259148263,61643500,-0.004083160098547256,-0.00409151895820976,528.024169921875,527.8291589211894,529.4958129882813,527.570044887479,524.4787750244141,522.8258054903689,497.1634503173828,508.09182892182326,57.02968290364015,52.18635814794333,-47.81364185205667,7.832561595698053,9.660076773102253,-1.8275151774041998,537.8067353367576,511.15081471207054,524.4787750244141,5.08236403340559,48555465.0,1.2695481342831336,1194967900,7.686371399578378,0.010378958015536484,0.00829639178738433,0.0087077821057021,19.00866178869186,32.44153821703073,0.22465597378320687,527.78466796875,-0.0001701990681600707,527.87451171875,-0.009751241775974973,533.0726318359375,0.013909846271936033,532.444091796875,0.002347890931193808
2025-06-23,531.034423828125,531.55378026132,523.0436870736086,526.20000126727,50666100,0.010282496949575393,0.010229991694503998,529.0791748046875,528.8975805568347,529.7279968261719,528.1999319675964,525.3890502929687,523.6075786653932,498.4853741455078,508.991538525992,61.169829032771034,67.89734147239368,-32.10265852760633,7.578642119870096,9.243789842455822,-1.6651477225857256,537.8698994815712,512.9082011043662,525.3890502929687,4.751088429286038,48308410.0,1.0488049596333227,1245634000,7.7452086701593075,0.009877289969491143,0.008361244787336318,0.008933811496761625,17.968659032876158,43.988802469139415,0.9389717101995066,525.629638671875,-0.004083160098547256,527.78466796875,-0.0001701990681600707,527.87451171875,-0.009751241775974973,525.7593994140625,-0.01255473107092464
2025-06-24,539.1549682617188,540.0738858388895,535.649023059839,536.2683002275495,45442000,0.015291936019993457,0.015176192833135472,530.2956420898438,532.316709791796,530.6944091796875,530.1917567483458,526.9428131103516,525.0882824364719,500.3652056884766,510.1744181234715,66.4069013619355,95.06084118598928,-4.939158814010727,7.941128785991054,8.98325763116287,-1.0421288451718151,538.0824873147122,515.803138905991,526.9428131103516,4.228039144744072,47662105.0,0.9534199129476132,1291076000,7.837655337345394,0.010302775456378447,0.009596226452252863,0.009022797800897098,18.228463940044,177.32654095116823,0.7923285708201834,531.034423828125,0.010282496949575393,525.629638671875,-0.004083160098547256,527.78466796875,-0.0001701990681600707,533.0726318359375,0.013909846271936033
2025-06-25,540.5333251953125,542.680859941889,538.7554180865176,541.4323074065491,44804200,0.002556513460383547,0.00255325113877679,532.8274047851562,535.0555815929682,531.4484558105469,532.0720419205215,527.9678588867188,526.5592388896948,502.10857849121095,511.3649634988378,67.2151658387314,89.87571255780145,-10.124287442198549,8.244585515848371,8.83552320809997,-0.5909376922515985,540.1037203972875,515.8319973761501,527.9678588867188,4.5971970855038675,47541000.0,0.9424328474369491,1335880200,7.5582115172043975,0.007886414604259602,0.009457271760066499,0.007623371586651099,18.782520023060474,194.17132557755193,0.4529189768323275,539.1549682617188,0.015291936019993457,531.034423828125,0.010282496949575393,525.629638671875,-0.004083160098547256,527.87451171875,-0.009751241775974973
2025-06-26,545.5874633789062,546.0369544844908,540.8929546179629,542.7207916351388,43811400,0.009350280450826087,0.009306837173162512,536.3879638671875,538.5662088549476,532.8875122070312,534.5293912765915,529.3608489990235,528.3714507458102,503.8915740966797,512.707022317664,70.05981078225037,98.04511860992912,-1.9548813900708837,8.791560238890952,8.826730614258167,-0.035170375367215456,542.8009089422007,515.9207890558462,529.3608489990235,5.077844335708356,47399710.0,0.924296794220893,1379691600,7.411455643773963,0.0075352932884546,0.009592062019513474,0.007637814279950971,19.677015017448973,213.50871990993832,0.9126183675468814,540.5333251953125,0.002556513460383547,539.1549682617188,0.015291936019993457,531.034423828125,0.010282496949575393,527.78466796875,-0.0001701990681600707
2025-06-27,547.4553833007812,549.3531466770356,543.9094451396949,546.6263273030402,57577100,0.003423685563276546,0.0034178380946534486,540.7531127929688,541.5292670035589,534.3886413574219,536.8795716446259,530.7963500976563,530.1889681319979,505.7017523193359,514.0697031405314,71.05925955747597,92.78676413404108,-7.213235865958922,9.268920824912811,8.915168656389097,0.35375216852371416,545.4707249150309,516.1219752802816,530.7963500976563,5.5291920581876095,47352900.0,1.2159149703608438,1437268700,7.270901779028734,0.005258702472208552,0.009593482980194058,0.00763787904119374,20.856263377122865,204.18718994572566,0.6513836470824284,545.5874633789062,0.009350280450826087,540.5333251953125,0.002556513460383547,539.1549682617188,0.015291936019993457,525.629638671875,-0.004083160098547256
2025-06-30,551.001220703125,552.1598506096717,548.3742613412151,550.6216558623904,45548700,0.006476943163778559,0.0064560579006721405,544.7464721679687,544.6865849034143,536.9128234863281,539.4471442007166,532.450048828125,532.1710874244861,507.85841796875,515.5179979469076,72.90806523732061,96.02066424337934,-3.9793357566206615,9.8201513808159,9.096165201274458,0.7239861795414431,548.35360157524,516.54649608101,532.450048828125,5.9737257164751085,46247195.0,0.9848964893978975,1482817400,7.087585031161715,0.005152832857613034,0.007950357672002958,0.007611408240156608,22.228524376855326,204.90412176335528,0.6939367098616949,547.4553833007812,0.003423685563276546,545.5874633789062,0.009350280450826087,540.5333251953125,0.002556513460383547,531.034423828125,0.010282496949575393
2025-07-01,546.3566284179688,550.0723527171726,544.0293092638873,549.0934460070984,56166700,-0.00842936841270392,-0.00846509645685952,546.1868041992187,545.2432660749325,538.2412231445312,540.7034140583987,533.6669830322265,533.5220913286273,509.92378784179687,516.7273560045963,66.88110238849333,80.06872648412242,-19.931273515877578,9.769607829151369,9.23085372684984,0.5387541023015281,549.9123548316768,517.4216112327763,533.6669830322265,6.088205684805966,46817390.0,1.1996973774061306,1426650700,7.079322631738572,0.006761946946514546,0.008217943789862845,0.007941251381049326,22.58164721402947,133.88254527645,0.3851236834608043,551.001220703125,0.006476943163778559,547.4553833007812,0.003423685563276546,545.5874633789062,0.009350280450826087,539.1549682617188,0.015291936019993457
2025-07-02,550.1621704101562,550.3619510063211,545.4875970893971,545.5275288228387,36538300,0.006965307629207107,0.006941161930661852,548.1125732421875,546.8829008533405,540.4699890136719,542.4231879405364,534.8701629638672,535.1068607649634,512.2845684814453,518.0385251969712,69.13262466953827,93.13893055642052,-6.861069443579475,9.922249617632474,9.369132905006367,0.5531167126261067,552.2219239307767,517.5184019969577,534.8701629638672,6.488214212869344,46440790.0,0.7867717151237091,1463189000,6.921824866394671,0.0070248759266218425,0.007070182917449164,0.007912402088517912,22.943698456972232,127.40704433908515,0.9590139329917995,546.3566284179688,-0.00842936841270392,551.001220703125,0.006476943163778559,547.4553833007812,0.003423685563276546,540.5333251953125,0.002556513460383547
2025-07-03,555.575927734375,556.5548344555102,552.5394696749878,552.5394696749878,26443500,0.009840293672287004,0.009792193273136492,550.1102661132812,549.780576480352,543.2491149902344,544.8145951757798,536.2706970214844,537.0562957144311,514.5267413330079,519.5105801984381,72.04426812327964,97.07886241560355,-2.9211375843964547,10.360633373871451,9.567432998779385,0.7932003750920664,555.4621275138627,517.079266529106,536.2706970214844,7.157366829465041,45695000.0,0.5786956997483313,1489632500,6.884027664891763,0.0071285486468405075,0.007096575759414612,0.008091881621136205,23.95859770840622,152.61336327432636,0.7562097655587151,550.1621704101562,0.006965307629207107,546.3566284179688,-0.00842936841270392,551.001220703125,0.006476943163778559,545.5874633789062,0.009350280450826087
2025-07-07,551.3908081054688,553.6981308106792,548.9436328812806,552.8790730109989,45349300,-0.007532939099742952,-0.007561454981342333,550.8973510742187,550.317320355391,545.8252319335937,546.0102702539051,537.6605224609375,538.4214873707205,516.4840716552734,520.7607852144001,66.79861327341158,84.59012372452995,-15.409876275470056,10.252170837862536,9.704380566596015,0.5477902712665212,557.0039938509992,518.3170510708758,537.6605224609375,7.195421862674353,44910905.0,1.0097614376730997,1444283200,6.866046749763383,0.008723243837323117,0.0076578846929274535,0.008092278280574629,24.157531230704283,108.50460039336599,0.5147073908698128,555.575927734375,0.009840293672287004,550.1621704101562,0.006965307629207107,546.3566284179688,-0.00842936841270392,547.4553833007812,0.003423685563276546
2025-07-08,551.700439453125,553.3684885906421,550.4618241127889,552.7392132279926,36153300,0.000561546081480957,0.0005613884734801536,551.0371948242188,550.7783600546356,547.8918334960938,547.0448464719451,538.8099151611328,539.6861494738066,518.192377319336,521.9741049884678,66.99011207374502,85.51408894758725,-14.485911052412751,10.07505914834826,9.778516282946464,0.2965428654017952,558.6163840432293,519.0034462790363,538.8099151611328,7.351931850093487,44595220.0,0.810698994197136,1480436500,6.583233730341223,0.008262368489621029,0.007503210758778764,0.007924056587945759,24.34225521569534,99.7285040939488,0.42612945172409544,551.3908081054688,-0.007532939099742952,555.575927734375,0.009840293672287004,550.1621704101562,0.006965307629207107,551.001220703125,0.006476943163778559
2025-07-09,555.6058959960938,556.9843029163527,552.4595191206155,553.8379260408744,43045500,0.007078944049491831,0.0070540059461899045,552.8870483398438,552.3875387017883,549.5369262695312,548.6014009308811,540.1156677246094,541.2023158092625,519.8748297119141,523.2929987534728,69.38843130533094,95.93876868161297,-4.061231318387026,10.1330273306653,9.849418492490232,0.2836088381750681,560.7197505782125,519.5115848710062,540.1156677246094,7.62950756100214,45063060.0,0.9552280737260186,1523482000,6.4904215684045425,0.006987630140080669,0.006493187008882595,0.007997278251889364,24.939238559473242,109.4007249383553,0.695365130677165,551.700439453125,0.000561546081480957,551.3908081054688,-0.007532939099742952,555.575927734375,0.009840293672287004,546.3566284179688,-0.00842936841270392
2025-07-10,554.8068237304688,556.6546571200741,552.1099380275332,556.2451587077356,34710900,-0.0014381997588279738,-0.001439234960771626,553.8159790039062,553.1939670446818,550.9642761230468,549.7296596217152,541.2063659667969,542.4979832303297,521.5442938232422,524.5288350270805,68.29510090926658,93.58444408913265,-6.415555910867355,9.999224246269364,9.879379643246057,0.11984460302330646,562.4852021996734,519.9275297339203,541.2063659667969,7.863483347933122,44765365.0,0.7753963359843039,1488771100,6.351442820128573,0.006920782849940254,0.006646562340760498,0.007978775839718127,25.414011266351572,95.14671835369221,0.593410868298218,555.6058959960938,0.007078944049491831,551.700439453125,0.000561546081480957,551.3908081054688,-0.007532939099742952,550.1621704101562,0.006965307629207107
2025-07-11,553.5582885742188,555.1464133288152,551.4107537333198,552.6593063234978,39618600,-0.0022503961790789617,-0.0022529321258646833,553.412451171875,553.3154075545275,551.7613586425781,550.4257739767158,542.3244354248047,543.5513456440334,523.1265289306641,525.6672449701056,66.53114093713403,89.90585687069562,-10.094143129304387,9.68084325034647,9.839672364666141,-0.15882911431967095,563.7315526632315,520.917318186378,542.3244354248047,7.894579642777284,44061245.0,0.8991711423496999,1449152500,6.164601161226208,0.005285354276731983,0.006348941384361292,0.007942698324123887,25.68794387554014,79.02831831981467,0.5748743390406946,554.8068237304688,-0.0014381997588279738,555.6058959960938,0.007078944049491831,551.700439453125,0.000561546081480957,555.575927734375,0.009840293672287004
2025-07-14,555.5659790039062,556.3051123937647,550.9912651766557,553.3485178698481,36453300,0.003626881705373064,0.0036203204297819364,554.2474853515625,554.0655980376538,552.5724182128906,551.3603567089323,543.4805297851562,544.6955964402117,524.7501153564453,526.8397443439801,67.9640462383959,93.35221322623786,-6.647786773762131,9.481234091232636,9.76798470997944,-0.2867506187468045,565.1245106807739,521.8365488895386,543.4805297851562,7.964951717469543,44178665.0,0.8251335797494107,1485605800,6.1038330223606945,0.0038479275736292714,0.006356211335447246,0.007949997463215014,26.097570952521966,78.60309457436833,0.8609042827643283,553.5582885742188,-0.0022503961790789617,554.8068237304688,-0.0014381997588279738,555.6058959960938,0.007078944049491831,551.3908081054688,-0.007532939099742952
2025-07-15,556.0753173828125,560.1506100210427,556.0153892983303,559.6012590858759,43277700,0.0009167918809922515,0.0009163718839960136,555.1224609375,554.7355044860401,553.0798278808594,552.2176222860013,544.9963256835938,545.7793793871261,526.2599719238282,527.9862374043264,68.334435302342,80.95229689594917,-19.047703104050825,9.257427878948079,9.66587334377317,-0.4084454648250908,565.6890636074922,524.3035877596953,544.9963256835938,7.593716488984898,43551830.0,0.9937056605887743,1528883500,5.995318593416103,0.0038291379108767835,0.006109911277122178,0.007170319929376199,26.96259126327906,95.01573057031939,0.01449211263417729,555.5659790039062,0.003626881705373064,553.5582885742188,-0.0022503961790789617,554.8068237304688,-0.0014381997588279738,551.700439453125,0.000561546081480957
2025-07-16,556.6446533203125,559.5613159442702,550.9213079932537,556.6347161101686,52314700,0.0010238468058241246,0.0010233230321620675,555.3302124023437,555.3718874307976,554.1086303710938,553.0225370195124,546.1749267578125,546.8141673807629,527.638540649414,529.1100968520121,68.76909753941212,81.79447794995085,-18.205522050049154,9.022000489648917,9.537098772948319,-0.5150982832994018,566.7013685627259,525.6484849528991,546.1749267578125,7.5164350464646255,44286460.0,1.1812797861919873,1581198200,6.184224976101847,0.0023167687966079236,0.0051573073434808565,0.006684965346620931,26.544759799554544,77.19714728614915,0.6624236180615125,556.0753173828125,0.0009167918809922515,555.5659790039062,0.003626881705373064,553.5582885742188,-0.0022503961790789617,555.6058959960938,0.007078944049491831
2025-07-17,561.1494750976562,561.6588943188981,556.5648240354463,557.3738836913942,40423800,0.008092814240598711,0.008060243029934635,556.5987426757813,557.2977499864172,555.2073608398438,554.5001621246294,547.8386749267578,548.1794347823718,529.1650738525391,530.3665430577237,72.03951419237393,97.12994349233823,-2.870056507661777,9.094093013152474,9.44849762098915,-0.3544046078366758,567.5396638046772,528.1376860488384,547.8386749267578,7.192259246959247,44198605.0,0.9145944764546302,1621622000,6.106356783769697,0.0038588737583582213,0.005291436876897762,0.006179435531895631,26.44976710091504,105.29418307024838,0.8999976064353279,556.6446533203125,0.0010238468058241246,556.0753173828125,0.0009167918809922515,555.5659790039062,0.003626881705373064,554.8068237304688,-0.0014381997588279738
2025-07-18,560.610107421875,564.0760601261163,559.331560315118,562.4679390321799,50484700,-0.0009611836056468981,-0.0009616458388264867,558.0091064453125,558.4018691315698,555.7107788085938,555.611061269583,549.479946899414,549.3633083670863,530.7710131835937,531.5525651896512,71.07976769328435,82.71065107726922,-17.289348922730774,9.00391289061406,9.359580674914133,-0.3556677843000724,567.6332696419895,531.3266241568385,549.479946899414,6.6074559572229745,44523665.0,1.1338846431442695,1571137300,6.009081285714594,0.0035073804125797287,0.0045637609578166455,0.006203809824451367,26.68536443160755,114.83830742510571,0.26947985196799623,561.1494750976562,0.008092814240598711,556.6446533203125,0.0010238468058241246,556.0753173828125,0.0009167918809922515,553.5582885742188,-0.0022503961790789617
2025-07-21,563.5167236328125,565.4045498103267,561.4091814589228,561.4391759845101,39595200,0.005184737435977471,0.0051713429627734935,559.5992553710937,560.1068206319841,556.9233703613281,557.0484544265338,551.374301147461,550.7112526781078,532.3973712158203,532.8060615991869,73.15531010263955,91.16816405685485,-8.831835943145157,9.062517074789866,9.300167954889279,-0.23765088009941238,566.8929220343399,535.8556802605821,551.374301147461,5.629069347114378,43421250.0,0.911885309612229,1610732500,5.922321364481528,0.003692402328884126,0.0036243222051701544,0.0059860808662231535,27.07793491058676,134.15515868286738,0.5274963378774323,560.610107421875,-0.0009611836056468981,561.1494750976562,0.008092814240598711,556.6446533203125,0.0010238468058241246,555.5659790039062,0.003626881705373064
2025-07-22,560.60009765625,563.6964836094055,557.9631400264451,563.6465537000605,43270600,-0.005175757620394905,-0.005189198250889642,560.5042114257812,560.2712463067394,557.8133361816406,557.6942077410276,552.8525848388672,551.6530474379309,533.8658239746094,533.8960237975032,67.89011903207378,75.87757413799574,-24.122425862004267,8.772490165973522,9.194632397106128,-0.4221422311326055,565.7509275972513,539.954242080483,552.8525848388672,4.666105617338653,43051475.0,1.0050898372239279,1567461900,5.908822951515733,0.005191437067549754,0.004300627524262986,0.006062147147063757,26.609544248965648,103.6282864656128,0.4599336480716049,563.5167236328125,0.005184737435977471,560.610107421875,-0.0009611836056468981,561.1494750976562,0.008092814240598711,556.0753173828125,0.0009167918809922515
2025-07-23,563.1571655273438,563.1970972643824,558.9320829262327,561.6888968940013,40215300,0.004561304719325365,0.004550933494539849,561.8067138671875,561.2332193802742,558.5684631347656,558.6874727930851,554.0526947021484,552.7486777321607,535.3918035888672,535.0435195516146,69.93327096803066,86.34715008483337,-13.65284991516663,8.649272330652138,9.08556038381533,-0.4362880531631923,566.065942715535,542.0394466887618,554.0526947021484,4.3365001662323,42790140.0,0.9398263244756853,1607677200,5.791408050561011,0.005326960261155611,0.004008668493032794,0.005321455695814787,26.17461006317462,110.99542269181505,0.990637373295443,560.60009765625,-0.005175757620394905,563.5167236328125,0.005184737435977471,560.610107421875,-0.0009611836056468981,556.6446533203125,0.0010238468058241246
2025-07-24,564.3557739257812,565.5843301767457,562.637733844974,564.4756300983396,42275500,0.0021283728092407195,0.002126111032533959,562.4479736328125,562.2740708954433,559.5233581542968,559.7180729990298,555.2438171386718,553.8541154648865,536.5450616455078,536.1930197231507,70.86897286497714,92.61715882964107,-7.382841170358935,8.549782419313942,8.978404790915054,-0.4286223716011115,566.3487284449903,544.1389058323533,555.2438171386718,4.0000125939430555,42663705.0,0.9909008137010136,1649952700,5.588207213504625,0.00428210210429765,0.003889114524367775,0.005320780061978246,26.146487178655637,135.77872287467954,0.5830591934918858,563.1571655273438,0.004561304719325365,560.60009765625,-0.005175757620394905,563.5167236328125,0.005184737435977471,561.1494750976562,0.008092814240598711
2025-07-25,565.7141723632812,567.0426493724743,563.6166284241184,564.2758373590184,30630800,0.0024069895272811337,0.0024040973679906323,563.4687866210937,563.4207713847227,560.7389465332031,560.8082728834391,556.2501525878906,554.983644693305,537.571040649414,537.350711983548,71.93495898020869,91.98787160236749,-8.012128397632512,8.482763333714843,8.879276499475012,-0.3965131657601688,567.3201501079872,545.1801550677941,556.2501525878906,3.98022273561441,42004675.0,0.7292235923739441,1680583500,5.433765337422575,0.004129663375438783,0.0036318754724073803,0.005047266409806827,26.341573373686067,135.72786430572788,0.6122390874779061,564.3557739257812,0.0021283728092407195,563.1571655273438,0.004561304719325365,560.60009765625,-0.005175757620394905,560.610107421875,-0.0009611836056468981
2025-07-28,567.4821166992188,568.3810379335021,566.213567832283,567.0825555076628,31498700,0.0031251547553632353,0.0031202816094910335,564.261865234375,564.7745531562214,561.9305603027344,562.0216990317626,557.2514892578125,556.1739753605349,538.5707183837891,538.532335697888,73.30415467410447,94.85145968832484,-5.148540311675166,8.474618432095667,8.798344885999143,-0.32372645390347543,568.5782696823535,545.9247088332716,557.2514892578125,4.065231100459432,40700755.0,0.7739094766178171,1712082200,5.2361296397653065,0.00379982648340428,0.0036130909254431715,0.0050427291858422384,26.723930186799127,141.41787748063436,0.58526706604337,565.7141723632812,0.0024069895272811337,564.3557739257812,0.0021283728092407195,563.1571655273438,0.004561304719325365,563.5167236328125,0.005184737435977471
2025-07-29,566.6031494140625,571.4475089568917,565.8740142282852,570.099096579047,45463300,-0.0015488898403861473,-0.0015500906103220482,565.4624755859375,565.3840852421685,562.9833435058594,562.8546900103626,558.0315856933594,557.1672300322994,539.5414434814453,539.6331519220516,71.43812436225731,76.3991419970458,-23.600858002954197,8.30154320230065,8.698984549259444,-0.39744134695879474,569.6737199961929,546.3894513905259,558.0315856933594,4.172571804647231,40696485.0,1.1171308775192748,1666618900,5.2602271461111085,0.0022645323332836052,0.003785142689202104,0.004970629475711735,27.51332290775386,130.7479201083526,0.13082190282191383,567.4821166992188,0.0031251547553632353,565.7141723632812,0.0024069895272811337,564.3557739257812,0.0021283728092407195,560.60009765625,-0.005175757620394905
2025-07-30,567.3623046875,569.9592697412776,564.3957119723051,567.5220925978703,43433800,0.0013398359578880026,0.001338939178626339,566.3035034179687,566.0434917239456,564.0551086425781,563.6742563152966,559.0818695068359,558.1381895232709,540.4822540283203,540.7205696775594,72.09875137639065,80.0976114546056,-19.902388545394395,8.131897865131009,8.585567212433759,-0.45366934730274977,570.0945188103822,548.0692202032897,559.0818695068359,3.9395479997448217,40059840.0,1.084223002388427,1710052700,5.281893619172635,0.0018151804995686135,0.0037784796717229693,0.004400233701477353,27.81158002495759,109.80436639308603,0.5332186414394819,566.6031494140625,-0.0015488898403861473,567.4821166992188,0.0031251547553632353,565.7141723632812,0.0024069895272811337,563.1571655273438,0.004561304719325365
2025-07-31,564.3557739257812,573.9646298675983,563.2170793219943,573.8747072559383,64613600,-0.005299137318216296,-0.0053132275457858725,566.3035034179687,565.4809191245575,564.3757385253906,563.798168608112,559.7915496826172,558.730340418748,541.3529559326172,541.6474404323917,65.62496435858897,58.30090820145548,-41.69909179854452,7.666476439175767,8.40174905778216,-0.7352726186063929,570.2277591498656,549.3553402153688,559.7915496826172,3.728605575831007,41463605.0,1.5583208454740007,1645439100,5.672297685346303,0.0034581480783938616,0.0037184999676427065,0.004509998167628704,28.645675422530484,100.53286492117323,0.10594922061027905,567.3623046875,0.0013398359578880026,566.6031494140625,-0.0015488898403861473,567.4821166992188,0.0031251547553632353,564.3557739257812,0.0021283728092407195
2025-08-01,553.2386474609375,558.3727103030013,551.0411827265443,558.1829278722018,69400800,-0.01969879104365424,-0.019895398463818742,563.8083984375,561.4001619033509,563.6385925292968,561.878255672262,559.6746856689454,558.2073220418138,542.0360357666016,542.101997570766,48.34057463290306,10.056447070957478,-89.94355292904253,6.327626470771065,7.986924540379942,-1.6592980696088766,570.346782514308,549.0025888235828,559.6746856689454,3.8136785953100203,43611470.0,1.5913428279303587,1576038300,6.218175793481348,0.009118149705733826,0.00743897357242204,0.00611255848037762,26.709169843597746,-73.73134599535355,0.29972808687506036,564.3557739257812,-0.005299137318216296,567.3623046875,0.0013398359578880026,566.6031494140625,-0.0015488898403861473,565.7141723632812,0.0024069895272811337
2025-08-04,563.44677734375,563.6665542967966,558.3027773528459,558.4026371722885,47669800,0.018451584916675978,0.018283419881500795,563.0013305664063,562.0823670501507,563.6315979003906,562.1634414307143,560.2774841308594,558.7063177848553,543.0675500488281,542.9390477579418,59.01507270358171,54.35617928177969,-45.64382071822031,6.020883990783432,7.59371643046064,-1.5728324396772084,570.3552515799202,550.1997166817987,560.2774841308594,3.5974201121767546,43727495.0,1.0901562049232412,1623708100,6.518870867936899,0.013708130364466832,0.009594292930797065,0.007144689287657905,25.705777527968554,22.806941878293845,0.9590257097863978,553.2386474609375,-0.01969879104365424,564.3557739257812,-0.005299137318216296,567.3623046875,0.0013398359578880026,567.4821166992188,0.0031251547553632353
2025-08-05,559.6212768554688,565.903971649668,559.081863110002,564.7353434752952,48666600,-0.006789462007957048,-0.006812615263410892,561.6049560546875,561.2620036519234,563.5337158203125,561.7012296897606,560.6735260009766,558.7934567439613,544.0033972167969,543.5932528205899,54.47249931751342,37.42933633030344,-62.57066366969656,5.4067764932576665,7.156328443020046,-1.7495519497623793,569.96368114622,551.3833708557332,560.6735260009766,3.3139268092452054,44353160.0,1.0972521461830453,1575041500,6.5405307016318375,0.01392565535945662,0.009704499786086196,0.0073600267470420476,25.079233593279845,13.151563468753316,0.07906847894935883,563.44677734375,0.018451584916675978,553.2386474609375,-0.01969879104365424,564.3557739257812,-0.005299137318216296,566.6031494140625,-0.0015488898403861473
2025-08-06,566.6630859375,567.1025788833654,559.9808301040473,560.46025478518,41823700,0.012583168963123503,0.012504658810873535,561.4651123046875,563.0623644137822,563.8843078613281,562.6033853711676,561.2263854980469,559.542945238584,545.1750646972656,544.4979521585079,60.499753167640826,68.1481415723822,-31.8518584276178,5.425762209793902,6.810215196374817,-1.3844529865809152,570.5603642317946,551.8924067642992,561.2263854980469,3.326279367804307,44292070.0,0.9442706109694128,1616865200,6.607728653507893,0.015499224609726055,0.010439317241312107,0.0077044314420071525,24.66029653429397,57.12405120028141,0.9382886198912959,559.6212768554688,-0.006789462007957048,563.44677734375,0.018451584916675978,553.2386474609375,-0.01969879104365424,567.3623046875,0.0013398359578880026
2025-08-07,568.5808715820312,572.6561644511387,564.45564880044,571.0080505877872,44463000,0.003384348993473729,0.003378634972949241,562.3101318359375,564.9018668031986,564.3068176269531,563.69020104587,561.915087890625,560.4037001284362,546.1460339355468,545.4423803711951,61.97614724237799,76.51418544323029,-23.485814556769707,5.531790760378385,6.554530309175531,-1.022739548797146,571.2853308711587,552.5448449100913,561.915087890625,3.335109941862814,44779675.0,0.9929281532302322,1661328200,6.721499153307234,0.015262785069915474,0.010466334848749944,0.007699109982140802,24.966384603016774,114.22383721401117,0.5030443154131968,566.6630859375,0.012583168963123503,559.6212768554688,-0.006789462007957048,563.44677734375,0.018451584916675978,564.3557739257812,-0.005299137318216296
2025-08-08,573.8847045898438,574.1044815488668,569.4898360186871,569.7894764496438,35255500,0.009328194585679572,0.009284955664620646,566.4393432617187,567.8961460654136,565.1238708496094,565.5437471447743,562.9314086914062,561.6876053152369,547.2691748046875,546.5577656346716,65.78499452366694,99.0470705829369,-0.952929417063102,5.974919001369813,6.438608047614387,-0.46368904624457485,572.8489158104431,553.0139015723693,562.9314086914062,3.523522392218703,44561520.0,0.7911646640419806,1696583700,6.63593563998783,0.00962011737899626,0.010808008500769016,0.00785537868462106,25.41669376387898,160.89334570925283,0.9523740322672719,568.5808715820312,0.003384348993473729,566.6630859375,0.012583168963123503,559.6212768554688,-0.006789462007957048,553.2386474609375,-0.01969879104365424
2025-08-11,572.1866455078125,576.1320838089041,570.9081593818767,574.0245417091662,33112900,-0.002958885414527379,-0.0029632715702003127,568.1873168945312,569.3263125462133,565.5943237304688,566.7515468471449,563.7624420166015,562.687513905006,548.3380004882813,547.5628197473438,63.58882491081905,84.27542204187537,-15.724577958124627,6.118551297581462,6.374596697607803,-0.25604540002634124,573.85582859966,553.6690554335431,563.7624420166015,3.580723308546046,44394500.0,0.7458784308867089,1663470800,6.535077696204945,0.00811345885416032,0.01087660860107281,0.00791408388613093,26.065655390795452,154.0191700357009,0.2447367192558838,573.8847045898438,0.009328194585679572,568.5808715820312,0.003384348993473729,566.6630859375,0.012583168963123503,563.44677734375,0.018451584916675978
2025-08-12,579.3782958984375,579.6779363086406,571.8270527389294,574.493943836454,42143300,0.012568714154875815,0.012490383527751878,572.138720703125,572.6769736636214,566.8718383789062,569.0473194019254,564.9275909423828,564.2771121900947,549.567021484375,548.8104854787593,68.40034044410955,98.95365091107801,-1.0463490889219789,6.735049551727911,6.446687268431825,0.2883622832960864,576.4774293006786,553.377752584087,564.9275909423828,4.088962388623632,44337780.0,0.9505054154718617,1705614100,6.629063830026818,0.006705471449665375,0.011428638829884081,0.008288542979299322,27.048827604674525,187.42185821247315,0.9618335429842194,572.1866455078125,-0.002958885414527379,573.8847045898438,0.009328194585679572,568.5808715820312,0.003384348993473729,559.6212768554688,-0.006789462007957048
2025-08-13,579.6680297851562,582.6445596248751,578.2696265108757,582.0852105080592,41209300,0.0005000772185803637,0.0004999522216384381,574.7397094726563,575.0073257041331,568.1024108886719,570.9783576534219,566.078759765625,565.7429138658149,550.7200231933593,550.0205852554809,68.58047713964012,90.58160825884377,-9.418391741156233,7.1644209776864045,6.5902340102827415,0.574186967403663,578.6419084071732,553.5156111240768,566.078759765625,4.438657492377827,43782510.0,0.9412274444749741,1746823400,6.468054493167719,0.00634968202711932,0.011439484106065484,0.008292906374987306,28.25526093768156,201.0660972928953,0.3196399208421763,579.3782958984375,0.012568714154875815,572.1866455078125,-0.002958885414527379,573.8847045898438,0.009328194585679572,566.6630859375,0.012583168963123503
2025-08-14,579.2185668945312,581.206252942872,577.2408180571425,577.610445725867,45425000,-0.0007753798166022507,-0.0007756805790123659,576.8672485351562,576.4110727675992,569.5886901855469,572.4765775154417,566.9822143554687,567.0263093923593,551.7824230957032,551.1656041432867,67.93350874418492,89.15940932082857,-10.840590679171429,7.383322679368348,6.748851744099863,0.6344709352684852,580.5556855332993,553.4087431776381,566.9822143554687,4.787970710249022,44032570.0,1.031622728357668,1701398400,6.289295949779271,0.006799534078188866,0.011196539110112917,0.008189873339746084,29.11983365894846,161.4970249521605,0.4987470212803771,579.6680297851562,0.0005000772185803637,579.3782958984375,0.012568714154875815,572.1866455078125,-0.002958885414527379,568.5808715820312,0.003384348993473729
2025-08-15,576.6715087890625,579.1686139695657,574.903538812632,579.1286212694092,49480200,-0.004397404107960079,-0.00440710112765581,577.424609375,576.4978847747536,571.9319763183594,573.2392922924637,567.7852844238281,567.944899811093,552.7645483398437,552.165835698023,64.23534352428551,81.09996012442552,-18.900039875574482,7.2675023098297515,6.852581857245841,0.4149204525839103,581.6530589261109,553.9175099215453,567.7852844238281,4.884865769762047,43982345.0,1.1250014068144842,1651918200,6.148276816359273,0.006746128474541413,0.00852942775137759,0.008282344188980512,29.347634499870857,114.39819172013824,0.4145225843241906,579.2185668945312,-0.0007753798166022507,579.6680297851562,0.0005000772185803637,579.3782958984375,0.012568714154875815,573.8847045898438,0.009328194585679572
2025-08-18,576.4417114257812,577.1009813081188,574.5738816999574,575.7725043332697,29831000,-0.00039848919147023043,-0.00039856860938691145,578.2756225585938,576.4791603250962,573.2314697265625,573.8215503167032,568.4315338134766,568.7541199648729,553.8214965820313,553.1178308246017,63.89737507953707,80.37283098243377,-19.627169017566228,7.0756079023245775,6.897187066261589,0.17842083606298864,582.6437553145084,554.2193123124447,568.4315338134766,5.0005042491873555,43494135.0,0.6858625881397572,1622087200,5.889621301487996,0.006462918595956761,0.006967146146779243,0.008243696025037654,29.47754352720119,90.4888549613607,0.7391199459323672,576.6715087890625,-0.004397404107960079,579.2185668945312,-0.0007753798166022507,579.6680297851562,0.0005000772185803637,572.1866455078125,-0.002958885414527379
2025-08-19,568.620849609375,575.8923882635952,567.5920130021344,575.7226021797385,53752600,-0.013567480738099214,-0.013660360053868682,576.1241333007813,573.8597234198559,574.1314270019532,572.8759683699162,568.8325714111328,568.7414275500636,554.6196618652343,553.7257923455732,53.56744684735861,55.6259128237628,-44.3740871762372,6.220743160066377,6.761898285022547,-0.5411551249561706,582.5833824785801,555.0817603436855,568.8325714111328,4.834748134529277,44018235.0,1.2211439191053435,1568334600,6.101055381642198,0.005808264109067407,0.008175134688246597,0.0087796460854885,28.056342050798186,22.31751775205713,0.12395061365540228,576.4417114257812,-0.00039848919147023043,576.6715087890625,-0.004397404107960079,579.2185668945312,-0.0007753798166022507,579.3782958984375,0.012568714154875815
2025-08-20,565.2447509765625,567.7917860584612,558.1929284111997,567.6719298873941,76781100,-0.005937345834455043,-0.005955041952315552,573.2394775390625,570.9880659387582,573.9895935058594,571.4884742983974,568.9369506835938,568.4084107335398,555.3347399902344,554.1775162134551,49.82298646678967,44.94319798707452,-55.05680201292548,5.210767266960943,6.451672081410226,-1.2409048144492836,582.5448039157369,555.3290974514506,568.9369506835938,4.783606765492358,45846525.0,1.6747419788086446,1491553500,6.41011722568028,0.00533065719219125,0.007486020850645527,0.008853146975049587,26.87570378696068,-64.77632728414528,0.734652270554424,568.620849609375,-0.013567480738099214,576.4417114257812,-0.00039848919147023043,576.6715087890625,-0.004397404107960079,579.6680297851562,0.0005000772185803637
2025-08-21,562.6278076171875,565.8340517424351,560.3304220145135,563.6965150159476,46436900,-0.004629752606908344,-0.004640503105775894,569.9213256835938,568.2013131649013,573.394287109375,569.8774439927229,568.850552368164,567.857877103411,555.9274389648438,554.508900190072,47.07602864490074,18.137355202328894,-81.86264479767111,4.151334635239209,5.9916045921760235,-1.8402699569368144,582.5949123773141,555.1061923590139,568.850552368164,4.832327208589812,46054595.0,1.0083011260874186,1445116600,6.34536811869752,0.004818317322774996,0.007485620184924539,0.008905383195687778,25.779396827682998,-73.36978256046037,0.4174309894026689,565.2447509765625,-0.005937345834455043,568.620849609375,-0.013567480738099214,576.4417114257812,-0.00039848919147023043,579.2185668945312,-0.0007753798166022507
2025-08-22,571.3076782226562,573.3253587434433,562.617800852793,564.0161431934172,51502100,0.015427375767702145,0.0153095837425766,568.8485595703125,569.236768184153,573.1365844726563,570.1374865799835,569.1302276611328,568.1864295909583,556.7296545410156,555.167675799193,55.78380410847385,53.63548017247084,-46.36451982752916,3.966397497600269,5.586563173260873,-1.620165675660604,582.835506810756,555.4249485115097,569.1302276611328,4.816219024579184,47098160.0,1.0935055636993039,1496618700,6.65695310240843,0.010751083753446482,0.008590073530723656,0.009551953500157617,24.318675281389993,-0.09024907393625003,0.8115648272487951,562.6278076171875,-0.004629752606908344,565.2447509765625,-0.005937345834455043,568.620849609375,-0.013567480738099214,576.6715087890625,-0.004397404107960079
2025-08-25,569.6596069335938,572.6261385677973,568.5009160121044,569.7395313678815,34044700,-0.0028847350593810273,-0.00288890392687823,567.492138671875,569.3777144339666,572.8838806152344,570.050599371549,569.2391021728515,568.3267321950187,557.47396484375,555.7359868240715,53.968123158000445,46.89535197954784,-53.10464802045216,3.64483254336983,5.1982170472826645,-1.5533845039128344,582.9248632575027,555.5533410882003,569.2391021728515,4.808440260836279,47225460.0,0.7208971601335381,1462574000,6.476115206214461,0.010726302138607077,0.008587667082028363,0.00956072204646637,22.96229098840363,12.972966674207681,0.280879614570668,571.3076782226562,0.015427375767702145,562.6278076171875,-0.004629752606908344,565.2447509765625,-0.005937345834455043,576.4417114257812,-0.00039848919147023043
2025-08-26,571.9469604492188,572.2565990617475,568.1413744854693,569.1702111117808,34103000,0.004015298764006747,0.004007258966198888,568.1573608398437,570.234129772384,572.1407470703125,570.3953922947617,569.5062927246094,568.6715158382759,558.3977160644531,556.3717112799596,56.103634836112995,56.24995697762141,-43.75004302237859,3.5338245828303343,4.865338554392199,-1.331513971561865,583.1844264862752,555.8281589629435,569.5062927246094,4.8035057509996975,46657445.0,0.7309230070356403,1496677000,6.30748016121901,0.008831150733516788,0.007509711749192395,0.009587004541677819,21.64002383228918,17.717075801386873,0.9247577849320602,569.6596069335938,-0.0028847350593810273,571.3076782226562,0.015427375767702145,562.6278076171875,-0.004629752606908344,568.620849609375,-0.013567480738099214
2025-08-27,572.825927734375,573.7448453667379,569.7095453598557,570.9281643841576,36927100,0.0015367985948659957,0.0015356189283573045,569.6735961914062,571.098062426381,571.4565368652344,570.8373078292368,569.7794738769531,569.0671741140949,559.1927819824218,557.0169746703289,56.93050468188992,59.84467537278785,-40.15532462721215,3.47669807714567,4.587610458942894,-1.110912381797224,583.4936085493632,556.0653392045431,569.7794738769531,4.813839494460872,46332110.0,0.7970088131103893,1533604100,6.145181578766377,0.00790543224685019,0.007543861263644642,0.009587999619898036,20.656922228922348,31.166743453192815,0.7722802193460454,571.9469604492188,0.004015298764006747,569.6596069335938,-0.0028847350593810273,571.3076782226562,0.015427375767702145,565.2447509765625,-0.005937345834455043
2025-08-28,576.4118041992188,577.3307218421304,571.7971586699575,573.4452115221324,46787900,0.006259975834240761,0.006240463574031367,572.4303955078125,572.8693096839936,571.1758605957032,571.8508526237789,570.382275390625,569.7666626936305,560.1635278320313,557.7775562204815,60.222459158320376,74.50985837635866,-25.490141623641335,3.678373175845877,4.405763002323491,-0.727389826477614,584.1495651755508,556.6149856056991,570.382275390625,4.827390463877014,45440825.0,1.0296445982219733,1580392000,6.101494549723983,0.0068074751767313235,0.007903323556704872,0.009566942687928418,20.304156322439262,64.08263265217616,0.8339374442102534,572.825927734375,0.0015367985948659957,571.9469604492188,0.004015298764006747,569.6596069335938,-0.0028847350593810273,562.6278076171875,-0.004629752606908344
2025-08-29,569.7395629882812,574.3642068270976,567.8816703337434,573.9945791596829,56030400,-0.01157547635619105,-0.011642993718774397,572.1167724609375,571.8260607854229,570.482666015625,571.4669817809611,571.2073211669922,569.7640817693115,561.0026257324218,558.2466545251011,52.22385726498901,47.22234879210725,-52.77765120789275,3.2622033910394066,4.177051080066674,-0.9148476890272672,582.526211837806,559.8884304961783,571.2073211669922,3.9631462172750354,44772305.0,1.2514522091279419,1524361600,6.274968786563368,0.007045965043150665,0.008596483143380042,0.008777259991369073,19.224526077647322,-2.681977255862121,0.2865996445085769,576.4118041992188,0.006259975834240761,572.825927734375,0.0015367985948659957,571.9469604492188,0.004015298764006747,571.3076782226562,0.015427375767702145
2025-09-02,564.9650268554688,565.3145971818625,558.8920502137331,560.660020123991,65876800,-0.008380208156460234,-0.008415519516921792,571.1778564453125,569.5390494754382,569.3349975585937,570.2848081581443,571.2832336425781,569.307028920374,561.7893334960937,558.5101201066842,47.37490329219865,27.69589638044905,-72.30410361955094,2.5180936585474,3.845259595762819,-1.327165937215419,582.4116780428473,560.154789242309,571.2832336425781,3.8959464394964596,45682655.0,1.4420527878688312,1458484800,6.6015790714194225,0.00788396366183111,0.008882134743239083,0.008073378150147647,18.86055194218134,-118.78569382452288,0.9455713865195574,569.7395629882812,-0.01157547635619105,576.4118041992188,0.006259975834240761,572.825927734375,0.0015367985948659957,569.6596069335938,-0.0028847350593810273
2025-09-03,569.409912109375,571.0380295776428,566.0737527363494,568.5708579374373,54230200,0.00786754054254657,0.00783675282244587,570.6704467773437,569.4960036867506,569.4139038085938,570.1257361492771,571.7726654052734,569.3168273193265,562.5568432617188,558.9375629303191,51.85648165304758,48.74125719097151,-51.25874280902849,2.2609832199145785,3.528404320593171,-1.2674211006785927,581.5902883589733,561.9550424515735,571.7726654052734,3.4341001407407883,45960835.0,1.1799219922788609,1512715000,6.563823617901893,0.00871756291439777,0.008343413178489507,0.008074061075969934,17.610868978812167,-39.7295796922108,0.6720333050743408,564.9650268554688,-0.008380208156460234,569.7395629882812,-0.01157547635619105,576.4118041992188,0.006259975834240761,571.9469604492188,0.004015298764006747
2025-09-04,574.5639038085938,574.9334704969435,568.3711317527417,570.0791126733634,47526300,0.009051461152346008,0.009010742204055011,571.0180419921875,571.185303727365,570.3458190917969,570.9326757236983,572.1677062988281,569.8165488897329,563.2650219726562,559.5503606118201,56.48406501487828,78.04739135624858,-21.952608643751418,2.444921864001344,3.311707829274806,-0.8667859652734617,581.7644835249613,562.5709290726949,572.1677062988281,3.3545329876136245,46245965.0,1.0276853342772716,1560241300,6.563717555494747,0.009812696605299697,0.008469741706150497,0.007840291105339557,16.80400001544941,16.660010087341362,0.9436836922247153,569.409912109375,0.00786754054254657,564.9650268554688,-0.008380208156460234,569.7395629882812,-0.01157547635619105,572.825927734375,0.0015367985948659957
2025-09-05,575.3929443359375,580.4470826304052,570.8682215867353,579.8178072667213,68342500,0.001442903951759389,0.0014418639661317712,570.8142700195312,572.5878505968892,571.6223327636719,571.7436336531963,572.5083099365235,570.3476341703238,563.9622143554687,560.1716384049228,57.19676984130199,77.28901199891044,-22.710988001089564,2.6273052669457684,3.174827316808998,-0.5475220498632298,582.0551128148732,562.9615070581738,572.5083099365235,3.335079233839659,47439940.0,1.440611012577166,1628583800,6.7790849475072585,0.0093490725529146,0.00818073571274517,0.007817575424152814,16.747552656785473,62.03483524430611,0.4723654230421314,574.5639038085938,0.009051461152346008,569.409912109375,0.00786754054254657,564.9650268554688,-0.008380208156460234,576.4118041992188,0.006259975834240761
2025-09-08,578.19970703125,580.1674576203714,577.1010051346319,577.7002859937904,46371400,0.004877992896753058,0.004866134038716875,572.506298828125,574.4584694083428,572.3115356445312,572.9174651764788,572.7240600585938,571.0954506332691,564.6144592285157,560.8786214883081,59.60869529144466,89.9013209982353,-10.098679001764701,2.9641587433293353,3.132693602113066,-0.16853485878373053,582.5756975096476,562.8724226075399,572.7240600585938,3.4402736459320336,47995735.0,0.9661566803800379,1674955200,6.635901257287729,0.006995886983832876,0.006871880209965844,0.007617584673801604,16.695137252311817,100.15980814420722,0.35829738164598196,575.3929443359375,0.001442903951759389,574.5639038085938,0.009051461152346008,569.409912109375,0.00786754054254657,569.7395629882812,-0.01157547635619105
2025-09-09,579.8378295898438,580.26732437145,576.3718158469537,578.9987754125199,44007600,0.00283314318335548,0.0028291373973999686,575.480859375,576.2515894688431,573.3293579101562,574.175713251636,573.1066192626953,571.9280581529429,565.2621081542969,561.6221198452312,60.99030467076811,97.26229523458723,-2.737704765412768,3.3249721412576037,3.171149309941973,0.15382283131563046,583.4280888672288,562.7851496581618,573.1066192626953,3.6019369721508774,48540470.0,0.9066166850053162,1718962800,6.440158919231194,0.0032314829806194653,0.006728673269172641,0.00759314139513573,16.516935991079997,94.34495888670858,0.8897461579163883,578.19970703125,0.004877992896753058,575.3929443359375,0.001442903951759389,574.5639038085938,0.009051461152346008,564.9650268554688,-0.008380208156460234
2025-09-10,580.027587890625,583.0940402853914,577.8800531074673,583.0640457610823,49308000,0.00032726098763768974,0.0003272074494409985,577.60439453125,577.5102556094371,574.1374206542969,575.2396904587249,573.1390838623047,572.699441937484,565.8426354980469,562.3439029058349,61.15605705100874,87.32975104242608,-12.670248957573913,3.5849066947821484,3.2539007869100085,0.3310059078721399,583.5430107546608,562.7351569699485,573.1390838623047,3.6305068648417835,48898705.0,1.008370262566258,1768270800,6.352575223423543,0.0034368183256809136,0.006694314273449874,0.007060035996195422,16.726884694544776,110.06180347980003,0.4118795673700703,579.8378295898438,0.00283314318335548,578.19970703125,0.004877992896753058,575.3929443359375,0.001442903951759389,569.409912109375,0.00786754054254657
2025-09-11,583.4036865234375,584.2027479772381,580.9465131126315,582.5646323700341,44745800,0.005820582853809153,0.005803708708010692,579.3723510742187,579.4747325807706,575.1951965332031,576.7240533795817,573.3258666992188,573.718893802813,566.5835766601563,563.1697767731919,64.08033419161183,96.84298923219427,-3.1570107678057355,4.017023894664931,3.4065254084609933,0.6104984862039373,584.3099064867611,562.3418269116764,573.3258666992188,3.831691687235462,49075530.0,0.9117741571002901,1813016600,6.197045570794226,0.0022945719268402556,0.006837848392010575,0.007175997721545452,17.06694473682399,140.30896621288434,0.7546057065596207,580.027587890625,0.00032726098763768974,579.8378295898438,0.00283314318335548,578.19970703125,0.004877992896753058,574.5639038085938,0.009051461152346008
2025-09-12,585.9806518554688,587.1792745116926,583.4236186389489,584.3625326071349,50745900,0.004417122125826234,0.004407395274497234,581.489892578125,581.6433723390033,576.1520812988281,578.4070712842885,573.6639709472656,574.8866802840182,567.2999462890625,564.0643208940655,66.17362158554542,95.76267136146578,-4.237328638534218,4.515369090351555,3.628294144839106,0.8870749455124494,585.7170123259353,561.6109295685959,573.6639709472656,4.202125979348876,49341575.0,1.0284612925306904,1863762500,6.024084314898574,0.002151487054077671,0.006729845906485011,0.007227052411112086,17.763872566518703,161.76302984347353,0.6808486461736737,583.4036865234375,0.005820582853809153,580.027587890625,0.00032726098763768974,579.8378295898438,0.00283314318335548,575.3929443359375,0.001442903951759389
2025-09-15,590.994873046875,591.1047310439144,587.6087837729755,587.7586344703801,44360300,0.008556973981187044,0.008520570600438543,584.04892578125,584.7605392416273,578.2776123046875,580.6957625138496,574.3801391601562,576.4207938804808,568.0083251953125,565.1204209784894,69.85485641833412,99.65896040252424,-0.3410395974757504,5.254348138248474,3.9535049435209797,1.3008431947274945,588.5747577032023,560.1855206171101,574.3801391601562,4.942586825443197,49085580.0,0.9037338460704752,1908122800,5.959798234437651,0.003095990202409744,0.005154769311750882,0.007334798057078925,18.87115036249772,184.72329647426747,0.9685756138116034,585.9806518554688,0.004417122125826234,583.4036865234375,0.005820582853809153,580.027587890625,0.00032726098763768974,578.19970703125,0.004877992896753058
2025-09-16,590.4954223632812,592.1734696533504,589.8062189258886,591.9237591465338,36942100,-0.0008451015505749337,-0.0008454588502074913,586.1804443359375,586.6721669488453,580.8306518554688,582.4775188501098,575.0828247070312,577.7612346883666,568.7904174804687,566.1155190720107,69.04879537322046,94.95800564301769,-5.041994356982314,5.733599495735689,4.309523853963922,1.4240756417717666,590.9132568607517,559.2523925533108,575.0828247070312,5.505444250325198,49441135.0,0.7471936071046913,1871180700,5.7031876982250855,0.003893092869671996,0.0034716742041559613,0.007340768175647204,20.019275584096498,163.80258616553502,0.2911408704486908,590.994873046875,0.008556973981187044,585.9806518554688,0.004417122125826234,583.4036865234375,0.005820582853809153,579.8378295898438,0.00283314318335548
2025-09-17,589.3168334960938,591.0648071547686,583.6933476484554,590.415535410039,69384800,-0.0019959322672994384,-0.0019979267945099714,588.0382934570313,587.5537224645948,582.8213439941406,583.7210306039251,576.1176239013672,578.8617679081501,569.5427453613281,567.0253745396218,67.08168073451543,91.41672378956241,-8.583276210437582,5.94972267819935,4.637563618811008,1.3121590593883425,592.8056232269914,559.429624575743,576.1176239013672,5.793261179068268,50222745.0,1.3815413713447962,1801795900,5.822349970231377,0.004483473539685532,0.003775920861989501,0.006523561565369167,19.791946165554293,117.74559981397337,0.7628727856058778,590.4954223632812,-0.0008451015505749337,590.994873046875,0.008556973981187044,585.9806518554688,0.004417122125826234,580.027587890625,0.00032726098763768974
2025-09-18,594.6306762695312,597.4474182598135,592.2734235847219,594.2211168753206,61069300,0.009016953990459431,0.008976543995876328,590.28369140625,589.9127070662403,584.8280212402344,585.7046025431262,577.5869201660156,580.3635687044721,570.3232409667969,568.1079353917751,71.08182370784218,92.69429360156605,-7.305706398433949,6.475143140082537,5.005079523065314,1.4700636170172228,595.3283052277374,559.8455351042938,577.5869201660156,6.1432779871893075,49437155.0,1.2352915534884643,1862865200,5.987223884051976,0.005133019296668682,0.003770243169453525,0.006445474282839227,20.359658243887505,155.15730259848957,0.4555962718925839,589.3168334960938,-0.0019959322672994384,590.4954223632812,-0.0008451015505749337,590.994873046875,0.008556973981187044,583.4036865234375,0.005820582853809153
2025-09-19,598.6559448242188,599.3551464363971,595.159997727806,596.6383253844207,58196100,0.006769359058197866,0.006746549825234853,592.81875,592.8271196522331,587.1543212890625,588.0593920487793,579.3883270263672,582.1056997634956,571.2002233886719,569.3058965459886,73.68995962186305,98.27200170661492,-1.7279982933850844,7.134110587344026,5.4308857359210565,1.703224851422969,597.9840853481484,560.792568704586,579.3883270263672,6.419100093790788,50025115.0,1.1633376554956445,1921061300,5.897027189967256,0.005305187288109529,0.003831687182152014,0.0062783504401056735,21.095819176354343,158.22638169463045,0.8333309112905,594.6306762695312,0.009016953990459431,589.3168334960938,-0.0019959322672994384,590.4954223632812,-0.0008451015505749337,585.9806518554688,0.004417122125826234
2025-09-22,602.2000122070312,602.8699951171875,597.719970703125,597.739990234375,57154800,0.005920040406268923,0.005902585821084669,595.0597778320313,595.9514171704992,589.5543518066406,590.6304138957341,580.9329437255859,584.0194438057372,572.1730578613282,570.5958618660295,75.7626579785437,98.17920834627084,-1.820791653729156,7.8518128447977915,5.915071157696405,1.936741687101387,601.6035529016756,560.2623345494962,580.9329437255859,7.116349451117994,50307750.0,1.1361032842852243,1978216100,5.843669848831202,0.00489117687733556,0.0038728360288977724,0.005623810683096139,22.147701706666965,156.41468792525527,0.8699068477396329,598.6559448242188,0.006769359058197866,594.6306762695312,0.009016953990459431,589.3168334960938,-0.0019959322672994384,590.994873046875,0.008556973981187044
2025-09-23,598.2000122070312,602.5700073242188,596.97998046875,602.3699951171875,64635500,-0.006642311389766009,-0.006664469716240992,596.6006958007813,596.7009488493433,591.3905700683594,592.0067044977882,582.3599639892578,585.3699741296699,573.0257385253906,571.6783775656767,69.14202674568995,86.46337167453149,-13.53662832546851,8.005547515511807,6.333166429259485,1.6723810862523223,603.6517756238363,561.0681523546793,582.3599639892578,7.312251168066643,51837290.0,1.2468919575078095,1913580600,5.825552492162456,0.00663561427475251,0.005158200385401827,0.005875629787027267,22.963580453727868,124.32869477996778,0.21825149857122098,602.2000122070312,0.005920040406268923,598.6559448242188,0.006769359058197866,594.6306762695312,0.009016953990459431,590.4954223632812,-0.0008451015505749337
2025-09-24,596.0999755859375,599.9000244140625,593.3599853515625,599.5800170898438,49850300,-0.0035105927419589733,-0.003516769332558605,597.95732421875,596.5006244282081,592.9978088378906,592.7509356047244,583.5676147460938,586.3918790302669,573.8262316894532,572.6360872919615,65.8867076731087,78.84486144242037,-21.155138557579633,7.867239307516456,6.63998100491088,1.2272583026055761,605.0984999222967,562.0367295698909,583.5676147460938,7.379054160012235,52624655.0,0.9472803194624269,1863730300,5.876587247186566,0.006926844221622105,0.005520336098181131,0.0060104756371754135,22.954692948622316,93.19113280265447,0.4189562490603403,598.2000122070312,-0.006642311389766009,602.2000122070312,0.005920040406268923,598.6559448242188,0.006769359058197866,589.3168334960938,-0.0019959322672994384
2025-09-25,593.530029296875,595.1199951171875,588.5,592.2000122070312,70920200,-0.004311267227508853,-0.004320587537941421,597.7371948242187,595.510426051097,594.0104431152344,592.8925890032972,584.6028198242187,587.0717028651819,574.5639392089844,573.4554575666641,62.03736426674366,64.75242421352182,-35.24757578647817,7.464213066711636,6.804827417271032,0.6593856494406038,605.9585120635378,563.2471275848997,584.6028198242187,7.306051738081046,54324310.0,1.3054965631408848,1792810100,5.9996864142402035,0.006230423832302113,0.005816155172683284,0.006178573340104523,22.033334284892536,58.23783531706698,0.7598237170507192,596.0999755859375,-0.0035105927419589733,598.2000122070312,-0.006642311389766009,602.2000122070312,0.005920040406268923,594.6306762695312,0.009016953990459431
2025-09-26,595.969970703125,596.2999877929688,591.0599975585938,594.3499755859375,54337400,0.004110897993047535,0.004102471338078098,597.2,595.663607601773,595.009375,593.4521129487204,585.5807281494141,587.9191569449861,575.2603491210938,574.338379650447,64.17723708815052,73.96038292406939,-26.03961707593061,7.2580287102638295,6.895467675869592,0.36256103439423715,607.1368003490876,564.0246559497406,585.5807281494141,7.362288806121146,54701785.0,0.9933387000076871,1847147500,5.9454224013926895,0.005546332953655524,0.005801266431431793,0.0061151973757044365,21.34797443252921,66.14418995616755,0.9370195219501559,593.530029296875,-0.004311267227508853,596.0999755859375,-0.0035105927419589733,598.2000122070312,-0.006642311389766009,598.6559448242188,0.006769359058197866
2025-09-29,598.72998046875,602.0499877929688,597.4099731445312,599.1099853515625,48332900,0.004631122206323113,0.004620431553650772,596.5059936523437,596.6857318907654,595.7828857421875,594.4117252250894,587.0302490234375,588.9487591853444,576.0227465820312,575.2949130158706,66.47901928258058,83.4332762884076,-16.566723711592406,7.233947401355863,6.9631636209668475,0.2707837803890154,608.0219585822056,566.0385394646694,587.0302490234375,7.15183232676311,54316910.0,0.8898315460139393,1895480400,5.955036307710622,0.005167924136570166,0.005405538070923446,0.005282247531537967,21.474899328648764,92.87639288247986,0.2844834389983676,595.969970703125,0.004110897993047535,593.530029296875,-0.004311267227508853,596.0999755859375,-0.0035105927419589733,602.2000122070312,0.005920040406268923
2025-09-30,600.3699951171875,600.7100219726562,596.0999755859375,598.4299926757812,46533800,0.0027391557161602353,0.0027354110657034046,596.939990234375,597.9138196329061,596.7703430175782,595.4950470236527,588.8004974365234,590.0364959407581,576.7598120117187,576.2782495688634,67.80288488919493,88.59670193137904,-11.40329806862095,7.263469511330527,7.023224799039584,0.24024471229094324,607.9402913677111,569.6607035053357,588.8004974365234,6.5012832069664075,53349760.0,0.8722401000491848,1942014200,5.858965599068346,0.0043035716882834215,0.005365123634202892,0.004620797719985845,21.33706567352665,85.58646552161201,0.9262422051671823,598.72998046875,0.004631122206323113,595.969970703125,0.004110897993047535,593.530029296875,-0.004311267227508853,598.2000122070312,-0.006642311389766009
2025-10-01,603.25,603.7899780273438,596.3400268554688,597.1699829101562,46899600,0.004797049996228209,0.004785580816090296,598.3699951171875,599.6925464219374,598.1636596679688,596.9050384738975,590.4925018310547,591.2949248987811,577.6128100585937,577.3359652720452,70.04053134725196,97.34867672200933,-2.6513232779906706,7.43356876750272,7.105293592732211,0.3282751747705088,608.4212179380263,572.5637857240831,590.4925018310547,6.072461903030621,52983230.0,0.8851781969502426,1988913800,5.972607425697392,0.003834280994518671,0.005278348073459661,0.00450192641634698,21.603111979430725,96.73789651158404,0.9275192528140288,600.3699951171875,0.0027391557161602353,598.72998046875,0.004631122206323113,595.969970703125,0.004110897993047535,596.0999755859375,-0.0035105927419589733
2025-10-02,605.72998046875,607.1599731445312,602.9299926757812,607.0599975585938,43765400,0.004111032687525995,0.004102605481099248,600.8099853515625,601.7050244375416,599.2735900878906,598.5095733820525,592.0508056640625,592.669692095921,578.4642663574218,578.4494560640728,71.85447418207397,93.90627052014625,-6.093729479853752,7.6799575808997815,7.220226390365726,0.45973119053405576,609.5841374054953,574.5174739226297,592.0508056640625,5.9229145788483,52795185.0,0.8289657475392879,2032679200,5.848134071629722,0.0008089583448840201,0.004796003008404598,0.004276549205029259,22.25029579126653,124.09440173015577,0.6619387048210129,603.25,0.004797049996228209,600.3699951171875,0.0027391557161602353,598.72998046875,0.004631122206323113,593.530029296875,-0.004311267227508853
2025-10-03,603.1799926757812,607.3300170898438,601.3900146484375,606.510009765625,46482100,-0.004209776427106071,-0.004218662483531714,602.2519897460937,602.1966805169549,599.7259948730468,599.3587405263668,593.4401580810547,593.6706731035267,579.2407507324219,579.4192810292379,67.33970819841679,82.44243156019387,-17.557568439806136,7.582058535764304,7.292592819445442,0.28946571631886187,609.8405060439392,577.0398101181703,593.4401580810547,5.52721204979337,51702165.0,0.8990358527539417,1986197100,5.854696098042331,0.0037899412297538763,0.004804313477609221,0.004539463956954287,22.52008756190901,105.18475292225187,0.30134297838602436,605.72998046875,0.004111032687525995,603.25,0.004797049996228209,600.3699951171875,0.0027391557161602353,595.969970703125,0.004110897993047535
2025-10-06,607.7100219726562,609.3599853515625,605.969970703125,608.4500122070312,41962100,0.0075102446232993,0.007482183147598406,604.047998046875,604.0344610021887,600.2769958496094,600.8771553347831,594.915673828125,595.0077539482057,580.0806677246094,580.5287218505485,70.84440844208862,93.57156399684361,-6.428436003156397,7.780321637636689,7.390138583083692,0.3901830545529972,610.8698068312358,578.9615408250143,594.915673828125,5.363493921903299,51481700.0,0.8150876913544036,2028159200,5.877931567880826,0.004383333715134598,0.005015625798149123,0.004652729636758607,23.02399116609749,132.09477273580356,0.5132872420719281,603.1799926757812,-0.004209776427106071,605.72998046875,0.004111032687525995,603.25,0.004797049996228209,598.72998046875,0.004631122206323113
2025-10-07,604.510009765625,609.7100219726562,603.030029296875,609.02001953125,58209500,-0.005265689377054961,-0.005279601980486426,604.8760009765625,604.1929772566675,600.9079956054687,601.5376743222089,596.149282836914,595.9127306927219,580.8212255859376,581.4691645138848,65.49763542873409,75.48323045711572,-24.516769542884276,7.591719713612406,7.430454809189435,0.16126490442297126,611.028435170842,581.270130502986,596.149282836914,4.991753831564512,52191795.0,1.1152998282584456,1969949700,5.93522164701657,0.0057472839180388886,0.004799145456170683,0.004964413262843717,22.84782872966721,105.48591776653652,0.2215542053052858,607.7100219726562,0.0075102446232993,603.1799926757812,-0.004209776427106071,605.72998046875,0.004111032687525995,600.3699951171875,0.0027391557161602353
2025-10-08,611.4400024414062,611.75,605.260009765625,605.4099731445312,50629800,0.01146381790843809,0.011398606257687599,606.5140014648438,606.6086523182471,602.4419982910156,603.3380976166084,597.7199035644531,597.3915184783109,581.7179626464844,582.6444914914347,70.66165221797733,98.6666771673387,-1.3333228326612903,7.910259277603245,7.526415702872197,0.38384357473104824,612.0830922046382,583.3567149242681,597.7199035644531,4.8059930929291035,52257885.0,0.968845180014461,2020579500,6.028419403256458,0.007299465472144039,0.005499550127144784,0.005363908643999801,22.96474207425478,136.06108817042102,0.9522345107628922,604.510009765625,-0.005265689377054961,607.7100219726562,0.0075102446232993,603.1799926757812,-0.004209776427106071,603.25,0.004797049996228209
2025-10-09,610.7000122070312,611.6099853515625,607.47998046875,611.47998046875,45551000,-0.0012102417758411699,-0.001210974709830399,607.5080078125,607.9724389478419,604.1589965820312,604.6766275421397,599.0847198486329,598.6589940715223,582.584716796875,583.7447079900855,69.46604303254983,95.48392347110214,-4.516076528897849,8.010651347188855,7.623262831735529,0.38738851545332587,612.9251000441633,585.2443396531024,599.0847198486329,4.620508498039274,52298145.0,0.8709869155014963,1975028500,5.892818366081889,0.007432999346096251,0.005145210917175867,0.0053758469825352624,23.073304465657518,131.8852954938586,0.7796677799592497,611.4400024414062,0.01146381790843809,604.510009765625,-0.005265689377054961,607.7100219726562,0.0075102446232993,605.72998046875,0.004111032687525995
2025-10-10,589.5,613.1799926757812,589.0499877929688,611.4000244140625,97614800,-0.03471428161662504,-0.03533114024025214,604.7720092773437,601.8149592985612,603.5119995117187,601.9172407162962,599.2606872558594,597.7867089218535,583.0876013183594,583.9704057159646,45.64021717384869,4.051865059835739,-95.94813494016427,6.3068475635717505,7.359979778102773,-1.053132214531023,612.5069062320301,586.0144682796886,599.2606872558594,4.42085364779325,54641590.0,1.7864560676217511,1877413700,7.195474545848362,0.01818917911143901,0.012902987881778199,0.009836326937729999,22.710231330874063,-25.349980873191605,0.018649486778592538,610.7000122070312,-0.0012102417758411699,611.4400024414062,0.01146381790843809,604.510009765625,-0.005265689377054961,603.1799926757812,-0.004209776427106071
2025-10-13,602.010009765625,602.9500122070312,597.22998046875,599.6799926757812,65872600,0.021221390611747326,0.020999352710809365,603.6320068359375,601.8799761209159,603.8400024414062,601.9341078161741,599.8114440917968,598.1889280498317,584.0630285644531,584.6778411688925,55.36825940954239,54.74073652737556,-45.25926347262444,5.898035149578959,7.067590852398011,-1.1695557028190517,612.5431369384057,587.0797512451879,599.8114440917968,4.24523172140757,55717205.0,1.1822667702014127,1943286300,7.642227235932855,0.021222470632609618,0.014656930334376353,0.01075725911648529,22.373091991432286,14.17563674856111,0.8356648206689379,589.5,-0.03471428161662504,610.7000122070312,-0.0012102417758411699,611.4400024414062,0.01146381790843809,607.7100219726562,0.0075102446232993
2025-10-14,598.0,602.6900024414062,590.1300048828125,595.3099975585938,69203200,-0.006661035033597162,-0.0066833187376031606,602.3300048828125,600.5866507472773,603.6030029296875,601.2188154859606,600.1866729736328,598.1709349022287,584.7540930175782,585.2002787701125,52.146833541487105,38.49271806843952,-61.50728193156048,5.190639628542385,6.692200607626886,-1.501560979084501,612.2212660143485,588.152079932917,600.1866729736328,4.010283327715435,57330260.0,1.2070972641673001,1874083100,7.993496544694347,0.021290130201078915,0.014808304887272703,0.010887000455518913,22.8349135616311,-46.154937101813786,0.6265920897205959,602.010009765625,0.021221390611747326,589.5,-0.03471428161662504,610.7000122070312,-0.0012102417758411699,604.510009765625,-0.005265689377054961
2025-10-15,602.219970703125,606.7000122070312,595.9299926757812,604.010009765625,62805500,0.007056807195861214,0.007032024455004099,600.4859985351562,601.1310907325599,603.5,601.4008437072632,600.8318298339843,598.556557359457,585.6060668945313,585.8677176694464,55.10699011925837,54.57927992189121,-45.42072007810879,4.913895619677078,6.336539610036925,-1.4226439903598473,611.8028233184264,589.8608363495423,600.8318298339843,3.6519348475507445,57001295.0,1.101825844483007,1936888600,8.191819615162608,0.020676806177186577,0.014911538681784629,0.010957478608186123,22.578448813752935,15.369634465746346,0.5840266128612409,598.0,-0.006661035033597162,602.010009765625,0.021221390611747326,589.5,-0.03471428161662504,611.4400024414062,0.01146381790843809
2025-10-16,599.989990234375,608.3099975585938,595.5,605.1099853515625,70982000,-0.0037029334416565085,-0.0037098062713596335,598.343994140625,600.7507238998317,602.9260009765625,601.1443248940108,601.0997955322266,598.6930747761157,586.2726049804687,586.4215322798357,53.233025195946645,45.3377547768284,-54.6622452231716,4.463184400185128,5.961868568066566,-1.4986841678814384,611.7076394814108,590.4919515830425,601.0997955322266,3.5294784752976773,57496930.0,1.2345354786768614,1865906600,8.521689468264833,0.020657081400185573,0.014872796878028352,0.010844855873702068,22.074615846987392,4.244564056733978,0.35050672053624105,602.219970703125,0.007056807195861214,598.0,-0.006661035033597162,602.010009765625,0.021221390611747326,610.7000122070312,-0.0012102417758411699
2025-10-17,603.9299926757812,605.510009765625,596.3699951171875,597.9500122070312,72024900,0.006566780288896457,0.006545312916974969,601.2299926757812,601.8104801584816,603.0010009765625,601.6508099452417,601.3634979248047,599.1918288617982,586.9795874023438,587.1081385698727,56.07516243924462,61.665983720589054,-38.334016279410946,4.373502763143279,5.6441954070819085,-1.27069264393863,611.9774377852198,590.7495580643897,601.3634979248047,3.5299581358169534,58188370.0,1.2377885821513819,1937931500,8.565855552562882,0.010971391069909289,0.014992342893466987,0.010838790158659746,21.606770949276527,12.947734258533481,0.8271318864684128,599.989990234375,-0.0037029334416565085,602.219970703125,0.007056807195861214,598.0,-0.006661035033597162,589.5,-0.03471428161662504
2025-10-20,611.5399780273438,612.7999877929688,607.0700073242188,607.1400146484375,45761700,0.012600774003366899,0.012522044925655833,603.135986328125,605.053646114769,603.3839965820313,603.4488405056238,601.8304962158203,600.3678430680407,587.7326928710937,588.0662499211461,61.00453743107702,93.20342181279183,-6.796578187208167,4.860463243498543,5.487448974365236,-0.6269857308666928,613.3350852120367,590.3259072196039,601.8304962158203,3.823199079659392,57618715.0,0.794215907105877,1983693200,8.587579807178926,0.008054056852508025,0.015349309157512796,0.011114227534321801,20.115965744358835,143.2194303826801,0.7801022581883456,603.9299926757812,0.006566780288896457,599.989990234375,-0.0037029334416565085,602.219970703125,0.007056807195861214,602.010009765625,0.021221390611747326
2025-10-21,611.3800048828125,612.719970703125,609.3200073242188,611.6400146484375,44538200,-0.00026159065683206695,-0.00026162487763596305,605.8119873046875,607.1624323707836,604.07099609375,604.8908703923854,602.4894958496094,601.4166203837333,588.5165600585938,588.9805148216036,60.849944431628536,92.54045823152379,-7.459541768476221,5.17383370240691,5.424725919973572,-0.2508922175666619,614.5816828408491,590.3973088583697,602.4894958496094,4.014073962961874,56613850.0,0.7867014873568924,1939155000,8.217035776588022,0.006449432344567165,0.01521288580583515,0.010979233104714907,18.731646625506695,130.2348582121379,0.6058881608295003,611.5399780273438,0.012600774003366899,603.9299926757812,0.006566780288896457,599.989990234375,-0.0037029334416565085,598.0,-0.006661035033597162
2025-10-22,605.489990234375,611.4099731445312,599.739990234375,610.8200073242188,61478800,-0.009633966765999258,-0.009680673647599832,606.4659912109375,606.6049516586475,603.4759948730468,604.9998012727472,602.9589965820312,601.8045603695086,589.0387939453125,589.6279452299476,55.29397934864108,68.13095364566733,-31.86904635433266,4.890532081990614,5.31788715237698,-0.42735507038636644,614.7477480829646,591.1702450810978,602.9589965820312,3.9102995619137513,57195275.0,1.0748929872266546,1877676200,8.463674857557182,0.008693282992453224,0.015099378775999109,0.011199159241991115,18.612041607491847,41.78165918443527,0.4927170882955253,611.3800048828125,-0.00026159065683206695,611.5399780273438,0.012600774003366899,603.9299926757812,0.006566780288896457,602.219970703125,0.007056807195861214
2025-10-23,610.5800170898438,611.3699951171875,604.52001953125,604.9099731445312,42844300,0.008406459128248223,0.008371321634644276,608.5839965820312,607.9299734690462,603.4639953613281,606.0143859667647,603.8114959716797,602.6403181523978,589.6570336914062,590.4495951068063,58.79531913508478,89.22513443920009,-10.774865560799906,5.018881591992567,5.258086040300098,-0.23920444830753063,615.2089758254258,592.4140161179337,603.8114959716797,3.7751781573501653,55791480.0,0.7679362511982116,1920520500,8.348410623870063,0.008702684182900263,0.01537921992379341,0.011252092696587673,18.50097980504949,82.75163206416227,0.8846743294890007,605.489990234375,-0.009633966765999258,611.3800048828125,-0.00026159065683206695,611.5399780273438,0.012600774003366899,599.989990234375,-0.0037029334416565085
2025-10-24,617.0999755859375,618.4199829101562,615.1300048828125,615.989990234375,47632500,0.010678303111145482,0.01062169267813406,611.2179931640625,610.9866408413434,606.2239929199219,608.0299477157051,604.8679962158203,604.0174283841634,590.4146618652344,591.4947080667722,62.812944833039225,95.5055922925698,-4.494407707430206,5.582355742343566,5.322939980708792,0.25941576163477365,617.0522733932858,592.6837190383549,604.8679962158203,4.028739246808498,55456235.0,0.8589205523959569,1968153000,8.312093137901666,0.009238443156423326,0.009566174090285068,0.01142744091538831,17.302533283989884,185.0341625862885,0.5987792887041344,610.5800170898438,0.008406459128248223,605.489990234375,-0.009633966765999258,611.3800048828125,-0.00026159065683206695,603.9299926757812,0.006566780288896457
2025-10-27,628.0900268554688,628.5499877929688,624.030029296875,624.52001953125,54098600,0.0178091908998963,0.017652465294818558,614.5280029296875,616.6877695127185,608.8319946289063,611.6772348320258,606.3359985351562,606.310056810002,591.4430322265625,592.9298186075055,68.4051028535068,98.83554193037975,-1.1644580696202531,6.8369067506741885,5.625733334701872,1.2111734159723166,621.8329008398914,590.8390962304211,606.3359985351562,5.1116550368686795,55744520.0,0.970473869000935,2022251600,8.536230214268064,0.010594350664209872,0.008949474854495466,0.011966125280520573,17.1682162097385,263.6658695592239,0.8982377962126572,617.0999755859375,0.010678303111145482,610.5800170898438,0.008406459128248223,605.489990234375,-0.009633966765999258,611.5399780273438,0.012600774003366899
2025-10-28,632.9199829101562,634.6799926757812,629.25,630.3599853515625,61195700,0.00768991043985956,0.007660493789928288,618.8359985351562,622.0985073118645,612.3239929199219,615.5395526644131,607.9634979248046,608.8443354862072,592.57259765625,594.4980603448643,70.50439598724816,96.14286746156377,-3.8571325384362267,8.127199257282427,6.126026519217984,2.0011727380644437,627.0365671503564,588.8904286992529,607.9634979248046,6.274412622025803,56477615.0,1.0835390269224365,2083447300,8.397211328985524,0.010118188742171495,0.008110318837236214,0.012023164530646861,17.641381882855637,255.92045296585093,0.6758725341301933,628.0900268554688,0.0178091908998963,617.0999755859375,0.010678303111145482,610.5800170898438,0.008406459128248223,611.3800048828125,-0.00026159065683206695
2025-10-29,635.77001953125,637.010009765625,630.25,635.5900268554688,67422800,0.004502996742162146,0.004492888585636561,624.8920043945312,626.6556780516597,615.6789978027343,619.2178193674744,609.5894989013672,611.4086863476399,593.9155810546876,596.116568548252,71.69933231799756,97.41453363995129,-2.585466360048716,9.27284788314762,6.755390792003912,2.517457091143708,632.0261557203338,587.1528420824005,609.5894989013672,7.361234686425246,57503775.0,1.1724934580381896,2150870100,8.280268360174057,0.004984218191189725,0.008103786942629308,0.012020660928187618,18.292682305277715,218.2994801615301,0.816569756931111,632.9199829101562,0.00768991043985956,628.0900268554688,0.0178091908998963,617.0999755859375,0.010678303111145482,605.489990234375,-0.009633966765999258
2025-10-30,626.0499877929688,633.5,625.9400024414062,632.1699829101562,61628600,-0.015288597196589704,-0.015406672818368777,627.9859985351562,626.4537812987628,618.2849975585938,620.4600318084733,610.6054992675781,612.8030960090998,595.1316857910156,597.2904281264762,62.41262336486775,76.62111597459646,-23.378884025403536,9.28937521052228,7.262187675707586,2.0271875348146944,634.0679139906897,587.1430845444665,610.6054992675781,7.684966726062823,58396935.0,1.0553396338352348,2089241500,8.390964698007606,0.012403604337811788,0.010134068087178883,0.012666012795996537,18.245769652751665,137.97888031821407,0.014548331624263614,635.77001953125,0.004502996742162146,632.9199829101562,0.00768991043985956,628.0900268554688,0.0178091908998963,610.5800170898438,0.008406459128248223
2025-10-31,629.0700073242188,634.2000122070312,626.6900024414062,634.1699829101562,66305100,0.004823927146611062,0.004812329293231163,630.3800048828125,627.3258566405815,620.7989990234375,622.0254819022452,611.9,614.3523256581587,596.4605297851563,598.5366861342309,63.97393743823687,83.06313648803122,-16.936863511968774,9.437375384484994,7.697225217463068,1.740150167021926,636.4141175239923,587.3858824760076,611.9,8.012458742929352,59388085.0,1.1164714268863865,2155546600,8.373754677725811,0.01201299547653157,0.010105834220333563,0.012604047401849755,18.27535198224734,123.66905643943026,0.3169110236946196,626.0499877929688,-0.015288597196589704,635.77001953125,0.004502996742162146,632.9199829101562,0.00768991043985956,617.0999755859375,0.010678303111145482
2025-11-03,632.0800170898438,635.8200073242188,629.8499755859375,635.1099853515625,37154300,0.0047848565828598755,0.0047734455422519285,631.1780029296875,628.9105767903357,622.8530029296875,623.8535792090813,613.1184997558594,616.0406772230812,597.6759765625,599.8521108775882,65.51161051193193,88.12336421114541,-11.87663578885458,9.68589623844332,8.09495942165912,1.5909368167842004,639.0595565218307,587.177442989888,613.1184997558594,8.462004254088214,59147695.0,0.6281614186317827,2192700900,8.257772200745396,0.009365281017661462,0.009671032220867728,0.012558030524805468,18.477438052478846,118.35711487048547,0.37353930458515733,629.0700073242188,0.004823927146611062,626.0499877929688,-0.015288597196589704,635.77001953125,0.004502996742162146,628.0900268554688,0.0178091908998963
2025-11-04,619.25,626.9500122070312,618.4600219726562,623.280029296875,63830800,-0.020298090024921778,-0.020506927082478067,628.4440063476562,625.6903845268905,623.6400024414063,623.0165648074301,613.8554992675781,616.3463270113591,598.6677844238282,600.6128124118004,54.77900092860745,57.215115424202324,-42.784884575797676,8.746748578526308,8.225317253032557,0.5214313254937508,639.6132862858885,588.0977122492677,613.8554992675781,8.392133669582929,59428760.0,1.0740725534236286,2128870100,8.640788123348404,0.012449512482527934,0.0122376843470938,0.013437570135502841,17.253733529251228,45.60915820083023,0.09304816678538858,632.0800170898438,0.0047848565828598755,629.0700073242188,0.004823927146611062,626.0499877929688,-0.015288597196589704,632.9199829101562,0.00768991043985956
2025-11-05,623.280029296875,626.5999755859375,617.2100219726562,618.489990234375,48688500,0.006507919736576495,0.006486834657488632,625.9460083007813,624.8869327835521,625.4190063476562,623.0644674418746,614.4475006103515,617.0066796099796,599.6944458007813,601.5017228778818,57.15347956152078,66.21561141765514,-33.78438858234487,8.232754901948397,8.226804782815726,0.005950119132670295,640.4985880731127,588.3964131475904,614.4475006103515,8.479516130144157,59331695.0,0.8206153557554693,2177558600,8.694299944057892,0.012830196358044,0.011680133014987206,0.013284947334076687,16.268516576146144,45.516030166528054,0.6464363482657277,619.25,-0.020298090024921778,632.0800170898438,0.0047848565828598755,629.0700073242188,0.004823927146611062,635.77001953125,0.004502996742162146
2025-11-06,611.6699829101562,622.0399780273438,610.2999877929688,621.7899780273438,72115100,-0.018627335773642728,-0.018803009569612145,623.0700073242188,620.4812828257535,625.5280029296875,620.9927429815622,614.4959991455078,616.498422781425,600.4713269042969,601.9004781732651,49.14709572740175,32.00962281701581,-67.99037718298419,6.81007518828801,7.943458863910183,-1.1333836756221727,640.5225997035745,588.469398587441,614.4959991455078,8.470877139723697,60659900.0,1.1888430412842752,2105443500,9.000424341189918,0.01363323768155932,0.013296563277122352,0.013992509839136018,16.134186363047977,-0.7026503844220439,0.11669474078133803,623.280029296875,0.006507919736576495,619.25,-0.020298090024921778,632.0800170898438,0.0047848565828598755,626.0499877929688,-0.015288597196589704
2025-11-07,609.739990234375,609.9500122070312,598.6699829101562,608.3099975585938,81835400,-0.0031552842704474227,-0.0031602726758495673,619.20400390625,616.9008519619607,624.7920043945312,618.946787936619,615.5079986572266,615.8547625388488,601.137890625,602.2079100187989,47.944718091890664,28.873238315532753,-71.12676168446725,5.463872860847459,7.447541663297638,-1.983668802450179,639.0207886673124,591.9952086471408,615.5079986572266,7.640124924901258,59870930.0,1.3668636849302325,2023608100,9.28610831681921,0.01269462892736333,0.012802460091432568,0.011388286120715652,17.050454392029383,-56.095327993197294,0.9813810791420043,611.6699829101562,-0.018627335773642728,623.280029296875,0.006507919736576495,619.25,-0.020298090024921778,629.0700073242188,0.004823927146611062
2025-11-10,623.22998046875,624.3099975585938,616.8900146484375,618.9199829101562,55919900,0.022124168416753687,0.021882979916944875,617.4339965820312,619.0105614642239,624.3059997558594,619.7255502151883,616.5689971923828,616.5571642464585,602.2076989746093,603.0323049384049,56.040147892522604,64.05837338397836,-35.94162661602164,5.423014157351645,7.04263616210844,-1.6196220047567955,639.4564409615747,593.6815534231908,616.5689971923828,7.4241305915193605,59373295.0,0.9418358876663322,2079528000,9.663529674490604,0.01778064029116783,0.013561733910391323,0.01147100977837135,16.20100228610143,33.32638009968877,0.8544448008834495,609.739990234375,-0.0031552842704474227,611.6699829101562,-0.018627335773642728,623.280029296875,0.006507919736576495,632.0800170898438,0.0047848565828598755
2025-11-11,621.5700073242188,622.719970703125,617.52001953125,620.5700073242188,44868800,-0.0026635001469004216,-0.002667053574522504,617.897998046875,619.8637100842222,623.1710021972656,620.0609060531938,617.7474975585938,617.0345778729118,603.3397985839844,603.7592736594172,54.908557496287216,59.728764667769354,-40.271235332230646,5.196782111375455,6.673465351961844,-1.4766832405863886,639.06228395107,596.4327111661175,617.7474975585938,6.900808656195159,58156575.0,0.7715172360132969,2034659200,9.381131907562704,0.014936156397799912,0.013242039810426372,0.01135008143654732,15.412225330596902,21.86747369039384,0.7788511197559033,623.22998046875,0.022124168416753687,609.739990234375,-0.0031552842704474227,611.6699829101562,-0.018627335773642728,619.25,-0.020298090024921778
2025-11-12,621.0800170898438,624.8599853515625,617.8099975585938,624.8400268554688,47444400,-0.0007883106144138674,-0.0007886214946171129,617.4579956054688,620.2691457527628,621.702001953125,620.2461989689483,618.6904998779297,617.4198577983339,604.3732006835937,604.4385184998262,54.55835255141944,58.45075243209167,-41.54924756790833,4.921224653678905,6.323017212305257,-1.4017925586263518,638.8092330561288,598.5717666997306,618.6904998779297,6.50365026848437,57388520.0,0.8267228358563699,1987214800,9.214621613663136,0.014596174200936425,0.013069952851569179,0.011301435796468985,14.447572871569326,21.07873776870729,0.46383336074212,621.5700073242188,-0.0026635001469004216,623.22998046875,0.022124168416753687,609.739990234375,-0.0031552842704474227,623.280029296875,0.006507919736576495
2025-11-13,608.4000244140625,618.1199951171875,606.0800170898438,617.5399780273438,71333600,-0.02041603710773876,-0.02062732511585627,616.80400390625,616.312771973196,619.9370056152344,618.0923490498782,619.1110015869141,616.5608260474509,605.0499230957031,604.5938716729335,46.3244009015353,25.378285572375322,-74.62171442762468,3.637740339140123,5.785961837672231,-2.1482214985321075,637.9602218046125,600.2617813692157,619.1110015869141,6.08912462204155,57406100.0,1.2426135898449817,1915881200,9.627862926972911,0.015158866346883904,0.013722250948183645,0.012289215310638153,14.633146712000391,-64.0438200463576,0.19269198987992828,621.0800170898438,-0.0007883106144138674,621.5700073242188,-0.0026635001469004216,623.22998046875,0.022124168416753687,611.6699829101562,-0.018627335773642728
2025-11-14,608.8599853515625,613.3499755859375,597.1699829101562,599.5499877929688,80087300,0.0007560172896821094,0.0007557316525662926,616.6280029296875,613.8285097659849,617.9160034179688,616.4137374683662,619.3575012207032,615.8274126478425,605.7192639160156,604.7611702485659,46.63900013094302,29.342355826754645,-70.65764417324536,2.6273977704656772,5.1542490242309205,-2.526851253765243,637.5226908700564,601.1923115713499,619.3575012207032,5.865817274692283,57809220.0,1.385372437130271,1995968500,10.095872194744937,0.015119404194673046,0.013531057139809224,0.012213364087069214,15.469653426261521,-104.00104803190895,0.7224973877047537,608.4000244140625,-0.02041603710773876,621.0800170898438,-0.0007883106144138674,621.5700073242188,-0.0026635001469004216,609.739990234375,-0.0031552842704474227
2025-11-17,603.6599731445312,612.47998046875,599.8699951171875,606.2999877929688,63850400,-0.00854057144850584,-0.008577251121737071,612.7140014648437,610.4389975588338,615.0739990234375,614.0948712276689,618.9635009765625,614.6686088856225,606.2284692382813,604.7179860484076,43.53255953769491,16.290125149562076,-83.70987485043793,1.391061191365452,4.401611457657826,-3.010550266292374,638.105416084308,599.821585868817,618.9635009765625,6.18515149198444,58713655.0,1.0874880809242755,1932118100,10.275451705946193,0.008626532470007355,0.013314197466185769,0.012022275002386042,16.24640966093257,-107.37940335437064,0.3005537216460033,608.8599853515625,0.0007560172896821094,608.4000244140625,-0.02041603710773876,621.0800170898438,-0.0007883106144138674,623.22998046875,0.022124168416753687
2025-11-18,596.3099975585938,602.3099975585938,591.3400268554688,599.6199951171875,83327300,-0.012175688157110454,-0.012250419067846269,607.6619995117187,605.7293308920871,612.7799987792969,610.8612578332916,618.2100006103516,612.9201697116197,606.5579125976562,604.3882610095915,39.525235140322025,11.173500192107142,-88.82649980789286,-0.1797539665385557,3.48533837281855,-3.6650923393571055,639.5472034168446,596.8727978038586,618.2100006103516,6.902897974936356,60653110.0,1.3738339221187503,1848790800,10.421487033311644,0.008664462117136042,0.012464678976881072,0.012297711833542054,17.54999195341278,-155.71386093365112,0.453052322342475,603.6599731445312,-0.00854057144850584,608.8599853515625,0.0007560172896821094,608.4000244140625,-0.02041603710773876,621.5700073242188,-0.0026635001469004216
2025-11-19,599.8699951171875,606.1599731445312,594.5900268554688,597.0700073242188,73111500,0.005970045065769591,0.005952294957654357,603.4199951171875,603.7762189671206,610.4389953613281,608.8628464303636,617.9290008544922,611.6772959407214,606.9547607421875,604.2110741118502,42.29596976269897,19.177095340029638,-80.82290465997036,-1.1244127155893011,2.56338815513698,-3.687800870726281,640.0620487164363,595.7959529925481,617.9290008544922,7.16362165599536,61234745.0,1.1939545106295453,1921902300,10.50351983729385,0.010457754558726051,0.012416814374998749,0.012227599430567393,18.27001048308703,-124.09474102669738,0.45635201147514964,596.3099975585938,-0.012175688157110454,603.6599731445312,-0.00854057144850584,608.8599853515625,0.0007560172896821094,621.0800170898438,-0.0007883106144138674
2025-11-20,585.6699829101562,614.030029296875,584.75,611.6199951171875,117743200,-0.023671816097848297,-0.02395649509164408,598.8739868164063,597.7408069481326,607.8389953613281,604.6459621539622,616.6834991455078,609.2004089854295,607.0000866699219,603.4839724960975,35.34062489427609,1.8014152696625318,-98.19858473033747,-2.984480655542143,1.4538143930011556,-4.438295048543298,642.779361746747,590.5876365442685,616.6834991455078,8.463291992536952,64979690.0,1.8120000264698093,1804159100,11.844699084406788,0.011554989944619374,0.013168049835561777,0.013086080360929474,19.575485145485327,-145.22534414247642,0.03142014991942976,599.8699951171875,0.005970045065769591,596.3099975585938,-0.012175688157110454,603.6599731445312,-0.00854057144850584,608.4000244140625,-0.02041603710773876
2025-11-21,590.0700073242188,596.97998046875,580.739990234375,587.469970703125,103344200,0.007512805065062578,0.007484724499930504,595.1159912109375,595.1838737401613,605.8719970703125,601.9957885485542,615.3320007324219,607.378465970076,607.0818737792969,602.9579346462199,38.70420236109232,20.190462353306344,-79.80953764669366,-4.056788567995454,0.35169380080183366,-4.408482368797288,643.8856126216335,586.7783888432102,615.3320007324219,9.280717354281801,67765275.0,1.5250318101712124,1907503300,12.15864845226166,0.013063314133772416,0.013688974872247833,0.01294304233693846,21.02021165627468,-150.1058388504699,0.5745087869595857,585.6699829101562,-0.023671816097848297,599.8699951171875,0.005970045065769591,596.3099975585938,-0.012175688157110454,608.8599853515625,0.0007560172896821094
2025-11-24,605.1599731445312,606.6799926757812,595.1599731445312,595.280029296875,60168100,0.02557317883134025,0.025251655156796574,595.4159912109375,598.5092402082846,604.0649963378906,602.5710948387318,614.185498046875,607.1671809390717,607.36517578125,603.0442890971341,48.582817374672864,53.248998496080496,-46.751001503919504,-3.6469266839040984,-0.4480302961393528,-3.1988963877647456,642.437780454255,585.933215639495,614.185498046875,9.199918427648633,68068750.0,0.8839313194380681,1967671400,12.476601087926005,0.0190565899814398,0.01442147764809353,0.013669457410379882,21.184623932032768,-68.5162225238384,0.8680540838308914,590.0700073242188,0.007512805065062578,585.6699829101562,-0.023671816097848297,599.8699951171875,0.005970045065769591,603.6599731445312,-0.00854057144850584
2025-11-25,608.8900146484375,610.260009765625,597.3200073242188,603.510009765625,57560900,0.006163728054458417,0.006144809980138843,597.9319946289063,601.9694983550023,602.7969970703125,603.7199893495874,612.983999633789,607.3312603399637,607.7330676269531,603.2735332364009,50.6979631917918,63.803326222709174,-36.196673777290826,-2.9866962366958205,-0.9557634842506464,-2.030932752445174,639.9623115110337,586.0056877565444,612.983999633789,8.80228909510269,67887010.0,0.8478926969975552,2025232300,12.509701184603164,0.017688660371156267,0.014701219117713537,0.013618037706931787,20.943052464770737,-44.99175044824816,0.8941271361052364,605.1599731445312,0.02557317883134025,590.0700073242188,0.007512805065062578,585.6699829101562,-0.023671816097848297,596.3099975585938,-0.012175688157110454
2025-11-26,614.27001953125,616.1900024414062,610.3900146484375,612.510009765625,42393600,0.008835758106361391,0.008796951220349345,600.8119995117188,606.0696720804183,602.1159973144531,605.6381766553442,611.9089996337891,607.9920945486576,608.2321313476563,603.7047679930616,53.65904691698019,75.99735495848446,-24.00264504151553,-2.0062110667590787,-1.165853000752333,-0.8403580660067458,636.8027145158173,587.0152847517609,611.9089996337891,8.136410772492788,66635550.0,0.6362009467919151,2067625900,12.13757879948642,0.017801976419554666,0.015096275867384022,0.013758085431184664,20.096620836333024,8.988750339970478,0.668967767044145,608.8900146484375,0.006163728054458417,605.1599731445312,0.02557317883134025,590.0700073242188,0.007512805065062578,599.8699951171875,0.005970045065769591
2025-11-28,619.25,619.3200073242188,615.4199829101562,616.1099853515625,23034400,0.008107152083623115,0.008074465669815723,607.5280029296875,610.4631147202789,603.2009948730469,608.1130536270997,611.5690002441406,609.064276020214,608.7245178222656,604.3143849345101,56.27679282545841,87.28470994463673,-12.715290055363264,-0.8178984766602753,-1.0962620959339215,0.2783636192736463,635.8593108708,587.2786896174813,611.5690002441406,7.943604275874856,64705840.0,0.3559864148274715,2090660300,11.631322299020871,0.008073035962743629,0.013644844648676676,0.013528209522222714,18.9963736723966,42.40223885001545,0.9820495163916086,614.27001953125,0.008835758106361391,608.8900146484375,0.006163728054458417,605.1599731445312,0.02557317883134025,585.6699829101562,-0.023671816097848297
2025-12-01,617.1699829101562,619.4400024414062,612.52001953125,613.6300048828125,40957600,-0.0033589294951049675,-0.003364583362960721,612.947998046875,612.698737450238,604.0319946289062,609.7597680422009,610.9739990234375,609.8362481049704,609.0947985839844,604.8185260315943,54.88229218956957,82.57025545678151,-17.429744543218483,-0.04349084797604519,-0.8857078463423463,0.8422169983663012,634.0742205836445,587.8737774632305,610.9739990234375,7.561769108711582,63438465.0,0.645627223168152,2049702700,11.294798056959111,0.010443435646653156,0.01374329788054184,0.013483696414558306,18.23806657393302,38.74941783419837,0.6719616853409338,619.25,0.008107152083623115,614.27001953125,0.008835758106361391,608.8900146484375,0.006163728054458417,590.0700073242188,0.007512805065062578
2025-12-02,622.0,623.75,617.5900268554688,619.4600219726562,54541800,0.00782607259521706,0.007795607732671232,616.3160034179688,615.7991583001588,605.8659973144531,611.9852647618007,610.4699981689453,610.9947006664017,609.4907983398438,605.4923093244729,57.514935985440054,93.51771154106869,-6.482288458931303,0.9490349064276415,-0.5187592957883488,1.4677942022159902,632.0992817555201,588.8407145823704,610.4699981689453,7.086108621701347,64307840.0,0.8481360904051513,2104244500,10.958027987879444,0.0050560660557806714,0.013392519785416173,0.01356768791516143,17.082547664154077,81.71306588857836,0.7159078523539961,617.1699829101562,-0.0033589294951049675,619.25,0.008107152083623115,614.27001953125,0.008835758106361391,605.1599731445312,0.02557317883134025
2025-12-03,623.52001953125,624.219970703125,618.030029296875,619.6199951171875,47841600,0.0024437613042604944,0.002440780175394857,619.2420043945312,618.3727787105225,608.5869995117188,614.0824929017006,610.6834991455078,612.1875881773396,609.9971984863281,606.1992783521896,58.33881209184126,98.39017597448539,-1.609824025514616,1.837094706172138,-0.04758849539625143,1.8846832015683894,632.7354038904762,588.6315944005394,610.6834991455078,7.22204047622845,63508380.0,0.7533116102158487,2152086100,10.617450374905912,0.005208105005940899,0.012295364796254904,0.012769668601831721,15.959990722655766,87.59869791165008,0.8869211958522015,622.0,0.00782607259521706,617.1699829101562,-0.0033589294951049675,619.25,0.008107152083623115,608.8900146484375,0.006163728054458417
2025-12-04,622.9400024414062,624.9400024414062,619.5399780273438,624.9299926757812,47067800,-0.000930230099556062,-0.0009306630320805219,620.9760009765625,619.8951866208172,610.8940002441407,615.692949181647,610.6664978027344,613.2116276310603,610.5339990234374,606.8557773360805,57.87758760443764,95.47511437184208,-4.524885628157913,2.4656633317830483,0.4550618700396085,2.01060146174344,632.6800210767619,588.6529745287069,610.6664978027344,7.209671188196945,63427345.0,0.7420742583502431,2105018300,10.244777091988526,0.005133216861916246,0.012399387935959847,0.012691139772468694,14.837278617614256,91.7027436511804,0.6296313041002827,623.52001953125,0.0024437613042604944,622.0,0.00782607259521706,617.1699829101562,-0.0033589294951049675,614.27001953125,0.008835758106361391
2025-12-05,625.47998046875,628.9199829101562,623.7100219726562,624.3800048828125,53548300,0.004077403951245895,0.004069113866796826,622.2219970703125,621.7567845701282,614.875,617.4724094156657,611.3569976806641,614.3800421870308,611.172998046875,607.586138243244,59.39165066794827,92.8601017759485,-7.139898224051503,3.132652230590679,0.9905799421498227,2.1420722884408567,634.2998506827992,588.414144678529,611.3569976806641,7.5055501414638295,62499005.0,0.8567864400401254,2158566600,9.940148761757202,0.004351992426166268,0.007812344966485539,0.011924921914764247,14.203805692772965,108.03649476024246,0.33972586691006784,622.9400024414062,-0.000930230099556062,623.52001953125,0.0024437613042604944,622.0,0.00782607259521706,619.25,0.008107152083623115
