Date,close,high,low,open,volume,returns,log_returns,sma_5,ema_5,sma_10,ema_10,sma_20,ema_20,sma_50,ema_50,rsi,stoch,williams_r,macd,macd_signal,macd_diff,bb_high,bb_low,bb_mid,bb_width,volume_sma_20,volume_ratio,obv,atr,volatility_5,volatility_10,volatility_20,adx,cci,price_position,close_lag_1,returns_lag_1,close_lag_2,returns_lag_2,close_lag_3,returns_lag_3,close_lag_5,returns_lag_5,sentiment_mean,sentiment_median,sentiment_std,sentiment_min,sentiment_max,article_count,positive_ratio
2024-02-21,421.5031127929688,421.5922709450824,417.561536668885,420.4533435538116,49779000,-0.0040017142477626,-0.0040097425313117,426.09437866210936,424.7653221679346,427.52939758300784,425.3430196217833,424.3795928955078,422.7756051546373,411.3645660400391,413.3791224019076,51.42361308155718,36.56818674130437,-63.43181325869563,4.338371366074455,5.58519652803909,-1.2468251619646349,433.7211130517656,415.0380727392501,424.3795928955078,4.402436079699917,44893405.0,1.108826563723558,463026000,5.312537725172357,0.0082724344447636,0.009103025543631,0.0096694262774994,26.452181654994224,-74.47553327975137,0.9778804192730084,423.1966247558594,-0.0075481779712206,426.415283203125,-0.0090676058205889,430.3172302246094,0.0029777851847789,424.4147338867188,-0.0155970205774949,,,0.0,,,0.0,
2024-02-22,433.8428649902344,434.8827209600342,429.5249209528767,430.2973931592393,53887800,0.0292755897234062,0.0288552438542256,427.0550231933594,427.7911697753679,428.13152770996095,426.8884460524107,424.9856872558594,423.82962990088464,412.2932672119141,414.1816221112538,62.87085695479416,93.88902349380244,-6.110976506197572,4.718613456782975,5.411879913787868,-0.6932664570048921,435.099620922829,414.87175358888976,424.9856872558594,4.759658487454237,45240395.0,1.1911434460287096,516913800,5.88875704245043,0.0157643491388254,0.0128110827547859,0.0116088970083115,26.237712239830845,135.43618600124097,0.8059173600188019,421.5031127929688,-0.0040017142477626,423.1966247558594,-0.0075481779712206,426.415283203125,-0.0090676058205889,429.0396423339844,0.0108971439443477,,,0.0,,,0.0,
2024-02-23,432.56536865234375,436.3386023239945,431.5849311508751,435.4076702672671,39853900,-0.0029446060797135,-0.0029489499616391,427.5046508789063,429.38256940102656,428.5266815185547,427.920613797853,425.5021545410156,424.6616050200713,413.1302319335937,414.9025533481592,61.26132349318224,79.90509411344571,-20.094905886554283,4.860842014209766,5.301672333872248,-0.4408303196624823,436.0474323300506,414.95687675198064,425.5021545410156,4.956627211634236,45014730.0,0.8853524168644352,477059900,5.807679480355357,0.0159249196072676,0.0128848511883102,0.0116511117300778,26.20058010693877,126.45976585967396,0.206248490007494,433.8428649902344,0.0292755897234062,421.5031127929688,-0.0040017142477626,423.1966247558594,-0.0075481779712206,430.3172302246094,0.0029777851847789,,,0.0,,,0.0,
2024-02-26,432.3375549316406,434.3677918546279,432.1493858943125,433.3774412257861,33043200,-0.0005266573267593,-0.0005267960594411,428.68910522460936,430.367564577898,428.477163696289,428.7236940039962,426.1330093383789,425.39264786879215,413.9004052734375,415.5862789004526,60.96160611347215,78.69183893882192,-21.308161061178087,4.898707259383059,5.221079318974411,-0.3223720595913519,436.7287590308068,415.537259645951,426.1330093383789,4.972977666705061,44810040.0,0.7374061705814143,444016700,5.551302800352503,0.0149863200609183,0.0125050611149096,0.011536432577917,26.16610026925327,105.08843918263932,0.0848217326701049,432.56536865234375,-0.0029446060797135,433.8428649902344,0.0292755897234062,421.5031127929688,-0.0040017142477626,426.415283203125,-0.0090676058205889,,,0.0,,,0.0,
2024-02-27,433.3774108886719,433.7636318908706,430.8322026971725,433.4467426813821,33713200,0.0024051946104837,0.0024023067595619,430.7252624511719,431.3708466814893,428.7009826660157,429.56982434666446,426.6009490966797,426.1531014897331,414.59120788574216,416.283970350971,61.8784060891954,84.22974340233584,-15.770256597664153,4.9554995106138335,5.167963357302296,-0.212463846688462,437.6007754483512,415.6011227450082,426.6009490966797,5.15696290641803,44560965.0,0.7565635079940481,477729900,5.364168971305763,0.0138798714308244,0.012447399383586,0.0113572451364398,25.86331015732345,90.7340709331629,0.8682482240690498,432.3375549316406,-0.0005266573267593,432.56536865234375,-0.0029446060797135,433.8428649902344,0.0292755897234062,423.1966247558594,-0.0075481779712206,,,0.0,,,0.0,
2024-02-28,431.0698547363281,432.45636962600565,430.1092135346453,431.2283144443798,32938800,-0.005324587978898,-0.0053388141188306,432.63861083984375,431.27051603310224,429.3664947509766,429.84255714478513,427.09463653564455,426.6213637036945,415.2427734375,416.8638089543184,58.59011124645328,71.94051677487377,-28.059483225126225,4.759443381783058,5.086259362198448,-0.3268159804153905,437.9653783809712,416.2238946903179,427.09463653564455,5.09055413737064,44370955.0,0.742350485807664,444791100,5.21445671292868,0.0141014218574352,0.011337802877578,0.0113128570158545,25.429635158253003,64.27060487555768,0.4092787885637152,433.3774108886719,0.0024051946104837,432.3375549316406,-0.0005266573267593,432.56536865234375,-0.0029446060797135,421.5031127929688,-0.0040017142477626,,,0.0,,,0.0,
2024-02-29,434.763916015625,435.8433945493471,430.82230972359486,434.001356929354,42495200,0.0085695189276373,0.008533009033521,432.82282104492185,432.4349826939432,429.9389221191406,430.737349666756,428.1855072021484,427.3968448762593,415.9296942138672,417.5657739371147,62.06549345141942,91.61377854616482,-8.386221453835175,4.846282432679629,5.038263976294685,-0.1919815436150553,437.4127854727944,418.9582289315024,428.1855072021484,4.309944225314371,43295185.0,0.9815225411324608,487286300,5.2006444352732215,0.0053752078508379,0.0111483619403409,0.010293407811055,25.492016633194783,98.27456510701172,0.7850108948042128,431.0698547363281,-0.005324587978898,433.3774108886719,0.0024051946104837,432.3375549316406,-0.0005266573267593,433.8428649902344,0.0292755897234062,,,0.0,,,0.0,
2024-03-01,441.3100891113281,442.2707303429398,435.5957773824606,435.6551959969438,43853000,0.0150568454615442,0.0149446163063396,434.57176513671874,435.39335149973823,431.0382080078125,432.65966592940543,429.3605560302734,428.72191575578967,416.6970977783203,418.4969235517898,67.30247935247803,96.1122113320096,-3.887788667990399,5.381292278678302,5.106869636771409,0.2744226419068933,438.9801569652336,419.7409550953132,429.3605560302734,4.480896439998993,42937405.0,1.0213239481985463,531139300,5.365370856133336,0.0079547125018036,0.0119649997605766,0.0104715065510618,26.2989677597898,176.82582792184334,0.8560826964047487,434.763916015625,0.0085695189276373,431.0698547363281,-0.005324587978898,433.3774108886719,0.0024051946104837,432.56536865234375,-0.0029446060797135,,,0.0,,,0.0,
2024-03-04,439.7354736328125,441.736001238101,439.48788597656215,441.3101274997924,34325700,-0.0035680477681496,-0.0035744284327865,436.0513488769531,436.8407255440964,432.3702270507813,433.946176420934,430.1038131713867,429.7708260297919,417.3918310546875,419.3298078686927,64.9787268104009,89.73962184452257,-10.260378155477422,5.613523917243754,5.208200492865878,0.405323424377876,440.4875675975923,419.7200587451811,430.1038131713867,4.828487499164721,41673570.0,0.8236803326424877,496813600,5.142709742233729,0.0084891677299258,0.0114864899320352,0.0100100753998353,27.048279520199458,163.14355437531373,0.1101312110082201,441.3100891113281,0.0150568454615442,434.763916015625,0.0085695189276373,431.0698547363281,-0.005324587978898,432.3375549316406,-0.0005266573267593,,,0.0,,,0.0,
2024-03-05,431.8423461914063,436.69508807559725,429.4655109107802,436.6851748986833,57917100,-0.0179497173066303,-0.0181127675665033,435.7443359375,435.1745990931997,433.234799194336,433.5636618337471,430.48014373779296,429.96811366423134,418.04906494140624,419.820495646054,54.77021288712907,57.79553032325958,-42.20446967674042,5.101848807776946,5.186930155848091,-0.0850813480711449,440.53797583596827,420.4223116396177,430.48014373779296,4.672843681404071,42574965.0,1.3603557865520266,438896500,5.508942097933626,0.0128583755456773,0.0129407241148388,0.010928783634078,25.74439137258222,39.55074044553731,0.3287654625446368,439.7354736328125,-0.0035680477681496,441.3100891113281,0.0150568454615442,434.763916015625,0.0085695189276373,433.3774108886719,0.0024051946104837,,,0.0,,,0.0,
2024-03-06,434.5559692382813,437.72507317758095,432.67430905196215,436.0712045205875,46234500,0.0062838280469887,0.0062641671204616,436.4415588378906,434.9683891415602,434.5400848388672,433.74408136184417,431.0347412109375,430.40505229033135,418.667724609375,420.3983573555531,57.25647412573181,68.77777070985853,-31.222229290141467,4.859294377514914,5.1214030001814566,-0.2621086226665428,440.699468040866,421.370014381009,431.0347412109375,4.4844305601802175,43094385.0,1.072865989385856,485131000,5.53564101852227,0.012849790792933,0.0128100314819341,0.01096844240966,24.677932526902605,71.69359707195399,0.3725496062541555,431.8423461914063,-0.0179497173066303,439.7354736328125,-0.0035680477681496,441.3100891113281,0.0150568454615442,431.0698547363281,-0.005324587978898,,,0.0,,,0.0,
2024-03-07,441.1516418457031,442.40937609905177,436.60590645920416,438.1508810428141,44526700,0.0151779588230789,0.0150639260151701,437.71910400390624,437.0294733762746,435.2709625244141,435.0909105407276,431.7012451171875,431.4285370098906,419.4062225341797,421.2122116492845,62.63303205736277,94.93825506687038,-5.061744933129601,5.140032802516998,5.125128960648565,0.014903841868433,442.19102436381365,421.21146587056137,431.7012451171875,4.859740093535582,43435085.0,1.025132102308537,529657700,5.701195721539998,0.0140221577938663,0.0101022299850198,0.0112294559612166,24.31108675924552,143.6466205530742,0.7832789121888127,434.5559692382813,0.0062838280469887,431.8423461914063,-0.0179497173066303,439.7354736328125,-0.0035680477681496,434.763916015625,0.0085695189276373,,,0.0,,,0.0,
2024-03-08,434.78369140625,444.31088916848194,434.1102602798687,441.5081801623854,72096000,-0.0144348333666189,-0.0145400291231121,436.4138244628906,436.2808793862664,435.4927947998047,435.0350525162771,432.0097381591797,431.7480755238296,419.9678698730469,421.7444265417145,55.38896438429949,64.38344531002946,-35.61655468997054,4.793424037163163,5.058787975951485,-0.2653639387883215,442.48106405986834,421.538412258491,432.0097381591797,4.847726787506059,45545390.0,1.5829483510844895,457561700,6.02258380490237,0.0138847752551655,0.01127665450885,0.0117865592583721,23.51648783332621,96.27894225409322,0.0660185890231152,441.1516418457031,0.0151779588230789,434.5559692382813,0.0062838280469887,431.8423461914063,-0.0179497173066303,441.3100891113281,0.0150568454615442,,,0.0,,,0.0,
2024-03-11,433.16943359375,434.42716788876976,431.2382379675774,433.2882708218653,45860000,-0.0037127837230483,-0.0037196932121297,435.1006164550781,435.243730788761,435.5759826660157,434.6958490758176,432.02657318115234,431.88344295906006,420.480673828125,422.1924660339512,53.69361348790041,58.34869059017474,-41.65130940982526,4.338465845223027,4.914723549805794,-0.5762577045827673,442.5042182884448,421.5489280738599,432.02657318115234,4.850463262082306,45991195.0,0.9971473887556086,411701700,5.845645921600244,0.0138866717337599,0.0113557825782465,0.0116266677600631,22.278880382419995,15.87372170427189,0.605593623515552,434.78369140625,-0.0144348333666189,441.1516418457031,0.0151779588230789,434.5559692382813,0.0062838280469887,439.7354736328125,-0.0035680477681496,,,0.0,,,0.0,
2024-03-12,439.3789367675781,439.7354484650849,432.2484005864345,435.4868662876252,55300900,0.0143350446551862,0.0142332693848208,436.6079345703125,436.6221327817001,436.17613525390624,435.5473195652286,432.4385589599609,432.5972995122522,421.1216290283203,422.8664452784072,58.90436848345541,66.77785964567704,-33.22214035432295,4.427920895658303,4.817363018976296,-0.389442123317993,443.38187149398215,421.4952464259397,432.4385589599609,5.0612103418069445,47096075.0,1.1742146240424494,467002600,5.962888918532398,0.0126015937234433,0.0122024023783041,0.0120048101706628,21.863807407459067,77.19284890017954,0.9523828746148888,433.16943359375,-0.0037127837230483,434.78369140625,-0.0144348333666189,441.1516418457031,0.0151779588230789,431.8423461914063,-0.0179497173066303,,,0.0,,,0.0,
2024-03-13,436.0018310546875,438.39849269164176,434.88273009385387,438.3786663377931,37928700,-0.00768608922798,-0.0077157794440683,436.89710693359376,436.4153655393626,436.66933288574216,435.6299580178575,433.0179138183594,432.9215406115318,421.73029846191406,423.3815584461045,55.26219697195119,44.02932704335959,-55.97067295664041,4.1781473780689,4.689519890794817,-0.5113725127259174,443.4138990459596,422.6219285907592,433.0179138183594,4.8016421010984125,45767925.0,0.828717928549306,429073900,5.858125901046102,0.013363959356219,0.0123696379719601,0.0115503747128486,21.478382502138203,62.39443373310021,0.3183095927768094,439.3789367675781,0.0143350446551862,433.16943359375,-0.0037127837230483,434.78369140625,-0.0144348333666189,434.5559692382813,0.0062838280469887,,,0.0,,,0.0,
2024-03-14,434.9025573730469,437.7646547619274,432.1790933458998,437.23977017652857,52195200,-0.0025212593235709,-0.0025244430503189,435.6472900390625,435.9110961505907,436.6831970214844,435.4977033551646,433.3110595703125,433.1102088745332,422.4542443847656,423.8333623255925,54.08980149387716,36.62450607781547,-63.37549392218453,3.8471503127261713,4.521045975181089,-0.6738956624549175,443.57155754019175,423.0505616004333,433.3110595703125,4.735857875427375,46123050.0,1.1316510941926,376878700,5.838657009259065,0.0106508657144457,0.0121310804395463,0.0113584586868356,20.614824154591982,31.86394097800024,0.4875900243945822,436.0018310546875,-0.00768608922798,439.3789367675781,0.0143350446551862,433.16943359375,-0.0037127837230483,441.1516418457031,0.0151779588230789,,,0.0,,,0.0,
2024-03-15,429.7329406738281,434.63515795319904,428.56430400980366,431.86218839455097,73069800,-0.0118868390437731,-0.0119580524121488,434.63713989257815,433.85171099166985,435.5254821777344,434.4495646858306,433.28184509277344,432.7885642839898,423.15917724609375,424.0647183392488,48.84200845382942,7.421524427347991,-92.578475572652,3.131588883101415,4.243154556765154,-1.1115656736637387,443.5795336093456,422.9841565762013,433.28184509277344,4.753344103013226,47836735.0,1.527483010702967,303808900,5.874342463115076,0.0099960855665723,0.0114102595586975,0.0116859164144185,19.18415205081305,-42.67785154741333,0.1924995519413868,434.9025573730469,-0.0025212593235709,436.0018310546875,-0.00768608922798,439.3789367675781,0.0143350446551862,434.78369140625,-0.0144348333666189,,,0.0,,,0.0,
2024-03-18,433.83148193359375,437.3617895539183,433.59346292495405,435.0710570885691,47323800,0.0095374146867563,0.0094922206760853,434.76954956054686,433.8449679723112,434.9350830078125,434.33718600360567,433.65265502929685,432.8878897744283,423.9866845703125,424.44772867628194,52.75553178917081,33.449651913178364,-66.55034808682164,2.862225369124872,3.9669687192370975,-1.104743350112226,443.4568824054202,423.84842765317353,433.65265502929685,4.521695999052958,47517100.0,0.9959319907991018,351132700,5.9996643500418685,0.0112088468713569,0.0120224463512544,0.0116668985904317,18.29139834781244,25.542081245447047,0.0631630514202006,429.7329406738281,-0.0118868390437731,434.9025573730469,-0.0025212593235709,436.0018310546875,-0.00768608922798,433.16943359375,-0.0037127837230483,,,0.0,,,0.0,
2024-03-19,434.9123840332031,435.3189683120467,429.7160644501117,431.8184093155366,43004100,0.0024915252687329,0.0024884265655815,433.8762390136719,434.2007733259418,435.24208679199216,434.4417674635324,434.2384429931641,433.08069875145446,424.82650085449217,424.8581073177298,53.76017613736171,40.31401068504623,-59.68598931495377,2.704793434563669,3.714533662302412,-1.0097402277387433,442.7942570342199,425.68262895210825,434.2384429931641,3.940606447499872,46967330.0,0.91561730249516,394136800,5.971324315177094,0.00842077481161,0.0105179613149617,0.0114978194300409,17.161908549951477,-19.609219393312596,0.9274332937071124,433.83148193359375,0.0095374146867563,429.7329406738281,-0.0118868390437731,434.9025573730469,-0.0025212593235709,439.3789367675781,0.0143350446551862,,,0.0,,,0.0,
2024-03-20,440.0690002441406,440.40616105313256,434.4066294366334,436.1122860523407,43653500,0.0118566782649809,0.0117869385680881,434.6896728515625,436.1568489653415,435.79338989257815,435.4649006963703,435.16673736572267,433.7462512745674,425.6070318603516,425.4546129226871,58.31436403232637,73.06153123616446,-26.938468763835548,2.9619794692179653,3.564022823685524,-0.6020433544675581,441.8087539756398,428.5247207558056,435.16673736572267,3.052630653769397,46661055.0,0.9355446421003554,437790300,5.973339122414385,0.0095843597995268,0.0109807072652449,0.0116494256736358,16.551273756599205,88.86286544292538,0.9438021447942532,434.9123840332031,0.0024915252687329,433.83148193359375,0.0095374146867563,429.7329406738281,-0.0118868390437731,436.0018310546875,-0.00768608922798,,,0.0,,,0.0,
2024-03-21,442.1514892578125,445.59255105668296,441.9531753932683,445.13639587885984,39345700,0.0047321874808645,0.0047210258803605,436.1394592285157,438.15506239616514,435.89337463378905,436.6806440711779,435.5821685791016,434.5467501301146,426.41336730957033,426.1093923868097,60.02661829814797,79.79203737532634,-20.20796262467365,3.29584822715492,3.510387904379403,-0.2145396772244829,442.8507913138231,428.31354584438,435.5821685791016,3.3374289670453083,45933950.0,0.8565712289058529,477136000,5.941211385994953,0.0092932272152694,0.0099653943404943,0.0097945859259128,16.67755872549685,180.7395647327926,0.0544911773006414,440.0690002441406,0.0118566782649809,434.9123840332031,0.0024915252687329,433.83148193359375,0.0095374146867563,434.9025573730469,-0.0025212593235709,,,0.0,,,0.0,
2024-03-22,442.6572265625,443.7579547131184,440.78297450531056,441.6358179016752,28253900,0.0011438100220728,0.0011431563697781,438.72431640625,439.6557837849434,436.6807281494141,437.7672954332364,436.0867614746094,435.3191764570085,427.17534729003904,426.7583270603662,60.451471706061824,82.76202778769932,-17.237972212300676,3.56021050651475,3.5203524248064726,0.0398580817082772,443.83308274557385,428.3404402036449,436.0867614746094,3.5526514241205613,45353950.0,0.6229644826966559,505389900,5.72933773041016,0.004590804455056,0.0085245355075146,0.0097506113663132,16.582201310868044,136.8985593615812,0.630004882791306,442.1514892578125,0.0047321874808645,440.0690002441406,0.0118566782649809,434.9123840332031,0.0024915252687329,429.7329406738281,-0.0118868390437731,,,0.0,,,0.0,
2024-03-25,441.0507507324219,442.5382408654653,438.8492641249952,439.850820235694,27789200,-0.003629164359415,-0.0036357657529232,440.1681701660156,440.1207727674363,437.4688598632813,438.3642873058156,436.5224212646484,435.8650406737145,427.8883618164063,427.318814263192,58.33067468396932,73.32784571566663,-26.672154284333377,3.598607832884284,3.536003506422035,0.0626043264622486,444.3558894207295,428.6889531085673,436.5224212646484,3.5890335865849767,45091250.0,0.6162880824993763,477600700,5.592096638059776,0.0056697046406434,0.0085185343541895,0.0098040425812447,16.140604536452596,91.80127732928784,0.5967743258490833,442.6572265625,0.0011438100220728,442.1514892578125,0.0047321874808645,440.0690002441406,0.0118566782649809,433.83148193359375,0.0095374146867563,,,0.0,,,0.0,
2024-03-26,439.6227722167969,443.500166922462,439.3946794942053,442.5779000097676,34142000,-0.0032376739258547,-0.0032429265326293,441.1102478027344,439.95477258388985,437.4932434082031,438.5931027441758,436.8346893310547,436.2229198682938,428.5686572265625,427.80132241823526,56.43538381404709,64.941906096082,-35.058093903918,3.4737686163104518,3.5235565283997183,-0.049787912089267,444.6396489801141,429.02972968199526,436.8346893310547,3.5734156831782347,45112690.0,0.7568158759763606,443458700,5.485910265930982,0.0064094227656993,0.0073919748294252,0.0098439179171863,15.874176637494388,82.95600564316892,0.0555580126774023,441.0507507324219,-0.003629164359415,442.6572265625,0.0011438100220728,442.1514892578125,0.0047321874808645,434.9123840332031,0.0024915252687329,,,0.0,,,0.0,
2024-03-27,441.12017822265625,442.8159388955268,438.2443697945435,442.7167668263367,41359200,0.003406115652992,0.0034003279796708,441.3204833984375,440.3432411301453,438.005078125,439.0525710129904,437.3372055053711,436.6893254258521,429.2796936035156,428.32363048899686,57.97731588007766,73.73556525393289,-26.264434746067117,3.4558241979087825,3.510010062301532,-0.0541858643927488,444.8826494637307,429.7917615470116,437.3372055053711,3.4506297947554283,45533710.0,0.9083204509362404,484817900,5.420600182720434,0.0038009926144312,0.0069138951949938,0.0097529769104943,15.401242911948705,73.3918391967628,0.629063755687577,439.6227722167969,-0.0032376739258547,441.0507507324219,-0.003629164359415,442.6572265625,0.0011438100220728,440.0690002441406,0.0118566782649809,,,0.0,,,0.0,
2024-03-28,440.3070068359375,441.9234176268969,439.94999346626497,441.070574211559,36839600,-0.0018434236901044,-0.0018451248865604,440.9515869140625,440.33116303207606,438.545523071289,439.28065025352623,437.6143600463867,437.0338665125269,430.0202209472656,428.7935668163278,56.80155561499689,68.96013896090305,-31.039861039096944,3.337514195970755,3.4755108890353763,-0.1379966930646214,445.1685672317452,430.0601528610282,437.6143600463867,3.452449405251586,45250930.0,0.8141180744793532,447978300,5.174373323999824,0.0030207541641477,0.0068766978922147,0.0096157349601276,14.96209016679914,66.79745622572828,0.1809106104893939,441.12017822265625,0.003406115652992,439.6227722167969,-0.0032376739258547,441.0507507324219,-0.003629164359415,442.1514892578125,0.0047321874808645,,,0.0,,,0.0,
2024-04-01,441.2391662597656,443.79763595945445,439.3252392986767,441.2589885667326,38729000,0.0021170669768046,0.0021148291483777,440.6679748535156,440.6338307746393,439.6961456298829,439.6367440728425,437.6108139038086,437.4343712503592,430.6649066162109,429.2816295395999,57.85662915783014,74.43433381643845,-25.565666183561547,3.2811471206156853,3.4366381353514384,-0.1554910147357531,445.1581417257223,430.0634860818949,437.6108139038086,3.449333326380135,44994730.0,0.8607452472767366,486707300,5.124232133769676,0.0032056075389027,0.0050986629143447,0.0090137956885494,14.881010212721607,78.7231654928678,0.4279421317502938,440.3070068359375,-0.0018434236901044,441.12017822265625,0.003406115652992,439.6227722167969,-0.0032376739258547,442.6572265625,0.0011438100220728,,,0.0,,,0.0,
2024-04-02,437.4312133789063,437.74855190392645,434.3769132990223,436.4098045902398,44259700,-0.0086301334333894,-0.0086675886865138,439.9440673828125,439.5662916427283,440.0561187744141,439.2357384921268,437.49560089111327,437.434070500697,431.07121337890624,429.60122106271,52.24317427626106,52.07176842508664,-47.92823157491336,2.895824571130845,3.32847542250732,-0.4326508513764748,444.9797626060386,430.01143917618793,437.49560089111327,3.421365471872729,45491430.0,0.9729239111630476,442447600,5.248376478553507,0.0047706057128826,0.0055880532190573,0.0091895204665069,13.849566155705528,-22.49817294053958,0.9058800297727172,441.2391662597656,0.0021170669768046,440.3070068359375,-0.0018434236901044,441.12017822265625,0.003406115652992,441.0507507324219,-0.003629164359415,,,0.0,,,0.0,
2024-04-03,438.4129333496094,440.29708147447735,435.2892101079776,435.299106130028,39949800,0.0022442842227006,0.0022417695785458,439.702099609375,439.1818388783554,440.4061737060547,439.0861375571236,437.8241302490234,437.5272955339268,431.48626098632815,429.9467784072943,53.49588062150337,57.837012304861005,-42.162987695139,2.6392466787856392,3.190629673762984,-0.5513829949773443,444.8496119013409,430.798648596706,437.8241302490234,3.209271105419223,44593065.0,0.8958747285031876,482397400,5.231197541978238,0.004937945857502,0.0055804794718271,0.008194799147794,13.29518359839198,4.179408319949655,0.6237626753885082,437.4312133789063,-0.0086301334333894,441.2391662597656,0.0021170669768046,440.3070068359375,-0.0018434236901044,439.6227722167969,-0.0032376739258547,,,0.0,,,0.0,
2024-04-04,431.7093200683594,443.22250998661207,431.48122734232624,442.6076552811834,57267700,-0.0152906375960041,-0.0154087448991048,437.8199279785157,436.6909992750234,439.57020568847656,437.7448980137119,437.68179779052736,436.97320263244416,431.7325732421875,430.0158976881204,44.84544175306424,18.469405863665138,-81.53059413633486,1.8733860548965708,2.927180949989701,-1.0537948950931302,445.0722215782926,430.2913740027621,437.68179779052736,3.3770761430212746,45144725.0,1.2685358034631953,425129700,5.696203620714495,0.0075760057777822,0.0061833460014867,0.0088286327690817,12.628220512021684,-56.40672832883641,0.0194265595115541,438.4129333496094,0.0022442842227006,437.4312133789063,-0.0086301334333894,441.2391662597656,0.0021170669768046,441.12017822265625,0.003406115652992,,,0.0,,,0.0,
2024-04-05,436.7965393066406,439.47403376675936,432.3241424296577,433.1373110005756,54744600,0.0117838994939365,0.0117150100133085,437.1178344726562,436.7261792855625,439.0347106933594,437.5724691578807,437.4640426635742,436.9563775537962,432.0340844726563,430.2818052025722,51.28343666511692,44.59724013245057,-55.40275986754943,1.6578217326253366,2.6733091065168284,-1.0154873738914918,444.6874398937367,430.2406454334117,437.4640426635742,3.3023958660380965,45655620.0,1.1990769153939866,479874300,5.843954340549173,0.0105424158688985,0.0073210268546096,0.0085436503183048,12.008897646106403,-35.04822244341744,0.6255195591172923,431.7093200683594,-0.0152906375960041,438.4129333496094,0.0022442842227006,437.4312133789063,-0.0086301334333894,440.3070068359375,-0.0018434236901044,,,0.0,,,0.0,
2024-04-08,436.9254455566406,438.8095936916302,435.53712747102014,437.7286878155733,28144900,0.0002951173793743,0.0002950738408063,436.2550903320313,436.792601375922,438.46153259277344,437.4548285031097,437.5711303710938,436.9534316493052,432.3278729248047,430.542340118418,51.43811978236511,45.40917197350819,-54.59082802649181,1.4803228706450111,2.4347118593424653,-0.954388988697454,444.6952273126369,430.4470334295506,437.5711303710938,3.2562006252566817,43458065.0,0.6476335290123939,508019200,5.660276617696378,0.0104144696044623,0.0072957955783662,0.0078851875226498,11.433812127756502,-12.68453241697691,0.4242421439935436,436.7965393066406,0.0117838994939365,431.7093200683594,-0.0152906375960041,438.4129333496094,0.0022442842227006,441.2391662597656,0.0021170669768046,,,0.0,,,0.0,
2024-04-09,438.5418395996094,439.5433956821738,433.791779434532,439.2657320756614,39443600,0.0036994733527351,0.0036926471316266,436.4772155761719,437.37568078381776,438.2106414794922,437.6524668842914,437.8397506713867,437.1047085969532,432.70430053710936,430.8560459804256,53.43469939761649,50.03508104700156,-49.964918952998445,1.453330148924124,2.238435517258797,-0.7851053683346731,444.67916571559306,431.00033562718033,437.8397506713867,3.124163593515094,43137245.0,0.9143745735268908,547462800,5.666800876978196,0.0098739680479351,0.0074007562688316,0.007862037951667,11.25255779985952,-14.046252062878615,0.8258652803796395,436.9254455566406,0.0002951173793743,436.7965393066406,0.0117838994939365,431.7093200683594,-0.0152906375960041,437.4312133789063,-0.0086301334333894,,,0.0,,,0.0,
2024-04-10,434.7140502929688,435.5767897718114,432.6414842340189,433.3554807446242,61502200,-0.0087284472335305,-0.0087667632515793,435.73743896484376,436.4884706202015,437.7197692871094,437.1182093222328,437.60650634765625,436.8770268537166,432.9182092285157,431.007340267192,48.36367288230903,22.909423779666596,-77.0905762203334,1.110269124266324,2.0128022386603024,-0.9025331143939784,444.5376078684892,430.6754048268233,437.60650634765625,3.167732389850047,43447310.0,1.4155582934823814,485960600,5.683483340450502,0.0105952984143375,0.0078147844567032,0.0074279318330647,11.313384140589363,-83.02565346800132,0.7060818821736675,438.5418395996094,0.0036994733527351,436.9254455566406,0.0002951173793743,436.7965393066406,0.0117838994939365,438.4129333496094,0.0022442842227006,,,0.0,,,0.0,
2024-04-11,441.6556701660156,442.6076554234298,434.3074649227314,436.5883013945989,45474600,0.0159682436497476,0.015842092417555,437.726708984375,438.2108704688062,437.7733184814453,437.9432022029205,437.88919830322266,437.3321357406022,433.3274005126953,431.42492183185175,56.43755249083154,82.6088443472066,-17.391155652793408,1.3825839338599053,1.8867585777002231,-0.5041746438403178,444.9944539841629,430.7839426222824,437.88919830322266,3.245229938748176,43824605.0,1.037649968550772,531435200,5.870390994753921,0.0097189991384859,0.009455996990063,0.0080793486917931,11.1474082368748,40.52999681294449,0.8853056134768734,434.7140502929688,-0.0087284472335305,438.5418395996094,0.0036994733527351,436.9254455566406,0.0002951173793743,431.7093200683594,-0.0152906375960041,,,0.0,,,0.0,
2024-04-12,434.6148376464844,438.5517292412644,433.23644591876376,437.4212525251469,53665000,-0.0159419045087424,-0.0160703435392918,437.2903686523438,437.0121928613656,437.2041015625,437.3380450108412,437.8748123168945,437.0733454459244,433.7607672119141,431.5500165696805,48.20447581743592,25.442565292940035,-74.55743470705997,1.0185181969821997,1.7131105015566186,-0.6945923045744189,445.00531813331753,430.7443065004715,437.8748123168945,3.2568695964464798,43898095.0,1.2224904064743585,477770200,6.0524505127894885,0.0121927844353492,0.0107505419128762,0.0088767954211758,10.76017729557586,-59.061843828454194,0.2593261062603518,441.6556701660156,0.0159682436497476,434.7140502929688,-0.0087284472335305,438.5418395996094,0.0036994733527351,436.7965393066406,0.0117838994939365,,,0.0,,,0.0,
2024-04-15,427.4650268554688,438.46253441648776,426.6221096654615,438.37328863350814,63453600,-0.0164509127892021,-0.0165877316605483,435.3982849121094,433.8298041927334,435.8266876220703,435.5429508007735,437.76141662597655,436.15826748492856,433.9538854980469,431.38982089461336,41.57233649712477,4.907664403285961,-95.09233559671404,0.1513191867892374,1.4007522386031424,-1.249433051813905,445.4560505202769,430.0667827316762,437.76141662597655,3.515446360534167,43417285.0,1.4614824487528413,414316600,6.465877244092115,0.0139425841408782,0.0116689710879669,0.0092494280638626,10.836759283730188,-171.60776208418315,0.0711897763572319,434.6148376464844,-0.0159419045087424,441.6556701660156,0.0159682436497476,434.7140502929688,-0.0087284472335305,436.9254455566406,0.0002951173793743,,,0.0,,,0.0,
2024-04-16,427.5046997070313,430.1425193560447,426.1163815399364,427.30635557041785,47619000,9.280958457424936e-05,9.280527803121188e-05,433.19085693359386,431.7214360308327,434.8340362548828,434.0814506019113,437.4450775146485,435.3341181727479,434.0065728759766,431.2374632009827,41.62033320388553,7.8519212164175025,-92.14807878358248,-0.5266698864485875,1.0152678135927964,-1.541937700041384,446.2062578054363,428.6838972238608,437.4450775146485,4.00561384325756,43432045.0,1.0964024374168888,461935600,6.291610142093271,0.0135125240323322,0.011535335397101,0.0089614522950384,10.99282890426298,-207.9092893123816,0.3448262902243051,427.4650268554688,-0.0164509127892021,434.6148376464844,-0.0159419045087424,441.6556701660156,0.0159682436497476,438.5418395996094,0.0036994733527351,,,0.0,,,0.0,
2024-04-17,422.28851318359375,429.5077971562724,421.3563503130694,429.4879748499224,56880500,-0.0122014717663038,-0.0122765208203384,430.7057495117188,428.5771284150864,433.2215942382812,431.9372801622172,436.81388397216807,434.09167960235226,433.9660284423828,430.88652398461454,37.283667679274,4.153785505931986,-95.84621449406802,-1.467962018217463,0.5186218472307444,-1.9865838654482075,447.7603920978445,425.86737584649165,436.81388397216807,5.011978111196613,44125865.0,1.2890512174662183,405055100,6.424455620743963,0.0138367000556415,0.0118135402374145,0.0092828780606462,11.885094243252192,-238.4478200136105,0.1143555111679566,427.5046997070313,9.280958457424936e-05,427.4650268554688,-0.0164509127892021,434.6148376464844,-0.0159419045087424,434.7140502929688,-0.0087284472335305,,,0.0,,,0.0,
2024-04-18,419.8787841796875,424.66848889149566,419.3036044050467,422.9330838090479,46549400,-0.0057063569779332,-0.0057227004369768,426.3503723144531,425.67768033662014,432.0385406494141,429.74482634721176,435.8043731689454,432.7380705144794,433.8943237304687,430.4548479138331,35.44619949644775,2.348244605479341,-97.65175539452066,-2.380941791074804,-0.0612908804303652,-2.3196509106444387,448.8806859713239,422.7280603665669,435.8043731689454,6.0010011865159845,44270660.0,1.0514729168257262,358505700,6.34877196829432,0.0071073644808665,0.0111360316435475,0.0087766686571006,13.002800837656862,-226.8267563552465,0.1072119588190391,422.28851318359375,-0.0122014717663038,427.5046997070313,9.280958457424936e-05,427.4650268554688,-0.0164509127892021,441.6556701660156,0.0159682436497476,,,0.0,,,0.0,
2024-04-19,411.1918640136719,419.2243170638417,409.62505433483545,418.6987384090921,75231000,-0.0206891143189984,-0.0209061325395702,421.6657775878906,420.8490748956374,429.4780731201172,426.3715604683863,434.2563919067384,430.6860508477359,433.5617297363281,429.6994367804934,29.7534635856573,4.663477184331276,-95.33652281566872,-3.7620797825845775,-0.8014486608612079,-2.9606311217233703,450.8245214755111,417.6882623379657,434.2563919067384,7.630574875835514,46064925.0,1.6331514704517591,283274700,6.627697530905586,0.0083082428600219,0.0111716157339456,0.0095131870215446,15.136812804168748,-253.26404164242328,0.1632218768307745,419.8787841796875,-0.0057063569779332,422.28851318359375,-0.0122014717663038,427.5046997070313,9.280958457424936e-05,434.6148376464844,-0.0159419045087424,,,0.0,,,0.0,
2024-04-22,415.32708740234375,417.6673906954906,410.4877813065422,413.82967097777305,47807700,0.0100566760935094,0.0100064442228522,419.2381896972656,419.0084123978729,427.3182373046875,424.3634744563785,432.8898849487306,429.2232924243653,433.2959948730469,429.1358152362522,35.09705896108055,16.971621680544658,-83.02837831945534,-4.471419878459301,-1.5354429043808266,-2.935976974078474,450.9060571715928,414.8737127258684,432.8898849487306,8.323674379684762,47042615.0,1.0162636579620414,331082400,6.667119806480072,0.0117129378878747,0.012162080155916,0.0099450728491101,17.11839534450121,-185.44728396825488,0.6740347327506837,411.1918640136719,-0.0206891143189984,419.8787841796875,-0.0057063569779332,422.28851318359375,-0.0122014717663038,427.4650268554688,-0.0164509127892021,,,0.0,,,0.0,
2024-04-23,421.5249633789063,422.72486361887206,415.3766586914757,417.2608068172804,44384700,0.014922879254823,0.014812628577315,418.0422424316406,419.8472627248841,425.6165496826172,423.84738153320177,431.9135955810548,428.4901182295597,433.0698394775391,428.8373504575328,42.19456706576296,35.41907806176862,-64.58092193823138,-4.481796857114489,-2.12471369492756,-2.357083162186929,450.1696148688362,413.6575762932733,431.9135955810548,8.453551578167646,47872390.0,0.9271461065553652,375467100,6.719309550054946,0.014968469228651,0.0134976019608718,0.0107306547949481,17.79765885987545,-112.03448674982084,0.8367083863467344,415.32708740234375,0.0100566760935094,411.1918640136719,-0.0206891143189984,419.8787841796875,-0.0057063569779332,427.5046997070313,9.280958457424936e-05,,,0.0,,,0.0,
2024-04-24,422.9529724121094,426.146119246378,420.66223992916287,424.6288804555555,48440300,0.0033877211488408,0.0033819957486121,418.1751342773438,420.8824992872926,424.44044189453126,423.6847616930031,431.0801055908204,427.9627710088501,432.90611450195314,428.6065905341828,43.721626067355295,40.40893573394621,-59.59106426605379,-4.324937110026212,-2.56475837794729,-1.7601787320789226,449.3742492060738,412.785961975567,431.0801055908204,8.487584269369245,48587305.0,0.9969744154362956,423907400,6.631064533423532,0.0140990254273189,0.0135564781502552,0.0107991998186456,17.736293780078807,-71.66719940570859,0.4177211697043738,421.5249633789063,0.014922879254823,415.32708740234375,0.0100566760935094,411.1918640136719,-0.0206891143189984,422.28851318359375,-0.0122014717663038,,,0.0,,,0.0,
2024-04-25,420.9101257324219,421.77286514490976,414.6527531576191,415.7435550161751,57392200,-0.0048299617521,-0.004841663712583,418.38140258789065,420.8917081023357,422.3658874511719,423.1802824274429,430.0696029663086,427.2910905063331,432.8360223388672,428.3047683850941,42.01181507009607,34.21522567996888,-65.78477432003112,-4.315716392481704,-2.914949980854173,-1.4007664116275311,448.2662047032394,411.8730012293778,430.0696029663086,8.46216594310494,49388955.0,1.1620452386571043,366515200,6.750289870642587,0.0140093829859135,0.0118724895405761,0.0107440923831378,18.42950231357264,-94.7064611207112,0.8788306400073836,422.9529724121094,0.0033877211488408,421.5249633789063,0.014922879254823,415.32708740234375,0.0100566760935094,419.8787841796875,-0.0057063569779332,,,0.0,,,0.0,
2024-04-26,427.4054870605469,428.942548052639,423.35952732013,424.05367120624175,41874900,0.0154317060365856,0.0153138482126447,421.6241271972656,423.0629677550728,421.64495239257815,423.9485014516436,429.4245269775391,427.3019854162582,432.8033392333985,428.2695024507982,48.85985078887872,53.90852188386092,-46.09147811613908,-3.741161748372974,-3.080192334357933,-0.6609694140150411,447.028800258797,411.8202536962812,429.4245269775391,8.19900689192758,49640720.0,0.843559481006722,408390100,6.84187075989791,0.0085594228700912,0.0126987992182677,0.0114526862471333,17.80100883695292,-26.647416692081,0.7246900798317786,420.9101257324219,-0.0048299617521,422.9529724121094,0.0033877211488408,421.5249633789063,0.014922879254823,411.1918640136719,-0.0206891143189984,,,0.0,,,0.0,
2024-04-29,429.1408996582031,430.1424860232728,426.3940121310616,429.5177353307269,30022200,0.0040603423451379,0.0040521214008767,424.3868896484375,425.0889450561163,421.8125396728516,424.89257385283616,428.8196136474609,427.4771201059672,432.7798126220703,428.3036748903043,50.54043735332923,59.17012206207237,-40.82987793792763,-3.1099403043337475,-3.086141928353096,-0.0237983759806512,445.56911232148144,412.0701149734404,428.8196136474609,7.811908849761956,49205380.0,0.6101405984467552,438412300,6.620913840777432,0.0085831495309613,0.011646157656223,0.0114924788622181,17.02500449794843,-3.9175900237669055,0.732801562997651,427.4054870605469,0.0154317060365856,420.9101257324219,-0.0048299617521,422.9529724121094,0.0033877211488408,415.32708740234375,0.0100566760935094,,,0.0,,,0.0,
2024-04-30,421.0489501953125,428.9524822520637,420.969630704574,427.55423790616953,43665900,-0.0188561599915916,-0.0190362042647824,424.2916870117188,423.7422801025151,421.1669647216797,424.1937331878319,428.00050048828126,426.86491344780967,432.6724859619141,428.0191758826576,43.38164151378949,34.63612778686376,-65.36387221313625,-3.225464311834628,-3.1140064050494027,-0.1114579067852252,444.5868392184301,411.4141617581325,428.00050048828126,7.750616511535092,49175690.0,0.887957037308475,394746400,6.73165349169541,0.0126969863069799,0.0131550007068609,0.0120485552357238,17.014604117427133,-44.897304045942526,0.0099362352244227,429.1408996582031,0.0040603423451379,427.4054870605469,0.0154317060365856,420.9101257324219,-0.0048299617521,421.5249633789063,0.014922879254823,,,0.0,,,0.0,
2024-05-01,418.0045471191406,426.5526824520506,417.1517339743829,419.6209578958545,52251700,-0.007230520524418,-0.0072567874301326,423.302001953125,421.8297024413903,420.7385681152344,423.068426629888,426.9800811767578,426.02106903555546,432.5686444091797,427.62644534291184,41.02710449750316,28.968047006477157,-71.03195299352285,-3.522075511117293,-3.195620226262981,-0.3264552848543123,443.3886665916919,410.57149576182377,426.9800811767578,7.685878633828527,49790785.0,1.0494251094856206,342494700,6.922317419264857,0.0128421511951349,0.0127921842984274,0.0120658704720147,17.449719209395628,-67.49867802406519,0.0907156492533199,421.0489501953125,-0.0188561599915916,429.1408996582031,0.0040603423451379,427.4054870605469,0.0154317060365856,422.9529724121094,0.0033877211488408,,,0.0,,,0.0,
2024-05-02,423.3396606445313,424.24207490316456,417.1219631527472,421.75299854433047,36559000,0.0127632906439891,0.0126825263361911,423.78790893554685,422.3330218424373,421.0846557617188,423.1177419052776,426.5615982055664,425.7656968078389,432.6053753662109,427.4583361390538,46.50643251058492,47.55826886005099,-52.44173113994901,-3.288732488460141,-3.214242678702413,-0.0744898097577277,442.8931185133026,410.2300778978301,426.5615982055664,7.657285783079722,48755350.0,0.7498459143458103,379053700,6.936445585775751,0.0142981663714523,0.0133495902438799,0.0121081748064836,17.857207669454898,-52.2595123145831,0.8732584135821065,418.0045471191406,-0.007230520524418,421.0489501953125,-0.0188561599915916,429.1408996582031,0.0040603423451379,420.9101257324219,-0.0048299617521,,,0.0,,,0.0,
2024-05-03,431.84814453125,432.8398046158384,429.0119809525339,430.81680956962015,48515300,0.0200984804347521,0.0198991720814173,424.6764404296875,425.50472940537486,423.15028381347656,424.7050878372726,426.3141784667969,426.34497754340185,432.5654809570312,427.6304854877674,53.86800047298568,95.7283189671014,-4.271681032898594,-2.3896959926974546,-3.0493333415014217,0.6596373488039671,442.16070489992086,410.4676520336729,426.3141784667969,7.434200987691605,48443885.0,1.0014741798681093,427569000,7.119566899027988,0.0155538641439283,0.0122015277521232,0.0126954030063058,16.796873281636643,49.39700037690113,0.7409337075348986,423.3396606445313,0.0127632906439891,418.0045471191406,-0.007230520524418,421.0489501953125,-0.0188561599915916,427.4054870605469,0.0154317060365856,,,0.0,,,0.0,
2024-05-06,436.5783386230469,436.6675843963085,432.87943572819887,433.65292935952976,30227200,0.0109533736608531,0.0108938199450003,426.1639282226562,429.1959324779322,425.27540893554686,426.8638607074133,426.2968231201172,427.3195833605109,432.6457403564453,427.98138168915096,57.37954597018374,99.66997994248788,-0.330020057512134,-1.280752246612451,-2.695617122523628,1.4148648759111766,442.0975191192083,410.4961271210261,426.2968231201172,7.413001993983401,48548000.0,0.6226250308972563,457796200,6.955272110887309,0.0160608406251079,0.0122461915292108,0.0129513427418372,15.916944276134616,94.96603646037713,0.9764407943884132,431.84814453125,0.0200984804347521,423.3396606445313,0.0127632906439891,418.0045471191406,-0.007230520524418,429.1408996582031,0.0040603423451379,,,0.0,,,0.0,
2024-05-07,436.6477966308594,438.2840297962167,435.9139475542184,437.0246323231492,30996100,0.0001590963217084,0.0001590836672307,429.2836975097656,431.6798871955747,426.7876922607422,428.64275814803983,426.2021209716797,428.2079846243536,432.7319451904297,428.32124109862974,57.4307872165361,94.29067808944458,-5.709321910555412,-0.391785399380069,-2.234850777894916,1.8430653785148468,441.7284394302013,410.675802513158,426.2021209716797,7.285894506167105,48125625.0,0.6440664406955754,488792300,6.62775854882381,0.0108295018043121,0.0118085048389806,0.0129228562806644,15.318271179057817,112.16481785459465,0.3096302160347298,436.5783386230469,0.0109533736608531,431.84814453125,0.0200984804347521,423.3396606445313,0.0127632906439891,421.0489501953125,-0.0188561599915916,,,0.0,,,0.0,
2024-05-08,436.3899841308594,437.7981549271884,433.9009073507243,434.019931995412,24896700,-0.0005904358203322,-0.000590610196203,432.9607849121094,433.2499195073362,428.1313934326172,430.0513446903706,426.2859176635742,428.9872226725923,432.7921966552734,428.6376623940113,57.15610498380159,93.39109080186896,-6.608909198131024,0.288597149299278,-1.7301611924560771,2.018758341755355,442.0118961809527,410.55993914619575,426.2859176635742,7.378136535014243,46295350.0,0.5377797122173177,463895600,6.432722050798118,0.0088143336824678,0.0118829914108299,0.0127652602985117,14.446184265635726,100.09063902403416,0.6386755604398845,436.6477966308594,0.0001590963217084,436.5783386230469,0.0109533736608531,431.84814453125,0.0200984804347521,418.0045471191406,-0.007230520524418,,,0.0,,,0.0,
2024-05-09,437.3419189453125,437.9170987408149,434.8032715536724,436.6576710669421,24580100,0.0021813855704069,0.0021790098032523,435.7612365722656,434.61391931999503,429.7745727539062,431.3769036458146,426.0702301025391,429.78290803189896,432.91763793945313,428.97900578818,57.95571946046236,96.61065466710669,-3.3893453328933263,0.8943093632431101,-1.2052670813162398,2.09957644455935,441.0475960359804,411.0928641690978,426.0702301025391,7.030468160066839,45250625.0,0.5431991270838801,488475700,6.195658131965572,0.0088581141972546,0.0115592577183302,0.0122341135396722,13.654469275541109,110.96885909190482,0.8152820432813604,436.3899841308594,-0.0005904358203322,436.6477966308594,0.0001590963217084,436.5783386230469,0.0109533736608531,423.3396606445313,0.0127632906439891,,,0.0,,,0.0,
2024-05-10,438.3732604980469,440.6044957185327,436.8262731662219,438.8492682397871,27116600,0.0023582042060399,0.0023554280062086,437.066259765625,435.8670330460124,430.87135009765626,432.6489685280386,426.2581512451172,430.6010368381988,432.9898248291016,429.34740793366495,58.85175050163514,91.40236839492113,-8.597631605078877,1.4409509155455569,-0.6760234819438806,2.1169743974894373,441.74527753269695,410.7710249575374,426.2581512451172,7.266547861825634,43923205.0,0.6173638740615581,515592300,6.022984161990231,0.0046178833788308,0.0108257728279218,0.0116840452607581,13.33185196578584,126.6509405455736,0.4094484404678311,437.3419189453125,0.0021813855704069,436.3899841308594,-0.0005904358203322,436.6477966308594,0.0001590963217084,431.84814453125,0.0200984804347521,,,0.0,,,0.0,
2024-05-13,439.3847351074219,440.3863214728053,437.9666684555867,440.2871494121526,22994200,0.0023073364653352,0.0023046786520809,437.6275390625,437.0396003998156,431.8957336425781,433.8736533606537,426.8541366577148,431.4375795305057,432.9513177490234,429.7410286071456,59.75756146377997,95.29988936870885,-4.700110631291166,1.933497674188004,-0.1541192507175037,2.087616924905508,443.364751946988,410.3435213684417,426.8541366577148,7.735951872717882,41900235.0,0.5487845115904482,538586500,5.765603365935114,0.0013951117423117,0.0108134991413681,0.0109840258988901,13.032278749584515,120.36946773901936,0.5860619856175154,438.3732604980469,0.0023582042060399,437.3419189453125,0.0021813855704069,436.3899841308594,-0.0005904358203322,436.5783386230469,0.0109533736608531,,,0.0,,,0.0,
2024-05-14,442.21099853515625,442.7465034838916,438.7699366421945,438.9583544896557,34478300,0.0064323204743181,0.0064117213870758,438.74017944335935,438.7633997782625,434.0119384765625,435.3895343014723,427.5894515991211,432.46361943571054,433.00082824707033,430.2300470356951,62.25766130283392,98.09386449827392,-1.906135501726074,2.522818881898729,0.3812683758057428,2.1415505060929863,445.4085329409438,409.7703702572984,427.5894515991211,8.334668348427208,41243200.0,0.8359753850331691,573064800,5.637815042775254,0.0025082637620962,0.0078325662993513,0.0110346569247355,13.126519277466016,120.43692442648292,0.8653348553815935,439.3847351074219,0.0023073364653352,438.3732604980469,0.0023582042060399,437.3419189453125,0.0021813855704069,436.6477966308594,0.0001590963217084,,,0.0,,,0.0,
2024-05-15,449.1228332519531,449.3707482659212,443.1728729167193,444.6901115916814,41464700,0.0156301736946675,0.0155092806223553,441.2867492675781,442.2165442694928,437.1237670898437,437.88649774701423,428.9311676025391,434.05021122773366,433.34643798828125,430.9709406128033,67.5647432296229,99.2312423147166,-0.7687576852834002,3.507159134500341,1.0064465275446626,2.5007126069556787,448.8669687651572,408.9953664399209,428.9311676025391,9.295571256361235,40472410.0,1.0245176899522417,614529500,5.746524663345945,0.0057915785922522,0.0071948301272956,0.0109370701844608,14.118257754153904,146.84226985988144,0.959999999984514,442.21099853515625,0.0064323204743181,439.3847351074219,0.0023073364653352,438.3732604980469,0.0023582042060399,436.3899841308594,-0.0005904358203322,,,0.0,,,0.0,
2024-05-16,448.2105407714844,450.8979311561078,448.04194523953385,448.9344332726971,34780400,-0.0020312761073917,-0.0020333419467047,443.4604736328125,444.21454310349,439.6108551025391,439.7635964787361,430.3477554321289,435.3988140414242,433.6195294189453,431.6470033641241,66.24077422333696,92.04348374454868,-7.956516255451328,4.165622791122416,1.6382817802602134,2.527341010862203,451.4986183107517,409.1968925535061,430.3477554321289,9.829661064403334,39883960.0,0.872039787423315,579749100,5.540057610005088,0.0066839754131247,0.0074471186791091,0.0108107268198434,15.22370414118912,139.64438514789853,0.0590323400988173,449.1228332519531,0.0156301736946675,442.21099853515625,0.0064323204743181,439.3847351074219,0.0023073364653352,437.3419189453125,0.0021813855704069,,,0.0,,,0.0,
2024-05-17,447.9924011230469,448.9443863977975,445.7909143693281,448.3394579667014,35803700,-0.0004866901346453,-0.0004868086067299,445.3843017578125,445.473829110009,441.2252807617188,441.25974277770166,432.18778228759766,436.598203287293,433.7563446044922,432.2879993546701,65.9082047618528,91.39764097132068,-8.60235902867931,4.616640182149013,2.233953460637973,2.3826867215110394,452.7472879795978,411.6282765955975,432.18778228759766,9.514154048121096,37912595.0,0.944374817920008,543945400,5.3695872113239655,0.0070686461292447,0.0056742415699335,0.0092848986654106,15.757734173689345,117.13015505023084,0.6981151993022483,448.2105407714844,-0.0020312761073917,449.1228332519531,0.0156301736946675,442.21099853515625,0.0064323204743181,438.3732604980469,0.0023582042060399,,,0.0,,,0.0,
2024-05-20,451.1160888671875,451.78048417088377,448.0221142717293,448.21053210724057,24474200,0.0069726355543309,0.0069484391411127,447.7305725097656,447.35458236240186,442.6790557861328,443.0518057030627,433.9772323608398,437.9808590568068,434.0829925537109,433.0263558061414,68.35804604958753,98.08302465258517,-1.9169753474148343,5.166573169726291,2.820477402455637,2.346095767270654,454.5851022078752,413.3693625138045,433.9772323608398,9.49721243896982,36745920.0,0.6660385697242034,568419600,5.256622628217746,0.0070360798935978,0.0052304489599775,0.009210197533169,16.625338556859273,125.86096404329156,0.8232224816593853,447.9924011230469,-0.0004866901346453,448.2105407714844,-0.0020312761073917,449.1228332519531,0.0156301736946675,439.3847351074219,0.0023073364653352,,,0.0,,,0.0,
2024-05-21,451.9986572265625,452.1870750648368,449.0633518318087,449.2616959551704,23167700,0.0019564107358511,0.0019544994567927,449.6881042480469,448.9026073171221,444.2141418457031,444.67850598006265,435.5009170532227,439.3158874539264,434.4595770263672,433.77036762655007,69.03509985829089,99.46266294901136,-0.5373370509886447,5.60895833487541,3.378173588939592,2.2307847459358188,456.6985676245392,414.3032664819062,435.5009170532227,9.734836250058198,35685070.0,0.6492266934042724,591587300,5.104272671418486,0.0071405023609505,0.0051408977057478,0.0088641781193156,17.483946899772498,121.70356147939582,0.939681647728564,451.1160888671875,0.0069726355543309,447.9924011230469,-0.0004866901346453,448.2105407714844,-0.0020312761073917,442.21099853515625,0.0064323204743181,,,0.0,,,0.0,
2024-05-22,451.909423828125,453.0101822957235,449.3013528761101,452.25651092198274,25120000,-0.0001974196095736,-0.0001974390993899,450.2454223632813,449.9048794874564,445.7660858154297,445.993218316074,436.94873962402346,440.5152718705167,434.7101867675781,434.4817031638668,68.87463388387188,95.41316262891144,-4.586837371088558,5.884518311856198,3.879442533522913,2.0050757783332847,458.4734525124842,415.4240267355627,436.94873962402346,9.85228285907492,34519055.0,0.727714011869676,566467300,5.004598153432407,0.0035044685312314,0.0051077770896508,0.0089034421153187,18.393024817205788,113.77853721123134,0.703205959851461,451.9986572265625,0.0019564107358511,451.1160888671875,0.0069726355543309,447.9924011230469,-0.0004866901346453,449.1228332519531,0.0156301736946675,,,0.0,,,0.0,
2024-05-23,449.8765563964844,456.7388278262186,448.0816539096593,456.7090792316384,40899200,-0.0044983957502372,-0.0045085439776649,450.57862548828126,449.8954384571324,447.01954956054686,446.6992797852394,438.3970611572266,441.40682277775176,434.98768127441406,435.0854228984792,65.15883160587813,71.23869962175702,-28.76130037824297,5.871186780050948,4.277791382828521,1.5933953972224275,459.29923774398907,417.4948845704641,438.3970611572266,9.535728424632913,33694405.0,1.2138276369622791,525568100,5.265496422227186,0.0041877584120034,0.0057032403511224,0.0088876960035294,19.71904116274848,104.5707606573118,0.2073312265762731,451.909423828125,-0.0001974196095736,451.9986572265625,0.0019564107358511,451.1160888671875,0.0069726355543309,448.2105407714844,-0.0020312761073917,,,0.0,,,0.0,
2024-05-24,454.1307373046875,455.4000609729843,449.7872613928874,451.49291790932347,29669500,0.0094563294035128,0.0094118982050281,451.80629272460936,451.3072047396508,448.5952972412109,448.0504538796845,439.7333236694336,442.6186241612695,435.3722448730469,435.8322979732325,68.93581314962742,88.5799999858584,-11.420000014141609,6.133198595045371,4.648872825271891,1.4843257697734806,461.066522418242,418.4001249206252,439.7333236694336,9.702789213603232,33084135.0,0.8967893523587666,555237600,5.290303790646453,0.0055825863569138,0.0060661761238098,0.0085551257100226,20.950342055038124,104.35227485946774,0.7738519520855093,449.8765563964844,-0.0044983957502372,451.909423828125,-0.0001974196095736,451.9986572265625,0.0019564107358511,447.9924011230469,-0.0004866901346453,,,0.0,,,0.0,
2024-05-28,455.8462829589844,455.9057801407355,452.88122910382384,455.3504529356833,26216800,0.0037776470812762,0.0037705296915671,452.7523315429688,452.820230812762,450.2414520263672,449.4678773486481,441.0685928344727,443.8784011896233,435.89451171875,436.6171601295365,70.332515565677,96.09182951577424,-3.90817048422577,6.405437150782177,5.000185690373948,1.405251460408229,462.9194325439747,419.2177531249706,441.0685928344727,9.908136768061556,32893865.0,0.7970118440019134,581454400,5.128464308236824,0.0051421701971381,0.0060503965218569,0.0085536401017892,22.161138588547374,105.22843790570204,0.980328590550121,454.1307373046875,0.0094563294035128,449.8765563964844,-0.0044983957502372,451.909423828125,-0.0001974196095736,451.1160888671875,0.0069726355543309,,,0.0,,,0.0,
2024-05-29,452.6333618164063,454.41833798326735,451.5425295975173,451.6813765449514,29739200,-0.0070482556569779,-0.0070732119455523,452.8792724609375,452.7579411473101,451.2836883544922,450.0434199791496,442.64781341552737,444.7122069636026,436.27054931640623,437.2452464701981,64.48483109442546,81.2839667305335,-18.716033269466493,6.289431630076479,5.258034878314454,1.0313967517620242,462.9966463913275,422.2989804397273,442.64781341552737,9.194141418562948,32197530.0,0.9236484910488476,551715200,5.069556383467558,0.0065802976040567,0.006826290302858,0.0072731302945277,22.8820940883386,81.8909670308354,0.379313247800614,455.8462829589844,0.0037776470812762,454.1307373046875,0.0094563294035128,449.8765563964844,-0.0044983957502372,451.9986572265625,0.0019564107358511,,,0.0,,,0.0,
2024-05-30,447.78411865234375,451.8400352069915,446.45529771251273,451.7011882628128,30536800,-0.0107134020006891,-0.0107712036978081,452.05421142578126,451.1000003156547,451.1498168945312,449.6326379197303,444.1367919921875,445.004769981578,436.5279840087891,437.65853557538026,56.80778395765613,55.02983255149883,-44.97016744850117,5.740035466805466,5.354434996012657,0.3856004707928093,461.1375268650165,427.1360571193585,444.1367919921875,7.655630057835003,31111785.0,0.9815187396030154,521178400,5.1487355063551306,0.008247563653805,0.0061863593954328,0.0075824328903829,22.19566136588463,43.1163454450066,0.246775435417018,452.6333618164063,-0.0070482556569779,455.8462829589844,0.0037776470812762,454.1307373046875,0.0094563294035128,451.909423828125,-0.0001974196095736,,,0.0,,,0.0,
2024-05-31,446.95111083984375,448.7063685680924,439.36491720141737,448.0121943996343,55941300,-0.0018602888709118,-0.0018620213572035,451.4691223144531,449.7170371570511,451.0238739013672,449.1450875415691,445.31736450195314,445.1901357776033,436.66562622070313,438.0229502916337,55.58360986369131,47.86046297003394,-52.13953702996606,5.177732602085314,5.319094517227189,-0.141361915141875,459.4074292310412,431.2272997728651,445.31736450195314,6.328100295323767,32080900.0,1.743757188856921,465237100,5.448215210663695,0.0081155270303301,0.00618121912629,0.0073407475909852,21.096350527170785,1.0572004436180402,0.8121001052800416,447.78411865234375,-0.0107134020006891,452.6333618164063,-0.0070482556569779,455.8462829589844,0.0037776470812762,449.8765563964844,-0.0044983957502372,,,0.0,,,0.0,
2024-06-03,449.3509521484375,451.7805012690849,444.16455885925086,450.7789451331645,32997500,0.0053693597585746,0.0053549961391528,450.5131652832032,449.5950088208466,451.1597290039063,449.18251747009066,446.1925048828125,445.586404003397,436.8096154785157,438.4671856585672,58.367102684321154,58.88518884042456,-41.11481115957544,4.869616757168615,5.229198965215474,-0.3595822080468593,458.937559996918,433.44744976870703,446.1925048828125,5.712805560215681,31305010.0,1.0540645091632297,498234600,5.603052867747289,0.006875160621922,0.0064301781742446,0.0061502184936955,19.686489352256466,31.185357445569714,0.6809916632801287,446.95111083984375,-0.0018602888709118,447.78411865234375,-0.0107134020006891,452.6333618164063,-0.0070482556569779,454.1307373046875,0.0094563294035128,,,0.0,,,0.0,
2024-06-04,450.5806274414063,451.7805277756861,447.3676581687935,449.09313718363126,23767400,0.0027365587790333,0.0027328212192065,449.4600341796875,449.9235483610332,451.10618286132814,449.43671928305713,446.89261932373046,446.0620443308264,436.96808349609375,438.9422225912276,59.75869340966269,64.55489775559528,-35.44510224440472,4.670815001676829,5.117522172507746,-0.4467071708309174,458.9690622720421,434.8161763754189,446.89261932373046,5.404628506322843,30982020.0,0.7671352610320438,522002000,5.518039777686238,0.0066654062694645,0.0060729351394986,0.0057846786939014,18.377337547755072,44.07042828863763,0.7280906889978249,449.3509521484375,0.0053693597585746,446.95111083984375,-0.0018602888709118,447.78411865234375,-0.0107134020006891,455.8462829589844,0.0037776470812762,,,0.0,,,0.0,
2024-06-05,459.6642150878906,459.7435345818929,450.620279618369,454.1605135166423,33817400,0.0201597385534857,0.0199592214596596,450.8662048339844,453.1704372699857,451.87273864746095,451.296263974845,448.043440246582,447.3574891648325,437.3403527832031,439.7548497479594,68.21143297974824,99.61077097370564,-0.3892290262943556,5.186446657900831,5.131307069586363,0.0551395883144678,460.3793379589045,435.7075425342595,448.043440246582,5.506563249997988,31123085.0,1.0865696636435622,555819400,5.7783874464576925,0.0113106579501136,0.0088512086572563,0.0071020807515518,18.477446581787326,126.89341458717296,0.9913057900476816,450.5806274414063,0.0027365587790333,449.3509521484375,0.0053693597585746,446.95111083984375,-0.0018602888709118,452.6333618164063,-0.0070482556569779,,,0.0,,,0.0,
2024-06-06,459.5054931640625,460.6657486894201,458.3353416175047,460.3484102236568,21966800,-0.0003452997179642,-0.000345359347639,453.2104797363281,455.28212256801135,452.63234558105466,452.7888511001573,449.1992156982422,448.514441926664,437.7380072021484,440.52938478388506,67.94287779315775,94.5530035951361,-5.446996404863897,5.518665190558352,5.2087786937807605,0.3098864967775911,461.2800363789184,437.118395017566,449.1992156982422,5.378825366779674,30976590.0,0.7091419681766133,533852600,5.532103133990388,0.0088103392276264,0.0088548875028831,0.0070965022255512,18.70082439991737,159.9927535118935,0.5021232387291931,459.6642150878906,0.0201597385534857,450.5806274414063,0.0027365587790333,449.3509521484375,0.0053693597585746,447.78411865234375,-0.0107134020006891,,,0.0,,,0.0,
2024-06-07,459.0989685058594,461.8557824759205,457.9883139946212,459.1386433849938,25829700,-0.0008847003229578,-0.0008850919012585,455.6400512695312,456.5544045472941,453.55458679199216,453.93614517392126,450.2870681762696,449.52249207706353,438.0975830078125,441.2576037533743,67.21297645968713,87.7425170778717,-12.2574829221283,5.683630276851545,5.303749010394919,0.3798812664566267,461.806376321112,438.7677600314272,450.2870681762696,5.116428589209693,31039070.0,0.8321673297556917,508022900,5.413200658798166,0.0086233753954407,0.0086449176692594,0.0071391896445214,19.079931414481223,152.18013524484363,0.2871786846046477,459.5054931640625,-0.0003452997179642,459.6642150878906,0.0201597385534857,450.5806274414063,0.0027365587790333,446.95111083984375,-0.0018602888709118,,,0.0,,,0.0,
2024-06-10,460.953369140625,461.310382527494,457.6809027868318,457.9684927008283,20660800,0.0040392176022541,0.0040310818634893,457.9605346679688,458.0207260784044,454.2368499755859,455.2120040769583,451.4160736083985,450.611147035498,438.5105102539063,442.02998670973705,68.85654696783385,95.9876450982146,-4.012354901785408,5.896035107041428,5.422206229724221,0.4738288773172066,462.4597179184274,440.3724292983695,451.4160736083985,4.892889268098698,30716280.0,0.6726335350504683,528683700,5.285792021788458,0.0086453212592047,0.0082928361479354,0.0071478857664994,19.35704771844724,144.58458182016025,0.9016351068282724,459.0989685058594,-0.0008847003229578,459.5054931640625,-0.0003452997179642,459.6642150878906,0.0201597385534857,449.3509521484375,0.0053693597585746,,,0.0,,,0.0,
2024-06-11,464.1167907714844,464.2358154151436,458.17675592342266,459.6741724930278,22053300,0.0068627801479292,0.0068393384612319,460.6677673339844,460.0527476427644,455.063900756836,456.8310562032357,452.6526763916016,451.8973988198777,438.96806274414064,442.8961358886292,71.48277152738918,99.521430055978,-0.4785699440220154,6.247610587207021,5.587287101220781,0.6603234859862397,463.568552716435,441.7368000667681,452.6526763916016,4.8230693837275975,30669235.0,0.7190691257868023,550737000,5.34102541249792,0.0085548745988576,0.0084420761100763,0.0072124183676522,20.05327814788104,158.62183208049842,0.9803559209280132,460.953369140625,0.0040392176022541,459.0989685058594,-0.0008847003229578,459.5054931640625,-0.0003452997179642,450.5806274414063,0.0027365587790333,,,0.0,,,0.0,
2024-06-12,470.1956481933594,472.526055569347,467.3595147260773,468.0536586645621,34532600,0.0130976890790146,0.0130126560355234,462.7740539550781,463.43371449296274,456.8201293945313,459.2609820196218,454.0519088745117,453.6400892363997,439.6233514404297,443.9667049986186,75.71984596109436,92.97247473795592,-7.027525262044077,6.936786719711847,5.857187024918995,1.0795996947928526,466.3429785761298,441.7608391728936,454.0519088745117,5.413949137262664,30671950.0,1.1258690758168295,585269600,5.5601853685954,0.0057483190733714,0.0084912113687558,0.0075374020741516,21.6911141926532,226.8531112057317,0.5489424265215515,464.1167907714844,0.0068627801479292,460.953369140625,0.0040392176022541,459.0989685058594,-0.0008847003229578,459.6642150878906,0.0201597385534857,,,0.0,,,0.0,
2024-06-13,472.7442321777344,474.400317958904,470.46342591741177,473.7358923366688,25859000,0.0054202628079766,0.0054056260497527,465.4218017578125,466.5372203878866,459.3161407470704,461.7124820483695,455.2329788208008,455.4595314212887,440.3099774169922,445.0952354762309,77.24626294327082,95.27310735609116,-4.726892643908855,7.60099367447674,6.205948354830544,1.3950453196461965,469.7420147065442,440.7239429350574,455.2329788208008,6.374334268719481,29891665.0,0.8650906531971371,611128600,5.463362825520345,0.0050564894514817,0.0067771946303631,0.0069683309355674,23.39724343638761,205.9940011765148,0.5793418351904214,470.1956481933594,0.0130976890790146,464.1167907714844,0.0068627801479292,460.953369140625,0.0040392176022541,459.5054931640625,-0.0003452997179642,,,0.0,,,0.0,
2024-06-14,475.193603515625,475.2630269854355,472.07977628993007,472.5458577452709,23372600,0.0051811765668876,0.0051678004543524,468.6407287597656,469.4226814304661,462.14039001464846,464.163595042416,456.58213195800784,457.33896685884457,441.1796630859375,446.27556363463856,78.6363366911627,99.80660967881548,-0.1933903211845301,8.230154173973574,6.61078951865915,1.619364655314424,473.10646692173566,440.05779699428,456.58213195800784,7.238274915781233,29321275.0,0.7971208618997639,634501200,5.300497673376421,0.0035964823791665,0.0062797097173643,0.0069029530153813,25.067238530617125,181.36511359939857,0.9781910139825528,472.7442321777344,0.0054202628079766,470.1956481933594,0.0130976890790146,464.1167907714844,0.0068627801479292,459.0989685058594,-0.0008847003229578,,,0.0,,,0.0,
2024-06-17,481.0146484375,482.7996245224885,474.1523774535477,475.46134579310905,37054500,0.012249838547508,0.012175416431487,472.6529846191406,473.2866704328108,465.3067596435547,467.2274229324312,458.2332443237305,459.5937936758594,442.0640252685547,447.6378806857312,81.52502088649783,95.89043832667298,-4.10956167332701,9.093652118355976,7.107362038598516,1.9862900797574603,477.384793476664,439.0816951707969,458.2332443237305,8.358865006050682,29383815.0,1.2610513645011718,671555700,5.5395512016310215,0.003819700765072,0.0065539563338659,0.0071522376457583,27.27118890189514,188.73736691518087,0.7935786880105308,475.193603515625,0.0051811765668876,472.7442321777344,0.0054202628079766,470.1956481933594,0.0130976890790146,460.953369140625,0.0040392176022541,,,0.0,,,0.0,
2024-06-18,481.1634216308594,481.8476695678094,479.3982677423815,480.9651077551038,24438600,0.0003092903591244,0.0003092425387212,476.0623107910157,475.91225416549366,468.3650390625,469.7612408776,459.73561096191406,461.648043957288,442.94878479003904,448.95260778161855,81.59352291506585,96.23295978597426,-3.767040214025725,9.678418430737224,7.621573317026257,2.056845113710967,481.0142678463106,438.4569540775175,459.73561096191406,9.256910440274495,29382035.0,0.8317531443958868,695994300,5.318826246187942,0.0053617921056626,0.0067648502758179,0.0071413952586506,29.3177142466533,167.60602622327212,0.7206469228859296,481.0146484375,0.012249838547508,475.193603515625,0.0051811765668876,472.7442321777344,0.0054202628079766,464.1167907714844,0.0068627801479292,,,0.0,,,0.0,
2024-06-20,477.45458984375,482.77979974185206,475.6200126050373,482.3633194469185,33918700,-0.007708050155888,-0.0077379107179345,477.51409912109375,476.4263660582458,470.1440765380859,471.16003159871815,461.00840759277344,463.1534292798081,443.7270397949219,450.0703325683688,74.20666840823253,87.69409302282669,-12.305906977173311,9.73041208356574,8.043341070334154,1.6870710132315845,483.3046302695447,438.7121849160022,461.00840759277344,9.672805228518254,29919585.0,1.1336621146316033,662075600,5.450323452661286,0.0073830213736026,0.0062854576675337,0.0075491116109454,30.206446672578743,128.19486619820572,0.2562334890172796,481.1634216308594,0.0003092903591244,481.0146484375,0.012249838547508,475.193603515625,0.0051811765668876,470.1956481933594,0.0130976890790146,,,0.0,,,0.0,
2024-06-21,476.1753540039063,478.5156876477148,474.6779677863536,477.176940419479,37456800,-0.0026792827361076,-0.0026828784381352,478.2003234863281,476.342695373466,471.8110626220703,472.0719083996614,462.2217041015625,464.39361258686506,444.5562658691407,451.09405889917423,71.7924271811628,82.85425324154329,-17.14574675845672,9.55821266099582,8.346315388466488,1.2118972725293329,485.0401646884861,439.403243514639,462.2217041015625,9.87338343675429,30536425.0,1.2266268890349803,624618800,5.335137481854139,0.007628534387618,0.0064971735278769,0.0076205220462911,30.79061950186703,97.89062139828005,0.3901760085694729,477.45458984375,-0.007708050155888,481.1634216308594,0.0003092903591244,481.0146484375,0.012249838547508,472.7442321777344,0.0054202628079766,,,0.0,,,0.0,
2024-06-24,470.7542724609375,476.6838944372882,470.6152351395036,474.94573089678033,37751000,-0.0113846327773703,-0.0114499338009698,477.3124572753906,474.4798877359565,472.9765930175781,471.8323382289843,463.26558990478514,464.9993897177291,445.13823791503904,451.8650476663022,62.51101083546422,66.00428002976227,-33.995719970237744,8.881922133776982,8.453436737528587,0.4284853962483943,485.6352962834068,440.89588352616346,463.26558990478514,9.657400362163452,30379015.0,1.242667018664035,586867800,5.387531897277741,0.009074433720406,0.0079797414778812,0.0081007522250816,30.34888113237609,64.49823754908714,0.0229107146420859,476.1753540039063,-0.0026792827361076,477.45458984375,-0.007708050155888,481.1634216308594,0.0003092903591244,475.193603515625,0.0051811765668876,,,0.0,,,0.0,
2024-06-25,476.1376037597656,476.4355625136695,471.9064075873392,472.84999415997686,29014700,0.0114355442186131,0.0113706526280052,476.33704833984376,475.0324597438929,474.49501647949216,472.6151137800355,464.3659332275391,466.06017200744685,445.9686932373047,452.8169126111439,67.06454995381915,79.29721446296432,-20.702785537035677,8.680285931061576,8.498806576235186,0.18147935482639,486.99355757225305,441.7383088828251,464.3659332275391,9.745600495472374,30346275.0,0.9561206441317756,615882500,5.40851462266733,0.0087601529264281,0.0084624417168026,0.0082041827528265,29.938695503563064,69.81940117094463,0.9342131680536936,470.7542724609375,-0.0113846327773703,476.1753540039063,-0.0026792827361076,477.45458984375,-0.007708050155888,481.0146484375,0.012249838547508,,,0.0,,,0.0,
2024-06-26,477.1208801269531,477.6671782369132,474.8960406845145,475.3131829243897,22737100,0.0020651096645658,0.002062980256739,475.5285400390625,475.7285998715797,475.7954254150391,473.4343440249296,465.4296630859375,467.11357278073314,446.9618103027344,453.7700093764698,67.83308543699306,77.39238303884612,-22.60761696115388,8.501826212572325,8.499410503502613,0.0024157090697123,488.3535402575806,442.5057859142944,465.4296630859375,9.850630069278782,30172290.0,0.7535755489556809,638619600,5.220130546219569,0.0089100489116354,0.0083721721435252,0.0081979903846529,29.739949378540608,72.67235262914606,0.8028614243390899,476.1376037597656,0.0114355442186131,470.7542724609375,-0.0113846327773703,476.1753540039063,-0.0026792827361076,481.1634216308594,0.0003092903591244,,,0.0,,,0.0,
2024-06-27,478.3525085449219,479.832451208404,476.0581351712482,476.87259619260544,26222100,0.0025813760605928,0.0025780500320005,475.7081237792969,476.6032360960272,476.6111114501953,474.3285557558373,466.71562042236326,468.18394761541776,447.9787664794922,454.7340289517032,68.81469570092501,82.2956119170116,-17.704388082988398,8.363369996812366,8.472202402164564,-0.1088324053521976,489.509047571684,443.9221932730425,466.71562042236326,9.767587006705876,29996435.0,0.8741738809961918,664841700,5.116858081286444,0.008331772232748,0.0075554105177881,0.0078963523703944,29.86853301401374,74.80645416373237,0.6078911651876031,477.1208801269531,0.0020651096645658,476.1376037597656,0.0114355442186131,470.7542724609375,-0.0113846327773703,477.45458984375,-0.007708050155888,,,0.0,,,0.0,
2024-06-28,475.8694458007813,483.9047544228724,475.2238482454163,479.1471438922123,34881600,-0.0051908638499538,-0.0052043831887,475.6469421386719,476.35863933094527,476.9236328125,474.6087175821907,468.11988677978513,468.9158998235477,449.0503851318359,455.5628688281376,64.53865092355791,69.3587779033657,-30.6412220966343,7.961504765595407,8.370062874850733,-0.4085581092553259,489.4911435785584,446.7486299810119,468.11988677978513,9.13067673573406,30213675.0,1.1544970944448167,629960100,5.371432945298559,0.0086343222226692,0.0077254333895391,0.0074848955974929,30.519225413569696,70.84294755406422,0.074369834457391,478.3525085449219,0.0025813760605928,477.1208801269531,0.0020651096645658,476.1376037597656,0.0114355442186131,476.1753540039063,-0.0026792827361076,,,0.0,,,0.0,
2024-07-01,478.6604309082031,479.2265525389148,473.0387100492218,476.7931418929245,24898300,0.0058650227116918,0.0058478904208658,477.228173828125,477.1259031900313,477.2703155517578,475.3453927323748,469.7053527832031,469.84395040303866,450.2260180664063,456.46865557637545,67.0193536390108,79.61627868261336,-20.383721317386648,7.778566376309868,8.25176357514256,-0.4731971988326915,489.18028555619816,450.2304200102081,469.7053527832031,8.292404017794478,28661525.0,0.868701159481221,654858400,5.429747912755306,0.006059897650311,0.0077725289493014,0.0074159416076387,30.53700001628841,57.80223643440981,0.9085106591278774,475.8694458007813,-0.0051908638499538,478.3525085449219,0.0025813760605928,477.1208801269531,0.0020651096645658,470.7542724609375,-0.0113846327773703,,,0.0,,,0.0,
2024-07-02,483.6861877441406,483.74577949274527,477.03149291242784,477.1606184714592,26723600,0.0104996287794287,0.0104448904982141,478.737890625,479.31266470806776,477.5374694824219,476.86190091633216,471.4221145629882,471.16225872123886,451.6759045410156,457.53600977903295,70.9590194259995,98.6789754470944,-1.3210245529056015,7.947509022598979,8.190912664633844,-0.2434036420348651,489.4142335788085,453.429995547168,471.4221145629882,7.6331247347185185,28347830.0,0.9427035508538044,681582000,5.521500674724029,0.0057545141810377,0.0074998346851261,0.0075725700824212,31.128507231995087,89.40943394281882,0.991124634316556,478.6604309082031,0.0058650227116918,475.8694458007813,-0.0051908638499538,478.3525085449219,0.0025813760605928,476.1376037597656,0.0114355442186131,,,0.0,,,0.0,
2024-07-03,487.71875,487.847875565811,482.9313438696424,482.9313438696424,18064900,0.0083371457735164,0.0083025837399603,480.8574645996094,482.1146931387119,478.193002319336,478.83587347699904,473.279020690918,472.7390674144542,453.1237377929688,458.71964665044345,73.6761693298008,99.25723523940884,-0.7427647605911577,8.310987469331678,8.214927625573411,0.0960598437582671,489.8972785247956,456.6607628570403,473.279020690918,7.022604893670299,28062705.0,0.6437333820813068,699646900,5.478288604827216,0.0061266474896148,0.0078873603096622,0.0076377361759549,32.12378849327104,130.00882858647967,0.973736452058466,483.6861877441406,0.0104996287794287,478.6604309082031,0.0058650227116918,475.8694458007813,-0.0051908638499538,477.1208801269531,0.0020651096645658,,,0.0,,,0.0,
2024-07-05,492.8041076660156,493.2411340464325,488.2650106714653,488.5629997369305,28495900,0.01042682420148,0.0103728398029769,483.74778442382814,485.6778313144799,479.7279541015625,481.3755524204566,474.9360153198242,474.6500236288886,454.54932067871096,460.0562921804659,76.64391982320859,98.0684684298531,-1.9315315701469,8.906721479652447,8.353286396389219,0.5534350832632278,492.3818511148706,457.4901795247778,474.9360153198242,7.34660469297041,27796630.0,1.0251566466870266,728142800,5.481438279227591,0.0065299035173544,0.007646225804641,0.006819897632715,33.543446849309674,173.3152207096973,0.912175332567804,487.71875,0.0083371457735164,483.6861877441406,0.0104996287794287,478.6604309082031,0.0058650227116918,478.3525085449219,0.0025813760605928,,,0.0,,,0.0,
2024-07-08,493.9761352539063,494.5323451541408,492.1485841086832,493.17161627995387,22109400,0.0023782829113205,0.0023754592725724,487.36912231445314,488.4439326276221,481.5080322265625,483.66656748108375,476.6595474243164,476.4906056884141,455.9697839355469,461.3864821049146,77.2796806193125,97.67442680200878,-2.325573197991229,9.365458628884769,8.555720842888329,0.8097377859964379,494.4741472106665,458.8449476379664,476.6595474243164,7.474768892226441,27803760.0,0.7951946067726092,750252200,5.260175619672589,0.0034340214363968,0.0073769830777097,0.0067658647642375,34.969798361900985,182.3063024329536,0.7666670904908672,492.8041076660156,0.01042682420148,487.71875,0.0083371457735164,483.6861877441406,0.0104996287794287,475.8694458007813,-0.0051908638499538,,,0.0,,,0.0,
2024-07-09,494.4032287597656,496.6181566504467,492.88357841286194,495.49579476663,25614500,0.0008646035210584,0.0008642299667362,490.5176818847656,490.43036467167,483.8729278564453,485.6186877135713,478.4247604370117,478.1965697904476,457.43964599609376,462.6812564835362,77.51982000065503,91.4820037058185,-8.5179962941815,9.652209340244896,8.775018542359643,0.8771907978852518,495.9230151129386,460.92650576108485,478.4247604370117,7.314945263260748,27793000.0,0.9216169539092576,775866700,5.151204378094886,0.0045699649916099,0.0053253580144333,0.0067153426851689,36.46692098069932,176.60210798007455,0.4069135120987044,493.9761352539063,0.0023782829113205,492.8041076660156,0.01042682420148,487.71875,0.0083371457735164,478.6604309082031,0.0058650227116918,,,0.0,,,0.0,
2024-07-10,499.55810546875,500.1143153546077,495.01903875500045,496.3300875938562,28046900,0.0104264624685312,0.0103724818027687,493.6920654296875,493.4729449373633,486.21497802734376,488.153127305422,480.354997253418,480.2310017598097,458.8826983642578,464.12740742413285,80.23514922222141,98.11448397101918,-1.885516028980821,10.178090126896224,9.05563285926696,1.1224572676292637,498.2312220146412,462.4787724921948,480.354997253418,7.442922365099233,28162305.0,0.9959021465039882,803913600,5.1911959650054,0.0045540508445443,0.0051963082870671,0.0068805420450128,38.1272069450913,181.94846038759425,0.890838137032707,494.4032287597656,0.0008646035210584,493.9761352539063,0.0023782829113205,492.8041076660156,0.01042682420148,483.6861877441406,0.0104996287794287,,,0.0,,,0.0,
2024-07-11,488.6027526855469,499.875991373456,487.4108872466256,499.6674202260992,49966600,-0.021930087137558,-0.0221741259578703,493.8688659667969,491.8495475200912,487.3631652832031,488.23487737453553,481.5792953491211,481.02831137178464,460.0719354248047,465.0872248853648,62.8580782034032,60.97653694583097,-39.02346305416903,9.600184081004045,9.164543103614378,0.4356409773896672,498.1453151604357,465.0132755378065,481.5792953491211,6.879872108831016,29557970.0,1.690461151425487,753947000,5.710760833707185,0.0132648396859012,0.0099647855736392,0.008959579012872,37.75899677184343,104.012378606916,0.0956161638751429,499.55810546875,0.0104264624685312,494.4032287597656,0.0008646035210584,493.9761352539063,0.0023782829113205,487.71875,0.0083371457735164,,,0.0,,,0.0,
2024-07-12,491.4732055664063,496.24072780150505,488.7120097956045,489.1788320807586,37109400,0.0058748192986681,0.0058576298382316,493.602685546875,491.7241002021962,488.67523498535166,488.823664318512,482.64317321777344,482.0230631998438,461.48042053222656,466.1219692257978,64.99714394257538,70.70718908796017,-29.29281091203984,9.266986877926286,9.18503185847676,0.0819550194495271,498.8778914252263,466.4084550103206,482.64317321777344,6.727420632189306,29686810.0,1.2500298954316749,791056400,5.848418996725113,0.0125441080818822,0.0100247424830393,0.0086550829158849,37.41708732525611,91.0358133303141,0.3667551060620248,488.6027526855469,-0.021930087137558,499.55810546875,0.0104264624685312,494.4032287597656,0.0008646035210584,492.8041076660156,0.01042682420148,,,0.0,,,0.0,
2024-07-15,492.7941589355469,497.62130286804535,490.7480946872657,493.251039123013,31151400,0.0026877423920155,0.0026841368714612,493.3662902832031,492.08078644664647,490.3677062988282,489.5455724307001,483.6456695556641,483.0488818413394,462.97621276855466,467.1679374497096,65.96846552864787,74.04927554550899,-25.950724454491013,9.005703447663791,9.149166176314164,-0.1434627286503733,499.787440682499,467.5038984288292,483.6456695556641,6.675040072896629,29951430.0,1.0400638633948365,822207800,5.921618224157582,0.0125624689541855,0.0096327957580642,0.0086239342724815,37.26254589308211,92.28206740127482,0.2976869308241048,491.4732055664063,0.0058748192986681,488.6027526855469,-0.021930087137558,499.55810546875,0.0104264624685312,493.9761352539063,0.0023782829113205,,,0.0,,,0.0,
2024-07-16,492.98291015625,495.068712485088,489.81448387875247,494.2542514301147,25950600,0.0003830224390459,0.0003829491046767,493.0822265625,492.3814943498477,491.7999542236329,490.1705429262546,484.53513488769534,483.9949797760928,464.36907775878905,468.1802893205543,66.11316851256242,73.66114213173617,-26.338857868263823,8.713422185745912,9.062017378200515,-0.3485951924546029,500.6764331360145,468.39383663937616,484.53513488769534,6.662591455647639,30080330.0,0.8627099503230184,848158400,5.873947537170291,0.0125520445977448,0.0096419552585614,0.0086008413787128,36.88537753757269,73.20944413081278,0.6030240621081389,492.7941589355469,0.0026877423920155,491.4732055664063,0.0058748192986681,488.6027526855469,-0.021930087137558,494.4032287597656,0.0008646035210584,,,0.0,,,0.0,
2024-07-17,478.5114440917969,485.4938941085194,478.44194058688345,484.97742214156807,56268800,-0.02935490412815,-0.0297943812400923,488.8728942871094,487.7581442638308,491.2824798583985,488.050706774535,484.4099746704102,483.4727382823503,465.30234375,468.5854326449168,48.93364931179269,20.21278557154345,-79.78721442845655,7.230709691230004,8.695755840806413,-1.465046149576409,500.6966887040311,468.12326063678927,484.4099746704102,6.724351225303442,31041045.0,1.8127224776098871,791889600,6.493020539470024,0.0160156033765137,0.0136139298675977,0.0107277376647396,34.26445921528184,-33.27806421614962,0.0098559221496851,492.98291015625,0.0003830224390459,492.7941589355469,0.0026877423920155,491.4732055664063,0.0058748192986681,499.55810546875,0.0104264624685312,,,0.0,,,0.0,
2024-07-18,476.2468566894531,482.42478759582406,473.0486346386727,482.2460123391684,49347400,-0.0047325668597997,-0.0047438009122911,486.4017150878906,483.92104840570494,490.13529052734384,485.904552213611,484.16414642333984,482.7845590830268,466.0957141113281,468.8858806466634,46.88069938982808,11.8488454978075,-88.1511545021925,5.805988260966672,8.117802324838465,-2.311814063871793,500.7844534485183,467.5438393981614,484.16414642333984,6.86556703876461,32286485.0,1.5284228060131042,742542200,6.698958569304405,0.0141383243141089,0.0132412037182962,0.0107741395464732,32.587172387213656,-62.56288015705052,0.3411017360064479,478.5114440917969,-0.02935490412815,492.98291015625,0.0003830224390459,492.7941589355469,0.0026877423920155,488.6027526855469,-0.021930087137558,,,0.0,,,0.0,
2024-07-19,472.025634765625,478.4320213678309,470.73443963101306,475.90919254373387,42042900,-0.008863516608112,-0.008903031237107,482.5122009277344,479.9559105256783,488.0574432373048,483.3811126776135,483.8926986694336,481.75989962422665,466.8032708740234,469.0090082591717,43.239184993276304,4.394828442296628,-95.60517155770336,4.286852761726038,7.35161241221598,-3.064759650489941,501.1091133145548,466.6762840243124,483.8926986694336,7.115798478655036,32692695.0,1.286002882295265,700499300,6.770288795555364,0.0127666924447473,0.0125696045024943,0.0108180718777551,31.336717807498047,-88.79865022432281,0.1677403603808882,476.2468566894531,-0.0047325668597997,478.5114440917969,-0.02935490412815,492.98291015625,0.0003830224390459,491.4732055664063,0.0058748192986681,,,0.0,,,0.0,
2024-07-22,479.0577697753906,480.08080201661727,474.4789343811228,477.9056119572144,40300000,0.0148977820097786,0.0147879000428936,479.7649230957031,479.6565302755824,486.5656066894532,482.5950503317548,484.0368194580078,481.5025539243375,467.65662658691406,469.4030773382392,50.18161194553368,28.33003863829552,-71.66996136170448,3.608761898294063,6.603042309431596,-2.9942804111375336,501.03933914688713,467.0342997691285,484.0368194580078,7.025300144694616,32834855.0,1.2273542855602682,740799300,6.862065828086571,0.0160595168049742,0.0138580048835331,0.0113346767051615,29.88255216877911,-54.324586939598575,0.8173765772639351,472.025634765625,-0.008863516608112,476.2468566894531,-0.0047325668597997,478.5114440917969,-0.02935490412815,492.7941589355469,0.0026877423920155,,,0.0,,,0.0,
2024-07-23,477.3692321777344,481.1534601075388,476.892498146368,478.1538973525805,23282500,-0.0035247055870691,-0.0035309319969536,476.6421875,478.89409757629977,484.86220703125,481.64490157647833,484.3675674438476,481.1089042341849,468.4571728515625,469.71547556723897,48.64312992135678,22.582779481919285,-77.41722051808071,2.9016704801420588,5.862767943573689,-2.9610974634316305,500.5618328465239,468.1733020411714,484.3675674438476,6.686767030310567,32111430.0,0.7250533532763879,717516800,6.676272694735447,0.0157924354960658,0.0137922468521929,0.0110382973024238,28.3390960264553,-53.4505155095937,0.1118841321982148,479.0577697753906,0.0148977820097786,472.025634765625,-0.008863516608112,476.2468566894531,-0.0047325668597997,492.98291015625,0.0003830224390459,,,0.0,,,0.0,
2024-07-24,460.245849609375,470.9827317756404,459.3817388630185,470.6152391879869,58818600,-0.0358703104727621,-0.0365294607157005,472.9890686035157,472.6780149206582,480.9309814453125,477.7541648551868,483.57297973632814,479.1219466508697,468.8946246337891,469.3441176865384,36.44171631088381,2.121424227939386,-97.8785757720606,0.9486461672461814,4.879943588308188,-3.9312974210620064,502.6138239203834,464.5321355522729,483.57297973632814,7.875065391138046,33601625.0,1.7504689133338045,658698200,7.48421702473405,0.0182468187606676,0.0161918591112194,0.0134372022844699,28.870840782499183,-170.4530157036928,0.074485930028361,477.3692321777344,-0.0035247055870691,479.0577697753906,0.0148977820097786,472.025634765625,-0.008863516608112,478.5114440917969,-0.02935490412815,,,0.0,,,0.0,
2024-07-25,455.1704406738281,464.7750501371207,452.54831230185806,460.5835912562857,59256800,-0.0110276039205015,-0.0110888586897933,468.7737854003906,466.8421568383815,477.58775024414064,473.6480331858488,482.4754577636719,476.8408508435324,469.2103387451172,468.78828721545176,33.74022960368315,5.512610275583134,-94.48738972441689,-0.9971877954622528,3.7045173115541,-4.701705107016353,505.075246622976,459.87566890436784,482.4754577636719,9.368264642540211,35427610.0,1.6726163576939004,599441400,7.822968511200377,0.0182150446207812,0.0155054216745961,0.0135670865194198,29.87802258517613,-192.3299129753905,0.2144585421948158,460.245849609375,-0.0358703104727621,477.3692321777344,-0.0035247055870691,479.0577697753906,0.0148977820097786,476.2468566894531,-0.0047325668597997,,,0.0,,,0.0,
2024-07-26,459.8385925292969,462.7785633719282,456.6602243726604,459.5207496514002,39992100,0.0102558326251547,0.0102035984070994,466.336376953125,464.50763540202,474.4242889404297,471.1372257937485,481.5497619628906,475.2215881469385,469.562890625,468.4373187963869,38.272747985288,15.326661395858835,-84.67333860414116,-2.1379494382253483,2.5360239615982105,-4.673973399823559,506.1751268758936,456.9243970498876,481.5497619628906,10.227547330778538,36116110.0,1.1073202512673708,639433500,7.807622381693213,0.0201254332657227,0.0159632730140698,0.0138175485557962,30.813262830519,-153.9009953031721,0.5194821923016808,455.1704406738281,-0.0110276039205015,460.245849609375,-0.0358703104727621,477.3692321777344,-0.0035247055870691,472.025634765625,-0.008863516608112,,,0.0,,,0.0,
2024-07-29,460.7622985839844,464.7451857175545,458.4977211057792,462.56005380386296,28218500,0.002008761486518,0.0020067466229655,462.6772827148437,463.2591897960082,471.2211029052734,469.2508753919732,480.7944046020508,473.8445129504667,469.7956799316406,468.1363376115868,39.15960815072332,17.268607313961585,-82.73139268603842,-2.9336585108056283,1.4420874671174428,-4.375745977923071,506.9496500899797,454.63915911412187,480.7944046020508,10.880012428421416,35782955.0,0.7886017239213474,667652000,7.696182540984791,0.0175977342932376,0.0159211697418998,0.0138205326853881,31.31391284249015,-126.64072122338958,0.3624794406839274,459.8385925292969,0.0102558326251547,455.1704406738281,-0.0110276039205015,460.245849609375,-0.0358703104727621,479.0577697753906,0.0148977820097786,,,0.0,,,0.0,
2024-07-30,454.4353942871094,463.4043166892039,451.0782508086242,462.6991274170474,41317200,-0.0137313845258582,-0.0138265319947167,458.0905151367188,460.3179246263753,467.36635131835936,466.5571515547252,479.5831527709961,471.9960254587184,469.9201770019531,467.5990457165093,35.40718533839981,6.879710903878699,-93.1202890961213,-4.028355608323807,0.347998852029193,-4.376354460352999,508.1537155717587,451.0125899702335,479.5831527709961,11.914748312439254,36603900.0,1.1287649676673797,626334800,8.026888493812997,0.0175942208832854,0.0158605385700918,0.0139633319141957,32.345708757446225,-137.6267580325908,0.2723613122778517,460.7622985839844,0.002008761486518,459.8385925292969,0.0102558326251547,455.1704406738281,-0.0110276039205015,477.3692321777344,-0.0035247055870691,,,0.0,,,0.0,
2024-07-31,467.8838195800781,469.5921871864052,463.2553348988527,464.70545137397374,44552100,0.0295937012434206,0.0291642596076214,459.61810913085935,462.839889610943,466.3035888671875,466.79836392297113,478.793034362793,471.60438680360977,470.31800537109376,467.6102133190022,47.026860686107874,36.10757788294241,-63.89242211705759,-3.767308232771313,-0.4750625649309083,-3.292245667840405,507.7375988020905,449.8484699234954,478.793034362793,12.09063723235604,37495325.0,1.1882041294481378,670886900,8.536167379918917,0.0175832739322229,0.0178670840975851,0.0154703334540517,32.232954191862994,-68.62079237225744,0.7304075384941685,454.4353942871094,-0.0137313845258582,460.7622985839844,0.002008761486518,459.8385925292969,0.0102558326251547,460.245849609375,-0.0358703104727621,,,0.0,,,0.0,
2024-08-01,456.5509948730469,472.33350369622815,452.8958926151431,468.5691599962209,56653900,-0.0242214503532145,-0.0245196141675065,459.8942199707032,460.7435913649777,464.33400268554686,464.935205913894,477.2346466064453,470.1707304292704,470.42670349121096,467.1765184779843,40.42702677312394,11.758455499299147,-88.24154450070085,-4.423894644705342,-1.264828980885795,-3.159065663819547,507.418773315521,447.05051989736967,477.2346466064453,12.649595717205836,39424775.0,1.437012639894584,614233000,9.314841930002212,0.0209593859209544,0.0191994331285988,0.0160768782825923,32.90183533382176,-92.42923889255984,0.1880427714412797,467.8838195800781,0.0295937012434206,454.4353942871094,-0.0137313845258582,460.7622985839844,0.002008761486518,455.1704406738281,-0.0110276039205015,,,0.0,,,0.0,
2024-08-02,445.71478271484375,450.502188881302,441.4637326291967,447.8403229132502,66323200,-0.0237349436971796,-0.0240211553578516,457.0694580078125,455.7339884815997,461.7029174804687,461.44058351406665,474.8801803588867,467.841592551706,470.30102600097655,466.33488178139055,35.32242834212008,7.93032680373226,-92.06967319626771,-5.752326625140483,-2.162328509736733,-3.5899981154037506,507.11566081688335,442.6446999008901,474.8801803588867,13.57625851373074,41316140.0,1.605261285299159,547909800,9.727157666705637,0.0225686406358389,0.0201654988692594,0.0163680461169951,34.176901260739946,-145.72107514430238,0.470329220723928,456.5509948730469,-0.0242214503532145,467.8838195800781,0.0295937012434206,454.4353942871094,-0.0137313845258582,459.8385925292969,0.0102558326251547,,,0.0,,,0.0,
2024-08-05,432.42529296875,439.2985016588213,420.5859329762926,421.8373901313144,87483500,-0.0298161296449438,-0.0302696683813111,451.4020568847656,447.96442331064986,457.0396697998047,456.1650761421909,471.8026382446289,464.4686116390435,469.9113433837891,465.0050939848164,30.273811881655263,18.240227833283694,-81.7597721667163,-7.78769756818815,-3.2874023214270167,-4.500295246761134,507.7024088913763,435.9028675978815,471.8026382446289,15.218130521827833,44584845.0,1.9621801982265497,460426300,10.827278528980315,0.0241701837250011,0.0200884951733485,0.0171795222987361,36.18984735044462,-184.2550158322728,0.6326956065335994,445.71478271484375,-0.0237349436971796,456.5509948730469,-0.0242214503532145,467.8838195800781,0.0295937012434206,460.7622985839844,0.002008761486518,,,0.0,,,0.0,
2024-08-06,436.5571594238281,444.0461697793086,431.6207736907292,434.2727280075505,63164400,0.0095550989321449,0.0095097376994705,447.8264099121094,444.1620020150426,452.9584625244141,452.6000003752158,468.910334777832,461.8103780947373,469.644955444336,463.8894887079149,33.45829117358824,25.82717054803129,-74.17282945196871,-8.964005141758435,-4.4227228854933,-4.541282256265134,506.3485942492312,431.4720753064329,468.910334777832,15.968195492700003,46462340.0,1.3594752222983173,523590700,10.941429783237394,0.0260180536440909,0.0209641799460975,0.0174825859833094,37.42625432846271,-136.50265152170195,0.3972819617071506,432.42529296875,-0.0298161296449438,445.71478271484375,-0.0237349436971796,456.5509948730469,-0.0242214503532145,454.4353942871094,-0.0137313845258582,,,0.0,,,0.0,
2024-08-07,431.8293151855469,445.9630779902184,431.4320267462296,443.4700452934175,54929200,-0.0108298401165178,-0.0108889096982039,440.6155090332031,440.0511064052107,450.1168090820312,448.8235121589123,465.5238952636719,458.95503877005245,469.1989270019531,462.63222700115534,31.675627945970437,18.563383287698915,-81.43661671230109,-10.160609702546594,-5.570300248903959,-4.590309453642635,503.5093479403429,427.5384425870009,465.5238952636719,16.31944270235843,47806455.0,1.1489912816166772,468661500,11.197831316148209,0.0157949290286898,0.0187350578905336,0.0170690433714605,38.32025352529509,-128.0316695835564,0.027340653655659,436.5571594238281,0.0095550989321449,432.42529296875,-0.0298161296449438,445.71478271484375,-0.0237349436971796,467.8838195800781,0.0295937012434206,,,0.0,,,0.0,
2024-08-08,445.0393676757813,445.9531280389296,434.1932146384202,438.0767719597118,47890100,0.0305909117924483,0.0301323385075394,438.31318359375,441.7138601620676,449.10370178222655,448.1354858892521,463.3457260131836,457.62973676107424,468.98278869628905,461.9423109491799,41.11599643690962,40.37383703399277,-59.62616296600724,-9.928536613315828,-6.441947521786334,-3.4865890915294937,500.77984643875897,425.9116055876082,463.3457260131836,16.15818095385227,47702630.0,1.0039299719952548,516551600,11.406829997379244,0.0248961456557656,0.0218978530427728,0.0186384471833176,39.15039563663945,-96.57671202918408,0.9222987166554348,431.8293151855469,-0.0108298401165178,436.5571594238281,0.0095550989321449,432.42529296875,-0.0298161296449438,456.5509948730469,-0.0242214503532145,,,0.0,,,0.0,
2024-08-09,447.3635559082031,449.0023897057576,442.5960035839398,443.7183654286112,33574000,0.0052224328929817,0.0052088432836687,438.6429382324219,443.5970920774461,447.8561981201172,447.9951349836068,461.14024353027344,456.65200525127705,468.877392578125,461.37059506522,42.61823409676221,44.21118741381831,-55.78881258618169,-9.44816192243394,-7.043190401915855,-2.4049715205180844,496.8433483134193,425.4371387471276,461.14024353027344,15.484705698127602,47525860.0,0.7064364537538089,550125600,11.049655434839138,0.0226726943552549,0.0216403344097765,0.0186199090593961,39.48211451906574,-70.67707959495628,0.7441874769228118,445.0393676757813,0.0305909117924483,431.8293151855469,-0.0108298401165178,436.5571594238281,0.0095550989321449,445.71478271484375,-0.0237349436971796,,,0.0,,,0.0,
2024-08-12,448.3269958496094,451.2967626201712,445.5161202096437,448.3369379119588,27795000,0.0021535950541395,0.0021512793923801,441.8232788085937,445.1737266681672,446.6126678466797,448.05547332288,458.91688537597656,455.859147213023,468.8882501220703,460.8590813704902,43.26438670395628,53.60843511564038,-46.39156488435962,-8.887273016332415,-7.412006924799167,-1.475266091533248,491.8923337634594,425.9414369884937,458.91688537597656,14.370989361381673,47358040.0,0.5869119583496276,577920600,10.67329736167402,0.0150585318579027,0.0216437624829161,0.0186093981957009,39.45986984608238,-55.22700781669019,0.4862566199905368,447.3635559082031,0.0052224328929817,445.0393676757813,0.0305909117924483,431.8293151855469,-0.0108298401165178,432.42529296875,-0.0298161296449438,,,0.0,,,0.0,
2024-08-13,459.45123291015625,459.7194261094815,452.5979085233757,452.7369761543098,40084500,0.024812775415109,0.0245099377747423,446.4020935058594,449.9328954154969,447.1142517089844,450.1274296114756,457.2403015136719,456.20125061275,469.13825256347656,460.8038716269477,50.23281083399795,75.10555450845723,-24.89444549154277,-7.459147150410615,-7.421434969921457,-0.0377121804891587,486.2936104329257,428.186992594418,457.2403015136719,12.70811379621361,48064735.0,0.8339690211544909,618005100,10.7246639972596,0.0170361161853732,0.0228255002525359,0.0197190723321195,38.31804091956134,-3.607373372952434,0.9623404427246328,448.3269958496094,0.0021535950541395,447.3635559082031,0.0052224328929817,445.0393676757813,0.0305909117924483,436.5571594238281,0.0095550989321449,,,0.0,,,0.0,
2024-08-14,459.6002502441406,461.9641272088199,455.2995200325608,460.3749733562008,34733700,0.0003243376517687,0.0003242850656827,451.9562805175781,453.1553470250449,446.2858947753906,451.84976063559645,456.29474182128905,456.52496486335855,469.3432385253906,460.7566707884063,50.32083549130391,75.39352422744341,-24.606475772556585,-6.243353170120827,-7.185818609961331,0.942465439840504,483.7016751943693,428.8878084482088,456.29474182128905,12.012820162549405,46987980.0,0.73920394109302,652738800,10.434659938616706,0.0140273873535441,0.0205634228342516,0.0187505214012924,36.98123014709679,12.790028946998646,0.6453088828454162,459.45123291015625,0.024812775415109,448.3269958496094,0.0021535950541395,447.3635559082031,0.0052224328929817,431.8293151855469,-0.0108298401165178,,,0.0,,,0.0,
2024-08-15,471.2112121582031,471.6085006441093,465.212055994164,465.5894906646838,38280600,0.0252631757878607,0.024949336500174,457.1906494140625,459.17396873609766,447.7519165039063,455.3700245487977,456.04295959472654,457.9236550819152,469.75585021972654,461.1666528029081,56.74109840135066,97.83121889122292,-2.168781108777085,-4.293428124953039,-6.607340512959673,2.313912388006634,482.7968239824731,429.28909520698,456.04295959472654,11.73304568127617,46434640.0,0.8243974756776407,691019400,10.547059257284705,0.0124328022780715,0.0204671948275271,0.0196839482816157,34.6575053668875,79.62360742185973,0.9378891700402074,459.6002502441406,0.0003243376517687,459.45123291015625,0.024812775415109,448.3269958496094,0.0021535950541395,445.0393676757813,0.0305909117924483,,,0.0,,,0.0,
2024-08-16,471.8170166015625,473.1876874820908,468.4598732127125,469.4233135916952,38383600,0.0012856324886343,0.0012848067708237,462.0813415527344,463.388318024586,450.3621398925781,458.36038674020944,456.03252868652345,459.2468323695006,469.99890625,461.5843141283456,57.05295914636163,97.39424874054878,-2.6057512594512304,-2.668454836249225,-5.819563377617583,3.151108541368358,482.7616105680592,429.3034468049877,456.03252868652345,11.722445308242152,46251675.0,0.829885620358614,729403000,10.131398901005673,0.0130437646690937,0.0181903877274644,0.0195834036254115,32.33671884916905,92.4489591353812,0.7100836025905176,471.2112121582031,0.0252631757878607,459.6002502441406,0.0003243376517687,459.45123291015625,0.024812775415109,447.3635559082031,0.0052224328929817,,,0.0,,,0.0,
2024-08-19,478.0148315429688,478.0545694827898,470.16827069807226,471.95611425601714,23737700,0.0131360564017981,0.0130505266147433,468.01890869140624,468.2638225307136,454.92109375,461.9339221588929,455.9803817749024,461.0342608622119,470.3690930175781,462.2286481446053,60.21316552180637,99.93085282297152,-0.0691471770284936,-0.8705052861126887,-4.829751759316605,3.959246473203916,482.5330638119901,429.4276997378146,455.9803817749024,11.64641423112612,45423560.0,0.5225856361764688,753140700,9.971034606985093,0.0121226867744872,0.0132245735622021,0.0195174769750454,30.36571322774254,120.67268121771396,0.9949611419747992,471.8170166015625,0.0012856324886343,471.2112121582031,0.0252631757878607,459.6002502441406,0.0003243376517687,448.3269958496094,0.0021535950541395,,,0.0,,,0.0,
2024-08-20,477.01165771484375,479.6735236269398,475.3132018798396,477.1010453412389,29209300,-0.0020986249001666,-0.0021008300991996,471.5309936523437,471.1797675920904,458.9665435791016,464.6753286236112,455.9625030517578,462.5559177053197,470.7273468017578,462.8083740101049,59.4506285209032,95.49505085114365,-4.504949148856361,0.4680396718487714,-3.7701934730835296,4.238233144932301,482.4579738720539,429.46703223146176,455.9625030517578,11.621776195613387,45719900.0,0.6388749756670509,723931400,9.5702694027076,0.0115054761390581,0.0137845772562641,0.0195062460043248,28.69643158181079,133.57413377886732,0.389525345485053,478.0148315429688,0.0131360564017981,471.8170166015625,0.0012856324886343,471.2112121582031,0.0252631757878607,459.45123291015625,0.024812775415109,,,0.0,,,0.0,
2024-08-21,479.2365112304688,481.0938582480417,476.0780270943448,477.7963064815791,25658800,0.0046641491452921,0.0046533057055416,475.4582458496094,473.8653488048832,463.70726318359374,467.3228163703126,456.9120361328125,464.1445456600958,471.0930096435547,463.4526146854133,60.64110886535532,96.9304070347292,-3.069592965270794,1.688904638200654,-2.6783738508266928,4.367278489027347,485.2505258860634,428.5735463795616,456.9120361328125,12.404352484605424,44061910.0,0.582335173395797,749590200,9.244952384921122,0.0109724236208381,0.0120744644880591,0.0175778874678244,27.29159705910917,130.72088428779054,0.6297030420836772,477.01165771484375,-0.0020986249001666,478.0148315429688,0.0131360564017981,471.8170166015625,0.0012856324886343,459.6002502441406,0.0003243376517687,,,0.0,,,0.0,
2024-08-22,471.6382751464844,482.2559738891847,470.60530088101154,481.56069633698496,37739600,-0.0158548773015551,-0.0159819103872273,475.5436584472656,473.1229909187503,466.3671539306641,468.1074452387074,457.7354278564453,464.85823418260895,471.2434393310547,463.7736209780044,54.73134328796472,82.78305221542232,-17.216947784577684,2.02004890270905,-1.7386893001195445,3.758738202828594,486.7720236955227,428.6988320173679,457.7354278564453,12.687065091314642,42986050.0,0.8779499395734197,711850600,9.416789572296269,0.010624123961148,0.0124304303478669,0.0178003812537009,25.344926739612653,95.54177618680356,0.0886621970026379,479.2365112304688,0.0046641491452921,477.01165771484375,-0.0020986249001666,478.0148315429688,0.0131360564017981,471.2112121582031,0.0252631757878607,,,0.0,,,0.0,
2024-08-23,476.75341796875,479.4748756967485,472.06534147961065,475.9985486907264,36061500,0.0108454786047145,0.0107870882034919,476.5309387207032,474.3331332687502,469.30614013671874,469.67944028053336,458.581169128418,465.9911088289081,471.3745947265625,464.2826326247003,57.718661661536,89.17330071795213,-10.826699282047858,2.6645174957357654,-0.8580479409484827,3.522565436684248,488.775786429844,428.386551826992,458.581169128418,13.168712251667047,42789520.0,0.8427647704391169,747912100,9.303918927865398,0.0116710269573236,0.0125236661073564,0.0178153806913056,23.537304300080173,92.3506405901599,0.632708663148194,471.6382751464844,-0.0158548773015551,479.2365112304688,0.0046641491452921,477.01165771484375,-0.0020986249001666,471.8170166015625,0.0012856324886343,,,0.0,,,0.0,
2024-08-26,472.12493896484375,477.1308584014276,470.03913667367,476.2071559175767,27452600,-0.0097083289378947,-0.0097557620101868,475.35296020507815,473.5970685007815,471.68593444824216,470.12407640495337,459.14930114746096,466.5752831275687,471.3622088623047,464.590174049804,54.23128380994319,80.06641456665128,-19.933585433348725,2.769854763513706,-0.1324674000560449,2.902322163569751,489.9090003194515,428.3896019754704,459.14930114746096,13.39856081458423,42751225.0,0.642147681148318,720459500,9.145904842143413,0.0107223655908536,0.013499864567724,0.0180052836034589,22.10496949340633,70.40331563444865,0.2941178984759574,476.75341796875,0.0108454786047145,471.6382751464844,-0.0158548773015551,479.2365112304688,0.0046641491452921,478.0148315429688,0.0131360564017981,,,0.0,,,0.0,
2024-08-27,473.5353393554688,474.60802120277503,468.5194779462626,470.4860966960176,27510000,0.0029873456668427,0.0029828924165038,474.6576965332032,473.5764921190106,473.09434509277344,470.7443060323198,460.1042984008789,467.238145625464,471.3290435791016,464.9409648461046,55.12112703767913,81.855734731715,-18.144265268285,2.933329237936391,0.4806919275424423,2.452637310393949,491.4005992944678,428.80799750729005,460.1042984008789,13.604002832558226,42060865.0,0.6540521693978476,747969500,8.927521871741199,0.0109993793381847,0.0116224909076984,0.017651772185605,20.961719697787608,59.99697504647602,0.8238196228233661,472.12493896484375,-0.0097083289378947,476.75341796875,0.0108454786047145,471.6382751464844,-0.0158548773015551,477.01165771484375,-0.0020986249001666,,,0.0,,,0.0,
2024-08-28,468.1619262695313,473.7935589984192,464.7253372305788,473.06851591373936,37372400,-0.0113474383839045,-0.0114123117944347,472.4427795410156,471.7716368358508,473.9505126953125,470.2747824390855,460.1182037353516,467.3261247344228,471.0719891357422,465.067277058788,51.04897236631558,64.46278826943673,-35.53721173056327,2.599330939099445,0.904419729853843,1.6949112092456025,491.4285623983749,428.8078450723283,460.1182037353516,13.60970220644964,41701880.0,0.896180220172328,710597100,8.937571864319711,0.011117830552212,0.0124845613010716,0.0166545766878513,20.35554416609684,42.96789416385342,0.3789705552969757,473.5353393554688,0.0029873456668427,472.12493896484375,-0.0097083289378947,476.75341796875,0.0108454786047145,479.2365112304688,0.0046641491452921,,,0.0,,,0.0,
2024-08-29,467.4765930175781,474.6974098895093,466.195309724221,470.07886723160885,41081500,-0.0014638807931566,-0.0014649533134672,471.6104431152344,470.33995556309327,473.57705078125,469.7660207260841,460.66448364257815,467.3404550471042,470.7982525634766,465.1617600375641,50.53617614897537,59.77289131165853,-40.22710868834146,2.2533588963893862,1.1742075631609517,1.0791513332284346,492.0878675375584,429.241099747598,460.66448364257815,13.642633635008451,40923260.0,1.0038667496186766,669515600,8.906466742960324,0.009173540949665,0.0094147935816465,0.0156480085819143,19.655116139045283,42.31963638470904,0.1507019757980738,468.1619262695313,-0.0113474383839045,473.5353393554688,0.0029873456668427,472.12493896484375,-0.0097083289378947,471.6382751464844,-0.0158548773015551,,,0.0,,,0.0,
2024-08-30,473.0486755371094,473.67441930067,467.32765465134537,471.82701419984215,33466500,0.0119194898798318,0.0118490122458591,470.86949462890624,471.2428622210987,473.7002166748047,470.3628670553614,462.0311782836914,467.8840950937714,470.7101342773437,465.4710508414678,54.53502665385895,68.95516198204263,-31.04483801795737,2.401115486748438,1.4195891478784488,0.9815263388699892,493.1106340165945,430.9517225507883,462.0311782836914,13.45340193203154,39280425.0,0.8519892541895868,702982100,8.723630879129205,0.0095468115843472,0.0102356957593085,0.0146446561496962,19.00471868535456,46.70871598742786,0.9014074417085288,467.4765930175781,-0.0014638807931566,468.1619262695313,-0.0113474383839045,473.5353393554688,0.0029873456668427,476.75341796875,0.0108454786047145,,,0.0,,,0.0,
2024-09-03,458.6864318847656,470.1285026150824,456.3026709381786,469.9994073634833,44985200,-0.0303610270888858,-0.0308314696408079,468.1817932128906,467.05738544232105,471.7673767089844,468.23987884252574,463.3442352294922,467.0081271691042,470.36035583496096,465.2049873529697,44.53994038108371,12.564382059373065,-87.43561794062694,1.3438100113528435,1.404433320573328,-0.0606233092204844,491.37942510079785,435.30904535818655,463.3442352294922,12.101236074479248,37155510.0,1.210727560999701,657996900,9.296657573400749,0.0161547974656872,0.0130373407624033,0.0147094446499184,19.6465699345072,-9.02838416575407,0.1724135663066021,473.0486755371094,0.0119194898798318,467.4765930175781,-0.0014638807931566,468.1619262695313,-0.0113474383839045,472.12493896484375,-0.0097083289378947,,,0.0,,,0.0,
2024-09-04,457.49456787109375,461.3086220226015,454.6340727242135,455.5677172920808,32505100,-0.0025984287539844,-0.0026018105294511,464.9736389160156,463.8697795852453,469.8156677246094,466.286185938629,464.3911056518554,466.1020739026271,470.09516174316406,464.9026179615236,43.82215623677264,10.35589523616055,-89.64410476383945,0.4050452302644771,1.204555702511558,-0.7995104722470807,489.7864271893432,438.9957841143677,464.3911056518554,10.93704045078163,35622545.0,0.9124867411915684,625491800,9.109364125185552,0.0155912109905134,0.0130300197265523,0.0146777808005909,20.400999562744698,-40.95687698681024,0.4285675360174835,458.6864318847656,-0.0303610270888858,473.0486755371094,0.0119194898798318,467.4765930175781,-0.0014638807931566,473.5353393554688,0.0029873456668427,,,0.0,,,0.0,
2024-09-05,457.9216918945313,462.2124498582173,454.8426531701362,455.8656853906013,34452400,0.0009336155081034,0.0009331799602133,462.9255920410157,461.8870836883406,467.6841857910157,464.7653688397021,465.6957244873047,465.322989901856,469.73084350585935,464.62885615497487,44.169395268288014,11.902219006152226,-88.09778099384776,-0.3009975704879366,0.903445047911659,-1.2044426183995958,486.53872950019786,444.8527194744115,465.6957244873047,8.951340507083128,34598705.0,0.9957713735239512,659944200,8.985109308249521,0.0156570882234798,0.0128029057196346,0.0143497683607023,20.93738455137409,-50.93512646258253,0.417791542246061,457.49456787109375,-0.0025984287539844,458.6864318847656,-0.0303610270888858,473.0486755371094,0.0119194898798318,468.1619262695313,-0.0113474383839045,,,0.0,,,0.0,
2024-09-06,445.6551818847656,458.10043106486665,445.15856375258096,457.21643624021857,50624400,-0.0267873530057425,-0.0271526728897828,458.5613098144531,456.4764497538157,465.08587646484375,461.29078939334994,465.7265151977539,463.44986532879983,469.1015295410156,463.8847904973196,37.08074399506321,1.3386867987710422,-98.66131320122896,-1.8292598502554824,0.3569040682782307,-2.186163918533713,486.4488393895991,445.0041910059087,465.7265151977539,8.89892394597555,34735420.0,1.457428757159119,609319800,9.267734879966392,0.0183660561294242,0.0142666668622519,0.0142863001252227,22.30671277924277,-122.36039117880388,0.038372989012906,457.9216918945313,0.0009336155081034,457.49456787109375,-0.0025984287539844,458.6864318847656,-0.0303610270888858,467.4765930175781,-0.0014638807931566,,,0.0,,,0.0,
2024-09-09,451.38616943359375,452.3794057534475,446.77756867127937,449.995644648032,32981200,0.0128596901411324,0.0127777064344922,454.22880859375,454.77968964707503,462.5491516113281,459.489949400667,465.9276458740234,462.30094191020873,468.56220275878906,463.39464849482056,41.78178635630528,16.78717101296529,-83.21282898703471,-2.5485972752351813,-0.2241962004244517,-2.3244010748107296,486.0010699533722,445.8542217946746,465.9276458740234,8.616541326580226,34705780.0,0.950308565316786,642301000,9.086055522017498,0.0186413817628933,0.0145356716682893,0.0145285720663403,23.57823184797797,-122.9440258445625,0.8226945365659248,445.6551818847656,-0.0267873530057425,457.9216918945313,0.0009336155081034,457.49456787109375,-0.0025984287539844,473.0486755371094,0.0119194898798318,,,0.0,,,0.0,
2024-09-10,455.5577697753906,456.0643299932791,449.1712675740587,453.1541245672566,29680300,0.0092417548969909,0.0091993111827302,453.603076171875,455.0390496898469,460.8924346923829,458.7750076506167,466.2891845703125,461.6587350402261,468.1559692382813,463.087319917588,45.0029157031022,28.032161772254945,-71.96783822774506,-2.750359649019174,-0.7294288901433962,-2.0209307588757777,485.3146885888015,447.2636805518235,466.2891845703125,8.160388294667868,34800045.0,0.8528810810445792,671981300,8.929413157531993,0.0155555543382134,0.0151284750190352,0.0146556909054838,24.063582695313567,-102.16209667019623,0.9265115869880056,451.38616943359375,0.0128596901411324,445.6551818847656,-0.0267873530057425,457.9216918945313,0.0009336155081034,458.6864318847656,-0.0303610270888858,,,0.0,,,0.0,
2024-09-11,465.4503784179688,466.1953056243424,448.22766504395,456.7992989484092,57843000,0.0217153768389366,0.0214829567505303,455.19423828125,458.50949259922095,460.0839385986328,459.98871142649887,466.5891418457031,462.0198439333444,467.8917681884766,463.1799888783873,51.81189418750234,54.69873662519115,-45.30126337480885,-2.0879384872023934,-1.0011308095551956,-1.0868076776471978,485.3614381426461,447.81684554876017,466.5891418457031,8.04660658097817,35687970.0,1.6207982689965277,729824300,9.575000830593448,0.0185488456126373,0.0170523866811761,0.0144039326092846,22.92539926399329,-53.03036662475055,0.9585406217841228,455.5577697753906,0.0092417548969909,451.38616943359375,0.0128596901411324,445.6551818847656,-0.0267873530057425,457.49456787109375,-0.0025984287539844,,,0.0,,,0.0,
2024-09-12,470.019287109375,470.8337481570052,463.6923766741707,465.4801899049605,40067800,0.0098161026465066,0.0097682376875967,457.61375732421874,462.34609076927234,460.2696746826172,461.81245245974907,467.11009368896487,462.7816956643949,467.61843017578127,463.4481966521515,54.60711678454256,72.44579020391912,-27.554209796080887,-1.1806820290605629,-1.037041053456269,-0.1436409756042937,485.6545754318049,448.5656119461248,467.11009368896487,7.940090352741675,35954675.0,1.1143975018547658,769892100,9.401170162896378,0.0186555652926701,0.0170199461673468,0.0145449253105501,21.30655834567676,11.377616725208677,0.8859517321460634,465.4503784179688,0.0217153768389366,455.5577697753906,0.0092417548969909,451.38616943359375,0.0128596901411324,457.9216918945313,0.0009336155081034,,,0.0,,,0.0,
2024-09-13,472.12493896484375,473.3068925861367,469.0558424367427,469.28429769764654,29111800,0.004479926490716,0.0044699214900178,462.9077087402344,465.6057068344628,460.73450927734376,463.6874500061299,467.15578002929686,463.6715283596758,467.3065539550781,463.7884610565709,55.87738820548617,84.34294600508312,-15.657053994916884,-0.2884412710595256,-0.8873210969769204,0.5988798259173947,485.7448992723436,448.5666607862501,467.15578002929686,7.958424165010211,35496235.0,0.8201376850249048,799003900,9.03330444764621,0.0063903086249091,0.0170464394997029,0.0134371782161344,20.10723935463524,38.80589557092944,0.7219619670839112,470.019287109375,0.0098161026465066,465.4503784179688,0.0217153768389366,455.5577697753906,0.0092417548969909,445.6551818847656,-0.0267873530057425,,,0.0,,,0.0,
2024-09-16,470.0391540527344,470.6549557314034,466.7118365753345,469.9895043603904,22585600,-0.004417866416213,-0.0044276540255871,466.6383056640625,467.0835225738867,460.4335571289063,464.8423052873307,467.0668869018554,464.2779689018718,466.8512548828125,464.0335862721067,54.25767698069296,84.23006838120418,-15.769931618795836,0.2475074354803155,-0.6603553904854733,0.9078628259657888,485.582855419734,448.550918383977,467.0668869018554,7.928615381278031,34706335.0,0.6507630379295307,776418300,8.774718586350714,0.0094790100532255,0.0166754660849045,0.0134730251863892,18.682111003899173,19.5777855388941,0.8438287927957723,472.12493896484375,0.004479926490716,470.019287109375,0.0098161026465066,465.4503784179688,0.0217153768389366,451.38616943359375,0.0128596901411324,,,0.0,,,0.0,
2024-09-17,470.2874450683594,474.36966201518817,467.7845005092707,473.0685248896242,30084400,0.0005282347512631,0.0005280952843989,469.58424072265626,468.1514967387109,461.5936584472656,465.83233070206313,466.680517578125,464.8502999653469,466.3774810791016,464.2788356366656,54.42702691102854,85.07062597940566,-14.92937402059434,0.6843963613891901,-0.3914050401105406,1.0758014014997308,484.57875396458434,448.7822811916656,466.680517578125,7.67044507422065,35023670.0,0.8589733742923,806502700,8.618321652034053,0.0100177105971111,0.0129843173640623,0.0131111250657556,17.8328467719472,36.89128637568759,0.3800885607439563,470.0391540527344,-0.004417866416213,472.12493896484375,0.004479926490716,470.019287109375,0.0098161026465066,455.5577697753906,0.0092417548969909,,,0.0,,,0.0,
2024-09-18,468.2512817382813,475.5912815757591,467.6453918877667,471.4892414857105,39909200,-0.0043296144760617,-0.0043390143986566,470.1444213867188,468.1847584052345,462.6693298339845,466.2721399813755,466.24249877929697,465.17420299134056,465.854442138672,464.43461783672905,52.70379017401099,75.8812213877016,-24.118778612298403,0.8564598825778376,-0.141832055572865,0.9982919381507026,483.5262018714451,448.9587956871488,466.24249877929697,7.414040177547022,35558665.0,1.1223480971515662,766593500,8.57029079745965,0.0060741726051297,0.0130722326650835,0.0131328339504252,17.197373889530326,38.321005411957934,0.0762519836416259,470.2874450683594,0.0005282347512631,470.0391540527344,-0.004417866416213,472.12493896484375,0.004479926490716,465.4503784179688,0.0217153768389366,,,0.0,,,0.0,
2024-09-19,480.0906677246094,482.9412812738034,477.2400844865808,479.3457405239608,52782500,0.0252842575088676,0.0249698985419637,472.1586975097656,472.1533948450261,464.88622741699226,468.7845995710544,466.285206604004,466.5948186802233,465.4650933837891,465.04858057743024,60.52920634172744,92.45524478859195,-7.544755211408043,1.9259597014204248,0.2717262958257929,1.6542334055946315,483.7008484657244,448.8695647422836,466.285206604004,7.469952559104357,36914850.0,1.4298446289230486,819376000,9.007412850178396,0.0122990719853803,0.0149071154676086,0.0143417628463925,17.450934434672828,124.6867883708451,0.4999973416752139,468.2512817382813,-0.0043296144760617,470.2874450683594,0.0005282347512631,470.0391540527344,-0.004417866416213,470.019287109375,0.0098161026465066,,,0.0,,,0.0,
2024-09-20,479.1769104003906,480.4184557427532,475.0648976771265,479.2265600896189,34577700,-0.0019033015754076,-0.0019051151554095,473.569091796875,474.49456669681433,468.2384002685548,470.6741106309337,466.6621383666993,467.793113129763,465.276576538086,465.6026327273503,59.7080975304266,90.03679163284556,-9.963208367154438,2.6690463290497064,0.7511903024705756,1.917856026579131,484.8347663558332,448.4895103775655,466.6621383666993,7.788344712402591,36756755.0,0.9407168831960276,784798300,8.746423222710417,0.0126043929150798,0.0104525760436948,0.0138513325415805,17.34401584293397,104.46215667027856,0.7680896840531295,480.0906677246094,0.0252842575088676,468.2512817382813,-0.0043296144760617,470.2874450683594,0.0005282347512631,472.12493896484375,0.004479926490716,,,0.0,,,0.0,
2024-09-23,480.4470825195313,481.5411838648417,479.014809913627,480.3575692758824,24843000,0.0026507373197079,0.00264723031161,475.6506774902344,476.47873863772,471.1444915771485,472.4510146106787,466.8468215942384,468.99825307164576,465.0560540771485,466.18476801331815,60.51003203903349,93.3985723687792,-6.601427631220792,3.32214449605209,1.2653811411868787,2.056763354865211,485.49477399420175,448.19886919427495,466.8468215942384,7.988895516641789,36195830.0,0.6863497811764504,809641300,8.30213398903215,0.0119386962076017,0.0103502599346933,0.013661072174136,17.37433770113759,119.10575020537532,0.5669281877922201,479.1769104003906,-0.0019033015754076,480.0906677246094,0.0252842575088676,468.2512817382813,-0.0043296144760617,470.0391540527344,-0.004417866416213,,,0.0,,,0.0,
2024-09-24,482.7645263671875,483.7193645829603,477.592458207472,481.8594076096414,25952600,0.0048235152881004,0.0048119194118739,478.14609375,478.5740012142092,473.8651672363282,474.3261985664076,467.3788009643556,470.3093267188402,464.8554614257813,466.83495461543066,61.99623815393876,97.52381124040213,-2.4761887595978878,3.9808392130772177,1.808472755564947,2.172366457512271,487.1706447633187,447.5869571653924,467.3788009643556,8.469294609907896,36120830.0,0.7184940102428432,835593900,8.146760588064728,0.0117391766762325,0.0103052462470318,0.013476147869581,17.65599584172869,119.90709693754192,0.8441565518811922,480.4470825195313,0.0026507373197079,479.1769104003906,-0.0019033015754076,480.0906677246094,0.0252842575088676,470.2874450683594,0.0005282347512631,,,0.0,,,0.0,
2024-09-25,483.2120971679688,485.1715233071317,481.9588512083114,482.137877672903,26549900,0.0009270996030907,0.0009266701116874,481.1382568359375,480.1200331987958,475.64133911132814,475.94181649396415,467.86263885498056,471.5381619997096,464.6600451660157,467.477195499844,62.29140651602973,95.10302121868408,-4.896978781315926,4.487248537155438,2.344227911883045,2.1430206252723925,488.6794288401574,447.0458488698037,467.86263885498056,8.898675917411419,36072825.0,0.7360083386870865,862143800,7.79432569597584,0.0108633032983959,0.0087286573224421,0.0134696515035774,18.086452461009834,126.51032099867412,0.3900945758138865,482.7645263671875,0.0048235152881004,480.4470825195313,0.0026507373197079,479.1769104003906,-0.0019033015754076,468.2512817382813,-0.0043296144760617,,,0.0,,,0.0,
2024-09-26,486.842529296875,491.04983361052376,483.1922164784065,490.7215880503668,32020200,0.0075131234300291,0.0074850404908684,482.4886291503906,482.3608652314889,477.32366333007815,477.92376427631154,468.79666900634777,472.9957207899158,464.82666687011726,468.2366203546295,64.68723746692697,90.49674933183896,-9.503250668161026,5.122478365025131,2.8998780025114623,2.2226003625136688,491.1993123690912,446.3940256436043,468.79666900634777,9.557509617219614,35805215.0,0.8942887230254029,894164000,7.798846512843084,0.0036041366015184,0.0085810103592165,0.0132101576019891,19.117659986982986,136.8035783488282,0.4645572260707036,483.2120971679688,0.0009270996030907,482.7645263671875,0.0048235152881004,480.4470825195313,0.0026507373197079,480.0906677246094,0.0252842575088676,,,0.0,,,0.0,
2024-09-27,484.13714599609375,488.0062792057034,482.9535314389067,487.86701615014687,22851100,-0.0055569986966597,-0.0055724962538533,483.4806762695313,482.95295881969054,478.5248840332032,479.0534700435446,469.6296966552735,474.0568089047899,464.9844726562501,468.86017037978496,61.54895735839163,83.85722198145298,-16.14277801854701,5.345975677794854,3.3890975375681407,1.9568781402267132,492.9924922096188,446.2669011009282,469.6296966552735,9.949454100001036,34893695.0,0.654877621874095,871312900,7.602696602411199,0.0049250384314744,0.0090358235347656,0.013298732458689,20.027500596032706,108.31115162203272,0.2342516610351249,486.842529296875,0.0075131234300291,483.2120971679688,0.0009270996030907,482.7645263671875,0.0048235152881004,479.1769104003906,-0.0019033015754076,,,0.0,,,0.0,
2024-09-30,485.4500427246094,485.7882139588143,480.3276940460128,483.17232696807946,30281100,0.0027118281242692,0.0027081577524957,484.48126831054685,483.7853201213302,480.06597290039065,480.2164832582837,470.2497650146485,475.1418787923917,465.2529608154298,469.51075360899375,62.49976685745075,86.92314968306978,-13.076850316930212,5.564890112834632,3.8242560526214393,1.7406340602131931,494.5808369940079,445.9186930352892,470.2497650146485,10.348148490239623,34734425.0,0.8717892983689812,901594000,7.449683981724791,0.0049269101013288,0.0086998044356817,0.0130890423270337,20.34165477665529,90.51842587803458,0.938069773629807,484.13714599609375,-0.0055569986966597,486.842529296875,0.0075131234300291,483.2120971679688,0.0009270996030907,480.4470825195313,0.0026507373197079,,,0.0,,,0.0,
2024-10-01,478.6865539550781,485.3804385534666,474.83733279282353,485.0820610811063,42735400,-0.0139324094639499,-0.0140303764895602,483.665673828125,482.0857313992462,480.9058837890625,479.93831429406447,471.2497711181642,475.47946690312375,465.2455364990235,469.87058891668335,54.96001391095242,54.80837387696991,-45.19162612303009,5.133449154537516,4.086094673004655,1.047354481532861,495.23924301203954,447.2602992242888,471.2497711181642,10.181213175745008,34621935.0,1.2343446430709315,858858600,7.675614406729152,0.0083028686721893,0.0102660504393724,0.0113988308640137,19.632680382255728,57.34317266446199,0.3650936687543294,485.4500427246094,0.0027118281242692,484.13714599609375,-0.0055569986966597,486.842529296875,0.0075131234300291,482.7645263671875,0.0048235152881004,,,0.0,,,0.0,
2024-10-02,479.3629150390625,481.28254755619815,475.1556106595733,477.7814234131209,23744000,0.0014129519168566,0.0014119546395896,482.8958374023438,481.17812594585166,482.0170471191406,479.83369624770046,472.3431884765626,475.8493191065465,465.28541015625007,470.242836999914,55.53766225586015,51.980770831044,-48.019229168956,4.790879496992545,4.227051637802233,0.5638278591903125,495.7106019673846,448.9757749857406,472.3431884765626,9.894252340629013,34183880.0,0.6945964004086137,882602600,7.5649945845788436,0.0083435680523669,0.010042077350187,0.0113451586102941,18.97434701602757,45.14665530412298,0.6866896869360946,478.6865539550781,-0.0139324094639499,485.4500427246094,0.0027118281242692,484.13714599609375,-0.0055569986966597,483.2120971679688,0.0009270996030907,,,0.0,,,0.0,
2024-10-03,479.00482177734375,481.9489240016088,476.41877250367753,477.1647465045182,25337200,-0.000747019117425,-0.0007472982752387,481.3282958984375,480.4536912230157,481.90846252441406,479.6829917985447,473.3973449707032,476.149843170432,465.6605895996095,470.5864442460877,55.13448978857394,50.50943668139726,-49.49056331860274,4.439321704568158,4.269505651155418,0.1698160534127399,495.9555051019773,450.8391848394291,473.3973449707032,9.530328114818708,33728120.0,0.751218864259259,857265400,7.419648649818304,0.0067635736690237,0.0060155479476721,0.011362790483833,18.46287145202217,43.5381341369399,0.4676272023626918,479.3629150390625,0.0014129519168566,478.6865539550781,-0.0139324094639499,485.4500427246094,0.0027118281242692,486.842529296875,0.0075131234300291,,,0.0,,,0.0,
2024-10-04,484.7041015625,485.2610930864183,479.8005728037589,484.8334085865813,30686600,0.0118981678806679,0.0118279411784308,481.4416870117187,481.87049466951055,482.461181640625,480.5959208465365,475.34979095458993,476.964534445867,466.2512628173829,471.1400778663392,60.09919474081052,72.88663355787905,-27.113366442120952,4.567937528640528,4.32919202665244,0.2387455019880873,494.4617095818786,456.23787232730126,475.34979095458993,8.041202075174334,32731230.0,0.9375327477763592,887952000,7.336550268336609,0.0092901279054815,0.0070740139742835,0.009243055342756,18.47343370157549,68.2241607387921,0.897996620253033,479.00482177734375,-0.000747019117425,479.3629150390625,0.0014129519168566,478.6865539550781,-0.0139324094639499,484.13714599609375,-0.0055569986966597,,,0.0,,,0.0,
2024-10-07,479.5121154785156,483.958121938575,478.2887071345021,482.78446340912143,24975100,-0.0107116611294342,-0.0107694439754721,480.2541015625,481.0843682725123,482.36768493652346,480.3988653250781,476.7560882568361,477.2071612108812,466.6447332763673,471.4683930668167,54.21363727758946,50.70286970020067,-49.29713029979933,4.202473115973191,4.30384824451659,-0.101375128543399,492.4394776550202,461.0726988586519,476.7560882568361,6.579208859409576,32330925.0,0.7724833112569467,862976900,7.270753422598131,0.0102930492639393,0.0079687141363319,0.0095837962576836,18.1739625954543,41.771688987406456,0.2157909389718773,484.7041015625,0.0118981678806679,479.00482177734375,-0.000747019117425,479.3629150390625,0.0014129519168566,485.4500427246094,0.0027118281242692,,,0.0,,,0.0,
2024-10-08,486.6734008789063,487.3596993525453,481.2526749649376,482.0583244159472,28272000,0.0149345244243606,0.0148241024567279,481.8514709472656,482.9473791413103,482.7585723876953,481.5396899712287,478.3118698120118,478.1087078459312,467.1629553222657,472.0646678829771,60.02817362026344,73.00581334842911,-26.99418665157088,4.439519797635683,4.330982555140409,0.1085372424952737,491.19921844025936,465.4245211837643,478.3118698120118,5.388680248856286,32260510.0,0.8763655627266896,891248900,7.311955597700384,0.010314312163586,0.0092160114585907,0.0098573709243208,18.393443901597493,86.0137508926823,0.8876214617514232,479.5121154785156,-0.0107116611294342,484.7041015625,0.0118981678806679,479.00482177734375,-0.000747019117425,478.6865539550781,-0.0139324094639499,,,0.0,,,0.0,
2024-10-09,490.5027770996094,491.0796806722642,485.33070878142695,486.3750602662613,24995000,0.0078684723960409,0.0078376774013474,484.079443359375,485.46584512741,483.4876403808594,483.1693421763888,479.5644897460937,479.2890953939005,467.8843029785157,472.7877309895117,62.75214155185249,96.44815160383884,-3.5518483961611507,4.880124619420087,4.440810967996345,0.4393136514237419,492.072390440939,467.05658905124847,479.5644897460937,5.216358159240519,30618110.0,0.8163469267044896,916243900,7.200313904353018,0.0104136254678477,0.0094804975783797,0.0089438730522378,19.08859519034977,135.64829134382566,0.8996510013095966,486.6734008789063,0.0149345244243606,479.5121154785156,-0.0107116611294342,484.7041015625,0.0118981678806679,479.3629150390625,0.0014129519168566,,,0.0,,,0.0,
2024-10-10,489.94573974609375,491.8156526348728,486.9021684624454,488.2150898975997,25750400,-0.001135645667104,-0.0011362910012715,486.267626953125,486.959143333638,483.7979614257813,484.4014144617896,480.56081237792966,480.3040139036332,468.325541381836,473.4605940780051,62.08930603688952,88.98646682254201,-11.01353317745799,5.125277843393292,4.577704343075735,0.547573500317557,493.04315335558977,468.0784714002696,480.56081237792966,5.194905891678723,29902240.0,0.8611528768413337,890493500,7.0369689235011865,0.0104652865172744,0.0092670483239905,0.0088172061337576,19.827890333548662,136.56049774625114,0.6194323980253742,490.5027770996094,0.0078684723960409,486.6734008789063,0.0149345244243606,479.5121154785156,-0.0107116611294342,479.00482177734375,-0.000747019117425,,,0.0,,,0.0,
2024-10-11,490.7116394042969,491.7361395257322,487.5387911821617,488.1057083653818,20644500,0.0015632336319528,0.0015620130541254,487.4691345214844,488.20997535719096,484.4554107666016,485.54872808770006,481.4901473999024,481.29521633226784,469.008754272461,474.1371056594284,62.67311559430268,93.49751188075952,-6.502488119240482,5.3200391415379045,4.726171302768169,0.5938678387697358,494.088927014049,468.8913677857557,481.4901473999024,5.233245034059957,29478875.0,0.7003150561206966,911138000,6.834138882077568,0.0096447040176223,0.0090049130695554,0.008800134809992,20.51437868080478,129.03790687866996,0.7559172988155155,489.94573974609375,-0.001135645667104,490.5027770996094,0.0078684723960409,486.6734008789063,0.0149345244243606,484.7041015625,0.0118981678806679,,,0.0,,,0.0,
2024-10-14,494.8294372558594,496.1522845063359,492.6014712113681,493.1087129085002,26060100,0.0083914819231949,0.0083564691749618,490.5325988769531,490.4164626567471,485.3933502197266,487.2361297546381,482.7296615600586,482.5841897535623,469.9910473632813,474.9485696436021,65.7288523912504,93.7938060181581,-6.206193981841913,5.740487974208349,4.929034637056205,0.8114533371521446,495.4554600575125,470.0038630626048,482.7296615600586,5.272432796579081,29652600.0,0.8788470488253981,937198100,6.734603612074814,0.0063069845485579,0.0092729383421223,0.0087769291908902,21.72036459009076,175.2451348184649,0.6274523212994612,490.7116394042969,0.0015632336319528,489.94573974609375,-0.001135645667104,490.5027770996094,0.0078684723960409,479.5121154785156,-0.0107116611294342,,,0.0,,,0.0,
2024-10-15,488.2151489257813,495.8240780548679,486.0567840167079,495.1576612241944,34784500,-0.0133668044624799,-0.0134569443492563,490.8409484863281,489.6826914130919,486.34620971679686,487.4141332403005,483.6260467529297,483.1204715794879,471.10684448242193,475.468827654668,57.57552482125907,62.7625917842313,-37.2374082157687,5.476845250121073,5.038596759669178,0.4382484904518948,495.192735381247,472.0593581246124,483.6260467529297,4.783319139230063,29887605.0,1.1638436736566882,902413600,6.951224356795184,0.0088392479712084,0.0091663835416831,0.0094727132414947,21.34291599536243,102.01734662482176,0.2209787993090752,494.8294372558594,0.0083914819231949,490.7116394042969,0.0015632336319528,489.94573974609375,-0.001135645667104,486.6734008789063,0.0149345244243606,,,0.0,,,0.0,
2024-10-16,488.2748107910156,489.0506225559772,484.95274347162825,488.5433505102776,22996800,0.0001222040433721,0.0001221965770663,490.3953552246094,489.2133978723999,487.2373992919922,487.5706200677032,484.6272232055664,483.6113610282048,472.1411975097657,475.97102307177965,57.6265836336673,63.04249795543082,-36.95750204456918,5.212632720497368,5.073403951834816,0.1392287686625515,493.9451838318203,475.3092625793125,484.6272232055664,3.845413621059204,29041985.0,0.7918467005612736,925410400,6.747413980191882,0.0078885944661692,0.0091848061581654,0.0093700064817244,20.76813234587246,53.44755291751615,0.81067968354515,488.2151489257813,-0.0133668044624799,494.8294372558594,0.0083914819231949,490.7116394042969,0.0015632336319528,490.5027770996094,0.0078684723960409,,,0.0,,,0.0,
2024-10-17,488.6130065917969,493.82486894890553,488.5533310956286,493.775149486686,27210700,0.0006926341341126,0.0006923943737952,490.12880859375,489.0132674455322,488.1982177734375,487.7601448902657,485.05334014892577,484.0877082247374,473.2768713378907,476.4667871313882,57.93563073846519,64.62915789877404,-35.37084210122596,4.973203962358809,5.053363953939615,-0.0801599915808051,494.281520595188,475.82515970266354,485.05334014892577,3.805016761013914,27763395.0,0.980092672383907,952621100,6.661888564313169,0.0079164016982901,0.0091502425227194,0.0076234256359072,20.92543286628078,92.32084634134924,0.0113203201471919,488.2748107910156,0.0001222040433721,488.2151489257813,-0.0133668044624799,494.8294372558594,0.0083914819231949,489.94573974609375,-0.001135645667104,,,0.0,,,0.0,
2024-10-18,491.815673828125,492.9097750712338,490.6519410618732,491.40787107597725,25335000,0.0065546090528116,0.0065332210121853,490.3496154785156,489.9474029063965,488.909375,488.4975137880583,485.6852783203125,484.8237049488696,474.2123974609376,477.0687042567504,60.84779404168744,79.65460707348566,-20.34539292651433,4.984426065719674,5.039576376295627,-0.0551503105759527,494.94817619186585,476.4223804487591,485.6852783203125,3.814362215625749,27301260.0,0.9279791482151372,977956100,6.492951415393438,0.0085352158658321,0.0086521163580771,0.0076935481670001,21.071497635231363,104.4558835499286,0.5154199827691608,488.6130065917969,0.0006926341341126,488.2748107910156,0.0001222040433721,488.2151489257813,-0.0133668044624799,490.7116394042969,0.0015632336319528,,,0.0,,,0.0,
2024-10-21,492.7606201171875,493.5662696437468,488.6726666363485,490.6022552281417,30336500,0.0019213423633033,0.001919498945911,489.9358520507813,490.8851419766602,490.2342254638672,489.2726240297181,486.3009552001953,485.5796016315665,475.1203387451173,477.68407350617935,61.6905223153016,83.84665869508022,-16.15334130491978,5.011796066446436,5.0340203143257884,-0.0222242478793521,495.7248290404054,476.8770813599852,486.3009552001953,3.875737334848775,27575935.0,1.100107756998992,1008292600,6.378712243393786,0.0074581803122492,0.0075206776696224,0.007688688707727,20.75989844986979,91.81504641530594,0.8353667991815369,491.815673828125,0.0065546090528116,488.6130065917969,0.0006926341341126,488.2748107910156,0.0001222040433721,494.8294372558594,0.0083914819231949,,,0.0,,,0.0,
2024-10-22,493.2977294921875,494.7797519667792,489.3291571129143,490.0850872246856,26685800,0.001090000606932,0.001089406987595,490.9523681640625,491.6893378151693,490.8966583251953,490.0044613865307,486.8276153564453,486.3146614278161,476.0197534179688,478.2963737409248,62.18871014430479,85.53448056400785,-14.465519435992151,5.018971646030707,5.031010580666773,-0.0120389346360658,496.57387714217134,477.0813535707193,486.8276153564453,4.003988877496191,27612595.0,0.9664357877265792,1034978400,6.312418144141724,0.002587714844694,0.0061850961118479,0.0076436821651506,20.66405630603806,95.17701114735188,0.7280989480233268,492.7606201171875,0.0019213423633033,491.815673828125,0.0065546090528116,488.6130065917969,0.0006926341341126,488.2151489257813,-0.0133668044624799,,,0.0,,,0.0,
2024-10-23,485.7384948730469,491.596892235502,482.4462652056482,490.9404314380169,39346600,-0.0153238788001767,-0.0154425028448727,490.4451049804687,489.70572350112855,490.4202301025391,489.2288311113518,486.9539352416992,486.2597884226,476.5454986572266,478.588221628459,51.94946900938369,41.703784093611375,-58.29621590638863,4.364381413738954,4.897684747281209,-0.5333033335422552,496.5741553157668,477.3337151676317,486.9539352416992,3.951182803068432,28252430.0,1.3926802048531757,995631800,6.63663572574155,0.0083368477743344,0.0076519623003397,0.0084817030883193,19.214805162484225,-3.138234667916416,0.3597818659444671,493.2977294921875,0.001090000606932,492.7606201171875,0.0019213423633033,491.815673828125,0.0065546090528116,488.2748107910156,0.0001222040433721,,,0.0,,,0.0,
2024-10-24,489.67724609375,490.35358858620776,486.8127010036224,489.4683515136812,22024900,0.0081087895282678,0.0080760899448856,490.6579528808594,489.6962310320024,490.3933807373047,489.3103611081514,487.09567108154295,486.5852605817571,477.1470385742188,479.02308533298026,56.01336316688416,63.75284592886005,-36.247154071139946,4.115991654891445,4.741346128803257,-0.6253544739118118,496.788404453651,477.40293770943487,487.09567108154295,3.979806821352536,27752665.0,0.7936138745594342,1017656700,6.492239867700073,0.0093181405816376,0.0081679388240002,0.0085093840119632,17.869071957755665,34.47493119668766,0.8089906903949672,485.7384948730469,-0.0153238788001767,493.2977294921875,0.001090000606932,492.7606201171875,0.0019213423633033,488.6130065917969,0.0006926341341126,,,0.0,,,0.0,
2024-10-25,492.6611328125,497.5944990663683,491.775895756788,492.48210633620766,38762100,0.0060935784591851,0.0060750876885863,490.8270446777344,490.6845316255017,490.588330078125,489.9195923271239,487.5218704223633,487.1639150799231,477.5760369873048,479.557910724334,58.85255987670044,69.81141013850217,-30.188589861497835,4.112509255524969,4.6155787541476,-0.5030694986226303,497.4045216572202,477.6392191875064,487.5218704223633,4.054239136510978,28548215.0,1.3577766595915015,1056418800,6.594026518051376,0.009244874150278,0.0083884567698664,0.0084842869227879,17.771927354529403,106.54421283411877,0.1521390974083535,489.67724609375,0.0081087895282678,485.7384948730469,-0.0153238788001767,493.2977294921875,0.001090000606932,491.815673828125,0.0065546090528116,,,0.0,,,0.0,
2024-10-28,492.7406921386719,495.8439391561385,492.44231467690014,495.78426366378415,20477800,0.0001614889441707,0.0001614759062348,490.8230590820313,491.3699184632251,490.3794555664063,490.4325195655872,487.8864028930664,487.6950367045658,477.99451049804696,480.0748825445041,58.92868128614749,67.95793508124711,-32.04206491875288,4.069261290524764,4.506315261423033,-0.437053970898269,497.9722338335749,477.800571952558,487.8864028930664,4.134499703497186,28058050.0,0.7298368917298245,1076896600,6.365997800993305,0.0092048387905792,0.0079104928989899,0.0084748984469389,17.681721651533586,92.59472617844204,0.0877161672559964,492.6611328125,0.0060935784591851,489.67724609375,0.0081087895282678,485.7384948730469,-0.0153238788001767,492.7606201171875,0.0019213423633033,,,0.0,,,0.0,
2024-10-29,497.4751892089844,498.6588038230343,491.1990631565496,493.0590203061244,28014100,0.0096084962046936,0.0095626281860955,491.6585510253906,493.4050087118116,491.3054595947266,491.7130049552957,488.8258346557617,488.62647980022473,478.3837176513673,480.7572475117386,63.28191031599293,92.69938754205565,-7.300612457944363,4.366684887195959,4.478389186577618,-0.1117042993816594,498.808588690575,478.8430806209484,488.8258346557617,4.084380704568652,27321985.0,1.0253317978177647,1104910700,6.444122291385549,0.0101869461059316,0.0070093639603337,0.0079420336935532,18.01833745042714,120.26037916311896,0.8413330078012187,492.7406921386719,0.0001614889441707,492.6611328125,0.0060935784591851,489.67724609375,0.0081087895282678,493.2977294921875,0.001090000606932,,,0.0,,,0.0,
2024-10-30,493.7154541015625,497.66414449235685,493.2280941179006,496.7093062383675,29756000,-0.0075576334035876,-0.0075863370273479,493.2539428710937,493.5084905083952,491.8495239257812,492.0770866182533,489.54346160888673,489.1111440193998,478.7177935791016,481.2654124760455,58.0224963184444,69.50909516310648,-30.49090483689352,4.250024392973728,4.43271622785684,-0.1826918348831121,498.7340943659228,480.3528288518506,489.54346160888673,3.754777043423701,27622585.0,1.077234444205711,1075154700,6.300688583033457,0.0070438388313635,0.0076202499109268,0.0082227158199673,18.33090926368544,102.10635528823926,0.1098634917351828,497.4751892089844,0.0096084962046936,492.7406921386719,0.0001614889441707,492.6611328125,0.0060935784591851,485.7384948730469,-0.0153238788001767,,,0.0,,,0.0,
2024-10-31,481.252685546875,489.7866145078588,481.1532162789596,489.7368950507805,41245200,-0.0252428163857389,-0.0255668814474215,491.5690307617188,489.4232221878885,491.1134918212891,490.1090136961844,489.6558547973633,488.3627194029689,478.75811706542976,481.2649133807839,44.74669589731844,0.5682143924903128,-99.43178560750968,3.116009427121071,4.169374867709687,-1.0533654405886157,498.3708997887405,480.9408098059861,489.6558547973633,3.559661303338777,28417985.0,1.4513766546079885,1033909500,6.747942100145562,0.0138422085979495,0.0113085005242429,0.0101700865450845,17.691833013947182,-114.72990167810572,0.0115214502189081,493.7154541015625,-0.0075576334035876,497.4751892089844,0.0096084962046936,492.7406921386719,0.0001614889441707,489.67724609375,0.0081087895282678,,,0.0,,,0.0,
2024-11-01,484.8134765625,488.1156621424876,482.5954665919066,482.89384405538,33655800,0.0073990049771435,0.0073717666151507,489.99949951171874,487.886640312759,490.41327209472655,489.1461887627872,489.6613235473633,488.0246962753052,479.02162109375007,481.4040727212433,48.38075973900776,20.90909702016454,-79.09090297983546,2.476077789285057,3.830715452024761,-1.3546376627397043,498.3640612170235,480.9585858777031,489.6613235473633,3.5545946764237084,28566445.0,1.178158500296414,1067565300,6.756158849821781,0.0140760758749771,0.0113779221256561,0.0099469661779273,17.098405067761657,-97.14911575754591,0.4017991663936207,481.252685546875,-0.0252428163857389,493.7154541015625,-0.0075576334035876,497.4751892089844,0.0096084962046936,492.6611328125,0.0060935784591851,,,0.0,,,0.0,
2024-11-04,483.4010925292969,486.7529974051912,481.6505305522388,484.2067419951569,23291600,-0.0029132524186774,-0.002917504198184,488.1315795898437,486.3914577182717,489.4773193359375,488.1016258112435,489.8557723999023,487.58435306139967,479.154574584961,481.48238722352,47.05865812548882,12.84090719421844,-87.15909280578155,1.8338206254908869,3.4313364867179867,-1.5975158612271,497.7818821087613,481.92966269104335,489.8557723999023,3.236099340027111,28482270.0,0.817757854272149,1044273700,6.638037992902538,0.0139632439282856,0.011324923936255,0.0096509984797996,16.69637613138123,-134.70645517064372,0.3430814991009381,484.8134765625,0.0073990049771435,481.252685546875,-0.0252428163857389,493.7154541015625,-0.0075576334035876,492.7406921386719,0.0001614889441707,,,0.0,,,0.0,
2024-11-05,489.56781005859375,490.2342268567496,484.902983532783,484.9924967706679,24353600,0.0127569375092446,0.012676253246783,486.5501037597657,487.4502418317124,489.1043273925781,488.3682047653072,490.00049285888673,487.7732537277991,479.503432006836,481.79946262881697,53.08667311274847,48.06804546518826,-51.93195453481174,1.8016613328269384,3.105401455939777,-1.3037401231128385,497.7934721245044,482.2075135932691,490.00049285888673,3.180804664154456,28286350.0,0.860966508580994,1068627300,6.651973445370409,0.0147638121191441,0.0122273384663859,0.009489909489961,15.65667614426948,-44.15203570955164,0.8749978648981392,483.4010925292969,-0.0029132524186774,484.8134765625,0.0073990049771435,481.252685546875,-0.0252428163857389,497.4751892089844,0.0096084962046936,,,0.0,,,0.0,
2024-11-06,502.8660583496094,503.6916199489961,496.9181781185984,497.8730163872913,43082200,0.0271632407560129,0.0268008674448627,488.380224609375,492.5888473376781,490.8170837402344,491.0041781442711,490.61865692138673,489.21066369178106,480.0900463867188,482.62560363747554,62.89753581527833,96.33708930111912,-3.662910698880888,2.816762476230167,3.047673659997856,-0.2309111837676885,500.2236616475283,481.0136521952452,490.61865692138673,3.915466560694035,29190710.0,1.4758873627945328,1111709500,7.185676048586976,0.0195420585237462,0.0138515391629979,0.0111339172938324,16.270625179652402,207.643027856988,0.8781178579301285,489.56781005859375,0.0127569375092446,483.4010925292969,-0.0029132524186774,484.8134765625,0.0073990049771435,493.7154541015625,-0.0075576334035876,,,0.0,,,0.0,
2024-11-07,510.78326416015625,511.5690622448699,505.6111962889953,505.6708717770418,32853100,0.0157441642343707,0.0156215105916864,494.2863403320313,498.6536529451709,492.927685546875,494.6003756017048,491.6605331420898,491.2651970697215,480.9424731445313,483.7298256187571,67.28416706582092,97.41648453377115,-2.583515466228839,4.211541756077168,3.2804472792137185,0.931094476863449,504.6661398202092,478.65492646397047,491.6605331420898,5.290482274427647,29545845.0,1.1119363822561177,1144562600,7.294056609063658,0.0110463267382182,0.014332374234448,0.0115704396732229,17.59859455390527,277.7114503249186,0.8681074581703823,502.8660583496094,0.0271632407560129,489.56781005859375,0.0127569375092446,483.4010925292969,-0.0029132524186774,481.252685546875,-0.0252428163857389,,,0.0,,,0.0,
2024-11-08,511.3800964355469,512.1558778054664,509.6593418436095,510.2859648423034,22924500,0.0011684648211252,0.0011677826974127,499.5996643066407,502.89580077529627,494.79958190917966,497.65123393513056,492.6939559936524,493.1809017712287,481.8205432128907,484.8141499645136,67.59519743999232,97.49769428906536,-2.5023057109346323,5.303933319167015,3.685144487204378,1.6187888319626371,508.2652792944264,477.1226326928784,492.6939559936524,6.320890732004275,29659845.0,0.7729136817808724,1167487100,6.951376562834601,0.0120088350803509,0.0143493185699929,0.0115718270062994,18.88341089844301,233.0743162251009,0.6892568815986805,510.78326416015625,0.0157441642343707,502.8660583496094,0.0271632407560129,489.56781005859375,0.0127569375092446,484.8134765625,0.0073990049771435,,,0.0,,,0.0,
2024-11-11,511.0818176269531,512.8124678783156,508.1774783537471,512.6035732692607,24167500,-0.0005832820062274,-0.0005834521813534,505.1358093261719,505.6244730591819,496.6336944580078,500.0931582427346,493.506575012207,494.8857509003453,482.5812060546876,485.84425457872686,67.25108616217295,94.5335086461814,-5.466491353818608,6.075557649458858,4.163227119655274,1.912330529803584,511.0147258484546,475.9984241759594,493.506575012207,7.095407324943751,29565215.0,0.8174302131745025,1143319600,6.785920345815592,0.011372813182518,0.0143723822113692,0.0114899035001448,19.792368628354517,183.96017350186568,0.6266118311052146,511.3800964355469,0.0011684648211252,510.78326416015625,0.0157441642343707,502.8660583496094,0.0271632407560129,483.4010925292969,-0.0029132524186774,,,0.0,,,0.0,
2024-11-12,510.15667724609375,511.8972832625985,507.0932240126998,511.01210691192,25835300,-0.0018101610132698,-0.0018118013345127,509.2535827636719,507.13520778815257,497.90184326171874,501.922888970618,494.6036514282226,496.3401248380357,483.6106109619141,486.7976829186237,66.12666348206861,91.61132844885104,-8.388671551148962,6.537069129710574,4.637995521666334,1.8990736080442396,513.3537549460341,475.8535479104112,494.6036514282226,7.581870236367415,29117755.0,0.8872696401216371,1117484300,6.644358838964384,0.0126808677343531,0.0143090574049122,0.0109723096435509,20.4240256760253,142.88913061879038,0.6376801521327595,511.0818176269531,-0.0005832820062274,511.3800964355469,0.0011684648211252,510.78326416015625,0.0157441642343707,489.56781005859375,0.0127569375092446,,,0.0,,,0.0,
2024-11-13,509.5002746582031,512.2156007658452,507.21263305307264,509.64949375077566,24567400,-0.0012866686199893,-0.0012874970887776,510.5804260253906,507.9235634115028,499.4803253173829,503.30059545926986,495.664924621582,497.5934724399564,484.65072509765633,487.6879806339013,65.29251944149135,89.53799267895566,-10.462007321044345,6.771793084381386,5.064755034209345,1.7070380501720417,515.2463497672102,476.0834994759538,495.664924621582,7.901073557132459,29196285.0,0.8414563702197043,1092916900,6.527116615664971,0.0074077076578126,0.0139466520652419,0.01099124759346,21.0467156298846,119.88592752625192,0.4572569195768348,510.15667724609375,-0.0018101610132698,511.0818176269531,-0.0005832820062274,511.3800964355469,0.0011684648211252,502.8660583496094,0.0271632407560129,,,0.0,,,0.0,
2024-11-14,505.9593811035156,510.0373482348618,505.04430625976136,509.1620975260134,28679500,-0.0069497382647396,-0.0069740001703198,509.6156494140625,507.2688359755071,501.95099487304685,503.78401103095086,496.532243347168,498.3902256460096,485.611478881836,488.4045061425136,60.83450290750108,78.35360462235508,-21.646395377644915,6.596057744397569,5.3710155762469896,1.22504216815058,516.3229608914804,476.7415258028556,496.532243347168,7.971573975096337,29269725.0,0.9798349659930184,1064237400,6.417539855624646,0.0030427383792754,0.0105918951286851,0.0111772169113178,21.16875358548921,84.34603974712789,0.1832700082032731,509.5002746582031,-0.0012866686199893,510.15667724609375,-0.0018101610132698,511.0818176269531,-0.0005832820062274,510.78326416015625,0.0157441642343707,,,0.0,,,0.0,
2024-11-15,493.9044189453125,500.6281106168657,491.8355673896348,500.2402199212759,51461100,-0.0238259485018557,-0.0241143770151912,506.1205139160156,502.8140302987756,502.86008911132814,501.9877215608348,496.63668060302734,497.96300596022894,486.57646362304695,488.6201889975254,48.65468991223262,40.27638690806037,-59.723613091939626,5.421555209061921,5.381123502809976,0.0404317062519448,516.3486251790684,476.92473602698624,496.63668060302734,7.938175066773731,30576030.0,1.683053686171815,1012776300,6.967987988357232,0.0097954924854722,0.0139111285560007,0.0124856114297661,20.179147529970017,-9.91680659061678,0.2352961483597677,505.9593811035156,-0.0069497382647396,509.5002746582031,-0.0012866686199893,510.15667724609375,-0.0018101610132698,511.3800964355469,0.0011684648211252,,,0.0,,,0.0,
2024-11-18,497.3359069824219,499.4445524267209,494.0635893908615,495.4560681908618,27080800,0.0069476763225504,0.0069236524287145,503.3713317871094,500.9879891933245,504.2535705566406,501.1419370920325,496.8654449462891,497.9032822480568,487.4954583740235,488.9619818596783,51.62378343527879,51.11520293736656,-48.884797062633446,4.713313747482118,5.247561551744405,-0.5342478042622867,516.4981839553493,477.2327059372288,496.8654449462891,7.90263811208788,30413245.0,0.8904278382658608,1039857100,6.865998380718032,0.0114475727409606,0.0138778348904108,0.0125705559851775,19.26022762127362,0.0815922002482965,0.6081286137244235,493.9044189453125,-0.0238259485018557,505.9593811035156,-0.0069497382647396,509.5002746582031,-0.0012866686199893,511.0818176269531,-0.0005832820062274,,,0.0,,,0.0,
2024-11-19,500.7574157714844,501.24480608965695,494.4116587859232,494.7498603755775,24523000,0.0068796737597782,0.006856116785408,501.4914794921875,500.9111313860444,505.3725311279297,501.07202412466006,497.2384292602539,498.1751044883832,488.3994512939454,489.42454789543535,54.45199755406473,61.92249817087769,-38.07750182912231,4.3776516083635215,5.073579563068229,-0.6959279547047075,516.8693166694509,477.60754185105696,497.2384292602539,7.895965498242767,30305105.0,0.8092035978756714,1064380100,6.863651875219156,0.0127154161722472,0.0135357745196428,0.0126503618899201,18.121212574529043,13.015626717815753,0.9286726457661582,497.3359069824219,0.0069476763225504,493.9044189453125,-0.0238259485018557,505.9593811035156,-0.0069497382647396,510.15667724609375,-0.0018101610132698,,,0.0,,,0.0,
2024-11-20,500.468994140625,500.7773276306885,493.8944608715484,500.4590381074747,29565500,-0.000575970763039,-0.0005761366979178,499.6852233886719,500.763752304238,505.13282470703126,500.9623823093809,497.9749542236328,498.3935701695491,489.0998236083984,489.8576634344624,54.16452908934978,60.389260755744495,-39.61073924425551,4.041772689972902,4.867218188449163,-0.8254454984762614,516.9180130076068,479.0318954396589,497.9749542236328,7.608036759000088,29816050.0,0.9915968077595791,1034814600,6.865024366927793,0.0127523161945557,0.0103525682902866,0.0120761762273418,17.142295324200504,4.751600785122036,0.955202751854878,500.7574157714844,0.0068796737597782,497.3359069824219,0.0069476763225504,493.9044189453125,-0.0238259485018557,509.5002746582031,-0.0012866686199893,,,0.0,,,0.0,
2024-11-21,502.269287109375,504.2386390775591,494.88910418409273,503.5225028108303,34526700,0.0035972117949911,0.0035907573027946,498.94720458984375,501.2655972392837,504.2814270019532,501.20000136392525,498.6045562744141,498.76268606858014,489.74482360839846,490.34439377465503,55.73537373278258,66.16647848746584,-33.83352151253416,3.876172717914983,4.669009094342327,-0.7928363764273438,517.2371016740278,479.9720108748003,498.6045562744141,7.473876909122784,30441140.0,1.1342117936450475,1069341300,7.042489404537693,0.0129113410528505,0.0088472279266206,0.0119893182801121,16.168721525547348,18.91420348187608,0.7893636431434382,500.468994140625,-0.000575970763039,500.7574157714844,0.0068796737597782,497.3359069824219,0.0069476763225504,505.9593811035156,-0.0069497382647396,,,0.0,,,0.0,
2024-11-22,503.074951171875,503.8109691728965,500.08109899945873,501.7123101251142,23826600,0.0016040480339474,0.0016027629229694,500.78131103515625,501.86871521681417,503.45091247558594,501.5409013290069,499.1252471923828,499.1733779831797,490.36382385253904,490.8436313196441,56.45460614516856,65.11036683485243,-34.889633165147565,3.766525739460292,4.48851242336592,-0.7219866839056284,517.6460274556107,480.6044669291549,499.1252471923828,7.421295703797265,29694365.0,0.8023946630951697,1093167900,6.80587374517341,0.003291837789521,0.0088636696232158,0.0119375243383709,15.264688712512273,32.33953013716178,0.8026692708118117,502.269287109375,0.0035972117949911,500.468994140625,-0.000575970763039,500.7574157714844,0.0068796737597782,493.9044189453125,-0.0238259485018557,,,0.0,,,0.0,
2024-11-25,503.87060546875,508.7045326214257,501.5531263369306,507.1628348574178,26375200,0.0015815820187858,0.0015803326351065,502.0882507324219,502.5360119674594,502.7297912597657,501.9644838998693,499.6817428588867,499.6207329818054,491.0404528808594,491.3544930509816,57.19432870714914,57.37281389883769,-42.62718610116231,3.701167614900783,4.331043461672893,-0.6298758467721104,518.0701013565576,481.2933843612158,499.6817428588867,7.360028162111148,29989235.0,0.8794889232753019,1119543100,6.830554640839247,0.0028028747137094,0.0089175432940863,0.0119357822946389,15.18830373179748,49.12003259162103,0.3240592185080461,503.074951171875,0.0016040480339474,502.269287109375,0.0035972117949911,500.468994140625,-0.000575970763039,497.3359069824219,0.0069476763225504,,,0.0,,,0.0,
2024-11-26,506.5760498046875,507.4016114089344,504.5072284847136,505.3526414489566,26557100,0.0053693236052549,0.0053549601789159,503.2519775390625,503.8826912465355,502.371728515625,502.8029504280181,500.1367858886719,500.2831441077942,491.76622497558594,491.9514168452445,59.70112170948741,70.27006884552232,-29.72993115447768,3.823601480122477,4.22955506536281,-0.4059535852403328,518.7334519730442,481.5401198042994,500.1367858886719,7.436631981120434,29916385.0,0.8877108647986713,1146100200,6.594872590792472,0.0022568798192041,0.0091649818107143,0.0118153601168483,15.117374821133746,56.89421871726929,0.7147711184273831,503.87060546875,0.0015815820187858,503.074951171875,0.0016040480339474,502.269287109375,0.0035972117949911,500.7574157714844,0.0068796737597782,,,0.0,,,0.0,
2024-11-27,502.5875549316406,505.5117755416059,499.2356498317086,505.44217436804354,24957400,-0.007873437511672,-0.0079045966817461,503.6756896972656,503.45097914157054,501.6804565429687,502.7637876104949,500.5803909301758,500.5026118053034,492.4529504394531,492.368520299613,54.62252151890738,51.256321437038046,-48.743678562961954,3.557781111376471,4.095200274565542,-0.537419163189071,518.9652597390257,482.1955221213258,500.5803909301758,7.345421091979752,29676455.0,0.8409831969485574,1121142800,6.64812454666293,0.0051277055332865,0.0094469099278477,0.0118275657233084,14.060314002342691,20.195746587022413,0.5340723329669348,506.5760498046875,0.0053693236052549,503.87060546875,0.0015815820187858,503.074951171875,0.0016040480339474,500.468994140625,-0.000575970763039,,,0.0,,,0.0,
2024-11-29,507.0037231445313,507.6005084355028,502.5975105201472,503.21417752443887,15334000,0.0087868634421148,0.0087484836191895,504.62257690429686,504.6352271425575,501.7848907470704,503.5346849803197,501.8679428100586,501.1217652661823,492.9912115478516,492.9424498229432,58.801448067054025,72.30885117218007,-27.691148827819934,3.6612596985852974,4.0084121593694935,-0.347152460784196,518.1440615739264,485.5918240461909,501.8679428100586,6.486215745414824,28380895.0,0.5402930386797175,1136476800,6.531326615034303,0.0062284418747741,0.0097127126909373,0.0101951384891409,13.429750922865791,45.63735525653065,0.8807144633764808,502.5875549316406,-0.007873437511672,506.5760498046875,0.0053693236052549,503.87060546875,0.0015815820187858,502.269287109375,0.0035972117949911,,,0.0,,,0.0,
2024-12-02,512.52392578125,513.4887504350102,507.8790111186217,508.26693218686097,25147200,0.0108878936874099,0.0108290473295398,506.5123718261719,507.264793355455,503.646841430664,505.16909239867056,503.2534652709961,502.2076853152363,493.6581518554688,493.710350840916,63.34552316009409,95.5441901925536,-4.455809807446415,4.1409669536171805,4.034923118219031,0.1060438353981494,518.1454894072618,488.3614411347304,503.2534652709961,5.918299689500016,27955465.0,0.8995450442337483,1161624000,6.528019520423199,0.007395066999434,0.0053965196914029,0.0103097160300804,13.725404718724011,98.08962870735256,0.8280090037295864,507.0037231445313,0.0087868634421148,502.5875549316406,-0.007873437511672,506.5760498046875,0.0053693236052549,503.074951171875,0.0016040480339474,,,0.0,,,0.0,
2024-12-03,514.095458984375,514.373985095904,510.61424683539474,511.1911504181891,18597900,0.0030662631031896,0.0030615717060728,508.5573425292969,509.5416818984284,505.3227966308594,506.7920681415259,504.78818359375,503.33985423610665,494.3311193847656,494.5097668465418,64.54447220814575,98.7642162144704,-1.2357837855295848,4.594979936542529,4.146934481883731,0.4480454546587982,517.3196386726885,492.2567285148114,504.78818359375,4.965035033000588,27720780.0,0.6709010352522548,1180221900,6.330285144715061,0.0073155885992342,0.0052768734407589,0.0102206106456955,14.12147323557912,112.02781716021832,0.9259187495717138,512.52392578125,0.0108878936874099,507.0037231445313,0.0087868634421148,502.5875549316406,-0.007873437511672,503.87060546875,0.0015815820187858,,,0.0,,,0.0,
2024-12-04,520.451171875,520.7097859190565,516.8107846060128,517.5269512439784,26086200,0.0123629041641042,0.0122871075359915,511.3323669433594,513.1781785572856,507.29217224121095,509.2755415476121,506.3323516845703,504.9695035350489,495.08485229492186,495.5270768476578,68.96568357913705,99.10434270699676,-0.8956572930032384,5.405332106046274,4.398614006716239,1.0067180993300342,518.5893265272631,494.0753768418775,506.3323516845703,4.841474103684573,27807410.0,0.9381024698093062,1206308100,6.350573843998375,0.0082415062630762,0.0059307992193662,0.0102014433565084,15.280738709849452,180.1777930271522,0.9336717217086686,514.095458984375,0.0030662631031896,512.52392578125,0.0108878936874099,507.0037231445313,0.0087868634421148,506.5760498046875,0.0053693236052549,,,0.0,,,0.0,
2024-12-05,519.0089111328125,521.226921022137,518.6209900907503,520.5008591030347,18169600,-0.0027711739739033,-0.0027750207849321,514.6166381835938,515.1217560824613,509.1461639404297,511.0452451085576,507.1394943237305,506.3065899729312,495.8007885742188,496.4479330941345,66.92621151645503,92.4535293030132,-7.5464706969867965,5.863572041681834,4.691605613709358,1.1719664279724764,520.4572835294045,493.82170511805634,507.1394943237305,5.252120710272565,26561780.0,0.6840505417935093,1188138500,6.083099350240402,0.0062569286015395,0.0061506358838678,0.0085492621906976,16.416506184989185,158.7424187303971,0.1488608302603338,520.451171875,0.0123629041641042,514.095458984375,0.0030662631031896,512.52392578125,0.0108878936874099,502.5875549316406,-0.007873437511672,,,0.0,,,0.0,
2024-12-06,523.6539306640625,523.8926326740412,519.5460949043419,519.6754019443355,23762600,0.0089497876271749,0.0089099756407849,517.9466796875,517.9658142763284,511.2846282958984,513.3377333913766,507.7830276489258,507.9587176578008,496.5370166015625,497.51483495962185,70.00295722315315,99.20427814218031,-0.7957218578196882,6.52631346905514,5.058547184778515,1.4677662842766246,522.8693419293533,492.6967133684983,507.7830276489258,5.942031717869051,26107255.0,0.9101914391229564,1211901100,5.997429506739569,0.0062724382790275,0.0063733255944715,0.0080804469098504,17.776259515151065,163.97225932590686,0.945082264845991,519.0089111328125,-0.0027711739739033,520.451171875,0.0123629041641042,514.095458984375,0.0030662631031896,507.0037231445313,0.0087868634421148,,,0.0,,,0.0,
2024-12-09,519.575927734375,523.5245880810076,518.4221204877712,522.7288945325893,20674400,-0.007787591557875,-0.0078180732045498,519.357080078125,518.5025187623439,512.9347259521485,514.471950544649,508.1928192138672,509.0651186174745,497.2457922363281,498.3799758527495,64.34371284004233,85.61010661553874,-14.389893384461256,6.645870610423231,5.376011869907459,1.2698587405157715,524.0721101229407,492.31352830479375,508.1928192138672,6.24931730977129,25994750.0,0.7953298262149088,1191226700,5.942742411707552,0.0082533103664854,0.0074060717546707,0.0083310142208968,18.773671547515,127.877791877274,0.2261273051710624,523.6539306640625,0.0089497876271749,519.0089111328125,-0.0027711739739033,520.451171875,0.0123629041641042,512.52392578125,0.0108878936874099,,,0.0,,,0.0,
2024-12-10,517.805419921875,522.5597902510734,516.3731473444096,520.8092281333355,24350000,-0.0034076016959068,-0.0034134207937716,520.099072265625,518.2701524821877,514.3282073974609,515.0780358859628,508.5289993286133,509.8975282655127,497.8928997802734,499.14175797310736,62.00018537814352,79.70805423662387,-20.29194576337613,6.522567227758088,5.605322941477585,0.9172442862805036,524.9153035978784,492.14269505934817,508.5289993286133,6.444589901814517,26003875.0,0.9363989020867084,1166876700,5.960163875632998,0.00869028391089,0.0076939528479519,0.0083799966736977,19.21930056723978,100.94689557267338,0.2315104652152269,519.575927734375,-0.007787591557875,523.6539306640625,0.0089497876271749,519.0089111328125,-0.0027711739739033,514.095458984375,0.0030662631031896,,,0.0,,,0.0,
2024-12-11,527.0753784179688,527.7616769340509,521.7740335072752,522.18180592059,32168600,0.0179023975791763,0.0177440368905914,521.4239135742188,521.2052277941148,516.378140258789,517.259370891782,509.374934387207,511.533513994318,498.86067626953127,500.23719406898425,68.47445965860729,97.91224580654998,-2.087754193450021,7.091114631594735,5.902481279501015,1.1886333520937198,527.6482020614932,491.10166671292086,509.374934387207,7.17478086991832,26320540.0,1.2221861709524198,1199045300,6.245599099671778,0.0105750107971864,0.0090651350911267,0.0091908354345067,20.289318691908115,138.65692272996034,0.8853808640137628,517.805419921875,-0.0034076016959068,519.575927734375,-0.007787591557875,523.6539306640625,0.0089497876271749,520.451171875,0.0123629041641042,,,0.0,,,0.0,
2024-12-12,523.6737060546875,526.120522433409,523.196302159333,524.8473644357773,23577500,-0.0064538631523473,-0.006474779369311,522.3568725585938,522.0280538809724,518.4867553710938,518.4256136486739,510.0836059570312,512.6897227619722,499.74689208984375,501.1562729703844,64.15490608183876,85.66932975034669,-14.330670249653314,7.184388851984636,6.15886279399774,1.0255260579868963,529.3914096157504,490.7758022983121,510.0836059570312,7.570446661383428,26271045.0,0.8974709609001088,1175467800,6.076561753883493,0.0111530904113074,0.0088672948689185,0.009349662646094,21.282906950528712,111.19373879730703,0.1632585272629873,527.0753784179688,0.0179023975791763,517.805419921875,-0.0034076016959068,519.575927734375,-0.007787591557875,519.0089111328125,-0.0027711739739033,,,0.0,,,0.0,
2024-12-13,527.68212890625,530.307911172932,524.4694263576389,527.6124973833525,28780400,0.0076544283304991,0.0076252818326646,523.1625122070312,523.9127455560649,520.5545959472656,520.1086164227786,511.169743347168,514.1175709661892,500.7204382324219,502.1965026149281,66.8117176777765,91.54943298832782,-8.45056701167219,7.49535379512713,6.426160994223618,1.0691928009035117,531.8243375158512,490.5151491784848,511.169743347168,8.081305451858627,26276090.0,1.095307559077473,1204248200,6.116393422766422,0.0109600436772038,0.0088085858697582,0.0092315800732594,22.687926071086697,117.25410756469854,0.5502630648521772,523.6737060546875,-0.0064538631523473,527.0753784179688,0.0179023975791763,517.805419921875,-0.0034076016959068,523.6539306640625,0.0089497876271749,,,0.0,,,0.0,
2024-12-16,535.2811279296875,536.2559086463527,530.1388970892364,530.2184846535105,31979900,0.0144007132460375,0.014298007821671,526.3035522460938,527.7022063472725,522.8303161621094,522.8672548785802,513.2385787963867,516.1331478198557,501.7319787597656,503.4939389017814,71.17373122369335,97.36689923874968,-2.6331007612503283,8.259758116608396,6.792880418700574,1.4668776979078215,534.8289800841396,491.64817750863386,513.2385787963867,8.413397659382998,25302030.0,1.263926254138502,1236228100,6.291921016861873,0.0107071940220979,0.0091744511576871,0.00733373227819,24.56492442229601,143.48330301056168,0.8406442904925908,527.68212890625,0.0076544283304991,523.6737060546875,-0.0064538631523473,527.0753784179688,0.0179023975791763,519.575927734375,-0.007787591557875,,,0.0,,,0.0,
2024-12-17,532.9237670898438,534.5947414195532,531.2627487924711,533.4807585330802,28579100,-0.0044039677785042,-0.0044136938105268,529.3272216796875,529.4427265947963,524.7131469726562,524.6957116442644,515.0179718017578,517.7322544169974,502.8002117919922,504.6480498111172,68.17999482606787,90.99914029992982,-9.00085970007019,8.576470516680502,7.14959843829656,1.4268720783839417,536.936064861173,493.0998787423425,515.0179718017578,8.51158377356665,25376945.0,1.1261836284864075,1207649000,6.129525168315765,0.0109333815923204,0.0095891167479485,0.0075346794910988,26.30785146270465,122.48063015070784,0.4985059942276545,535.2811279296875,0.0144007132460375,527.68212890625,0.0076544283304991,523.6737060546875,-0.0064538631523473,517.805419921875,-0.0034076016959068,,,0.0,,,0.0,
2024-12-18,513.6975708007812,533.9980443477575,512.2454469027805,532.2773503776515,54703200,-0.0360768227584438,-0.036743679205277,526.65166015625,524.1943413301246,524.0377868652344,522.696049672722,515.6649795532227,517.3479988345006,503.3406951904297,505.0029329871825,49.78671166556341,32.9785756262472,-67.02142437375281,7.1931557926330925,7.158309909163867,0.0348458834692255,536.6030866152646,494.7268724911808,515.6649795532227,8.120817931123762,26885955.0,2.0346385315306823,1152945800,7.245458902362998,0.0193956000976707,0.015255973845346,0.0115628851907675,24.493012160856363,31.744347293939803,0.0667563449223579,532.9237670898438,-0.0044039677785042,535.2811279296875,0.0144007132460375,527.68212890625,0.0076544283304991,527.0753784179688,0.0179023975791763,,,0.0,,,0.0,
2024-12-19,511.4099731445313,518.9592575433442,511.07183222457314,518.3923099577986,46441800,-0.0044531992874404,-0.0044631443151636,524.1989135742188,519.9328852682602,523.2778930664062,520.6440357585054,516.212028503418,516.782472578313,503.75883911132814,505.25418946394126,48.12319298422,12.443086924703511,-87.55691307529649,5.8449024973094765,6.895628426792989,-1.0507259294835125,536.077694827544,496.34636217929193,516.212028503418,7.696708029729484,27729770.0,1.6747993221725244,1106504000,7.291313646392142,0.019378116085314,0.0152844749122403,0.0116290235125601,22.961856534306317,-18.785183033312112,0.0428708870496873,513.6975708007812,-0.0360768227584438,532.9237670898438,-0.0044039677785042,535.2811279296875,0.0144007132460375,523.6737060546875,-0.0064538631523473,,,0.0,,,0.0,
2024-12-20,515.8758544921875,522.0028221794778,506.556186993886,507.7000078297467,60530000,0.0087324877929082,0.0086945801469016,521.8376586914062,518.580541676236,522.5000854492188,519.7770937100839,516.8923568725586,516.696127998682,504.27744140625,505.6707253474019,51.528182394962286,31.379645935258942,-68.62035406474105,5.078222758082006,6.532147293050793,-1.4539245349687864,535.7055412606153,498.0791724845019,516.8923568725586,7.279343228011842,29029935.0,2.0850890640988347,1167034000,7.873836613477832,0.0195534208205772,0.0152683228225856,0.0117421178072973,22.11285676536565,-18.288868128548607,0.6033461259533276,511.4099731445313,-0.0044531992874404,513.6975708007812,-0.0360768227584438,532.9237670898438,-0.0044039677785042,527.68212890625,0.0076544283304991,,,0.0,,,0.0,
2024-12-23,520.90185546875,521.2804299717675,514.1872352921986,517.5943450139422,29672800,0.0097426559758451,0.0096955023236164,518.9618041992187,519.3543129404073,522.6326782226563,519.9815958480232,517.7837020874024,517.0966734720217,504.8812457275391,506.26802456784696,55.09999746424955,48.30236674515267,-51.69763325484733,4.820610815129953,6.189839997466625,-1.3692291823366718,535.554155018885,500.01324915591977,517.7837020874024,6.864044912901857,29322245.0,1.0119552578596898,1196706800,7.81807647534148,0.0185197505249782,0.01545727644209,0.0118895307663732,21.32449983706361,9.547294578368849,0.9466284910799656,515.8758544921875,0.0087324877929082,511.4099731445313,-0.0044531992874404,513.6975708007812,-0.0360768227584438,535.2811279296875,0.0144007132460375,,,0.0,,,0.0,
2024-12-24,527.9652099609375,528.0548371426894,522.2169092458087,522.854514827797,17558200,0.0135598566563586,0.0134687445210478,517.9700927734375,522.2246119472508,523.6486572265625,521.4331620503713,518.9884323120117,518.1317721852517,505.5439611816406,507.1188945832623,59.605049931308415,72.0849279921563,-27.9150720078437,5.127300838517158,5.977332165676732,-0.8500313271595736,536.0764768679425,501.900387756081,518.9884323120117,6.585135040411667,28881395.0,0.6079415485297714,1214265000,7.77056970381276,0.0203836972040667,0.0159215861515047,0.0121756429595149,20.00839578545961,74.42583413790881,0.9846474325422472,520.90185546875,0.0097426559758451,515.8758544921875,0.0087324877929082,511.4099731445313,-0.0044531992874404,532.9237670898438,-0.0044039677785042,,,0.0,,,0.0,
2024-12-26,527.6065063476562,529.2403478108545,524.3289121388443,526.3313560192331,19090500,-0.0006794076702663,-0.0006796385722478,520.7518798828125,524.018576747386,523.7017700195313,522.5555882862412,520.0399551391602,519.0341278197665,506.3317883300781,507.9223303387288,59.27976094197614,70.87716039931941,-29.122839600680575,5.2805397328349954,5.8379736791083845,-0.557433946273389,536.5208306570617,503.55907962125866,520.0399551391602,6.338311260522778,28508065.0,0.6696526053241425,1195174500,7.566345844398289,0.007592598779058,0.0149200983465085,0.0121733737176918,18.946943760719968,78.0223194334623,0.667339333674657,527.9652099609375,0.0135598566563586,520.90185546875,0.0097426559758451,515.8758544921875,0.0087324877929082,513.6975708007812,-0.0360768227584438,,,0.0,,,0.0,
2024-12-27,520.593017578125,524.4683897338862,515.9106967940162,524.0300435156842,33839600,-0.013293029341283,-0.0133821725258322,522.5884887695313,522.8767236909657,523.393701171875,522.1987572484019,520.9402282714843,519.1825935110387,506.9781524658203,508.4192200343914,53.16985126215688,47.26249878194787,-52.73750121805213,4.780941019043439,5.626567147095396,-0.8456261280519568,535.3458248227216,506.53463172024703,520.9402282714843,5.530613981967206,28952175.0,1.168810288000815,1161334900,7.861307537915558,0.0108046330975974,0.0154078833950581,0.0124640794553427,18.355985043922203,-5.83315720590127,0.547147556818653,527.6065063476562,-0.0006794076702663,527.9652099609375,0.0135598566563586,520.90185546875,0.0097426559758451,511.4099731445313,-0.0044531992874404,,,0.0,,,0.0,
2024-12-30,513.669189453125,517.4050741628361,509.90341888184463,513.5695901830321,34584000,-0.0132998866508249,-0.0133891222419829,522.1471557617188,519.8075456116856,521.9924072265625,520.6479267401696,521.2735015869141,518.657507410285,507.4792761230469,508.6251011880672,47.91896477529545,23.949727685909885,-76.05027231409011,3.782705697479855,5.257794857172288,-1.4750891596924325,534.6453112495892,507.901691924239,521.2735015869141,5.1304390581785855,29914675.0,1.1560881072583942,1126750900,8.063328334941616,0.0125468161983133,0.0156021003813028,0.0127900057538399,18.46857194486924,-100.01553045489509,0.5019919511327481,520.593017578125,-0.013293029341283,527.6065063476562,-0.0006794076702663,527.9652099609375,0.0135598566563586,515.8758544921875,0.0087324877929082,,,0.0,,,0.0,
2024-12-31,509.3056640625,515.7114228726336,508.3393140727987,514.9543347038892,29117000,-0.0084948162751801,-0.0085311028717374,519.8279174804687,516.3069184286237,519.3948608398438,518.5856971624115,521.1125885009766,517.7668556628769,507.8290759277344,508.651789928241,44.90890212593845,9.257585309341236,-90.74241469065876,2.609417244039946,4.728119334545819,-2.118702090505873,534.9703131777137,507.25486382423946,521.1125885009766,5.3185146482835925,30113165.0,0.9669192859667856,1097633900,8.013955511005426,0.0113076538096903,0.0144729032461487,0.0127140500742071,18.734638120611542,-133.45944227939333,0.1310818947368003,513.669189453125,-0.0132998866508249,520.593017578125,-0.013293029341283,527.6065063476562,-0.0006794076702663,520.90185546875,0.0097426559758451,,,0.0,,,0.0,
2025-01-02,508.3094482421875,514.6953239346398,503.80644256925154,512.3641052015905,36389800,-0.0019560273733579,-0.001957942893181,515.8967651367187,513.641095033145,516.9334289550782,516.7172882678253,520.8232879638672,516.8661501942398,508.1400524902344,508.6383647640821,44.22586384813663,13.876979245934708,-86.1230207540653,1.5809669971997664,4.098688867076609,-2.5177218698768424,535.4738105750184,506.172765352716,520.8232879638672,5.625909190207964,31002760.0,1.1737600136245934,1061244100,8.219307357747054,0.0060297944620109,0.0145022702509837,0.0126949465693513,19.43188709953528,-154.654942244167,0.4135416230365054,509.3056640625,-0.0084948162751801,513.669189453125,-0.0132998866508249,520.593017578125,-0.013293029341283,527.9652099609375,0.0135598566563586,,,0.0,,,0.0,
2025-01-03,516.6280517578125,517.6940315122579,510.6008364706132,511.417696434176,29059500,0.0163652348867251,0.0162327677139268,513.70107421875,514.6367472747008,517.2264770507812,516.7010634478229,520.6321319580078,516.8434741526753,508.6066589355469,508.9516858226598,50.9363520101917,39.51254285077084,-60.48745714922916,1.4207767196147645,3.5631064375842403,-2.142329717969476,535.3964117438202,505.8678521721954,520.6321319580078,5.67167444325285,31151425.0,0.9328465712242698,1090303600,8.302541351484434,0.012368106123467,0.0108978326034881,0.0129374231156974,19.578553260453955,-71.87920855894023,0.8497179693675548,508.3094482421875,-0.0019560273733579,509.3056640625,-0.0084948162751801,513.669189453125,-0.0132998866508249,527.6065063476562,-0.0006794076702663,,,0.0,,,0.0,
2025-01-06,522.5655517578125,525.9328339298473,520.0650507509039,522.0475504427856,36109700,0.0114927944384704,0.0114272539606165,514.0955810546875,517.2796821024048,518.3420349121094,517.7673340496392,520.8099639892578,517.3884339245932,509.3432000732422,509.485562918156,55.0897593407778,57.81022450103981,-42.18977549896019,1.752727052337491,3.2010305605348903,-1.4483035081973994,535.577432083802,506.0424958947136,520.8099639892578,5.670962199505392,32048430.0,1.1267229003105612,1126413300,8.374129981523748,0.0127417246419419,0.0112340826323401,0.0131841678587761,18.50859877960652,23.79021224399568,0.426140661747533,516.6280517578125,0.0163652348867251,508.3094482421875,-0.0019560273733579,509.3056640625,-0.0084948162751801,520.593017578125,-0.013293029341283,,,0.0,,,0.0,
2025-01-07,513.2407836914062,524.0100909190774,511.34797203831766,523.6116330578326,36690300,-0.0178442073631518,-0.0180053349046201,514.0098999023437,515.9333826320719,518.0785278320312,516.9443248935968,520.289306640625,516.9934196166706,509.8144708251953,509.6328264778913,48.19018383796893,30.64261902882715,-69.35738097117286,1.2489718598303623,2.810618820393985,-1.5616469605636225,535.3503373627049,505.2282759185451,520.289306640625,5.789483093290968,32694815.0,1.1222054628539724,1089723000,8.680414902897743,0.0140914044932121,0.0125839808631494,0.0136262202589958,18.44675471301544,-53.17757862867789,0.1494861698028911,522.5655517578125,0.0114927944384704,516.6280517578125,0.0163652348867251,508.3094482421875,-0.0019560273733579,513.669189453125,-0.0132998866508249,,,0.0,,,0.0,
2025-01-08,513.3304443359375,514.9741969361809,508.6481238764345,513.1411571001679,30777800,0.0001746950892842,0.000174679831874,514.8148559570312,515.0657365333605,517.32138671875,516.2872557012951,519.9770324707031,516.6445648280294,510.22785705566406,509.7778310997755,48.25728795803581,31.545201995431363,-68.45479800456864,0.8472109842409736,2.417937253163383,-1.5707262689224093,535.340233855993,504.6138310854132,519.9770324707031,5.909184608516543,33199985.0,0.9270425875192414,1120500800,8.51224762838693,0.0133099845747633,0.0120772185632543,0.0135308392293841,18.645897435713035,-89.54370640878537,0.7401622483975399,513.2407836914062,-0.0178442073631518,522.5655517578125,0.0114927944384704,516.6280517578125,0.0163652348867251,509.3056640625,-0.0084948162751801,,,0.0,,,0.0,
2025-01-10,505.2808837890625,509.6543435394188,502.0232033717528,509.5547442725234,40532500,-0.0156810503559519,-0.0158052986334266,514.2091430664062,511.8041189519278,515.0529541015625,514.2860971717981,519.3508056640625,515.562309490985,510.4786608886719,509.6014802248456,42.88677770963486,11.96922191671781,-88.03077808328219,-0.1193439446381035,1.9104810136030856,-2.029824958241189,535.9854530529818,502.7161582751431,519.3508056640625,6.405938801866172,34009110.0,1.1918130171592258,1079968300,8.711890009515342,0.0154775098735344,0.0115831693484917,0.0139409516983593,19.41223553609361,-142.19099626562294,0.42689301279908,513.3304443359375,0.0001746950892842,513.2407836914062,-0.0178442073631518,522.5655517578125,0.0114927944384704,508.3094482421875,-0.0019560273733579,,,0.0,,,0.0,
2025-01-13,503.656982421875,504.1152423896796,497.81905506714537,499.31340880810814,31694200,-0.0032138587056964,-0.003219034241522,511.6149291992188,509.0884067752436,512.6580017089843,512.3535308536302,518.1798858642578,514.4284688177364,510.6022967529297,509.3683626639448,41.87432984735305,18.579526317861152,-81.42047368213885,-1.004798269266189,1.3274251570292308,-2.33222342629542,535.7455539070254,500.6142178214903,518.1798858642578,6.779756807221594,33985390.0,0.9325830893804662,1048274100,8.62259991754404,0.01205235984975,0.0115221894271726,0.0132037570189899,20.456617455413785,-156.6274966905289,0.9272162747990016,505.2808837890625,-0.0156810503559519,513.3304443359375,0.0001746950892842,513.2407836914062,-0.0178442073631518,516.6280517578125,0.0163652348867251,,,0.0,,,0.0,
2025-01-14,503.1788330078125,508.2397285865004,499.7019793212129,506.82506018066647,33737200,-0.0009493552770047,-0.0009498062001392,507.7375854492187,507.1185488527666,510.9165832519531,510.6854039725724,517.155142211914,513.357074931077,510.7915643310547,509.1256360107632,41.56319629108826,17.057789392641133,-82.94221060735887,-1.7252225706604918,0.7168956114912863,-2.442118182151778,535.6840979536724,498.6261864701556,517.155142211914,7.165724259265259,34493375.0,0.9780776743360138,1014536900,8.616539156668575,0.0085748917068178,0.0111392831021482,0.0131674407951675,20.80262353959119,-123.51248648270786,0.4072330515367743,503.656982421875,-0.0032138587056964,505.2808837890625,-0.0156810503559519,513.3304443359375,0.0001746950892842,522.5655517578125,0.0114927944384704,,,0.0,,,0.0,
2025-01-15,514.7550659179688,515.9007006401041,509.5347694909147,511.0988974445716,34957600,0.0230062000838904,0.0227455476391884,508.0404418945312,509.6640545411673,511.0251708984375,511.425342508099,516.5087890625,513.4902169298286,511.46161193847655,509.3463979679085,51.04670822960744,53.89979014855829,-46.10020985144171,-1.3465367333852782,0.3042091425159735,-1.6507458759012517,534.4152039682207,498.60237415677926,516.5087890625,6.933634154889065,34802235.0,1.0044642247832647,1049494500,8.909776904927362,0.0140019163250704,0.0132493581010021,0.0141641472548278,20.09195460293163,-31.138069828152133,0.8200365829650489,503.1788330078125,-0.0009493552770047,503.656982421875,-0.0032138587056964,505.2808837890625,-0.0156810503559519,513.2407836914062,-0.0178442073631518,,,0.0,,,0.0,
2025-01-16,511.1487121582031,517.1061831442493,511.01919663194894,517.026467249921,28229000,-0.0070059606957618,-0.007030617669746,507.6040954589844,510.1589404135127,511.2094757080078,511.3750460808452,515.3021682739258,513.2672164753881,511.9883166503906,509.4170769557632,48.41091242103373,42.42237007809458,-57.57762992190542,-1.3221867421864886,-0.0210700344245189,-1.3011167077619696,531.116146376896,499.4881901709555,515.3021682739258,6.137749490145303,34614690.0,0.815520809228683,1021265500,8.708149019739716,0.0144268753156614,0.0131476483050245,0.0137298555910895,19.28030221248118,-27.81755969930984,0.0212774459069909,514.7550659179688,0.0230062000838904,503.1788330078125,-0.0009493552770047,503.656982421875,-0.0032138587056964,513.3304443359375,0.0001746950892842,,,0.0,,,0.0,
2025-01-17,519.776123046875,522.0973697832961,511.1786021287471,520.8819303330192,51837900,0.0168784752528177,0.0167376165664613,510.5031433105469,513.3646679579668,512.3561431884766,512.9025146201233,514.6447860717774,513.8871123393392,512.7158172607421,509.82331405737546,54.46792288286253,78.10073518384137,-21.899264816158635,-0.5998149489350908,-0.1368190173266333,-0.4629959316084575,528.4379874151443,500.8515847284104,514.6447860717774,5.360280223044265,35777630.0,1.4488913882780945,1073103400,8.868185348693522,0.0133188383694108,0.014082290013993,0.0143613962075034,17.91521998479465,37.78878391558165,0.7874076260306917,511.1487121582031,-0.0070059606957618,514.7550659179688,0.0230062000838904,503.1788330078125,-0.0009493552770047,505.2808837890625,-0.0156810503559519,,,0.0,,,0.0,
2025-01-21,522.8245849609375,523.990163931292,518.1024365526878,522.5057821782378,23628000,0.0058649518107771,0.0058478199333594,514.3366638183594,516.5179736256238,512.975796508789,514.7065274093623,515.1011367797852,514.7383002080628,513.380952758789,510.3331678182995,56.41516887742062,88.94403707132557,-11.05596292867442,0.2161635027276816,-0.0662225133157703,0.2823860160434519,529.3356637492129,500.86660981035743,515.1011367797852,5.52688625710149,34223870.0,0.6903953293417723,1096731400,8.655295493687147,0.0123780915146576,0.0132879173476287,0.0118323714226924,16.84635312238493,87.2289071061629,0.8020324489427942,519.776123046875,0.0168784752528177,511.1487121582031,-0.0070059606957618,514.7550659179688,0.0230062000838904,503.656982421875,-0.0032138587056964,,,0.0,,,0.0,
2025-01-22,529.5093383789062,531.8106408124149,527.2678076655376,527.5766383538297,33593000,0.0127858436849679,0.0127047949058322,519.6027648925781,520.8484285433847,513.6701751708985,517.397947585643,516.0061050415039,516.1450657481431,513.913818359375,511.0851745069508,60.413173951625375,93.22978795177583,-6.770212048224146,1.3862561406178884,0.2242732174709614,1.161982923146927,531.4378970531997,500.57431302980814,516.0061050415039,5.981243966272274,33581430.0,1.0003445356555691,1130324400,8.67892123352931,0.0115116140258896,0.0134042066057599,0.0120442622216197,16.697671255640532,156.4437203030367,0.4934213167965688,522.8245849609375,0.0058649518107771,519.776123046875,0.0168784752528177,511.1487121582031,-0.0070059606957618,503.1788330078125,-0.0009493552770047,,,0.0,,,0.0,
2025-01-23,530.6350708007812,530.7546142367858,526.4608402116309,527.0485853044178,23096600,0.0021259916308962,0.0021237349086379,522.7787658691407,524.1106426291835,515.4096038818359,519.8046972611227,516.7440658569336,517.5250662293467,514.3108544921874,511.8518371067088,61.06095426206988,96.5415852604132,-3.45841473958678,2.376999612611712,0.6548184964991115,1.7221811161126006,533.4401670433755,500.04796467049175,516.7440658569336,6.462038865895509,31709760.0,0.7283751122682732,1153421000,8.36569643293114,0.0093338868147827,0.0115820676252047,0.0119344878501658,16.45020156532207,130.9089555948055,0.9721588897316484,529.5093383789062,0.0127858436849679,522.8245849609375,0.0058649518107771,519.776123046875,0.0168784752528177,514.7550659179688,0.0230062000838904,,,0.0,,,0.0,
2025-01-24,527.6364135742188,531.7807280773806,526.1620039307094,531.0136677980639,19878300,-0.0056510724442642,-0.0056671001652123,526.0763061523437,525.285899610862,516.840200805664,521.2286456816855,517.080793762207,518.4880516907631,514.635980834961,512.4708401054347,58.323198343790736,87.71982198924894,-12.280178010751053,2.8869256923954936,1.101239935678388,1.7856857567171056,534.3601877610362,499.8013997633778,517.080793762207,6.6834406565777575,31220035.0,0.6367161343669218,1133542700,8.169484126769714,0.0088650889849243,0.0119042830172185,0.0118697053529875,16.33164618111873,109.3321442282994,0.2624100427419362,530.6350708007812,0.0021259916308962,529.5093383789062,0.0127858436849679,522.8245849609375,0.0058649518107771,511.1487121582031,-0.0070059606957618,,,0.0,,,0.0,
2025-01-27,512.2745361328125,516.0402765990139,508.2297899969277,509.0765966785985,60771700,-0.0291145134152979,-0.0295467511319161,524.5759887695312,520.9487784515122,517.5395660400391,519.6006257637085,516.2962600708008,517.8962883042916,514.6598352050781,512.46314191043,46.75722852342382,42.52664519388839,-57.47335480611161,2.028092076473968,1.286610363837504,0.7414817126364637,532.9408208579633,499.6516992836383,516.2962600708008,6.447678232214969,33380710.0,1.820563433192404,1072771000,8.972136944664095,0.0161465748076462,0.0146620411371475,0.0131992293690111,16.17896683134851,-39.80623651018424,0.517860965890739,527.6364135742188,-0.0056510724442642,530.6350708007812,0.0021259916308962,529.5093383789062,0.0127858436849679,519.776123046875,0.0168784752528177,,,0.0,,,0.0,
2025-01-28,519.8458251953125,521.0313482861533,509.85358086015856,513.2806042053568,33194200,0.0147797489987615,0.0146715928863656,523.9802368164062,520.5811273661124,519.1584503173829,519.6452074785456,515.9082260131836,518.0819584843888,514.8536181640625,512.752658901994,51.82769974561954,64.800654765665,-35.199345234334984,1.9360820510202077,1.4165047012740448,0.5195773497461627,531.8259730404505,499.99047898591664,515.9082260131836,6.170766901809467,34085895.0,0.9738397656860704,1105965200,9.129681979044854,0.0177544292534408,0.0151199531678644,0.0136887298277148,15.46329266582589,13.153556581445123,0.89393918787636,512.2745361328125,-0.0291145134152979,527.6364135742188,-0.0056510724442642,530.6350708007812,0.0021259916308962,522.8245849609375,0.0058649518107771,,,0.0,,,0.0,
2025-01-29,518.8695678710938,520.6229528077788,514.9543680275574,520.4934372745863,26649000,-0.001877974731935,-0.0018797403373364,521.8522827148438,520.0106075344395,520.7275238037109,519.5041820953725,515.822053527832,518.1569689021702,515.0410040283203,512.992537685096,51.151269149665936,61.92859892356705,-38.07140107643294,1.7640527339774508,1.486014307814726,0.2780384261627247,531.6558598407069,499.9882472149573,515.822053527832,6.139251396710757,33726365.0,0.7901533414585296,1079316200,8.882460750557465,0.016032473403888,0.0151515788603294,0.0133681195463181,14.798738083554884,28.256383070594588,0.6906838294327081,519.8458251953125,0.0147797489987615,512.2745361328125,-0.0291145134152979,527.6364135742188,-0.0056510724442642,529.5093383789062,0.0127858436849679,,,0.0,,,0.0,
2025-01-30,521.0811767578125,524.1196841000327,516.2594290396685,521.738726504641,27431300,0.0042623599911495,0.0042533018650103,519.94150390625,520.3674639422305,521.3601348876953,519.7909083976342,516.1926528930665,518.4354648884218,515.3434399414062,513.3097392173594,52.658675760543694,68.43494112040477,-31.565058879595217,1.7855934055029363,1.5459301273523682,0.2396632781505683,532.1540048871921,500.2313008989408,516.1926528930665,6.184261594839914,33368730.0,0.8220660480635613,1106747500,8.809446058400805,0.0162616325574772,0.0134951104943072,0.0130265332783397,13.771593697703164,49.041013550103685,0.6134340019570872,518.8695678710938,-0.001877974731935,519.8458251953125,0.0147797489987615,512.2745361328125,-0.0291145134152979,530.6350708007812,0.0021259916308962,,,0.0,,,0.0,
2025-01-31,520.323974609375,529.5192724001945,519.2281395504486,524.9365512323936,38755200,-0.0014531366363084,-0.0014541934632837,518.4790161132812,520.3529674979454,522.2776611328125,519.8878295270416,516.7435684204102,518.615322957084,515.8718310546875,513.5848072719483,52.06626660304246,66.2073246917041,-33.792675308295884,1.7217177670164574,1.5810876552851862,0.1406301117312711,532.4750072167049,501.01212962411546,516.7435684204102,6.088682959086576,33850640.0,1.1448882502664648,1067992300,8.915280829211166,0.0162324607855806,0.0132267251234415,0.012856212026661,13.3498151695312,68.94759949222316,0.1064834236342376,521.0811767578125,0.0042623599911495,518.8695678710938,-0.001877974731935,519.8458251953125,0.0147797489987615,527.6364135742188,-0.0056510724442642,,,0.0,,,0.0,
2025-02-03,516.1597900390625,518.8894667950981,509.1263667109108,511.53724066840994,40580800,-0.0080030611186784,-0.0080352575071447,519.2560668945313,518.9552416783179,521.9160278320312,519.2100041655908,517.1360855102539,518.3814626791772,516.2483087158203,513.6857869883057,48.813909404456936,51.256607885567405,-48.7433921144326,1.3198663720860395,1.528843398645357,-0.2089770265593173,532.3906969684936,501.8814740520143,517.1360855102539,5.899650744035026,34060190.0,1.1914437353402902,1027411500,9.078304191300669,0.0085792426615143,0.0124022218558072,0.013003355415136,12.9325832129616,-23.16685840868848,0.7204088114871702,520.323974609375,-0.0014531366363084,521.0811767578125,0.0042623599911495,518.8695678710938,-0.001877974731935,512.2745361328125,-0.0291145134152979,,,0.0,,,0.0,
2025-02-04,522.4957885742188,523.1333941133616,516.2792865811033,516.6778052444203,26046800,0.0122752656394964,0.0122005354995955,519.7860595703125,520.1354239769515,521.8831481933594,519.807419512614,517.4294723510742,518.7733032406097,516.683076171875,514.0312772465768,53.566625048280734,60.49823515240403,-39.50176484759597,1.4954201039669217,1.52215873970967,-0.0267386357427483,532.8584234209442,502.00052128120416,517.4294723510742,5.963692404209058,33909555.0,0.7681256802101945,1053458300,8.927968468657703,0.007634167550189,0.0129295685959093,0.0127766478988423,12.079927763813032,38.79822201592449,0.9069746810605538,516.1597900390625,-0.0080030611186784,520.323974609375,-0.0014531366363084,521.0811767578125,0.0042623599911495,519.8458251953125,0.0147797489987615,,,0.0,,,0.0,
2025-02-05,524.8668823242188,525.0263141261553,518.6603518561534,519.8558471490118,21134100,0.004538015045959,0.0045277493013661,520.9855224609375,521.712576759374,521.4189025878907,520.7273218419966,517.5445388793945,519.3536441057154,517.1710339355469,514.456202935896,55.24150500729325,70.55340139111638,-29.44659860888361,1.80506745681987,1.57874048313171,0.2263269736881601,533.1582098436472,501.93086791514185,517.5445388793945,6.033749674205801,33160775.0,0.6373222579990968,1074592400,8.744968025896572,0.0075597907107776,0.0122705172837749,0.0125585808048263,11.349967509432505,63.05607714174163,0.974955584831956,522.4957885742188,0.0122752656394964,516.1597900390625,-0.0080030611186784,520.323974609375,-0.0014531366363084,518.8695678710938,-0.001877974731935,,,0.0,,,0.0,
2025-02-06,527.6065063476562,527.8157377758239,523.7610503813152,525.3749476688555,19434500,0.0052196549557592,0.0052060797748471,522.2905883789062,523.6772199554681,521.1160461425782,521.9780826612074,518.262825012207,520.1396309859002,517.6777783203125,514.9719011089063,57.16410189650762,82.17140468062532,-17.828595319374678,2.245643596032096,1.712121105711787,0.5335224903203086,534.3335175059495,502.19213251846446,518.262825012207,6.201753904831595,32297985.0,0.6017248444446303,1094026900,8.40994798079744,0.0076329262264881,0.0123912215204954,0.0118438780037383,10.973210945253896,90.76560919193858,0.9483976425541848,524.8668823242188,0.004538015045959,522.4957885742188,0.0122752656394964,516.1597900390625,-0.0080030611186784,521.0811767578125,0.0042623599911495,,,0.0,,,0.0,
2025-02-07,520.95166015625,530.0970984278108,520.2244274064886,528.1445149779497,29605500,-0.01261327544551,-0.0126934980983853,522.4161254882813,522.7687000223955,520.4475708007812,521.7914603875787,518.6438858032227,520.2169670973622,518.0353125,515.2064014637041,51.38953773254869,53.95000485295015,-46.04999514704985,2.034362030618581,1.7765692906931465,0.2577927399254349,534.5896256412445,502.6981459652008,518.6438858032227,6.149012944913727,32239370.0,0.9183026839544322,1064421400,8.514428197977777,0.0102623447500965,0.0128978792062835,0.0122543109235758,10.203665267623268,57.81242230083075,0.0736611954539327,527.6065063476562,0.0052196549557592,524.8668823242188,0.004538015045959,522.4957885742188,0.0122752656394964,520.323974609375,-0.0014531366363084,,,0.0,,,0.0,
2025-02-10,527.2578735351562,528.3636808400595,524.7672836743383,525.2354853815722,20852800,0.0121051795420228,0.0120324978184584,524.6357421875,524.2650911933158,521.9459045410156,522.7853536871382,519.7427352905273,520.8875296152473,518.5030578613281,515.6790082116041,55.93240927460479,80.69294737122651,-19.30705262877349,2.3487041844596206,1.890996269446441,0.4577079150131795,534.8610331630385,504.6244374180161,519.7427352905273,5.81760815341088,31255385.0,0.6671746324673332,1085274200,8.435684804108613,0.0101425695585078,0.0089752200163504,0.0118550267629299,9.489087138394824,82.16660314736212,0.692523585683915,520.95166015625,-0.01261327544551,527.6065063476562,0.0052196549557592,524.8668823242188,0.004538015045959,516.1597900390625,-0.0080030611186784,,,0.0,,,0.0,
2025-02-11,526.0025634765625,527.9252913951378,523.8507207672724,523.9802362938708,19325500,-0.002380827525964,-0.0023836662023124,525.3370971679688,524.8442486210647,522.5615783691406,523.370300921579,520.8600143432617,521.3746756972773,518.8915881347656,516.0838535161123,54.83386740658146,75.46524651765823,-24.534753482341763,2.468079095934968,2.0064128347441463,0.4616662611908215,534.2636139101218,507.4564147764016,520.8600143432617,5.146718579947168,30636950.0,0.6307905976280276,1065948700,8.124176648662672,0.0093501453389376,0.0080491562594044,0.0118364608969402,8.914249452476065,68.2586558802993,0.5281152066726098,527.2578735351562,0.0121051795420228,520.95166015625,-0.01261327544551,527.6065063476562,0.0052196549557592,522.4957885742188,0.0122752656394964,,,0.0,,,0.0,
2025-02-12,526.3114013671875,527.1980658905265,519.9853278738981,520.3339861084905,25009400,0.0005871414173037,0.0005869691172215,525.6260009765625,525.333299536439,523.30576171875,523.9050464571441,522.0166427612305,521.8448400467926,519.3660650634765,516.4849338239976,55.067684436291394,76.77660782976382,-23.22339217023618,2.5581168315744662,2.1167536341102107,0.4413631974642555,532.8667125109254,511.16657301153566,522.0166427612305,4.156982310871516,30200560.0,0.8281104721236957,1090958100,8.059073889231657,0.0091813011784194,0.0079816361430935,0.0118196477571847,8.867832117590014,43.816966206325134,0.8770696341136176,526.0025634765625,-0.002380827525964,527.2578735351562,0.0121051795420228,520.95166015625,-0.01261327544551,524.8668823242188,0.004538015045959,,,0.0,,,0.0,
2025-02-13,533.8828735351562,534.2016155325434,527.1981083755304,527.9851128913989,28714800,0.0143859170603193,0.0142834215803212,526.8812744140625,528.1831575360114,524.5859313964844,525.7191968349645,522.9730331420899,522.9913194266368,519.903648071289,517.1672059695333,60.47048740210073,98.7727393403668,-1.2272606596331883,3.2034989702573284,2.3341027013396345,0.869396268917694,534.4482529760077,511.49781330817206,522.9730331420899,4.388455658974688,29888420.0,0.9607332873400468,1119672900,8.04701248038339,0.0110611087786793,0.0089595574452137,0.0111644836465727,8.564389056144291,135.6848691367386,0.9544882313479964,526.3114013671875,0.0005871414173037,526.0025634765625,-0.002380827525964,527.2578735351562,0.0121051795420228,527.6065063476562,0.0052196549557592,,,0.0,,,0.0,
2025-02-14,536.1243286132812,536.8117337584231,533.6536224423348,533.9923693740982,17862600,0.0041984022886574,0.0041896135881816,529.9158081054687,530.8302145617681,526.165966796875,527.6110389764766,524.2218139648437,524.2420822063173,520.3756561279297,517.9106225437979,61.92990209900428,97.51708133772564,-2.48291866227436,3.851438669528761,2.63756989497746,1.213868774551301,535.71403991249,512.7295880171974,524.2218139648437,4.384489787148374,29370100.0,0.6081899619000276,1137535500,7.697805254362309,0.0072480348831648,0.0088625907695452,0.0109743341574164,8.593191380869204,170.94803831050208,0.782336632113552,533.8828735351562,0.0143859170603193,526.3114013671875,0.0005871414173037,526.0025634765625,-0.002380827525964,520.95166015625,-0.01261327544551,,,0.0,,,0.0,
2025-02-18,537.3397216796875,537.9673551250996,534.0222392975678,537.6983519898058,20565000,0.0022669985328775,0.0022644327686943,531.932177734375,533.0000502677412,528.2839599609375,529.3798903770604,525.0999938964844,525.4894764418764,520.8405413818359,518.6725480001073,62.73333422389111,97.8238143700257,-2.1761856299743,4.412147126739228,2.9924853413298136,1.4196617854094145,537.7273263256961,512.4726614672727,525.0999938964844,4.80949631536313,27806455.0,0.7395764760376682,1158100500,7.4297560095887025,0.0063854303453962,0.0079943762406549,0.0104361089452001,8.758260925165885,159.35356819600122,0.8409087405961193,536.1243286132812,0.0041984022886574,533.8828735351562,0.0143859170603193,526.3114013671875,0.0005871414173037,527.2578735351562,0.0121051795420228,,,0.0,,,0.0,
2025-02-19,537.4891967773438,538.774319161458,534.440717443179,536.5427605384632,19666900,0.0002781761549082,0.0002781374710954,534.2295043945312,534.4964324376087,529.78330078125,530.8543097225664,525.8332244873047,526.6323069500161,521.1813018798828,519.410455795293,62.83720904678207,95.6653924541404,-4.334607545859607,4.813091685030713,3.3566066100699934,1.4564850749607197,539.5066289031915,512.1598200714179,525.8332244873047,5.200662027097501,27608400.0,0.7123520377856015,1177767400,7.208602131638014,0.0058270948962577,0.0075097491567933,0.0103938688584675,9.011745235378289,141.81237480058502,0.7034516626749501,537.3397216796875,0.0022669985328775,536.1243286132812,0.0041984022886574,533.8828735351562,0.0143859170603193,526.0025634765625,-0.002380827525964,,,0.0,,,0.0,
2025-02-20,535.207763671875,537.0707198380107,530.4557600378364,536.7021174397108,26550800,-0.004244612020386,-0.0042536459587596,536.0087768554688,534.7335428490309,530.8173889160156,531.6458468042589,526.1181457519531,527.4490171140026,521.5052789306641,520.029958064963,60.08440620368084,87.97031432260945,-12.029685677390544,4.890377325591658,3.6633607531743264,1.2270165724173312,540.3135993244179,511.9226921794883,526.1181457519531,5.396298792232666,27256290.0,0.9741164333076878,1151216600,7.196090317914396,0.0069064234381341,0.0077994845868634,0.0101087702117828,8.627295370556984,102.32012174064084,0.7183722618906192,537.4891967773438,0.0002781761549082,537.3397216796875,0.0022669985328775,536.1243286132812,0.0041984022886574,526.3114013671875,0.0005871414173037,,,0.0,,,0.0,
2025-02-21,524.0997924804688,536.3734259054734,523.7311900666963,536.3534817300003,47093800,-0.0207545031021192,-0.0209729049682086,534.0521606445312,531.1889593928436,530.4667175292968,530.273836927206,525.7913818359375,527.1300433393803,521.5141961669922,520.1895594145907,48.86084071463358,50.504080491000536,-49.49591950899946,4.009091993661514,3.732507001271764,0.2765849923897496,539.8561616460561,511.7266020258189,525.7913818359375,5.349946878553901,28456150.0,1.654960351277316,1104122800,7.58510071226173,0.0100617647770861,0.0104689940529485,0.0111646660922633,8.663214871550982,31.49020866789454,0.0291564260048802,535.207763671875,-0.004244612020386,537.4891967773438,0.0002781761549082,537.3397216796875,0.0022669985328775,533.8828735351562,0.0143859170603193,,,0.0,,,0.0,
2025-02-24,517.9131469726562,527.0785293164791,517.574460821282,525.893006175843,39268400,-0.0118043273372275,-0.0118745515896154,530.4099243164062,526.7636885861145,530.1628662109375,528.0264387536515,525.3052185058593,526.2522436854066,521.4809405517578,520.1002883384364,43.93801281617233,7.26320526861487,-92.73679473138512,2.779417040743624,3.541889009166136,-0.7624719684225121,539.7483864569086,510.86205055481,525.3052185058593,5.498962295531888,29425655.0,1.3344953578773353,1064854400,7.722169839614264,0.0094683572529537,0.0103686438844038,0.011394760455328,9.399244694688816,-48.55549402204566,0.0356359122981797,524.0997924804688,-0.0207545031021192,535.207763671875,-0.004244612020386,537.4891967773438,0.0002781761549082,536.1243286132812,0.0041984022886574,,,0.0,,,0.0,
2025-02-25,511.3877868652344,517.3652018839585,507.52238695535993,517.2854859915275,48940000,-0.0125993328139368,-0.0126793774577211,525.2195373535156,521.6383880124879,528.5758575439453,525.0012293193938,525.2608810424805,524.8365811311045,521.352587890625,519.7586216139971,39.425999571637846,12.368514958957308,-87.6314850410427,1.2637806782844336,3.086267342989796,-1.8224866647053624,539.8682929040126,510.6534691809484,525.2608810424805,5.56196449754298,28834070.0,1.697297675978452,1015914400,7.912783423734411,0.0081284007608754,0.0099569079283437,0.0097145422407219,11.00827126466417,-150.89073303580668,0.3927128507317684,517.9131469726562,-0.0118043273372275,524.0997924804688,-0.0207545031021192,535.207763671875,-0.004244612020386,537.3397216796875,0.0022669985328775,,,0.0,,,0.0,
2025-02-26,512.6231079101562,517.7038863374212,509.4451131699638,513.5894882871941,34457600,0.0024156248480127,0.0024127119163997,520.2463195800781,518.6332946450441,527.2379119873046,522.7506617904415,524.8997451782227,523.6733932052999,521.0635424804688,519.4787975471799,40.668160340811625,16.32129789978562,-83.67870210021438,0.1604583616700665,2.5011055467258503,-2.340647185055784,540.3571997172419,509.4422906392036,524.8997451782227,5.889678812387604,28897240.0,1.1924183762878393,1050372000,7.937496976857481,0.0088194138671727,0.0101048360423367,0.0090953821955784,12.44800583806622,-131.34866598621548,0.3848022794325483,511.3877868652344,-0.0125993328139368,517.9131469726562,-0.0118043273372275,524.0997924804688,-0.0207545031021192,537.4891967773438,0.0002781761549082,,,0.0,,,0.0,
2025-02-27,498.3869018554688,517.116154231956,498.1677287505483,516.1796900929963,52448000,-0.0277712920760149,-0.0281642059814198,512.8821472167969,511.884497048519,524.4454620361328,518.3208872568101,523.8756118774414,521.2651559338874,520.5578063964844,518.651664382799,32.4177805758182,0.5397476190505999,-99.4602523809494,-1.8414483051301431,1.6325947763546516,-3.474043081484795,543.060269010032,504.6909547448509,523.8756118774414,7.324126833786932,30187190.0,1.737425709382026,997924000,8.723991870039638,0.0113079018766259,0.012763327730728,0.0109347669389663,14.627680873746286,-200.36013011264777,0.0115668241213187,512.6231079101562,0.0024156248480127,511.3877868652344,-0.0125993328139368,517.9131469726562,-0.0118043273372275,535.207763671875,-0.004244612020386,,,0.0,,,0.0,
2025-02-28,506.2571716308594,506.86486088968695,495.05946030473615,498.2474270999202,47654000,0.0157914859842622,0.0156680977632135,509.313623046875,510.0087219092992,521.6828918457031,516.1274844157282,523.1344116210937,519.8358240955038,520.1293072509766,518.1656058435073,39.70079299428521,25.615343658833275,-74.38465634116673,-2.7610807451261508,0.7538596720584911,-3.5149404171846417,543.7832293071485,502.4855939350389,523.1344116210937,7.894268557890535,31198325.0,1.527453797599711,1045578000,8.944092492533292,0.0165361227166747,0.0130103271248467,0.0115654657164318,16.848905927451494,-183.5574371574196,0.9485244694113052,498.3869018554688,-0.0277712920760149,512.6231079101562,0.0024156248480127,511.3877868652344,-0.0125993328139368,524.0997924804688,-0.0207545031021192,,,0.0,,,0.0,
2025-03-03,495.1790466308594,511.1088490940928,491.72210680896086,509.5945814567039,44587200,-0.0218824060591831,-0.022125376972184,504.7668029785156,505.065496816486,517.5883636474609,512.318677545752,521.877165222168,517.4875595750614,519.327265625,517.2641721488936,34.126037884185806,7.347029287380676,-92.65297071261934,-4.333850255150082,-0.2636823133832235,-4.070167941766859,545.851563502616,497.9027669417199,521.877165222168,9.187755233644674,31489925.0,1.4159195361691082,1000990800,9.68999604914748,0.0178607474862894,0.0135162625225101,0.0124414250676717,18.21971752190816,-171.51106000613296,0.1783146322903293,506.2571716308594,0.0157914859842622,498.3869018554688,-0.0277712920760149,512.6231079101562,0.0024156248480127,517.9131469726562,-0.0118043273372275,,,0.0,,,0.0,
2025-03-04,493.6846923828125,501.8438669070773,485.90409236827736,492.3198540523609,67875400,-0.0030178058991273,-0.0030223686573411,501.2261840820312,501.2718953385949,513.2228607177734,508.93068024339937,520.7534103393555,515.2206198424662,518.5424841308594,516.3394866678709,33.443833278391764,14.716411270508676,-85.28358872949133,-5.635896218629512,-1.3381250944324812,-4.2977711241970304,547.6261828410095,493.88063783770144,520.7534103393555,10.32072837857828,32854655.0,2.0659294702683684,933115400,10.136408798408372,0.0178664413370114,0.013176640372961,0.0123730027595424,19.900804500030407,-179.7810647307233,0.4881248474090462,495.1790466308594,-0.0218824060591831,506.2571716308594,0.0157914859842622,498.3869018554688,-0.0277712920760149,511.3877868652344,-0.0125993328139368,,,0.0,,,0.0,
2025-03-05,500.1203918457031,501.7342891326799,489.4108559644338,494.33226372255456,46323700,0.0130360522863857,0.0129518142545594,498.7256408691407,500.8880608409643,509.48598022460936,507.3288096256364,519.6346405029296,513.7825028903936,518.2709405517578,515.7034437336683,39.09107751819352,26.88904576301045,-73.11095423698956,-6.078401831510973,-2.28618044184818,-3.7922213896627937,547.9485316552824,491.3207493505769,519.6346405029296,10.897614956904746,33868500.0,1.3677517457224264,979439100,10.292624824825356,0.0197787402220904,0.0146419610198586,0.01242076402434,21.461813836858205,-130.7332551584926,0.8690383381781762,493.6846923828125,-0.0030178058991273,495.1790466308594,-0.0218824060591831,506.2571716308594,0.0157914859842622,512.6231079101562,0.0024156248480127,,,0.0,,,0.0,
2025-03-06,486.3623962402344,496.7032997202751,484.3699243677266,491.8317218014017,57574300,-0.0275093674039057,-0.0278948358278604,496.32073974609375,496.046172640721,504.6014434814453,503.5167344646542,517.7094161987304,511.1710641618071,517.7699890136719,514.5528144202003,32.70287963188072,3.6623362507055535,-96.33766374929444,-7.453328649657692,-3.3196100834100823,-4.13371856624761,549.3761756550018,486.04265674245903,517.7094161987304,12.233410660669012,35690510.0,1.6131543090866451,921864800,10.682470728621867,0.0197027872313951,0.0159322634357673,0.0135348782553777,23.254075379012583,-145.1495134570936,0.161551223046165,500.1203918457031,0.0130360522863857,493.6846923828125,-0.0030178058991273,495.1790466308594,-0.0218824060591831,498.3869018554688,-0.0277712920760149,,,0.0,,,0.0,
2025-03-07,489.9388732910156,491.4232550880436,478.7212470644506,485.3262961011522,54714700,0.0073535229664727,0.0073266176352659,493.057080078125,494.01040619081925,501.1853515625,501.0480324330836,515.8260345458984,509.1489507455412,517.2512493896485,513.587561826899,35.64699296342786,18.679521021746385,-81.32047897825362,-8.160309284899313,-4.287749923707929,-3.872559361191384,549.3408861889403,482.3111829028566,515.8260345458984,12.994633616174983,37454520.0,1.460830361729372,976579500,10.826723392548375,0.0177740609382466,0.0161858023999046,0.0136171730998467,25.263540452661285,-133.82222107892616,0.8831380208263779,486.3623962402344,-0.0275093674039057,500.1203918457031,0.0130360522863857,493.6846923828125,-0.0030178058991273,506.2571716308594,0.0157914859842622,,,0.0,,,0.0,
2025-03-10,470.95062255859375,482.1483046930257,466.8959350231872,481.6302729539333,76668000,-0.0387563669011892,-0.0395273817485253,488.2113952636719,486.3238116467441,496.4890991210938,495.5757760922672,513.3259826660156,505.5110147277367,516.2522247314453,511.9155249928478,28.514544010678637,5.641038796318319,-94.35896120368167,-10.135948766550824,-5.457389692276508,-4.678559074274317,552.0009145427913,474.65105078924,513.3259826660156,15.068371047930626,39807645.0,1.9259617091139152,899911500,11.699310169354096,0.0224377885512713,0.0191258782724523,0.0156327292869243,27.71751052552821,-163.4189435165382,0.265839841490212,489.9388732910156,0.0073535229664727,486.3623962402344,-0.0275093674039057,500.1203918457031,0.0130360522863857,495.1790466308594,-0.0218824060591831,,,0.0,,,0.0,
2025-03-11,469.8248596191406,477.0077119927552,465.25214045630736,470.5720365490684,68760800,-0.0023904054597848,-0.0023932670400502,483.4394287109375,480.8241609708763,492.3328063964844,490.8937912789714,510.45433197021487,502.1123332888228,515.0894177246093,510.2649106644672,28.15486434664382,6.367042069337032,-93.63295793066295,-11.658109520660958,-6.697533657953398,-4.960575862707559,552.9091888116694,467.9994751287604,510.45433197021487,16.634144989068986,42203045.0,1.629285280244589,831150700,11.703328838432222,0.0224867517545222,0.0192021553054179,0.0151300326101134,30.067510596138423,-148.51183765421047,0.3889831428966907,470.95062255859375,-0.0387563669011892,489.9388732910156,0.0073535229664727,486.3623962402344,-0.0275093674039057,493.6846923828125,-0.0030178058991273,,,0.0,,,0.0,
2025-03-12,475.1248474121094,479.2492483034156,470.01415228809566,477.356406139668,46971100,0.0112807734296247,0.0112176200075235,478.4403198242188,478.92438978462064,488.5829803466797,488.0267105759056,507.9104461669922,499.5420965386596,514.0397845458984,508.88686896829626,32.47340403823844,13.881508037222613,-86.11849196277738,-12.295038612098324,-7.817034648782384,-4.47800396331594,552.3830719579472,463.4378203760371,507.9104461669922,17.51199493004057,43585325.0,1.0776815361592462,878121800,11.54054739884956,0.0220535059287157,0.0199408873135746,0.0155864236054901,31.847693158332323,-117.07592742431184,0.5533992408395475,469.8248596191406,-0.0023904054597848,470.95062255859375,-0.0387563669011892,489.9388732910156,0.0073535229664727,500.1203918457031,0.0130360522863857,,,0.0,,,0.0,
2025-03-13,466.5771179199219,474.48723340088907,464.67430370193534,474.4573475399869,46563300,-0.0179904914229279,-0.018154287805841,474.4832641601562,474.80863249638776,485.402001953125,484.126784638454,504.9237319946289,496.4025747654465,512.9594665527344,507.2276630448306,29.403664109856365,3.049175274988213,-96.95082472501178,-13.335812889813838,-8.920790296988674,-4.415022592825164,551.9992285176909,457.8482354715669,504.9237319946289,18.64657711258569,44663020.0,1.042547055707384,831558500,11.462689992515593,0.0205223041531991,0.0190499079742321,0.0157908704750719,33.7658663610823,-123.24429565659102,0.1939088810724918,475.1248474121094,0.0112807734296247,469.8248596191406,-0.0023904054597848,470.95062255859375,-0.0387563669011892,486.3623962402344,-0.0275093674039057,,,0.0,,,0.0,
2025-03-14,477.8544921875,478.7510983733253,471.3391012058141,471.94682088464697,43563000,0.0241704400718461,0.0238829581494824,472.06638793945314,475.82391906009184,482.5617340087891,482.9863678291896,502.12231292724607,494.636090710404,512.2431726074219,506.075773991602,37.76287355890401,24.85440735251961,-75.14559264748038,-13.099639657108128,-9.756560169012566,-3.3430794880955617,548.6361060506061,455.60851980388605,502.12231292724607,18.52687758574057,45405430.0,0.9594226945984212,875121500,11.513496454007582,0.0246510041485183,0.020279443531994,0.0165836419528267,34.79633357053614,-90.16225014639622,0.8790331181124469,466.5771179199219,-0.0179904914229279,475.1248474121094,0.0112807734296247,469.8248596191406,-0.0023904054597848,489.9388732910156,0.0073535229664727,,,0.0,,,0.0,
2025-03-17,480.9527893066406,484.0112407832775,476.0014957209765,477.8046802482964,41744400,0.0064837668574744,0.0064628376591263,474.0668212890625,477.53354247560816,481.1391082763672,482.6166262796352,499.3637359619141,493.3329191481407,511.6761151123047,505.0905589059172,39.86945352600538,30.696989860546623,-69.30301013945338,-12.51816240081638,-10.30888061537333,-2.20928178544305,543.9899199254805,454.7375519983476,499.3637359619141,17.87321775683369,46599520.0,0.8958118023533289,916865900,11.263228497457112,0.0157318258007442,0.0197204674981541,0.0166609277316718,34.89721609613315,-68.99279380303398,0.618158698821298,477.8544921875,0.0241704400718461,466.5771179199219,-0.0179904914229279,475.1248474121094,0.0112807734296247,470.95062255859375,-0.0387563669011892,,,0.0,,,0.0,
2025-03-18,472.7537841796875,477.8046769977494,470.6317968855951,477.6054480628794,39072300,-0.017047421928404,-0.0171944020417926,474.6526062011719,475.9402897103013,479.0460174560547,480.8233822614628,496.1344390869141,491.37300153209753,510.9650018310547,503.8224500931239,36.36194819938776,15.406551058161096,-84.5934489418389,-12.573983621531966,-10.761901216605056,-1.812082404926908,538.595782335164,453.6730958386641,496.1344390869141,17.11686990582465,47524885.0,0.8221440199171445,877793600,11.195925920570568,0.0184273148103656,0.0202352343055449,0.0167597910384465,35.36289720232098,-85.00168586882614,0.2958347638443209,480.9527893066406,0.0064837668574744,477.8544921875,0.0241704400718461,466.5771179199219,-0.0179904914229279,469.8248596191406,-0.0023904054597848,,,0.0,,,0.0,
2025-03-19,479.0798645019531,483.5031236316215,473.0825053273427,475.01520527629424,40430300,0.0133813425380455,0.0132926031323923,475.4436096191406,476.986814640852,476.9419647216797,480.506379032461,493.2139724731445,490.2022265768457,510.2140380859375,502.8521526189603,40.69698749825484,31.023369946571712,-68.9766300534283,-11.969780351410122,-11.003477043566072,-0.9663033078440506,531.7493805494202,454.67856439686886,493.2139724731445,15.626243467128823,48563055.0,0.8325320554895074,918223900,11.16402688709653,0.018730927759707,0.0202680619306306,0.0172764744262189,34.933255728677906,-61.16234708788099,0.5755281500033732,472.7537841796875,-0.017047421928404,480.9527893066406,0.0064837668574744,477.8544921875,0.0241704400718461,475.1248474121094,0.0112807734296247,,,0.0,,,0.0,
2025-03-20,477.4560241699219,482.7260901579374,474.3876005916405,475.0849778783517,36780500,-0.0033894981867362,-0.0033952555491094,477.6193908691406,477.1432178172086,476.0513275146485,479.9517690574539,490.3263854980469,488.98830253809103,509.31184753417966,501.8562260131157,39.94479386539886,27.52631765863113,-72.47368234136887,-11.489531088184265,-11.100687852489711,-0.3888432356945532,524.2172681738781,456.4355028222157,490.3263854980469,13.823805399094187,49074540.0,0.7494823181225947,881443400,10.9622027927537,0.0157800028909334,0.0185340386749452,0.0172810439386953,34.53430293172362,-56.590869053155984,0.3679831405734158,479.0798645019531,0.0133813425380455,472.7537841796875,-0.017047421928404,480.9527893066406,0.0064837668574744,466.5771179199219,-0.0179904914229279,,,0.0,,,0.0,
2025-03-21,479.0300598144531,479.7971505017605,471.1299165344871,472.29549549568526,42234900,0.0032967133408103,0.0032912910951761,477.85450439453126,477.77216514962345,474.9604461669922,479.7841855587265,488.0728988647461,488.0398984691731,508.6276330566406,500.96108224061913,41.08156879466506,38.62234278430216,-61.37765721569784,-10.856768496199264,-11.051903981231623,0.1951354850323579,518.4977556675477,457.64804206194447,488.0728988647461,12.467341199877977,48831595.0,0.8649092867025949,923678300,10.798276448076535,0.0115389140860177,0.0183576445432498,0.0170018884221692,34.43410543358458,-58.09240041524987,0.9114953293870954,477.4560241699219,-0.0033894981867362,479.0798645019531,0.0133813425380455,472.7537841796875,-0.017047421928404,477.8544921875,0.0241704400718461,,,0.0,,,0.0,
2025-03-24,489.54205322265625,490.3901226191041,483.296306654798,486.6286929361406,34567200,0.0219443293647894,0.0217070180520431,479.5723571777344,481.6954611739677,476.81958923339846,481.55834331580456,486.6543441772461,488.1829608266477,508.151865234375,500.5132771810912,48.14147863702523,67.10134726629138,-32.89865273370863,-9.39872689446031,-10.72126856387736,1.3225416694170509,513.8566661983974,459.4520221560948,486.6543441772461,11.179319509472558,48596535.0,0.7113099730258546,958245500,10.838404044974707,0.0150618997989732,0.0145240774550183,0.0178751871782577,32.83936308893209,4.964618679007714,0.8804494787004468,479.0300598144531,0.0032967133408103,477.4560241699219,-0.0033894981867362,479.0798645019531,0.0133813425380455,480.9527893066406,0.0064837668574744,,,0.0,,,0.0,
2025-03-25,492.3356628417969,492.4953019420397,489.30261128131787,490.27040239350913,26035200,0.0057065774038211,0.0056903565720192,483.4887329101563,485.24219506324414,479.070669555664,483.5178559568941,485.70173797607424,488.5784562566619,507.89296081542966,500.1925864226874,49.860928774463,86.36349114415792,-13.636508855842088,-7.92642656001027,-10.162300163103945,2.235873603093673,510.6104378208674,460.7930381312811,485.70173797607424,10.256788435054007,47451295.0,0.5486720646928603,984280700,10.292281660385218,0.0097510000999866,0.0143545587753571,0.0178080091319773,31.09673753888424,34.429574015770505,0.9499985694505916,489.54205322265625,0.0219443293647894,479.0300598144531,0.0032967133408103,477.4560241699219,-0.0033894981867362,472.7537841796875,-0.017047421928404,,,0.0,,,0.0,
2025-03-26,483.2763671875,492.036361140999,481.71992401202056,491.1783047786964,34627100,-0.0184006488622131,-0.0185720466107283,484.3280334472656,484.5869191046628,479.8858215332031,483.47394890791327,484.2344009399414,488.0734953929322,507.4853485107422,499.5292052762095,44.6865343506577,66.86339334420259,-33.136606655797415,-7.405264110171231,-9.610892952517402,2.2056288423461705,505.8689905804785,462.5998112994043,484.2344009399414,8.935585575309181,47459770.0,0.7296095198101465,949653600,10.315385743913154,0.0146482733600699,0.0158523774013296,0.0181569533954163,30.214593648404524,8.740554637026875,0.1508702235088866,492.3356628417969,0.0057065774038211,489.54205322265625,0.0219443293647894,479.0300598144531,0.0032967133408103,479.0798645019531,0.0133813425380455,,,0.0,,,0.0,
2025-03-27,480.5226440429688,485.47133436435945,479.1557704025238,481.3108525863661,33469800,-0.0056980298055063,-0.0057143255090914,484.941357421875,483.2321607507648,481.28037414550784,482.9373480233779,483.3411880493164,487.3543666929357,507.0322247314453,498.7838499337295,43.21835888427111,56.96539068892165,-43.03460931107836,-7.132225699631249,-9.115159501940171,1.9829338023089225,504.01873440429193,462.6636416943409,483.3411880493164,8.556087031782496,46510860.0,0.719612580803709,916183800,10.029684188050478,0.014888391100352,0.0145706932943023,0.0172041263400034,29.623962778484277,-12.651759853006896,0.2164293875706528,483.2763671875,-0.0184006488622131,492.3356628417969,0.0057065774038211,489.54205322265625,0.0219443293647894,477.4560241699219,-0.0033894981867362,,,0.0,,,0.0,
2025-03-28,467.8715515136719,479.4251537993937,466.98356470882175,478.716780016139,46363800,-0.0263277759875258,-0.026680557631611,482.7096557617188,478.1119576717339,480.282080078125,480.1981122943404,481.42190704345705,485.4988604853868,506.09455444335936,497.57160293686456,37.17540311476069,11.492210970085372,-88.50778902991463,-7.846231754113546,-8.861373952374848,1.0151421982613016,500.2808528027359,462.56296128417824,481.42190704345705,7.834685328341923,46446350.0,0.9982226805766222,869820000,10.28035526991452,0.019200108797173,0.0151737718230479,0.0175275092681336,30.00966578030587,-89.39081564235987,0.0713724588055955,480.5226440429688,-0.0056980298055063,483.2763671875,-0.0184006488622131,492.3356628417969,0.0057065774038211,479.0300598144531,0.0032967133408103,,,0.0,,,0.0,
2025-03-31,467.85162353515625,468.7894538218736,456.28800345950606,460.8675723729834,53000300,-4.259284081531423e-05,-4.259374791611601e-05,478.37156982421874,474.69184629287474,478.9719635009766,477.9532961563069,480.0555358886719,483.8181712520315,505.2286126708984,496.4061135485623,37.1665874771553,31.93726281796049,-68.06273718203951,-8.317812156861692,-8.752661593272217,0.4348494364105253,498.688053045368,461.4230187319758,480.0555358886719,7.762650678406974,46867005.0,1.1308659471626148,816819700,10.439004919375453,0.013191231033611,0.0149060832540915,0.0170136516485431,31.00296937592441,-141.93595621419323,0.9249822812853004,467.8715515136719,-0.0263277759875258,480.5226440429688,-0.0056980298055063,483.2763671875,-0.0184006488622131,489.54205322265625,0.0219443293647894,,,0.0,,,0.0,
2025-04-01,471.62298583984375,472.5508595678627,463.3618526767417,466.23526514595727,41156200,0.0080610221595267,0.0080287056735081,474.2290344238281,473.6688928085311,478.8588836669922,476.80233064422265,478.95245056152345,482.6567250222994,504.2655499267578,495.4342261874361,40.06333287023427,42.35329069838024,-57.646709301619765,-8.291644685628228,-8.66045821174342,0.3688135261151917,496.8234971272826,461.0814039957643,478.95245056152345,7.462555644013167,45531045.0,0.9039151198923724,857975900,10.349719345928705,0.0138699042938469,0.0143159017949821,0.017182138831428,31.418778796795767,-91.655522662064,0.8990235028547631,467.85162353515625,-4.259284081531423e-05,467.8715515136719,-0.0263277759875258,480.5226440429688,-0.0056980298055063,492.3356628417969,0.0057065774038211,,,0.0,,,0.0,
2025-04-02,475.0650939941406,478.4673280191872,464.79853106385406,465.05794840151947,49894500,0.0072984317084701,0.007271927039316,472.5867797851562,474.1342932037343,478.45740661621096,476.4864694351168,477.6996856689453,481.9337125434271,503.3103601074219,494.6354366896598,42.66155643521912,51.85996006769909,-48.14003993230091,-7.902067302004184,-8.508780029795574,0.6067127277913897,492.7496885402248,462.6496827976658,477.6996856689453,6.301031096641513,45709585.0,1.091554429995372,907870400,10.58679631802902,0.0140359410344105,0.0137970422342686,0.0169618699018739,31.05196300522733,-51.65325134930488,0.7510948449787124,471.62298583984375,0.0080610221595267,467.85162353515625,-4.259284081531423e-05,467.8715515136719,-0.0263277759875258,483.2763671875,-0.0184006488622131,,,0.0,,,0.0,
2025-04-03,449.6331787109375,459.0217417604512,449.1143744877712,455.40000781261466,70456300,-0.0535335380450343,-0.0550197427112463,466.40888671875,465.9672550394687,475.6751220703125,471.6040529398115,475.8632247924805,478.8574712260471,501.7128369140625,492.87064225912167,31.72042632245561,1.1959269974419064,-98.8040730025581,-9.535547581847707,-8.714133540206001,-0.8214140416417077,494.719244624321,457.00720496064,475.8632247924805,7.924974593303968,46353685.0,1.519971928876852,837414100,11.684219402910475,0.0266647857629001,0.0217061221123884,0.0197553362980746,31.660639484744536,-234.4955605695901,0.0523654982077502,475.0650939941406,0.0072984317084701,471.62298583984375,0.0080610221595267,467.85162353515625,-4.259284081531423e-05,480.5226440429688,-0.0056980298055063,,,0.0,,,0.0,
2025-04-04,421.70697021484375,439.3666229320661,421.70697021484375,437.14172341887735,117088400,-0.0621088696705077,-0.0641214024588723,457.1759704589844,451.2138267645937,469.9428131103516,462.5318560807264,472.4516296386719,473.4145663678372,499.5342749023437,490.0799100220912,24.33892801744227,0.0,-100.0,-12.934404346862491,-9.5581877015373,-3.3762166453251936,501.7082316930712,443.19502758427257,472.4516296386719,12.385014769353036,49472370.0,2.366743295297961,720325700,12.844361480994996,0.0347439106949449,0.0276978424033777,0.0234623895231509,33.319249177244544,-354.4421250571413,0.0,449.6331787109375,-0.0535335380450343,475.0650939941406,0.0072984317084701,471.62298583984375,0.0080610221595267,467.8715515136719,-0.0263277759875258,,,0.0,,,0.0,
2025-04-07,422.7246398925781,442.1303359409776,401.47318336158713,407.7288864290708,161557000,0.0024132152172298,0.0024103080894647,448.1505737304688,441.7174311405886,463.2610717773438,455.294180410154,470.0403305053711,468.5869543225744,497.43603942871096,487.4385268797573,25.023642303860555,23.347574042903943,-76.65242595709606,-15.36874406770312,-10.720298974770463,-4.648445092932656,506.4655334165311,433.6151275942111,470.0403305053711,15.498756403305595,53716820.0,3.0075682067553515,881882700,14.830989416594672,0.0351131208766689,0.0256250691764577,0.022326889452066,35.39966352776744,-274.39656270834774,0.5226990869427316,421.70697021484375,-0.0621088696705077,449.6331787109375,-0.0535335380450343,475.0650939941406,0.0072984317084701,467.85162353515625,-4.259284081531423e-05,,,0.0,,,0.0,
2025-04-08,415.1119995117188,442.1303144349011,408.85629674852464,437.16165046755134,101248100,-0.0180085087606765,-0.0181726353909499,436.8483764648437,432.84895393096537,455.538705444336,447.9883293377112,467.3046875,463.4941014834453,495.492788696289,484.6021924731676,23.32328649502477,14.984068007686073,-85.01593199231392,-17.708124060935006,-12.117863992003372,-5.590260068931634,510.8968365651345,423.7125384348655,467.3046875,18.65684219790091,55341185.0,1.8295253345225624,780634600,16.148348578721944,0.0317590931108527,0.0246504255985012,0.0224979614655636,37.33147685325298,-202.9925857185907,0.1880056331681481,422.7246398925781,0.0024132152172298,421.70697021484375,-0.0621088696705077,449.6331787109375,-0.0535335380450343,471.62298583984375,0.0080610221595267,,,0.0,,,0.0,
2025-04-09,464.938232421875,466.7640494224436,414.4834474028116,414.6231430319054,142876900,0.1200308181135814,0.1133562011012807,434.8230041503906,443.5453800946019,453.7048919677735,451.0701298984682,466.7953567504883,463.63163776329577,494.39463684082034,483.8310567848816,48.15488009961791,69.72486473624805,-30.27513526375194,-15.36442742392842,-12.76717667838838,-2.597250745540037,510.2479381534898,423.34277534748674,466.7953567504883,18.61740086940404,60136475.0,2.3758775352230077,923511500,18.72922382450124,0.0732047809809646,0.0496955370955954,0.0359785206760134,36.90444421141511,-73.24683831163948,0.9650765880626342,415.1119995117188,-0.0180085087606765,422.7246398925781,0.0024132152172298,421.70697021484375,-0.0621088696705077,475.0650939941406,0.0072984317084701,,,0.0,,,0.0,
2025-04-10,445.1633911132813,454.5519544943761,431.64427637376247,452.5265809783469,108384100,-0.0425321901483258,-0.0434631774463308,433.9290466308594,444.0847171008284,450.1689666748047,449.99617739207054,465.72467041015625,461.8727571299611,492.9205133056641,482.31467773893655,42.29996328641352,47.99955047528069,-52.00044952471931,-14.93058489335317,-13.199858321381338,-1.7307265719718323,510.18949038567627,421.2598504346362,465.72467041015625,19.09489567574789,63227515.0,1.7141919937862495,815127400,19.76956184047347,0.0714213163805062,0.0512748699191513,0.0370105854396717,36.50791390113709,-81.47203096594866,0.5901564823933226,464.938232421875,0.1200308181135814,415.1119995117188,-0.0180085087606765,422.7246398925781,0.0024132152172298,449.6331787109375,-0.0535335380450343,,,0.0,,,0.0,
2025-04-11,453.36468505859375,454.7515326857512,440.3244565510031,443.6368995420995,52483800,0.0184231096020774,0.0182554600716244,440.2605895996094,447.1780397534169,448.71828002929686,450.6086333314384,464.50018005371095,461.0624645517357,491.56618347167966,481.1793839083349,45.271934344295744,57.00977136797886,-42.99022863202114,-13.766296386372176,-13.313145934379506,-0.4531504519926699,508.9102019094974,420.0901581979245,464.50018005371095,19.121638166276384,63673555.0,0.8242636994274939,867611200,19.387955718635943,0.062440887919701,0.0513025117786056,0.0368208463037898,36.12286391251459,-53.11577269832644,0.9038718854537976,445.1633911132813,-0.0425321901483258,464.938232421875,0.1200308181135814,415.1119995117188,-0.0180085087606765,421.70697021484375,-0.0621088696705077,,,0.0,,,0.0,
2025-04-14,456.4376831054688,463.99041238720434,451.5987273133604,463.4017603039649,43941200,0.00677820339376,0.0067553346542869,447.0031982421876,450.2645875374342,447.57688598632814,451.6684605630802,463.27442474365233,460.6220091759008,490.2884576416016,480.2091211317519,46.38625258572831,60.691885037162415,-39.30811496283759,-12.452084220338577,-13.14093359157132,0.6888493712327435,507.15042317187095,419.3984263154337,463.27442474365233,18.941688159236037,63783395.0,0.6889128432251058,911552400,18.8882221011508,0.0622324637039185,0.0513767146725972,0.0368244765660204,34.99599001918326,-20.21504705057381,0.3905002235961665,453.36468505859375,0.0184231096020774,445.1633911132813,-0.0425321901483258,464.938232421875,0.1200308181135814,422.7246398925781,0.0024132152172298,,,0.0,,,0.0,
2025-04-15,456.9464721679688,461.3264842842656,455.1106682130159,457.49523727635807,35404200,0.0011146955681624,0.0011140747563589,455.3700927734375,452.4918824142791,446.10923461914064,452.62809903669626,462.4840591430664,460.2719580322882,489.1041912841797,479.29686038807415,46.58019002021588,66.04108321926135,-33.958916780738654,-11.239939558542062,-12.76073478496547,1.5207952264234077,506.2178158149919,418.7503024711409,462.4840591430664,18.912546630454457,63599990.0,0.5566698988474684,946956600,17.983050241872146,0.060098848364914,0.0512826919616599,0.0366571155602389,33.94960711823274,-15.741359660957936,0.295343995684589,456.4376831054688,0.00677820339376,453.36468505859375,0.0184231096020774,445.1633911132813,-0.0425321901483258,415.1119995117188,-0.0180085087606765,,,0.0,,,0.0,
2025-04-16,443.1679382324219,451.5887103120072,436.7625831135612,448.00689370261694,48980600,-0.0301534966889559,-0.0306174640158457,451.0160339355469,449.3839010203267,442.9195190429688,450.90806979955545,460.68846282958987,458.6430037656343,487.51763427734375,477.8800399113819,42.13511039171341,53.48774974726344,-46.51225025273656,-11.2613053989042,-12.460848907753215,1.1995435088490185,504.4980869144895,416.8788387446903,460.68846282958987,19.01919740547309,64027505.0,0.764993107259138,897976000,18.140253014196105,0.0258591797221881,0.0518911154390959,0.0370437448398164,33.88315994268842,-61.72911822278408,0.4320315773015109,456.9464721679688,0.0011146955681624,456.4376831054688,0.00677820339376,453.36468505859375,0.0184231096020774,464.938232421875,0.1200308181135814,,,0.0,,,0.0,
2025-04-17,443.088134765625,446.7298122375281,440.3543570860115,446.1511471509205,44837000,-0.0001800750007213,-0.000180091216171,450.6009826660156,447.2853122687594,442.2650146484375,449.4862634297499,458.970068359375,457.1615876703953,485.8820593261719,476.5156514742934,42.110045407782096,54.04950154210208,-45.95049845789792,-11.15607714128106,-12.199894554458783,1.0438174131777256,502.710161308186,415.229975410564,458.970068359375,19.0601069499645,64430330.0,0.6958989655958615,853139000,17.299910309719,0.0179766180200143,0.0491009233580308,0.037050088894372,33.8214589939687,-57.61669346150271,0.4287972567606121,443.1679382324219,-0.0301534966889559,456.9464721679688,0.0011146955681624,456.4376831054688,0.00677820339376,445.1633911132813,-0.0425321901483258,,,0.0,,,0.0,
2025-04-21,432.1231384277344,438.0795369204027,426.9549484348984,437.2314980152638,44149300,-0.0247467613721831,-0.0250581097828211,446.35267333984376,442.2312543217511,443.30663146972654,446.3293316112016,456.6247222900391,454.77697345680855,483.97239196777343,474.7747686097225,38.70327817132024,39.80816359795976,-60.19183640204024,-11.821199130025889,-12.124155469572209,0.3029563395463182,500.8385664606848,412.4108781193934,456.6247222900391,19.365506076371368,64526050.0,0.6842089357709018,808989700,17.216572882648112,0.0167595031851946,0.0451478566444357,0.0373250610132344,34.33229936806753,-90.08768422199368,0.4645735884544249,443.088134765625,-0.0001800750007213,443.1679382324219,-0.0301534966889559,456.9464721679688,0.0011146955681624,453.36468505859375,0.0184231096020774,,,0.0,,,0.0,
2025-04-22,443.46728515625,446.5601976003793,436.6228994956535,437.82017753392927,52304400,0.0262521159357282,0.0259134435955089,443.75859375,442.6432645999174,445.3808959960937,445.8089595284831,454.3209838867188,453.6998602853268,482.4227044677734,473.5470241605668,43.7715606204124,54.54194209366754,-45.45805790633245,-11.302645403491113,-11.95985345635599,0.6572080528648776,496.1724912557829,412.4694765176546,454.3209838867188,18.42376154894906,65412910.0,0.7996036256451517,861294100,17.018036189076458,0.0226852169367648,0.0457207487391944,0.0374977117251192,34.0526610514361,-47.35530093714607,0.6887572042618609,432.1231384277344,-0.0247467613721831,443.088134765625,-0.0001800750007213,443.1679382324219,-0.0301534966889559,456.4376831054688,0.00677820339376,,,0.0,,,0.0,
2025-04-23,453.5242919921875,462.3242031118777,451.8481271450211,457.126082514728,55801100,0.0226781256984809,0.0224247998247897,443.07415771484375,446.27027373067415,449.2221252441406,447.21174724915664,452.3804153442383,453.683139495504,480.9480328369141,472.7618189774931,47.88555128799393,79.72188419446674,-20.27811580553325,-9.96529768891196,-11.560942302867184,1.5956446139552245,490.4276126703752,414.3332180181014,452.3804153442383,16.82088615493441,66901205.0,0.8340821364876762,917095200,17.149384886687262,0.026065179067934,0.0451839261955365,0.0379252648746176,32.57868871697962,16.760992384054855,0.1599993024538292,443.46728515625,0.0262521159357282,432.1231384277344,-0.0247467613721831,443.088134765625,-0.0001800750007213,456.9464721679688,0.0011146955681624,,,0.0,,,0.0,
2025-04-24,466.28515625,466.5944474838895,454.791384907367,455.4399282507265,45956100,0.0281371130127519,0.0277485365559369,447.6976013183594,452.9419012371161,449.3568176269531,450.6796397947645,451.5308547973633,454.8833315673608,479.7536846923828,472.5078322038659,52.62226953243557,99.2665234797204,-0.733476520279589,-7.785992812890129,-10.805952404871777,3.019959591981646,487.4816351470832,415.58007444764337,451.5308547973633,15.923952911636048,67467655.0,0.6811575116994951,963051300,16.858011358474027,0.0227149510302774,0.0251861747508624,0.0383835544773217,30.91322053726426,56.780696124776725,0.97379567955506,453.5242919921875,0.0226781256984809,443.46728515625,0.0262521159357282,432.1231384277344,-0.0247467613721831,443.1679382324219,-0.0301534966889559,,,0.0,,,0.0,
2025-04-25,471.4832763671875,472.01206755185086,464.32963016047904,465.90601675595167,38697100,0.0111479425143881,0.0110862621857318,453.3766296386719,459.12235961380657,451.9888061523437,454.4621191715687,451.0788864135742,456.4642786911538,478.6571221923828,472.467653543604,54.4388916201172,99.25035504781012,-0.7496449521898582,-5.575166102238256,-9.759795144345071,4.184629042106815,485.7654336998306,416.39233912731777,451.0788864135742,15.379370806752355,67729020.0,0.5713518370707269,1001748400,16.202613217966725,0.0219442242894522,0.0202052480946234,0.0384622665100847,28.9947041085231,97.51755078365402,0.9311688260095206,466.28515625,0.0281371130127519,453.5242919921875,0.0226781256984809,443.46728515625,0.0262521159357282,443.088134765625,-0.0001800750007213,,,0.0,,,0.0,
2025-04-28,471.3336181640625,473.7281436779861,464.96815011298537,471.952200623288,33550800,-0.0003174199608481,-0.000317470349227,461.2187255859375,463.19277913055856,453.78569946289065,457.5296644429312,451.2519897460937,457.8804062600023,477.40613708496096,472.4231815679357,54.37424847117991,96.3088371500702,-3.6911628499298055,-3.791440802663544,-8.566124276008766,4.774683473345222,486.30464749141777,416.1993320007697,451.2519897460937,15.535735483425633,67088370.0,0.5000986012925936,968197600,15.670997528469156,0.0119826762396403,0.0197840172317286,0.0379712342098203,27.09430543025082,102.25110299922552,0.7266521377865791,471.4832763671875,0.0111479425143881,466.28515625,0.0281371130127519,453.5242919921875,0.0226781256984809,432.1231384277344,-0.0247467613721831,,,0.0,,,0.0,
2025-04-29,474.446533203125,475.3345200084478,468.5200646884619,469.09876024538016,30613100,0.0066044833618867,0.0065827693159167,467.4145751953125,466.9440304880808,455.5865844726562,460.6054587629664,451.5817352294922,459.4581326355377,476.1725811767578,472.50252869088433,55.5564019514829,98.54072119471476,-1.4592788052852408,-2.102404216659409,-7.273380264138895,5.170976047479487,487.3691867666632,415.7942836923212,451.5817352294922,15.849822410990102,65969010.0,0.4640527423406839,998810700,15.038387370720349,0.0116444398081421,0.0197814521028831,0.0379903860001274,25.21355992622705,110.74421435180776,0.8696907142665672,471.3336181640625,-0.0003174199608481,471.4832763671875,0.0111479425143881,466.28515625,0.0281371130127519,443.46728515625,0.0262521159357282,,,0.0,,,0.0,
2025-04-30,474.38665771484375,476.1127269253242,461.3763604209729,466.0656637973968,46810600,-0.0001262007077531,-0.0001262086717325,471.58704833984376,469.4249062303352,457.3306030273437,463.11113129967134,451.7199188232422,460.87989692880495,474.91351989746096,472.5764161035887,55.52660091242499,96.4887160008327,-3.511283999167316,-0.7599023239359894,-5.9706846760983145,5.210782352162325,487.8356752380016,415.6041624084828,451.7199188232422,15.990331579286185,66251730.0,0.7065566438793371,952000100,15.016814451693987,0.0116902024890993,0.0198058139541535,0.0379585663330946,23.967936590323323,99.04672666136224,0.8828700948731796,474.446533203125,0.0066044833618867,471.3336181640625,-0.0003174199608481,471.4832763671875,0.0111479425143881,453.5242919921875,0.0226781256984809,,,0.0,,,0.0,
2025-05-01,480.5824890136719,486.0699573116427,479.6446283596297,482.3085581850568,43316500,0.0130607199803509,0.0129761642207645,474.4465148925781,473.1441004914475,461.0720581054687,466.287741793126,451.9957885742188,462.75633427022086,473.7753857421875,472.8903797471213,58.03512583390152,90.71730106746274,-9.28269893253726,0.7948296024510455,-4.617581820388443,5.412411422839488,488.896379298213,415.0951978502245,451.9957885742188,16.327847142290388,65922830.0,0.6570788905755411,995316600,14.778706247772917,0.0062075216312077,0.0158654303245013,0.038031019549426,22.438708423502757,148.98812154515085,0.1459630566826886,474.38665771484375,-0.0001262007077531,474.446533203125,0.0066044833618867,471.3336181640625,-0.0003174199608481,466.28515625,0.0281371130127519,,,0.0,,,0.0,
2025-05-02,487.7162170410156,489.7914949378418,483.7253307988606,485.4314565899748,39218100,0.0148439200146155,0.0147348272847963,477.6931030273437,478.0014726746369,465.5348663330078,470.18382820183314,453.89994049072266,465.1334659626775,472.8255548095703,473.4717851311956,60.77825734572573,96.697339347367,-3.302660652633006,2.5729388506341024,-3.179477686183934,5.752416536818036,493.9152354989109,413.8846454825344,453.89994049072266,17.631769224259724,64360920.0,0.6093464791988679,1034534700,14.3808705103727,0.0071163290335046,0.0156887019145374,0.0358586773807104,21.27733643517252,146.40883237718114,0.6578928876064841,480.5824890136719,0.0130607199803509,474.38665771484375,-0.0001262007077531,474.446533203125,0.0066044833618867,471.4832763671875,0.0111479425143881,,,0.0,,,0.0,
2025-05-05,484.8228149414063,487.9157577687587,482.9969979417489,483.495858705901,28309500,-0.0059325525756835,-0.0059502200759528,480.3909423828125,480.2752534302267,470.804833984375,472.84546215448273,457.0557327270508,467.00864205588977,472.0400152587891,473.91692355512544,59.091084441969656,92.09269084162236,-7.907309158377648,3.705910443394032,-1.802400060268341,5.508310503662373,496.36673757122514,417.7447278828764,457.0557327270508,17.20184302672362,59921975.0,0.4724393680281733,1006225200,13.705005461561068,0.0087731118125482,0.0117170753523818,0.0323848227842817,20.13998455821587,125.69899281649737,0.3711945823405363,487.7162170410156,0.0148439200146155,480.5824890136719,0.0130607199803509,474.38665771484375,-0.0001262007077531,471.3336181640625,-0.0003174199608481,,,0.0,,,0.0,
2025-05-06,480.3131408691406,483.9448315222372,477.1004762212246,478.467349889628,32786300,-0.0093016952447064,-0.0093452261630968,481.5642639160157,480.2878825765314,474.4894195556641,474.2032219207841,459.9351577758789,468.2757371809613,471.28801513671874,474.1677556066555,56.46035607747847,84.91585773534328,-15.084142264656718,4.191587572203048,-0.6036025337740631,4.795190105977111,497.1460079014424,422.7243076503154,459.9351577758789,16.180911372596544,53483440.0,0.6130177864400644,973438900,13.277672122891111,0.0109679722487962,0.0121740799818845,0.0325864979645904,18.796448821483715,95.72003215877125,0.4693889353455648,484.8228149414063,-0.0059325525756835,487.7162170410156,0.0148439200146155,480.5824890136719,0.0130607199803509,474.446533203125,0.0066044833618867,,,0.0,,,0.0,
2025-05-07,482.1988220214844,484.6931259434826,475.6936883542095,480.9816004896274,38006300,0.0039259412077119,0.0039182548115204,483.1266967773437,480.9248623915158,477.35687255859375,475.6569673936386,463.2894989013672,469.6017452610111,470.70423583984376,474.4826993876292,57.31606543457706,87.91678833590616,-12.08321166409384,4.674761168782254,0.4520702067372003,4.2226909620450535,495.4912379117999,431.08775989093454,463.2894989013672,13.901346387861174,50321350.0,0.7552718677062519,1011445200,12.9720839419184,0.0108738958096131,0.0110696764571365,0.0320694736794735,17.661935271525714,88.87188516319499,0.7228377998816743,480.3131408691406,-0.0093016952447064,484.8228149414063,-0.0059325525756835,487.7162170410156,0.0148439200146155,474.38665771484375,-0.0001262007077531,,,0.0,,,0.0,
2025-05-08,487.1774597167969,491.5774153657984,483.0668518401002,487.4169031432312,39577600,0.0103248649062246,0.0102719275574086,484.4456909179688,483.0090614999429,479.4461029052735,477.7516023614856,464.4014602661133,471.2756228282288,470.19532287597656,474.9805331260279,59.57507257191206,93.19129111287822,-6.808708887121791,5.397198632750644,1.4410958919398893,3.956102740810755,498.2480174459632,430.5549030862634,464.4014602661133,14.576421512738126,45156385.0,0.8764563416668539,1051022800,12.715406042089516,0.0103156671354903,0.0082127280343564,0.0183390381225749,16.76527231625403,105.74759648839576,0.4830006690198756,482.1988220214844,0.0039259412077119,480.3131408691406,-0.0093016952447064,484.8228149414063,-0.0059325525756835,480.5824890136719,0.0130607199803509,,,0.0,,,0.0,
2025-05-09,486.8581848144531,490.4200580470196,485.09222863644607,489.0930713377677,27767400,-0.0006553564742698,-0.0006555713141936,484.2740844726562,484.2921026047797,480.98359375,479.40734462566144,466.4861999511719,472.7596763507264,469.9647485351563,475.4463233883191,59.35811630021458,91.41247907178985,-8.587520928210175,5.876235130741179,2.3281237397001475,3.548111391041032,500.4721545391072,432.5002453632366,466.4861999511719,14.57104394148966,41125550.0,0.6751861069335243,1023255400,12.187721996981232,0.007804244428511,0.0079838252465456,0.0150165824107222,15.932656714930326,96.9494416235712,0.3314588440968509,487.1774597167969,0.0103248649062246,482.1988220214844,0.0039259412077119,480.3131408691406,-0.0093016952447064,487.7162170410156,0.0148439200146155,,,0.0,,,0.0,
2025-05-12,506.69287109375,506.73278847929913,500.3373899950198,505.83481476868576,45090600,0.040740172185574,0.039932164036663,488.648095703125,491.75902543443647,484.5195190429688,484.3683494380412,469.15260925292966,475.99140918339526,469.97346252441406,476.6716782002968,67.32028135509452,99.9272704165814,-0.0727295834186026,7.766837159928457,3.4158664237458094,4.350970736182648,506.7755624232148,431.5296560826446,469.15260925292966,16.038684397469392,40755890.0,1.1063578785790225,1068346000,12.736784973257288,0.0191253601096161,0.0141361985909868,0.0168192579310918,16.35528357035044,155.70457757722235,0.993758420879226,486.8581848144531,-0.0006553564742698,487.1774597167969,0.0103248649062246,482.1988220214844,0.0039259412077119,484.8228149414063,-0.0059325525756835,,,0.0,,,0.0,
2025-05-13,514.4152221679688,516.211108574203,507.2615460721175,507.99985019165166,53269600,0.0152406941458427,0.0151257214706955,495.4685119628906,499.3110910122806,488.5163879394531,489.8314172071189,472.0514862060547,479.65081994383087,470.3581860351562,478.1518171794213,69.80090123182066,97.07604284256342,-2.923957157436576,9.775595107121944,4.6878121604210365,5.087782946700908,513.9952534556509,430.10771895645854,472.0514862060547,17.770844272392498,41222310.0,1.2922516957443675,1121615600,12.506888723771263,0.0161733807593086,0.0143479187971663,0.0169534628446938,17.30268848635811,165.26234989596733,0.7993324918513434,506.69287109375,0.040740172185574,486.8581848144531,-0.0006553564742698,487.1774597167969,0.0103248649062246,480.3131408691406,-0.0093016952447064,,,0.0,,,0.0,
2025-05-14,517.4982299804688,518.0469646789172,514.5749130124277,515.5926085268512,47014500,0.0059932281931838,0.005975340236585,502.5283935546875,505.3734706683433,492.8275451660156,494.8617468022733,475.0790740966797,483.2553351854154,470.8344567871094,479.69481375985447,70.75531910635041,99.03171193313764,-0.9682880668623652,11.483943465525726,6.047038421441975,5.436905044083751,520.796286079343,429.3618621140165,475.0790740966797,19.24614847311069,41802825.0,1.1246727942429728,1168630100,11.872949708569635,0.0158778960386268,0.0140807865923165,0.0169125080619532,18.28455499155262,156.19237713787166,0.8419566437248682,514.4152221679688,0.0152406941458427,506.69287109375,0.040740172185574,486.8581848144531,-0.0006553564742698,482.1988220214844,0.0039259412077119,,,0.0,,,0.0,
2025-05-15,518.06689453125,520.740780872913,513.9961737159014,515.34313429326,50153300,0.0010988724556655,0.0010982691372681,508.7062805175781,509.6046119559789,496.5759857177735,499.08086457117815,478.8240219116211,486.57072178978063,471.1933868408203,481.1996012410857,70.93776738516488,95.49580991222228,-4.504190087777727,12.736885437379897,7.38500782462956,5.351877612750337,525.7270213640527,431.9210224591896,478.8240219116211,19.5909132817437,41861460.0,1.1980781367873934,1218783400,11.506639526315492,0.0169588071843176,0.0141885557443243,0.0146524379224599,19.349483086700086,143.76705830898638,0.6035519520297646,517.4982299804688,0.0059932281931838,514.4152221679688,0.0152406941458427,506.69287109375,0.040740172185574,487.1774597167969,0.0103248649062246,,,0.0,,,0.0,
2025-05-16,520.32177734375,520.5113468748441,515.9217911890203,519.4736774852381,48394600,0.0043524935414764,0.0043430488368888,515.3989990234375,513.1770004185693,499.8365417480469,502.9428487116457,482.68570404052736,489.78510803301583,471.8725744628906,482.733804225504,71.69191418201099,99.29418408202572,-0.7058159179742906,13.753262130429448,8.658658685789538,5.09460344463991,529.9005641730603,435.4708439079944,482.68570404052736,19.56339694227557,42039340.0,1.1511741145317695,1267178000,11.012562109137516,0.0161157713693878,0.0139820696875733,0.0145549730318135,20.338344889337023,136.39113900295882,0.958695450242492,518.06689453125,0.0010988724556655,517.4982299804688,0.0059932281931838,514.4152221679688,0.0152406941458427,486.8581848144531,-0.0006553564742698,,,0.0,,,0.0,
2025-05-19,520.8206787109375,521.3395134461759,513.0683621458206,513.0683621458206,52536200,0.0009588323781763,0.0009583729920377,518.224560546875,515.7248931826921,503.436328125,506.19336325697145,487.1205810546875,492.7408766690084,472.4902105712891,484.2274071465013,71.86586874558321,99.13474407354734,-0.865255926452653,14.432634724013951,9.81345389343442,4.6191808305795306,531.0536111250653,443.1875509843096,487.1205810546875,18.037845978610232,42458685.0,1.237348730889805,1319714200,10.816747051367358,0.0058401442713493,0.013456874626983,0.0124831471322192,20.906412292400187,122.634121264524,0.9372717634472626,520.32177734375,0.0043524935414764,518.06689453125,0.0010988724556655,517.4982299804688,0.0059932281931838,506.69287109375,0.040740172185574,,,0.0,,,0.0,
2025-05-20,519.0846557617188,519.7431252481014,515.4828343697768,518.2864297349452,42517600,-0.0033332450499383,-0.0033388126868614,519.158447265625,516.8448140423677,507.3134796142578,508.5372346214709,490.9014495849609,495.2498080111713,473.4528912353516,485.5943580725883,70.2482131792625,95.06010094041648,-4.939899059583527,14.661946068063912,10.78315232836032,3.878793739703593,532.0857867728764,449.71711239704536,490.9014495849609,16.779065216749867,41969345.0,1.0130632250753495,1277196600,10.425396857781168,0.0035932836102382,0.0127543411337097,0.0121355581322768,21.43390345238741,105.84721141342008,0.8454402515524679,520.8206787109375,0.0009588323781763,520.32177734375,0.0043524935414764,518.06689453125,0.0010988724556655,514.4152221679688,0.0152406941458427,,,0.0,,,0.0,
2025-05-21,511.8710632324219,521.8083922034795,510.0751765474603,515.0937453813776,71292800,-0.0138967554698982,-0.0139942193844842,518.0330139160156,515.1868971057191,510.2807037353516,509.1433852780075,493.8187881469727,496.8327846989095,474.2938153076172,486.6248170984641,63.81985565977799,78.45084508503268,-21.549154914967318,14.099074969833625,11.44633685665498,2.6527381131786427,532.1677220282176,455.4698542657279,493.8187881469727,15.531581544374635,42743930.0,1.6679046592112612,1205903800,10.51881248622674,0.0071043611904173,0.0144926779989673,0.0125514798941743,21.23789685645628,81.0652382430488,0.1530600593729817,519.0846557617188,-0.0033332450499383,520.8206787109375,0.0009588323781763,520.32177734375,0.0043524935414764,517.4982299804688,0.0059932281931838,,,0.0,,,0.0,
2025-05-22,512.8289184570312,516.5304876315237,511.1327795047052,512.4896663081278,55607200,0.0018712822298658,0.0018695335624343,516.9854187011719,514.4009042228232,512.845849609375,509.81348221964817,496.1459762573242,498.3562260092068,475.0478967285157,487.6524289164472,64.28718364602878,80.5279596377797,-19.472040362220294,13.57381597950996,11.871832681225978,1.7019832982839809,533.1545475026146,459.1374050120338,496.1459762573242,14.91842039089562,43226485.0,1.286415030044659,1261511000,10.15301931769758,0.0072007911580309,0.0144642386666494,0.0114553620459401,21.055890731663084,68.37767315838842,0.3142331731253465,511.8710632324219,-0.0138967554698982,519.0846557617188,-0.0033332450499383,520.8206787109375,0.0009588323781763,518.06689453125,0.0010988724556655,,,0.0,,,0.0,
2025-05-23,508.0797119140625,510.6737940312997,504.428047390636,505.0266864096977,58368100,-0.0092608009650818,-0.0093039487778125,514.5370056152344,512.293840119903,514.9680023193359,509.4982512549962,497.975798034668,499.2822722858597,475.8779486083984,488.4534988379223,60.13939679201288,70.2292779884473,-29.770722011552703,12.628746835748814,12.023215512130545,0.6055313236182691,533.5155562054993,462.43603986383664,497.975798034668,14.273688926688404,44210035.0,1.3202455053473718,1203142900,10.027865871175988,0.0067536694782184,0.0150959493382161,0.0117676853657813,20.06316786133134,40.89911670631352,0.5846642096548463,512.8289184570312,0.0018712822298658,511.8710632324219,-0.0138967554698982,519.0846557617188,-0.0033332450499383,520.32177734375,0.0043524935414764,,,0.0,,,0.0,
2025-05-27,520.0324096679688,520.5213443920381,513.4175716555094,514.9740148753984,47226300,0.0235252411651656,0.0232527874322768,514.3793518066407,514.8733633025917,516.3019561767578,511.41355278462754,500.4107376098633,501.25847584606055,476.7215069580078,489.69188749792414,66.07240174778985,96.1487716774336,-3.851228322566408,12.697882263760448,12.158148862456526,0.5397334013039217,534.9751175637796,465.8463576559471,500.4107376098633,13.81440379117675,44893810.0,1.0519557150529215,1250369200,10.200277771661677,0.0145489857878767,0.0108817413171849,0.0125117666534848,20.024749784718157,74.35429424810842,0.931172527289854,508.0797119140625,-0.0092608009650818,512.8289184570312,0.0018712822298658,511.8710632324219,-0.0138967554698982,520.8206787109375,0.0009588323781763,,,0.0,,,0.0,
2025-05-28,517.7276611328125,522.4868123985062,517.2088873377407,520.9902300780834,46637200,-0.0044319324955685,-0.0044417826225639,514.1079528808593,515.8247959126653,516.6332000732422,512.5615724842975,502.5747940063477,502.82696968289406,477.4570043945312,490.7913296012531,64.09145292957572,87.92705218808527,-12.072947811914728,12.423488402403676,12.211216770445958,0.2122716319577193,535.7577864454721,469.3918015672232,502.5747940063477,13.205195658382085,45695015.0,1.0206189887452712,1203732000,9.848681149454803,0.014615925580042,0.0101040900344361,0.012679607184175,20.149080041465464,73.36875348219874,0.0982912392823331,520.0324096679688,0.0235252411651656,508.0797119140625,-0.0092608009650818,512.8289184570312,0.0018712822298658,519.0846557617188,-0.0033332450499383,,,0.0,,,0.0,
2025-05-29,518.745361328125,525.2804253410164,516.1413226819035,525.1308036452639,58513300,0.0019657056628685,0.0019637761915933,515.4828125,516.7983177178186,516.7579132080078,513.6858977286297,504.7927291870117,504.3430069824398,478.3768359375,491.8875661395618,64.59621171839596,83.73884735129644,-16.261152648703554,12.14811330264871,12.19859607688651,-0.0504827742377997,536.0147932657436,473.5706651082799,504.7927291870117,12.37025110445478,46280150.0,1.2643282271124878,1262245300,9.797996971573244,0.0125383023771117,0.0099481794430699,0.0126484617467404,20.492897542981304,73.35650044925755,0.2849337340134187,517.7276611328125,-0.0044319324955685,520.0324096679688,0.0235252411651656,508.0797119140625,-0.0092608009650818,511.8710632324219,-0.0138967554698982,,,0.0,,,0.0,
2025-05-30,517.92724609375,519.4936763161024,510.7636123003792,518.2565112732493,67662800,-0.0015771037109235,-0.0015783486480832,516.5024780273437,517.1746271764624,516.7439483642578,514.4570519768333,506.6599670410157,505.63674404065983,479.1537835693359,492.908730059334,63.819572614829184,70.5201105428148,-29.4798894571852,11.728660789242156,12.10460901935764,-0.3759482301154833,536.29351116836,477.0264229136712,506.6599670410157,11.697606306023973,47497465.0,1.424556026305825,1194582500,9.72171604615539,0.0126915175450525,0.0099598374653893,0.0125534961712384,20.11502523913615,50.25025904203855,0.8205705915084609,518.745361328125,0.0019657056628685,517.7276611328125,-0.0044319324955685,520.0324096679688,0.0235252411651656,512.8289184570312,0.0018712822298658,,,0.0,,,0.0,
2025-06-02,522.0179443359375,522.2573877784328,514.7943887427975,516.0615146714447,44762800,0.0078982101695554,0.0078671825755066,519.2901245117188,518.7890662296209,516.9135650634765,515.8317596784887,508.3750534057617,507.1968583544958,480.0450219726562,494.0502678741027,66.0195060454875,84.35439347568791,-15.645606524312084,11.592693457155178,12.002225906917149,-0.4095324497619685,537.388519470658,479.36158734086536,508.3750534057617,11.414197400335109,47774700.0,0.9369561713626668,1239345300,9.56037911683252,0.011089158820307,0.0101917307645406,0.012326573521322,20.015111971100477,65.05071343936014,0.967915922077877,517.92724609375,-0.0015771037109235,518.745361328125,0.0019657056628685,517.7276611328125,-0.0044319324955685,508.0797119140625,-0.0092608009650818,,,0.0,,,0.0,
2025-06-03,526.0985717773438,527.5352932742484,521.4990899538703,522.3671028482407,44070300,0.0078170252300373,0.0077866305827089,520.5033569335938,521.2255680788619,517.4413543701172,517.6984527873714,510.43884124755857,508.99702153762416,480.9863922119141,495.3070641056024,68.10303433971248,93.78237673091304,-6.217623269086967,11.679576016148983,11.937695928763516,-0.2581199126145304,538.3068760801817,482.5708064149355,510.43884124755857,10.919245394614224,48562740.0,0.9074920401937782,1283415600,9.30865227422863,0.0055279791798058,0.0104627578039313,0.0121565102588635,20.378244138234884,91.58467095542844,0.7619825872779177,522.0179443359375,0.0078982101695554,517.92724609375,-0.0015771037109235,518.745361328125,0.0019657056628685,520.0324096679688,0.0235252411651656,,,0.0,,,0.0,
2025-06-04,527.5652465820312,528.6328159543389,524.7715775087336,526.8069684561985,41359300,0.0027878327054424,0.0027839539071339,522.4708740234375,523.338794246585,518.2894134521484,519.4924152954914,512.8014465332031,510.7654239228058,481.7468560791016,496.5720908693839,68.84250977452011,95.58942540806387,-4.410574591936102,11.731545515265791,11.896465846063972,-0.1649203307981785,537.9301340788625,487.6727589875439,512.8014465332031,9.8005525200999,48991390.0,0.8442156876953277,1324774900,8.91955128646982,0.0040691471429135,0.010355831110672,0.011745378832392,20.807892768989,106.34570702929832,0.7235163309857147,526.0985717773438,0.0078170252300373,522.0179443359375,0.0078982101695554,517.92724609375,-0.0015771037109235,517.7276611328125,-0.0044319324955685,,,0.0,,,0.0,
2025-06-05,523.5942993164062,531.8354895194587,521.4691474254556,528.9720333839703,61031200,-0.0075269311072929,-0.0075554014058618,523.4406616210938,523.4239626031922,519.4617370605469,520.2382123902031,514.8712203979492,511.9872215793391,482.37202880859377,497.6317853182868,64.4836869814512,69.93083059587771,-30.069169404122288,11.321798810874157,11.781532439026009,-0.4597336281518522,536.0916843702936,493.6507564256048,514.8712203979492,8.243018110797834,50142635.0,1.2171518309717868,1263743700,9.022893487007916,0.0065714001777901,0.0094480626586775,0.0120634407681665,20.7281053541177,102.175826771168,0.2050049932424592,527.5652465820312,0.0027878327054424,526.0985717773438,0.0078170252300373,522.0179443359375,0.0078982101695554,518.745361328125,0.0019657056628685,,,0.0,,,0.0,
2025-06-06,528.7125854492188,530.5883068303796,527.0065205763339,528.7924202239315,42467000,0.0097752900279755,0.0097278209788656,525.5977294921875,525.186836885201,521.0501037597656,521.7790074918423,516.9479766845703,513.5801133764705,483.28075317382815,498.8506402253821,67.35295744934339,88.605634719353,-11.394365280646989,11.280045172035216,11.681234985627851,-0.4011898135926355,534.7800888889337,499.1158644802069,516.9479766845703,6.898996807659096,50287105.0,0.8444908490954093,1306210700,8.877973060362587,0.0070239992316926,0.0097338669351594,0.0120493597341015,20.65401704030864,139.29988795464402,0.4763167737634325,523.5942993164062,-0.0075269311072929,527.5652465820312,0.0027878327054424,526.0985717773438,0.0078170252300373,517.92724609375,-0.0015771037109235,,,0.0,,,0.0,
2025-06-09,529.4908447265625,531.1370487649452,527.8046928522319,528.9321230881146,33688700,0.0014719893166199,0.001470907002319,527.0923095703125,526.6215061656549,523.1912170410156,523.1811597163369,519.0796096801757,515.0954211240984,484.2601171875,500.0522168724872,67.77920732242305,91.44522578256026,-8.55477421743974,11.180868044960562,11.581161597494392,-0.4002935525338316,531.334991418154,506.8242279421975,519.0796096801757,4.72196615294878,50583170.0,0.6660061044019187,1339899400,8.481857549816208,0.0067493208516717,0.0087631436569581,0.0120138854414422,20.643248404305496,156.25529835455595,0.505993932955094,528.7125854492188,0.0097752900279755,523.5942993164062,-0.0075269311072929,527.5652465820312,0.0027878327054424,522.0179443359375,0.0078982101695554,,,0.0,,,0.0,
2025-06-10,532.9928588867188,533.6812892020579,527.6849728561217,529.9597463571823,40664800,0.0066139276911667,0.0065921516355182,528.4711669921875,528.7452904060095,524.4872619628907,524.9651050200426,520.3946090698242,516.7999390062527,485.56254333496094,501.3440067553983,69.69651274728916,97.64665290849804,-2.353347091501961,11.255110820912025,11.51595144217792,-0.2608406212658973,532.6952972659967,508.0939208736517,520.3946090698242,4.727446434604418,50361880.0,0.8074519855096752,1380564200,8.304318892396207,0.0065470574167082,0.005714507538031,0.0084597037439249,20.906268759760657,160.2789384802546,0.8851911280674485,529.4908447265625,0.0014719893166199,528.7125854492188,0.0097752900279755,523.5942993164062,-0.0075269311072929,526.0985717773438,0.0078170252300373,,,0.0,,,0.0,
2025-06-11,531.1968994140625,535.5569985772692,528.9021520465418,534.3996074866686,53701000,-0.0033695751128964,-0.0033752649161924,529.1974975585938,529.5624934086939,525.8341857910157,526.0981585462281,521.2336929321289,518.1710780927108,486.8294488525391,502.5147084282871,67.47889662137203,85.99342734978205,-14.00657265021794,11.041747444469364,11.42111064263621,-0.3793631981668444,534.0663841923193,508.4010016719384,521.2336929321289,4.923968436499921,50383450.0,1.065846026820315,1326863200,8.186499437991289,0.0070670786756014,0.0055800388035273,0.0080035374819406,21.349256099710065,138.23118667271248,0.3448234841916645,532.9928588867188,0.0066139276911667,529.4908447265625,0.0014719893166199,528.7125854492188,0.0097752900279755,527.5652465820312,0.0027878327054424,,,0.0,,,0.0,
2025-06-12,532.444091796875,533.4219003917297,529.6305704230522,529.8800008275191,34104900,0.0023478909311938,0.0023451389420199,530.9674560546875,530.5230262047543,527.2040588378907,527.2519645918002,521.9809860229492,519.5304127312027,488.0458709716797,503.6884097368592,68.23476979145889,89.9999625373474,-10.000037462652587,10.84824165648979,11.306536845406926,-0.4582951889171358,535.5746628240843,508.3873092218141,521.9809860229492,5.208495008489609,49737970.0,0.6856914345318074,1360968100,7.872558761611731,0.0050403325648963,0.0055766288018806,0.0079403616254703,21.760601486805943,117.23874538705272,0.7420935125649462,531.1968994140625,-0.0033695751128964,532.9928588867188,0.0066139276911667,529.4908447265625,0.0014719893166199,523.5942993164062,-0.0075269311072929,,,0.0,,,0.0,
2025-06-13,525.7593994140625,530.6581857051825,524.5321604293532,526.4777297402487,55814400,-0.0125547310709246,-0.0126342076121102,530.3768188476563,528.935150607857,527.9872741699219,526.9805891049388,522.3656112670899,520.1236495581417,489.0597570800781,504.5539387438084,60.163376322541055,60.48301327705671,-39.51698672294329,10.039756058087733,11.053180687943089,-1.013424629855356,535.9298127463421,508.80140978783766,522.3656112670899,5.193374596903449,50021025.0,1.115818798195359,1305153700,7.875371090605306,0.007320682659192,0.0073073760559239,0.0085370590337573,21.199485912297007,54.9857018841396,0.2003320145496981,532.444091796875,0.0023478909311938,531.1968994140625,-0.0033695751128964,532.9928588867188,0.0066139276911667,528.7125854492188,0.0097752900279755,,,0.0,,,0.0,
2025-06-16,533.0726318359375,534.1501881746067,529.2414151368115,529.2912890357304,37622100,0.013909846271936,0.0138139922143163,531.0931762695312,530.3143110172173,529.0927429199219,528.0882332378476,523.0031539916993,521.3568859655508,490.7285461425781,505.6723188650684,65.03613452959947,89.97971993988031,-10.02028006011968,9.87530575614926,10.817605701584323,-0.9422999454350638,537.3019065714892,508.7044014119093,523.0031539916993,5.467941243052958,49482400.0,0.7603127576673726,1342775800,7.912186638458083,0.0100257494075498,0.0080947115512736,0.0090028276260343,21.116089034755294,100.09040795949794,0.7804835688163688,525.7593994140625,-0.0125547310709246,532.444091796875,0.0023478909311938,531.1968994140625,-0.0033695751128964,529.4908447265625,0.0014719893166199,,,0.0,,,0.0,
2025-06-17,527.87451171875,532.114828121446,526.7071337109421,530.4985241525759,42180900,-0.0097512417759749,-0.0097990964833966,530.0695068359375,529.5010445843949,529.2703369140625,528.0493747798298,523.3558456420899,521.9776122277602,492.8518969726563,506.5429930946245,59.46814571906172,69.01396698005695,-30.986033019943044,9.219258977405955,10.49793635674865,-1.2786773793426924,537.7693859874659,508.9423052967138,523.3558456420899,5.508122423928386,48964635.0,0.861456436875308,1300594900,7.801708887496462,0.0105512962251352,0.0086125234913808,0.0093334877789616,20.586905305597185,59.41569190357247,0.2158735163582461,533.0726318359375,0.013909846271936,525.7593994140625,-0.0125547310709246,532.444091796875,0.0023478909311938,532.9928588867188,0.0066139276911667,,,0.0,,,0.0,
2025-06-18,527.78466796875,531.3365539479147,526.1983249413829,528.8921241797174,43983500,-0.00017019906816,-0.0001702135536651,529.387060546875,528.9289190458467,529.2922790527343,528.0012462687243,523.7908462524414,522.5306651554736,494.9530975341797,507.37599995243335,59.373530119130045,68.65159715692495,-31.348402843075046,8.593032410271917,10.116955567453305,-1.523923157181386,538.1876349223201,509.3940575825627,523.7908462524414,5.497151686740295,49037930.0,0.8969281533702584,1256611400,7.611460324570414,0.0105356488319411,0.0085709684108762,0.0092879850288047,20.00403552031873,49.90526107804247,0.3087334226091593,527.87451171875,-0.0097512417759749,533.0726318359375,0.013909846271936,525.7593994140625,-0.0125547310709246,531.1968994140625,-0.0033695751128964,,,0.0,,,0.0,
2025-06-20,525.629638671875,532.344284928363,523.6840695536811,531.047259148263,61643500,-0.0040831600985472,-0.0040915189582097,528.024169921875,527.8291589211894,529.4958129882813,527.570044887479,524.4787750244141,522.8258054903689,497.1634503173828,508.09182892182326,57.02968290364015,52.18635814794333,-47.81364185205667,7.832561595698053,9.660076773102253,-1.8275151774042,537.8067353367576,511.15081471207054,524.4787750244141,5.08236403340559,48555465.0,1.2695481342831336,1194967900,7.686371399578378,0.0103789580155364,0.0082963917873843,0.0087077821057021,19.00866178869186,32.44153821703073,0.2246559737832068,527.78466796875,-0.00017019906816,527.87451171875,-0.0097512417759749,533.0726318359375,0.013909846271936,532.444091796875,0.0023478909311938,,,0.0,,,0.0,
2025-06-23,531.034423828125,531.55378026132,523.0436870736086,526.20000126727,50666100,0.0102824969495753,0.0102299916945039,529.0791748046875,528.8975805568347,529.7279968261719,528.1999319675964,525.3890502929687,523.6075786653932,498.4853741455078,508.991538525992,61.16982903277104,67.89734147239368,-32.10265852760633,7.578642119870096,9.243789842455822,-1.6651477225857256,537.8698994815712,512.9082011043662,525.3890502929687,4.751088429286038,48308410.0,1.0488049596333229,1245634000,7.7452086701593075,0.0098772899694911,0.0083612447873363,0.0089338114967616,17.968659032876158,43.988802469139415,0.9389717101995066,525.629638671875,-0.0040831600985472,527.78466796875,-0.00017019906816,527.87451171875,-0.0097512417759749,525.7593994140625,-0.0125547310709246,,,0.0,,,0.0,
2025-06-24,539.1549682617188,540.0738858388895,535.649023059839,536.2683002275495,45442000,0.0152919360199934,0.0151761928331354,530.2956420898438,532.316709791796,530.6944091796875,530.1917567483458,526.9428131103516,525.0882824364719,500.3652056884766,510.1744181234715,66.4069013619355,95.06084118598928,-4.939158814010727,7.941128785991054,8.98325763116287,-1.0421288451718151,538.0824873147122,515.803138905991,526.9428131103516,4.228039144744072,47662105.0,0.9534199129476132,1291076000,7.837655337345394,0.0103027754563784,0.0095962264522528,0.009022797800897,18.228463940044,177.32654095116823,0.7923285708201834,531.034423828125,0.0102824969495753,525.629638671875,-0.0040831600985472,527.78466796875,-0.00017019906816,533.0726318359375,0.013909846271936,,,0.0,,,0.0,
2025-06-25,540.5333251953125,542.680859941889,538.7554180865176,541.4323074065491,44804200,0.0025565134603835,0.0025532511387767,532.8274047851562,535.0555815929682,531.4484558105469,532.0720419205215,527.9678588867188,526.5592388896948,502.10857849121095,511.3649634988378,67.2151658387314,89.87571255780145,-10.124287442198549,8.244585515848371,8.83552320809997,-0.5909376922515985,540.1037203972875,515.8319973761501,527.9678588867188,4.597197085503868,47541000.0,0.9424328474369492,1335880200,7.558211517204397,0.0078864146042596,0.0094572717600664,0.007623371586651,18.782520023060474,194.17132557755195,0.4529189768323275,539.1549682617188,0.0152919360199934,531.034423828125,0.0102824969495753,525.629638671875,-0.0040831600985472,527.87451171875,-0.0097512417759749,,,0.0,,,0.0,
2025-06-26,545.5874633789062,546.0369544844908,540.8929546179629,542.7207916351388,43811400,0.009350280450826,0.0093068371731625,536.3879638671875,538.5662088549476,532.8875122070312,534.5293912765915,529.3608489990235,528.3714507458102,503.8915740966797,512.707022317664,70.05981078225037,98.04511860992912,-1.954881390070884,8.791560238890952,8.826730614258167,-0.0351703753672154,542.8009089422007,515.9207890558462,529.3608489990235,5.077844335708356,47399710.0,0.924296794220893,1379691600,7.411455643773963,0.0075352932884546,0.0095920620195134,0.0076378142799509,19.677015017448973,213.50871990993832,0.9126183675468814,540.5333251953125,0.0025565134603835,539.1549682617188,0.0152919360199934,531.034423828125,0.0102824969495753,527.78466796875,-0.00017019906816,,,0.0,,,0.0,
2025-06-27,547.4553833007812,549.3531466770356,543.9094451396949,546.6263273030402,57577100,0.0034236855632765,0.0034178380946534,540.7531127929688,541.5292670035589,534.3886413574219,536.8795716446259,530.7963500976563,530.1889681319979,505.7017523193359,514.0697031405314,71.05925955747597,92.78676413404108,-7.213235865958922,9.268920824912811,8.915168656389097,0.3537521685237141,545.4707249150309,516.1219752802816,530.7963500976563,5.5291920581876095,47352900.0,1.2159149703608438,1437268700,7.270901779028734,0.0052587024722085,0.009593482980194,0.0076378790411937,20.856263377122865,204.1871899457257,0.6513836470824284,545.5874633789062,0.009350280450826,540.5333251953125,0.0025565134603835,539.1549682617188,0.0152919360199934,525.629638671875,-0.0040831600985472,,,0.0,,,0.0,
2025-06-30,551.001220703125,552.1598506096717,548.3742613412151,550.6216558623904,45548700,0.0064769431637785,0.0064560579006721,544.7464721679687,544.6865849034143,536.9128234863281,539.4471442007166,532.450048828125,532.1710874244861,507.85841796875,515.5179979469076,72.90806523732061,96.02066424337934,-3.9793357566206615,9.8201513808159,9.096165201274458,0.7239861795414431,548.35360157524,516.54649608101,532.450048828125,5.9737257164751085,46247195.0,0.9848964893978976,1482817400,7.087585031161715,0.005152832857613,0.0079503576720029,0.0076114082401566,22.22852437685533,204.90412176335528,0.6939367098616949,547.4553833007812,0.0034236855632765,545.5874633789062,0.009350280450826,540.5333251953125,0.0025565134603835,531.034423828125,0.0102824969495753,,,0.0,,,0.0,
2025-07-01,546.3566284179688,550.0723527171726,544.0293092638873,549.0934460070984,56166700,-0.0084293684127039,-0.0084650964568595,546.1868041992187,545.2432660749325,538.2412231445312,540.7034140583987,533.6669830322265,533.5220913286273,509.92378784179687,516.7273560045963,66.88110238849333,80.06872648412242,-19.931273515877574,9.769607829151369,9.23085372684984,0.5387541023015281,549.9123548316768,517.4216112327763,533.6669830322265,6.088205684805966,46817390.0,1.1996973774061306,1426650700,7.079322631738572,0.0067619469465145,0.0082179437898628,0.0079412513810493,22.58164721402947,133.88254527645,0.3851236834608043,551.001220703125,0.0064769431637785,547.4553833007812,0.0034236855632765,545.5874633789062,0.009350280450826,539.1549682617188,0.0152919360199934,,,0.0,,,0.0,
2025-07-02,550.1621704101562,550.3619510063211,545.4875970893971,545.5275288228387,36538300,0.0069653076292071,0.0069411619306618,548.1125732421875,546.8829008533405,540.4699890136719,542.4231879405364,534.8701629638672,535.1068607649634,512.2845684814453,518.0385251969712,69.13262466953827,93.13893055642052,-6.861069443579475,9.922249617632474,9.369132905006367,0.5531167126261067,552.2219239307767,517.5184019969577,534.8701629638672,6.488214212869344,46440790.0,0.7867717151237091,1463189000,6.921824866394671,0.0070248759266218,0.0070701829174491,0.0079124020885179,22.943698456972232,127.40704433908516,0.9590139329917996,546.3566284179688,-0.0084293684127039,551.001220703125,0.0064769431637785,547.4553833007812,0.0034236855632765,540.5333251953125,0.0025565134603835,,,0.0,,,0.0,
2025-07-03,555.575927734375,556.5548344555102,552.5394696749878,552.5394696749878,26443500,0.009840293672287,0.0097921932731364,550.1102661132812,549.780576480352,543.2491149902344,544.8145951757798,536.2706970214844,537.0562957144311,514.5267413330079,519.5105801984381,72.04426812327964,97.07886241560357,-2.9211375843964547,10.360633373871451,9.567432998779385,0.7932003750920664,555.4621275138627,517.079266529106,536.2706970214844,7.157366829465041,45695000.0,0.5786956997483313,1489632500,6.884027664891763,0.0071285486468405,0.0070965757594146,0.0080918816211362,23.95859770840622,152.61336327432636,0.7562097655587151,550.1621704101562,0.0069653076292071,546.3566284179688,-0.0084293684127039,551.001220703125,0.0064769431637785,545.5874633789062,0.009350280450826,,,0.0,,,0.0,
2025-07-07,551.3908081054688,553.6981308106792,548.9436328812806,552.8790730109989,45349300,-0.0075329390997429,-0.0075614549813423,550.8973510742187,550.317320355391,545.8252319335937,546.0102702539051,537.6605224609375,538.4214873707205,516.4840716552734,520.7607852144001,66.79861327341158,84.59012372452995,-15.409876275470056,10.252170837862536,9.704380566596017,0.5477902712665212,557.0039938509992,518.3170510708758,537.6605224609375,7.195421862674353,44910905.0,1.0097614376730997,1444283200,6.866046749763383,0.0087232438373231,0.0076578846929274,0.0080922782805746,24.157531230704283,108.504600393366,0.5147073908698128,555.575927734375,0.009840293672287,550.1621704101562,0.0069653076292071,546.3566284179688,-0.0084293684127039,547.4553833007812,0.0034236855632765,,,0.0,,,0.0,
2025-07-08,551.700439453125,553.3684885906421,550.4618241127889,552.7392132279926,36153300,0.0005615460814809,0.0005613884734801,551.0371948242188,550.7783600546356,547.8918334960938,547.0448464719451,538.8099151611328,539.6861494738066,518.192377319336,521.9741049884678,66.99011207374502,85.51408894758725,-14.485911052412751,10.07505914834826,9.778516282946464,0.2965428654017952,558.6163840432293,519.0034462790363,538.8099151611328,7.351931850093487,44595220.0,0.810698994197136,1480436500,6.583233730341223,0.008262368489621,0.0075032107587787,0.0079240565879457,24.34225521569534,99.7285040939488,0.4261294517240954,551.3908081054688,-0.0075329390997429,555.575927734375,0.009840293672287,550.1621704101562,0.0069653076292071,551.001220703125,0.0064769431637785,,,0.0,,,0.0,
2025-07-09,555.6058959960938,556.9843029163527,552.4595191206155,553.8379260408744,43045500,0.0070789440494918,0.0070540059461899,552.8870483398438,552.3875387017883,549.5369262695312,548.6014009308811,540.1156677246094,541.2023158092625,519.8748297119141,523.2929987534728,69.38843130533094,95.93876868161296,-4.061231318387026,10.1330273306653,9.849418492490232,0.2836088381750681,560.7197505782125,519.5115848710062,540.1156677246094,7.62950756100214,45063060.0,0.9552280737260186,1523482000,6.490421568404543,0.0069876301400806,0.0064931870088825,0.0079972782518893,24.93923855947324,109.4007249383553,0.695365130677165,551.700439453125,0.0005615460814809,551.3908081054688,-0.0075329390997429,555.575927734375,0.009840293672287,546.3566284179688,-0.0084293684127039,,,0.0,,,0.0,
2025-07-10,554.8068237304688,556.6546571200741,552.1099380275332,556.2451587077356,34710900,-0.0014381997588279,-0.0014392349607716,553.8159790039062,553.1939670446818,550.9642761230468,549.7296596217152,541.2063659667969,542.4979832303297,521.5442938232422,524.5288350270805,68.29510090926658,93.58444408913265,-6.415555910867355,9.999224246269364,9.879379643246056,0.1198446030233064,562.4852021996734,519.9275297339203,541.2063659667969,7.863483347933122,44765365.0,0.7753963359843039,1488771100,6.351442820128573,0.0069207828499402,0.0066465623407604,0.0079787758397181,25.41401126635157,95.1467183536922,0.593410868298218,555.6058959960938,0.0070789440494918,551.700439453125,0.0005615460814809,551.3908081054688,-0.0075329390997429,550.1621704101562,0.0069653076292071,,,0.0,,,0.0,
2025-07-11,553.5582885742188,555.1464133288152,551.4107537333198,552.6593063234978,39618600,-0.0022503961790789,-0.0022529321258646,553.412451171875,553.3154075545275,551.7613586425781,550.4257739767158,542.3244354248047,543.5513456440334,523.1265289306641,525.6672449701056,66.53114093713403,89.90585687069562,-10.094143129304388,9.68084325034647,9.83967236466614,-0.1588291143196709,563.7315526632315,520.917318186378,542.3244354248047,7.894579642777284,44061245.0,0.8991711423496999,1449152500,6.164601161226208,0.0052853542767319,0.0063489413843612,0.0079426983241238,25.68794387554014,79.02831831981467,0.5748743390406946,554.8068237304688,-0.0014381997588279,555.6058959960938,0.0070789440494918,551.700439453125,0.0005615460814809,555.575927734375,0.009840293672287,,,0.0,,,0.0,
2025-07-14,555.5659790039062,556.3051123937647,550.9912651766557,553.3485178698481,36453300,0.003626881705373,0.0036203204297819,554.2474853515625,554.0655980376538,552.5724182128906,551.3603567089323,543.4805297851562,544.6955964402117,524.7501153564453,526.8397443439801,67.9640462383959,93.35221322623786,-6.647786773762131,9.481234091232636,9.76798470997944,-0.2867506187468045,565.1245106807739,521.8365488895386,543.4805297851562,7.964951717469543,44178665.0,0.8251335797494107,1485605800,6.103833022360695,0.0038479275736292,0.0063562113354472,0.007949997463215,26.097570952521966,78.60309457436833,0.8609042827643283,553.5582885742188,-0.0022503961790789,554.8068237304688,-0.0014381997588279,555.6058959960938,0.0070789440494918,551.3908081054688,-0.0075329390997429,,,0.0,,,0.0,
2025-07-15,556.0753173828125,560.1506100210427,556.0153892983303,559.6012590858759,43277700,0.0009167918809922,0.000916371883996,555.1224609375,554.7355044860401,553.0798278808594,552.2176222860013,544.9963256835938,545.7793793871261,526.2599719238282,527.9862374043264,68.334435302342,80.95229689594917,-19.047703104050825,9.25742787894808,9.66587334377317,-0.4084454648250908,565.6890636074922,524.3035877596953,544.9963256835938,7.593716488984898,43551830.0,0.9937056605887744,1528883500,5.995318593416103,0.0038291379108767,0.0061099112771221,0.0071703199293761,26.96259126327906,95.0157305703194,0.0144921126341772,555.5659790039062,0.003626881705373,553.5582885742188,-0.0022503961790789,554.8068237304688,-0.0014381997588279,551.700439453125,0.0005615460814809,,,0.0,,,0.0,
2025-07-16,556.6446533203125,559.5613159442702,550.9213079932537,556.6347161101686,52314700,0.0010238468058241,0.001023323032162,555.3302124023437,555.3718874307976,554.1086303710938,553.0225370195124,546.1749267578125,546.8141673807629,527.638540649414,529.1100968520121,68.76909753941212,81.79447794995085,-18.205522050049154,9.022000489648915,9.53709877294832,-0.5150982832994018,566.7013685627259,525.6484849528991,546.1749267578125,7.5164350464646255,44286460.0,1.1812797861919873,1581198200,6.184224976101847,0.0023167687966079,0.0051573073434808,0.0066849653466209,26.544759799554544,77.19714728614915,0.6624236180615125,556.0753173828125,0.0009167918809922,555.5659790039062,0.003626881705373,553.5582885742188,-0.0022503961790789,555.6058959960938,0.0070789440494918,,,0.0,,,0.0,
2025-07-17,561.1494750976562,561.6588943188981,556.5648240354463,557.3738836913942,40423800,0.0080928142405987,0.0080602430299346,556.5987426757813,557.2977499864172,555.2073608398438,554.5001621246294,547.8386749267578,548.1794347823718,529.1650738525391,530.3665430577237,72.03951419237393,97.12994349233824,-2.870056507661777,9.094093013152474,9.44849762098915,-0.3544046078366758,567.5396638046772,528.1376860488384,547.8386749267578,7.192259246959247,44198605.0,0.9145944764546302,1621622000,6.106356783769697,0.0038588737583582,0.0052914368768977,0.0061794355318956,26.44976710091504,105.29418307024838,0.8999976064353279,556.6446533203125,0.0010238468058241,556.0753173828125,0.0009167918809922,555.5659790039062,0.003626881705373,554.8068237304688,-0.0014381997588279,,,0.0,,,0.0,
2025-07-18,560.610107421875,564.0760601261163,559.331560315118,562.4679390321799,50484700,-0.0009611836056468,-0.0009616458388264,558.0091064453125,558.4018691315698,555.7107788085938,555.611061269583,549.479946899414,549.3633083670863,530.7710131835937,531.5525651896512,71.07976769328435,82.71065107726922,-17.289348922730774,9.00391289061406,9.359580674914133,-0.3556677843000724,567.6332696419895,531.3266241568385,549.479946899414,6.607455957222975,44523665.0,1.1338846431442695,1571137300,6.009081285714594,0.0035073804125797,0.0045637609578166,0.0062038098244513,26.68536443160755,114.83830742510573,0.2694798519679962,561.1494750976562,0.0080928142405987,556.6446533203125,0.0010238468058241,556.0753173828125,0.0009167918809922,553.5582885742188,-0.0022503961790789,0.2656242686567164,0.270686,0.005313549154662074,0.260088,0.270686,134.0,1.0
2025-07-21,563.5167236328125,565.4045498103267,561.4091814589228,561.4391759845101,39595200,0.0051847374359774,0.0051713429627734,559.5992553710937,560.1068206319841,556.9233703613281,557.0484544265338,551.374301147461,550.7112526781078,532.3973712158203,532.8060615991869,73.15531010263955,91.16816405685483,-8.831835943145157,9.062517074789866,9.30016795488928,-0.2376508800994123,566.8929220343399,535.8556802605821,551.374301147461,5.629069347114378,43421250.0,0.911885309612229,1610732500,5.922321364481528,0.0036924023288841,0.0036243222051701,0.0059860808662231,27.07793491058676,134.15515868286738,0.5274963378774323,560.610107421875,-0.0009611836056468,561.1494750976562,0.0080928142405987,556.6446533203125,0.0010238468058241,555.5659790039062,0.003626881705373,0.2656242686567164,0.270686,0.0,0.260088,0.270686,0.0,1.0
2025-07-22,560.60009765625,563.6964836094055,557.9631400264451,563.6465537000605,43270600,-0.0051757576203949,-0.0051891982508896,560.5042114257812,560.2712463067394,557.8133361816406,557.6942077410276,552.8525848388672,551.6530474379309,533.8658239746094,533.8960237975032,67.89011903207378,75.87757413799574,-24.122425862004267,8.772490165973522,9.194632397106128,-0.4221422311326055,565.7509275972513,539.954242080483,552.8525848388672,4.666105617338653,43051475.0,1.005089837223928,1567461900,5.908822951515733,0.0051914370675497,0.0043006275242629,0.0060621471470637,26.609544248965648,103.6282864656128,0.4599336480716049,563.5167236328125,0.0051847374359774,560.610107421875,-0.0009611836056468,561.1494750976562,0.0080928142405987,556.0753173828125,0.0009167918809922,0.2656242686567164,0.270686,0.0,0.260088,0.270686,0.0,1.0
2025-07-23,563.1571655273438,563.1970972643824,558.9320829262327,561.6888968940013,40215300,0.0045613047193253,0.0045509334945398,561.8067138671875,561.2332193802742,558.5684631347656,558.6874727930851,554.0526947021484,552.7486777321607,535.3918035888672,535.0435195516146,69.93327096803066,86.34715008483337,-13.65284991516663,8.649272330652138,9.08556038381533,-0.4362880531631923,566.065942715535,542.0394466887618,554.0526947021484,4.3365001662323,42790140.0,0.9398263244756851,1607677200,5.791408050561011,0.0053269602611556,0.0040086684930327,0.0053214556958147,26.17461006317462,110.99542269181504,0.990637373295443,560.60009765625,-0.0051757576203949,563.5167236328125,0.0051847374359774,560.610107421875,-0.0009611836056468,556.6446533203125,0.0010238468058241,0.2656242686567164,0.270686,0.0,0.260088,0.270686,0.0,1.0
2025-07-24,564.3557739257812,565.5843301767457,562.637733844974,564.4756300983396,42275500,0.0021283728092407,0.0021261110325339,562.4479736328125,562.2740708954433,559.5233581542968,559.7180729990298,555.2438171386718,553.8541154648865,536.5450616455078,536.1930197231507,70.86897286497714,92.61715882964108,-7.382841170358935,8.549782419313942,8.978404790915054,-0.4286223716011115,566.3487284449903,544.1389058323533,555.2438171386718,4.000012593943056,42663705.0,0.9909008137010136,1649952700,5.588207213504625,0.0042821021042976,0.0038891145243677,0.0053207800619782,26.14648717865564,135.77872287467954,0.5830591934918858,563.1571655273438,0.0045613047193253,560.60009765625,-0.0051757576203949,563.5167236328125,0.0051847374359774,561.1494750976562,0.0080928142405987,0.2656242686567164,0.270686,0.0,0.260088,0.270686,0.0,1.0
2025-07-25,565.7141723632812,567.0426493724743,563.6166284241184,564.2758373590184,30630800,0.0024069895272811,0.0024040973679906,563.4687866210937,563.4207713847227,560.7389465332031,560.8082728834391,556.2501525878906,554.983644693305,537.571040649414,537.350711983548,71.93495898020869,91.98787160236748,-8.012128397632512,8.482763333714843,8.879276499475012,-0.3965131657601688,567.3201501079872,545.1801550677941,556.2501525878906,3.98022273561441,42004675.0,0.7292235923739441,1680583500,5.433765337422575,0.0041296633754387,0.0036318754724073,0.0050472664098068,26.341573373686067,135.72786430572788,0.6122390874779061,564.3557739257812,0.0021283728092407,563.1571655273438,0.0045613047193253,560.60009765625,-0.0051757576203949,560.610107421875,-0.0009611836056468,0.2656242686567164,0.270686,0.0,0.260088,0.270686,0.0,1.0
2025-07-28,567.4821166992188,568.3810379335021,566.213567832283,567.0825555076628,31498700,0.0031251547553632,0.003120281609491,564.261865234375,564.7745531562214,561.9305603027344,562.0216990317626,557.2514892578125,556.1739753605349,538.5707183837891,538.532335697888,73.30415467410447,94.85145968832484,-5.148540311675166,8.474618432095667,8.798344885999143,-0.3237264539034754,568.5782696823535,545.9247088332716,557.2514892578125,4.065231100459432,40700755.0,0.7739094766178171,1712082200,5.2361296397653065,0.0037998264834042,0.0036130909254431,0.0050427291858422,26.723930186799127,141.41787748063436,0.58526706604337,565.7141723632812,0.0024069895272811,564.3557739257812,0.0021283728092407,563.1571655273438,0.0045613047193253,563.5167236328125,0.0051847374359774,0.2656242686567164,0.270686,0.0,0.260088,0.270686,0.0,1.0
2025-07-29,566.6031494140625,571.4475089568917,565.8740142282852,570.099096579047,45463300,-0.0015488898403861,-0.001550090610322,565.4624755859375,565.3840852421685,562.9833435058594,562.8546900103626,558.0315856933594,557.1672300322994,539.5414434814453,539.6331519220516,71.43812436225731,76.3991419970458,-23.6008580029542,8.30154320230065,8.698984549259444,-0.3974413469587947,569.6737199961929,546.3894513905259,558.0315856933594,4.172571804647231,40696485.0,1.1171308775192748,1666618900,5.2602271461111085,0.0022645323332836,0.0037851426892021,0.0049706294757117,27.51332290775386,130.7479201083526,0.1308219028219138,567.4821166992188,0.0031251547553632,565.7141723632812,0.0024069895272811,564.3557739257812,0.0021283728092407,560.60009765625,-0.0051757576203949,0.2656242686567164,0.270686,0.0,0.260088,0.270686,0.0,1.0
2025-07-30,567.3623046875,569.9592697412776,564.3957119723051,567.5220925978703,43433800,0.001339835957888,0.0013389391786263,566.3035034179687,566.0434917239456,564.0551086425781,563.6742563152966,559.0818695068359,558.1381895232709,540.4822540283203,540.7205696775594,72.09875137639065,80.0976114546056,-19.902388545394395,8.131897865131009,8.585567212433759,-0.4536693473027497,570.0945188103822,548.0692202032897,559.0818695068359,3.9395479997448217,40059840.0,1.084223002388427,1710052700,5.281893619172635,0.0018151804995686,0.0037784796717229,0.0044002337014773,27.81158002495759,109.80436639308604,0.5332186414394819,566.6031494140625,-0.0015488898403861,567.4821166992188,0.0031251547553632,565.7141723632812,0.0024069895272811,563.1571655273438,0.0045613047193253,0.2656242686567164,0.270686,0.0,0.260088,0.270686,0.0,1.0
2025-07-31,564.3557739257812,573.9646298675983,563.2170793219943,573.8747072559383,64613600,-0.0052991373182162,-0.0053132275457858,566.3035034179687,565.4809191245575,564.3757385253906,563.798168608112,559.7915496826172,558.730340418748,541.3529559326172,541.6474404323917,65.62496435858897,58.30090820145548,-41.69909179854452,7.666476439175767,8.40174905778216,-0.7352726186063929,570.2277591498656,549.3553402153688,559.7915496826172,3.728605575831007,41463605.0,1.5583208454740007,1645439100,5.672297685346303,0.0034581480783938,0.0037184999676427,0.0045099981676287,28.645675422530484,100.53286492117324,0.105949220610279,567.3623046875,0.001339835957888,566.6031494140625,-0.0015488898403861,567.4821166992188,0.0031251547553632,564.3557739257812,0.0021283728092407,0.2656242686567164,0.270686,0.0,0.260088,0.270686,0.0,1.0
2025-08-01,553.2386474609375,558.3727103030013,551.0411827265443,558.1829278722018,69400800,-0.0196987910436542,-0.0198953984638187,563.8083984375,561.4001619033509,563.6385925292968,561.878255672262,559.6746856689454,558.2073220418138,542.0360357666016,542.101997570766,48.34057463290306,10.056447070957478,-89.94355292904253,6.327626470771065,7.986924540379942,-1.6592980696088766,570.346782514308,549.0025888235828,559.6746856689454,3.81367859531002,43611470.0,1.5913428279303587,1576038300,6.218175793481348,0.0091181497057338,0.007438973572422,0.0061125584803776,26.709169843597746,-73.73134599535355,0.2997280868750603,564.3557739257812,-0.0052991373182162,567.3623046875,0.001339835957888,566.6031494140625,-0.0015488898403861,565.7141723632812,0.0024069895272811,0.2656242686567164,0.270686,0.0,0.260088,0.270686,0.0,1.0
2025-08-04,563.44677734375,563.6665542967966,558.3027773528459,558.4026371722885,47669800,0.0184515849166759,0.0182834198815007,563.0013305664063,562.0823670501507,563.6315979003906,562.1634414307143,560.2774841308594,558.7063177848553,543.0675500488281,542.9390477579418,59.01507270358171,54.35617928177969,-45.64382071822031,6.020883990783432,7.59371643046064,-1.5728324396772084,570.3552515799202,550.1997166817987,560.2774841308594,3.5974201121767546,43727495.0,1.0901562049232412,1623708100,6.518870867936899,0.0137081303644668,0.009594292930797,0.0071446892876579,25.705777527968557,22.806941878293845,0.9590257097863978,553.2386474609375,-0.0196987910436542,564.3557739257812,-0.0052991373182162,567.3623046875,0.001339835957888,567.4821166992188,0.0031251547553632,0.2656242686567164,0.270686,0.0,0.260088,0.270686,0.0,1.0
2025-08-05,559.6212768554688,565.903971649668,559.081863110002,564.7353434752952,48666600,-0.006789462007957,-0.0068126152634108,561.6049560546875,561.2620036519234,563.5337158203125,561.7012296897606,560.6735260009766,558.7934567439613,544.0033972167969,543.5932528205899,54.47249931751342,37.42933633030344,-62.57066366969656,5.4067764932576665,7.156328443020046,-1.7495519497623793,569.96368114622,551.3833708557332,560.6735260009766,3.313926809245205,44353160.0,1.0972521461830451,1575041500,6.5405307016318375,0.0139256553594566,0.0097044997860861,0.007360026747042,25.079233593279845,13.151563468753316,0.0790684789493588,563.44677734375,0.0184515849166759,553.2386474609375,-0.0196987910436542,564.3557739257812,-0.0052991373182162,566.6031494140625,-0.0015488898403861,0.2656242686567164,0.270686,0.0,0.260088,0.270686,0.0,1.0
2025-08-06,566.6630859375,567.1025788833654,559.9808301040473,560.46025478518,41823700,0.0125831689631235,0.0125046588108735,561.4651123046875,563.0623644137822,563.8843078613281,562.6033853711676,561.2263854980469,559.542945238584,545.1750646972656,544.4979521585079,60.499753167640826,68.1481415723822,-31.8518584276178,5.425762209793902,6.810215196374817,-1.3844529865809152,570.5603642317946,551.8924067642992,561.2263854980469,3.326279367804307,44292070.0,0.9442706109694128,1616865200,6.607728653507893,0.015499224609726,0.0104393172413121,0.0077044314420071,24.66029653429397,57.12405120028141,0.938288619891296,559.6212768554688,-0.006789462007957,563.44677734375,0.0184515849166759,553.2386474609375,-0.0196987910436542,567.3623046875,0.001339835957888,0.2656242686567164,0.270686,0.0,0.260088,0.270686,0.0,1.0
2025-08-07,568.5808715820312,572.6561644511387,564.45564880044,571.0080505877872,44463000,0.0033843489934737,0.0033786349729492,562.3101318359375,564.9018668031986,564.3068176269531,563.69020104587,561.915087890625,560.4037001284362,546.1460339355468,545.4423803711951,61.97614724237799,76.51418544323029,-23.485814556769707,5.531790760378385,6.554530309175531,-1.022739548797146,571.2853308711587,552.5448449100913,561.915087890625,3.335109941862814,44779675.0,0.9929281532302322,1661328200,6.721499153307234,0.0152627850699154,0.0104663348487499,0.0076991099821408,24.96638460301677,114.22383721401116,0.5030443154131968,566.6630859375,0.0125831689631235,559.6212768554688,-0.006789462007957,563.44677734375,0.0184515849166759,564.3557739257812,-0.0052991373182162,0.2656242686567164,0.270686,0.0,0.260088,0.270686,0.0,1.0
2025-08-08,573.8847045898438,574.1044815488668,569.4898360186871,569.7894764496438,35255500,0.0093281945856795,0.0092849556646206,566.4393432617187,567.8961460654136,565.1238708496094,565.5437471447743,562.9314086914062,561.6876053152369,547.2691748046875,546.5577656346716,65.78499452366694,99.0470705829369,-0.952929417063102,5.974919001369813,6.438608047614387,-0.4636890462445748,572.8489158104431,553.0139015723693,562.9314086914062,3.523522392218703,44561520.0,0.7911646640419806,1696583700,6.63593563998783,0.0096201173789962,0.010808008500769,0.007855378684621,25.41669376387898,160.89334570925283,0.952374032267272,568.5808715820312,0.0033843489934737,566.6630859375,0.0125831689631235,559.6212768554688,-0.006789462007957,553.2386474609375,-0.0196987910436542,0.2656242686567164,0.270686,0.0,0.260088,0.270686,0.0,1.0
2025-08-11,572.1866455078125,576.1320838089041,570.9081593818767,574.0245417091662,33112900,-0.0029588854145273,-0.0029632715702003,568.1873168945312,569.3263125462133,565.5943237304688,566.7515468471449,563.7624420166015,562.687513905006,548.3380004882813,547.5628197473438,63.58882491081905,84.27542204187537,-15.724577958124629,6.118551297581462,6.374596697607803,-0.2560454000263412,573.85582859966,553.6690554335431,563.7624420166015,3.580723308546046,44394500.0,0.7458784308867089,1663470800,6.535077696204945,0.0081134588541603,0.0108766086010728,0.0079140838861309,26.06565539079545,154.0191700357009,0.2447367192558838,573.8847045898438,0.0093281945856795,568.5808715820312,0.0033843489934737,566.6630859375,0.0125831689631235,563.44677734375,0.0184515849166759,0.2656242686567164,0.270686,0.0,0.260088,0.270686,0.0,1.0
2025-08-12,579.3782958984375,579.6779363086406,571.8270527389294,574.493943836454,42143300,0.0125687141548758,0.0124903835277518,572.138720703125,572.6769736636214,566.8718383789062,569.0473194019254,564.9275909423828,564.2771121900947,549.567021484375,548.8104854787593,68.40034044410955,98.953650911078,-1.0463490889219789,6.735049551727911,6.446687268431825,0.2883622832960864,576.4774293006786,553.377752584087,564.9275909423828,4.088962388623632,44337780.0,0.9505054154718616,1705614100,6.629063830026818,0.0067054714496653,0.011428638829884,0.0082885429792993,27.048827604674525,187.42185821247315,0.9618335429842194,572.1866455078125,-0.0029588854145273,573.8847045898438,0.0093281945856795,568.5808715820312,0.0033843489934737,559.6212768554688,-0.006789462007957,0.2656242686567164,0.270686,0.0,0.260088,0.270686,0.0,1.0
2025-08-13,579.6680297851562,582.6445596248751,578.2696265108757,582.0852105080592,41209300,0.0005000772185803,0.0004999522216384,574.7397094726563,575.0073257041331,568.1024108886719,570.9783576534219,566.078759765625,565.7429138658149,550.7200231933593,550.0205852554809,68.58047713964012,90.58160825884376,-9.418391741156231,7.1644209776864045,6.5902340102827415,0.574186967403663,578.6419084071732,553.5156111240768,566.078759765625,4.438657492377827,43782510.0,0.941227444474974,1746823400,6.468054493167719,0.0063496820271193,0.0114394841060654,0.0082929063749873,28.25526093768156,201.0660972928953,0.3196399208421763,579.3782958984375,0.0125687141548758,572.1866455078125,-0.0029588854145273,573.8847045898438,0.0093281945856795,566.6630859375,0.0125831689631235,0.2656242686567164,0.270686,0.0,0.260088,0.270686,0.0,1.0
2025-08-14,579.2185668945312,581.206252942872,577.2408180571425,577.610445725867,45425000,-0.0007753798166022,-0.0007756805790123,576.8672485351562,576.4110727675992,569.5886901855469,572.4765775154417,566.9822143554687,567.0263093923593,551.7824230957032,551.1656041432867,67.93350874418492,89.15940932082857,-10.840590679171427,7.383322679368348,6.748851744099863,0.6344709352684852,580.5556855332993,553.4087431776381,566.9822143554687,4.787970710249022,44032570.0,1.031622728357668,1701398400,6.289295949779271,0.0067995340781888,0.0111965391101129,0.008189873339746,29.11983365894846,161.4970249521605,0.4987470212803771,579.6680297851562,0.0005000772185803,579.3782958984375,0.0125687141548758,572.1866455078125,-0.0029588854145273,568.5808715820312,0.0033843489934737,0.2656242686567164,0.270686,0.0,0.260088,0.270686,0.0,1.0
2025-08-15,576.6715087890625,579.1686139695657,574.903538812632,579.1286212694092,49480200,-0.00439740410796,-0.0044071011276558,577.424609375,576.4978847747536,571.9319763183594,573.2392922924637,567.7852844238281,567.944899811093,552.7645483398437,552.165835698023,64.23534352428551,81.09996012442552,-18.90003987557448,7.267502309829751,6.852581857245841,0.4149204525839103,581.6530589261109,553.9175099215453,567.7852844238281,4.884865769762047,43982345.0,1.1250014068144842,1651918200,6.148276816359273,0.0067461284745414,0.0085294277513775,0.0082823441889805,29.347634499870857,114.39819172013824,0.4145225843241906,579.2185668945312,-0.0007753798166022,579.6680297851562,0.0005000772185803,579.3782958984375,0.0125687141548758,573.8847045898438,0.0093281945856795,0.2656242686567164,0.270686,0.0,0.260088,0.270686,0.0,1.0
2025-08-18,576.4417114257812,577.1009813081188,574.5738816999574,575.7725043332697,29831000,-0.0003984891914702,-0.0003985686093869,578.2756225585938,576.4791603250962,573.2314697265625,573.8215503167032,568.4315338134766,568.7541199648729,553.8214965820313,553.1178308246017,63.89737507953707,80.37283098243377,-19.627169017566228,7.0756079023245775,6.897187066261589,0.1784208360629886,582.6437553145084,554.2193123124447,568.4315338134766,5.000504249187356,43494135.0,0.6858625881397572,1622087200,5.889621301487996,0.0064629185959567,0.0069671461467792,0.0082436960250376,29.47754352720119,90.4888549613607,0.7391199459323672,576.6715087890625,-0.00439740410796,579.2185668945312,-0.0007753798166022,579.6680297851562,0.0005000772185803,572.1866455078125,-0.0029588854145273,0.2656242686567164,0.270686,0.0,0.260088,0.270686,0.0,1.0
2025-08-19,568.620849609375,575.8923882635952,567.5920130021344,575.7226021797385,53752600,-0.0135674807380992,-0.0136603600538686,576.1241333007813,573.8597234198559,574.1314270019532,572.8759683699162,568.8325714111328,568.7414275500636,554.6196618652343,553.7257923455732,53.56744684735861,55.6259128237628,-44.3740871762372,6.220743160066377,6.761898285022547,-0.5411551249561706,582.5833824785801,555.0817603436855,568.8325714111328,4.834748134529277,44018235.0,1.2211439191053437,1568334600,6.101055381642198,0.0058082641090674,0.0081751346882465,0.0087796460854885,28.056342050798182,22.31751775205713,0.1239506136554022,576.4417114257812,-0.0003984891914702,576.6715087890625,-0.00439740410796,579.2185668945312,-0.0007753798166022,579.3782958984375,0.0125687141548758,0.2656242686567164,0.270686,0.0,0.260088,0.270686,0.0,1.0
2025-08-20,565.2447509765625,567.7917860584612,558.1929284111997,567.6719298873941,76781100,-0.005937345834455,-0.0059550419523155,573.2394775390625,570.9880659387582,573.9895935058594,571.4884742983974,568.9369506835938,568.4084107335398,555.3347399902344,554.1775162134551,49.82298646678967,44.94319798707452,-55.05680201292548,5.210767266960943,6.451672081410226,-1.2409048144492836,582.5448039157369,555.3290974514506,568.9369506835938,4.783606765492358,45846525.0,1.6747419788086446,1491553500,6.41011722568028,0.0053306571921912,0.0074860208506455,0.0088531469750495,26.87570378696068,-64.77632728414528,0.734652270554424,568.620849609375,-0.0135674807380992,576.4417114257812,-0.0003984891914702,576.6715087890625,-0.00439740410796,579.6680297851562,0.0005000772185803,0.2656242686567164,0.270686,0.0,0.260088,0.270686,0.0,1.0
2025-08-21,562.6278076171875,565.8340517424351,560.3304220145135,563.6965150159476,46436900,-0.0046297526069083,-0.0046405031057758,569.9213256835938,568.2013131649013,573.394287109375,569.8774439927229,568.850552368164,567.857877103411,555.9274389648438,554.508900190072,47.07602864490074,18.13735520232889,-81.86264479767111,4.151334635239209,5.991604592176024,-1.8402699569368144,582.5949123773141,555.1061923590139,568.850552368164,4.832327208589812,46054595.0,1.0083011260874186,1445116600,6.34536811869752,0.0048183173227749,0.0074856201849245,0.0089053831956877,25.779396827683,-73.36978256046037,0.4174309894026689,565.2447509765625,-0.005937345834455,568.620849609375,-0.0135674807380992,576.4417114257812,-0.0003984891914702,579.2185668945312,-0.0007753798166022,0.2656242686567164,0.270686,0.0,0.260088,0.270686,0.0,1.0
2025-08-22,571.3076782226562,573.3253587434433,562.617800852793,564.0161431934172,51502100,0.0154273757677021,0.0153095837425766,568.8485595703125,569.236768184153,573.1365844726563,570.1374865799835,569.1302276611328,568.1864295909583,556.7296545410156,555.167675799193,55.78380410847385,53.63548017247084,-46.36451982752916,3.966397497600269,5.586563173260873,-1.620165675660604,582.835506810756,555.4249485115097,569.1302276611328,4.816219024579184,47098160.0,1.093505563699304,1496618700,6.65695310240843,0.0107510837534464,0.0085900735307236,0.0095519535001576,24.318675281389996,-0.09024907393625,0.8115648272487951,562.6278076171875,-0.0046297526069083,565.2447509765625,-0.005937345834455,568.620849609375,-0.0135674807380992,576.6715087890625,-0.00439740410796,0.2656242686567164,0.270686,0.0,0.260088,0.270686,0.0,1.0
2025-08-25,569.6596069335938,572.6261385677973,568.5009160121044,569.7395313678815,34044700,-0.002884735059381,-0.0028889039268782,567.492138671875,569.3777144339666,572.8838806152344,570.050599371549,569.2391021728515,568.3267321950187,557.47396484375,555.7359868240715,53.968123158000445,46.89535197954784,-53.10464802045216,3.64483254336983,5.1982170472826645,-1.5533845039128344,582.9248632575027,555.5533410882003,569.2391021728515,4.808440260836279,47225460.0,0.7208971601335381,1462574000,6.476115206214461,0.010726302138607,0.0085876670820283,0.0095607220464663,22.96229098840363,12.97296667420768,0.280879614570668,571.3076782226562,0.0154273757677021,562.6278076171875,-0.0046297526069083,565.2447509765625,-0.005937345834455,576.4417114257812,-0.0003984891914702,0.2656242686567164,0.270686,0.0,0.260088,0.270686,0.0,1.0
2025-08-26,571.9469604492188,572.2565990617475,568.1413744854693,569.1702111117808,34103000,0.0040152987640067,0.0040072589661988,568.1573608398437,570.234129772384,572.1407470703125,570.3953922947617,569.5062927246094,568.6715158382759,558.3977160644531,556.3717112799596,56.103634836113,56.24995697762141,-43.75004302237859,3.5338245828303343,4.865338554392199,-1.331513971561865,583.1844264862752,555.8281589629435,569.5062927246094,4.8035057509996975,46657445.0,0.7309230070356403,1496677000,6.30748016121901,0.0088311507335167,0.0075097117491923,0.0095870045416778,21.64002383228918,17.717075801386873,0.9247577849320602,569.6596069335938,-0.002884735059381,571.3076782226562,0.0154273757677021,562.6278076171875,-0.0046297526069083,568.620849609375,-0.0135674807380992,0.2656242686567164,0.270686,0.0,0.260088,0.270686,0.0,1.0
2025-08-27,572.825927734375,573.7448453667379,569.7095453598557,570.9281643841576,36927100,0.0015367985948659,0.0015356189283573,569.6735961914062,571.098062426381,571.4565368652344,570.8373078292368,569.7794738769531,569.0671741140949,559.1927819824218,557.0169746703289,56.93050468188992,59.84467537278785,-40.15532462721215,3.47669807714567,4.587610458942894,-1.110912381797224,583.4936085493632,556.0653392045431,569.7794738769531,4.813839494460872,46332110.0,0.7970088131103893,1533604100,6.145181578766377,0.0079054322468501,0.0075438612636446,0.009587999619898,20.656922228922348,31.16674345319281,0.7722802193460454,571.9469604492188,0.0040152987640067,569.6596069335938,-0.002884735059381,571.3076782226562,0.0154273757677021,565.2447509765625,-0.005937345834455,0.2656242686567164,0.270686,0.0,0.260088,0.270686,0.0,1.0
2025-08-28,576.4118041992188,577.3307218421304,571.7971586699575,573.4452115221324,46787900,0.0062599758342407,0.0062404635740313,572.4303955078125,572.8693096839936,571.1758605957032,571.8508526237789,570.382275390625,569.7666626936305,560.1635278320313,557.7775562204815,60.222459158320376,74.50985837635866,-25.490141623641332,3.678373175845877,4.405763002323491,-0.727389826477614,584.1495651755508,556.6149856056991,570.382275390625,4.827390463877014,45440825.0,1.0296445982219733,1580392000,6.101494549723983,0.0068074751767313,0.0079033235567048,0.0095669426879284,20.304156322439265,64.08263265217616,0.8339374442102534,572.825927734375,0.0015367985948659,571.9469604492188,0.0040152987640067,569.6596069335938,-0.002884735059381,562.6278076171875,-0.0046297526069083,0.2656242686567164,0.270686,0.0,0.260088,0.270686,0.0,1.0
2025-08-29,569.7395629882812,574.3642068270976,567.8816703337434,573.9945791596829,56030400,-0.011575476356191,-0.0116429937187743,572.1167724609375,571.8260607854229,570.482666015625,571.4669817809611,571.2073211669922,569.7640817693115,561.0026257324218,558.2466545251011,52.22385726498901,47.22234879210725,-52.77765120789275,3.2622033910394066,4.177051080066674,-0.9148476890272672,582.526211837806,559.8884304961783,571.2073211669922,3.9631462172750354,44772305.0,1.251452209127942,1524361600,6.274968786563368,0.0070459650431506,0.00859648314338,0.008777259991369,19.22452607764732,-2.681977255862121,0.2865996445085769,576.4118041992188,0.0062599758342407,572.825927734375,0.0015367985948659,571.9469604492188,0.0040152987640067,571.3076782226562,0.0154273757677021,0.2656242686567164,0.270686,0.0,0.260088,0.270686,0.0,1.0
2025-09-02,564.9650268554688,565.3145971818625,558.8920502137331,560.660020123991,65876800,-0.0083802081564602,-0.0084155195169217,571.1778564453125,569.5390494754382,569.3349975585937,570.2848081581443,571.2832336425781,569.307028920374,561.7893334960937,558.5101201066842,47.37490329219865,27.69589638044905,-72.30410361955094,2.5180936585474,3.845259595762819,-1.327165937215419,582.4116780428473,560.154789242309,571.2832336425781,3.89594643949646,45682655.0,1.4420527878688312,1458484800,6.601579071419423,0.0078839636618311,0.008882134743239,0.0080733781501476,18.86055194218134,-118.78569382452288,0.9455713865195574,569.7395629882812,-0.011575476356191,576.4118041992188,0.0062599758342407,572.825927734375,0.0015367985948659,569.6596069335938,-0.002884735059381,0.2656242686567164,0.270686,0.0,0.260088,0.270686,0.0,1.0
2025-09-03,569.409912109375,571.0380295776428,566.0737527363494,568.5708579374373,54230200,0.0078675405425465,0.0078367528224458,570.6704467773437,569.4960036867506,569.4139038085938,570.1257361492771,571.7726654052734,569.3168273193265,562.5568432617188,558.9375629303191,51.85648165304758,48.74125719097151,-51.25874280902849,2.2609832199145785,3.528404320593171,-1.2674211006785927,581.5902883589733,561.9550424515735,571.7726654052734,3.4341001407407883,45960835.0,1.1799219922788609,1512715000,6.563823617901893,0.0087175629143977,0.0083434131784895,0.0080740610759699,17.610868978812167,-39.7295796922108,0.6720333050743408,564.9650268554688,-0.0083802081564602,569.7395629882812,-0.011575476356191,576.4118041992188,0.0062599758342407,571.9469604492188,0.0040152987640067,0.2656242686567164,0.270686,0.0,0.260088,0.270686,0.0,1.0
2025-09-04,574.5639038085938,574.9334704969435,568.3711317527417,570.0791126733634,47526300,0.009051461152346,0.009010742204055,571.0180419921875,571.185303727365,570.3458190917969,570.9326757236983,572.1677062988281,569.8165488897329,563.2650219726562,559.5503606118201,56.48406501487828,78.04739135624858,-21.952608643751415,2.444921864001344,3.311707829274806,-0.8667859652734617,581.7644835249613,562.5709290726949,572.1677062988281,3.3545329876136245,46245965.0,1.0276853342772716,1560241300,6.563717555494747,0.0098126966052996,0.0084697417061504,0.0078402911053395,16.80400001544941,16.660010087341362,0.9436836922247152,569.409912109375,0.0078675405425465,564.9650268554688,-0.0083802081564602,569.7395629882812,-0.011575476356191,572.825927734375,0.0015367985948659,0.2656242686567164,0.270686,0.0,0.260088,0.270686,0.0,1.0
2025-09-05,575.3929443359375,580.4470826304052,570.8682215867353,579.8178072667213,68342500,0.0014429039517593,0.0014418639661317,570.8142700195312,572.5878505968892,571.6223327636719,571.7436336531963,572.5083099365235,570.3476341703238,563.9622143554687,560.1716384049228,57.19676984130199,77.28901199891044,-22.710988001089564,2.6273052669457684,3.174827316808998,-0.5475220498632298,582.0551128148732,562.9615070581738,572.5083099365235,3.335079233839659,47439940.0,1.440611012577166,1628583800,6.7790849475072585,0.0093490725529146,0.0081807357127451,0.0078175754241528,16.747552656785473,62.03483524430611,0.4723654230421314,574.5639038085938,0.009051461152346,569.409912109375,0.0078675405425465,564.9650268554688,-0.0083802081564602,576.4118041992188,0.0062599758342407,0.2656242686567164,0.270686,0.0,0.260088,0.270686,0.0,1.0
2025-09-08,578.19970703125,580.1674576203714,577.1010051346319,577.7002859937904,46371400,0.004877992896753,0.0048661340387168,572.506298828125,574.4584694083428,572.3115356445312,572.9174651764788,572.7240600585938,571.0954506332691,564.6144592285157,560.8786214883081,59.60869529144466,89.9013209982353,-10.0986790017647,2.9641587433293357,3.132693602113066,-0.1685348587837305,582.5756975096476,562.8724226075399,572.7240600585938,3.4402736459320336,47995735.0,0.966156680380038,1674955200,6.635901257287729,0.0069958869838328,0.0068718802099658,0.0076175846738016,16.695137252311817,100.15980814420722,0.3582973816459819,575.3929443359375,0.0014429039517593,574.5639038085938,0.009051461152346,569.409912109375,0.0078675405425465,569.7395629882812,-0.011575476356191,0.2656242686567164,0.270686,0.0,0.260088,0.270686,0.0,1.0
2025-09-09,579.8378295898438,580.26732437145,576.3718158469537,578.9987754125199,44007600,0.0028331431833554,0.0028291373973999,575.480859375,576.2515894688431,573.3293579101562,574.175713251636,573.1066192626953,571.9280581529429,565.2621081542969,561.6221198452312,60.99030467076811,97.26229523458724,-2.737704765412768,3.324972141257604,3.171149309941973,0.1538228313156304,583.4280888672288,562.7851496581618,573.1066192626953,3.6019369721508774,48540470.0,0.9066166850053162,1718962800,6.440158919231194,0.0032314829806194,0.0067286732691726,0.0075931413951357,16.516935991079997,94.34495888670858,0.8897461579163883,578.19970703125,0.004877992896753,575.3929443359375,0.0014429039517593,574.5639038085938,0.009051461152346,564.9650268554688,-0.0083802081564602,0.2656242686567164,0.270686,0.0,0.260088,0.270686,0.0,1.0
2025-09-10,580.027587890625,583.0940402853914,577.8800531074673,583.0640457610823,49308000,0.0003272609876376,0.0003272074494409,577.60439453125,577.5102556094371,574.1374206542969,575.2396904587249,573.1390838623047,572.699441937484,565.8426354980469,562.3439029058349,61.15605705100874,87.32975104242608,-12.670248957573913,3.5849066947821484,3.2539007869100085,0.3310059078721399,583.5430107546608,562.7351569699485,573.1390838623047,3.630506864841784,48898705.0,1.008370262566258,1768270800,6.352575223423543,0.0034368183256809,0.0066943142734498,0.0070600359961954,16.726884694544776,110.06180347980003,0.4118795673700703,579.8378295898438,0.0028331431833554,578.19970703125,0.004877992896753,575.3929443359375,0.0014429039517593,569.409912109375,0.0078675405425465,0.2656242686567164,0.270686,0.0,0.260088,0.270686,0.0,1.0
2025-09-11,583.4036865234375,584.2027479772381,580.9465131126315,582.5646323700341,44745800,0.0058205828538091,0.0058037087080106,579.3723510742187,579.4747325807706,575.1951965332031,576.7240533795817,573.3258666992188,573.718893802813,566.5835766601563,563.1697767731919,64.08033419161183,96.84298923219428,-3.1570107678057355,4.017023894664931,3.4065254084609933,0.6104984862039373,584.3099064867611,562.3418269116764,573.3258666992188,3.831691687235462,49075530.0,0.91177415710029,1813016600,6.197045570794226,0.0022945719268402,0.0068378483920105,0.0071759977215454,17.06694473682399,140.30896621288434,0.7546057065596207,580.027587890625,0.0003272609876376,579.8378295898438,0.0028331431833554,578.19970703125,0.004877992896753,574.5639038085938,0.009051461152346,0.2656242686567164,0.270686,0.0,0.260088,0.270686,0.0,1.0
2025-09-12,585.9806518554688,587.1792745116926,583.4236186389489,584.3625326071349,50745900,0.0044171221258262,0.0044073952744972,581.489892578125,581.6433723390033,576.1520812988281,578.4070712842885,573.6639709472656,574.8866802840182,567.2999462890625,564.0643208940655,66.17362158554542,95.76267136146578,-4.237328638534218,4.515369090351555,3.628294144839106,0.8870749455124494,585.7170123259353,561.6109295685959,573.6639709472656,4.202125979348876,49341575.0,1.0284612925306904,1863762500,6.024084314898574,0.0021514870540776,0.006729845906485,0.007227052411112,17.763872566518703,161.76302984347353,0.6808486461736737,583.4036865234375,0.0058205828538091,580.027587890625,0.0003272609876376,579.8378295898438,0.0028331431833554,575.3929443359375,0.0014429039517593,0.2656242686567164,0.270686,0.0,0.260088,0.270686,0.0,1.0
2025-09-15,590.994873046875,591.1047310439144,587.6087837729755,587.7586344703801,44360300,0.008556973981187,0.0085205706004385,584.04892578125,584.7605392416273,578.2776123046875,580.6957625138496,574.3801391601562,576.4207938804808,568.0083251953125,565.1204209784894,69.85485641833412,99.65896040252424,-0.3410395974757504,5.254348138248474,3.95350494352098,1.3008431947274943,588.5747577032023,560.1855206171101,574.3801391601562,4.942586825443197,49085580.0,0.9037338460704752,1908122800,5.959798234437651,0.0030959902024097,0.0051547693117508,0.0073347980570789,18.87115036249772,184.72329647426747,0.9685756138116034,585.9806518554688,0.0044171221258262,583.4036865234375,0.0058205828538091,580.027587890625,0.0003272609876376,578.19970703125,0.004877992896753,0.2656242686567164,0.270686,0.0,0.260088,0.270686,0.0,1.0
2025-09-16,590.4954223632812,592.1734696533504,589.8062189258886,591.9237591465338,36942100,-0.0008451015505749,-0.0008454588502074,586.1804443359375,586.6721669488453,580.8306518554688,582.4775188501098,575.0828247070312,577.7612346883666,568.7904174804687,566.1155190720107,69.04879537322046,94.95800564301769,-5.041994356982314,5.733599495735689,4.309523853963922,1.4240756417717666,590.9132568607517,559.2523925533108,575.0828247070312,5.505444250325198,49441135.0,0.7471936071046913,1871180700,5.7031876982250855,0.0038930928696719,0.0034716742041559,0.0073407681756472,20.019275584096498,163.80258616553502,0.2911408704486908,590.994873046875,0.008556973981187,585.9806518554688,0.0044171221258262,583.4036865234375,0.0058205828538091,579.8378295898438,0.0028331431833554,0.2656242686567164,0.270686,0.0,0.260088,0.270686,0.0,1.0
2025-09-17,589.3168334960938,591.0648071547686,583.6933476484554,590.415535410039,69384800,-0.0019959322672994,-0.0019979267945099,588.0382934570313,587.5537224645948,582.8213439941406,583.7210306039251,576.1176239013672,578.8617679081501,569.5427453613281,567.0253745396218,67.08168073451543,91.4167237895624,-8.583276210437582,5.94972267819935,4.637563618811008,1.3121590593883423,592.8056232269914,559.429624575743,576.1176239013672,5.793261179068268,50222745.0,1.3815413713447962,1801795900,5.822349970231377,0.0044834735396855,0.0037759208619895,0.0065235615653691,19.791946165554293,117.74559981397336,0.7628727856058778,590.4954223632812,-0.0008451015505749,590.994873046875,0.008556973981187,585.9806518554688,0.0044171221258262,580.027587890625,0.0003272609876376,0.2656242686567164,0.270686,0.0,0.260088,0.270686,0.0,1.0
2025-09-18,594.6306762695312,597.4474182598135,592.2734235847219,594.2211168753206,61069300,0.0090169539904594,0.0089765439958763,590.28369140625,589.9127070662403,584.8280212402344,585.7046025431262,577.5869201660156,580.3635687044721,570.3232409667969,568.1079353917751,71.08182370784218,92.69429360156605,-7.305706398433949,6.475143140082537,5.005079523065314,1.4700636170172228,595.3283052277374,559.8455351042938,577.5869201660156,6.143277987189308,49437155.0,1.2352915534884643,1862865200,5.987223884051976,0.0051330192966686,0.0037702431694535,0.0064454742828392,20.359658243887505,155.15730259848957,0.4555962718925839,589.3168334960938,-0.0019959322672994,590.4954223632812,-0.0008451015505749,590.994873046875,0.008556973981187,583.4036865234375,0.0058205828538091,0.2656242686567164,0.270686,0.0,0.260088,0.270686,0.0,1.0
2025-09-19,598.6559448242188,599.3551464363971,595.159997727806,596.6383253844207,58196100,0.0067693590581978,0.0067465498252348,592.81875,592.8271196522331,587.1543212890625,588.0593920487793,579.3883270263672,582.1056997634956,571.2002233886719,569.3058965459886,73.68995962186305,98.27200170661492,-1.7279982933850844,7.134110587344026,5.4308857359210565,1.703224851422969,597.9840853481484,560.792568704586,579.3883270263672,6.419100093790788,50025115.0,1.1633376554956445,1921061300,5.897027189967256,0.0053051872881095,0.003831687182152,0.0062783504401056,21.095819176354343,158.22638169463045,0.8333309112905,594.6306762695312,0.0090169539904594,589.3168334960938,-0.0019959322672994,590.4954223632812,-0.0008451015505749,585.9806518554688,0.0044171221258262,0.2656242686567164,0.270686,0.0,0.260088,0.270686,0.0,1.0
2025-09-22,602.2000122070312,602.8699951171875,597.719970703125,597.739990234375,57154800,0.0059200404062689,0.0059025858210846,595.0597778320313,595.9514171704992,589.5543518066406,590.6304138957341,580.9329437255859,584.0194438057372,572.1730578613282,570.5958618660295,75.7626579785437,98.17920834627084,-1.820791653729156,7.851812844797791,5.915071157696405,1.936741687101387,601.6035529016756,560.2623345494962,580.9329437255859,7.116349451117994,50307750.0,1.1361032842852243,1978216100,5.843669848831202,0.0048911768773355,0.0038728360288977,0.0056238106830961,22.147701706666965,156.4146879252553,0.8699068477396329,598.6559448242188,0.0067693590581978,594.6306762695312,0.0090169539904594,589.3168334960938,-0.0019959322672994,590.994873046875,0.008556973981187,0.2656242686567164,0.270686,0.0,0.260088,0.270686,0.0,1.0
2025-09-23,598.2000122070312,602.5700073242188,596.97998046875,602.3699951171875,64635500,-0.006642311389766,-0.0066644697162409,596.6006958007813,596.7009488493433,591.3905700683594,592.0067044977882,582.3599639892578,585.3699741296699,573.0257385253906,571.6783775656767,69.14202674568995,86.46337167453149,-13.53662832546851,8.005547515511807,6.333166429259485,1.6723810862523223,603.6517756238363,561.0681523546793,582.3599639892578,7.312251168066643,51837290.0,1.2468919575078097,1913580600,5.825552492162456,0.0066356142747525,0.0051582003854018,0.0058756297870272,22.963580453727868,124.32869477996778,0.2182514985712209,602.2000122070312,0.0059200404062689,598.6559448242188,0.0067693590581978,594.6306762695312,0.0090169539904594,590.4954223632812,-0.0008451015505749,0.2656242686567164,0.270686,0.0,0.260088,0.270686,0.0,1.0
2025-09-24,596.0999755859375,599.9000244140625,593.3599853515625,599.5800170898438,49850300,-0.0035105927419589,-0.0035167693325586,597.95732421875,596.5006244282081,592.9978088378906,592.7509356047244,583.5676147460938,586.3918790302669,573.8262316894532,572.6360872919615,65.8867076731087,78.84486144242037,-21.155138557579637,7.867239307516456,6.63998100491088,1.227258302605576,605.0984999222967,562.0367295698909,583.5676147460938,7.379054160012235,52624655.0,0.9472803194624267,1863730300,5.876587247186566,0.0069268442216221,0.0055203360981811,0.0060104756371754,22.95469294862232,93.19113280265448,0.4189562490603403,598.2000122070312,-0.006642311389766,602.2000122070312,0.0059200404062689,598.6559448242188,0.0067693590581978,589.3168334960938,-0.0019959322672994,0.2656242686567164,0.270686,0.0,0.260088,0.270686,0.0,1.0
2025-09-25,593.530029296875,595.1199951171875,588.5,592.2000122070312,70920200,-0.0043112672275088,-0.0043205875379414,597.7371948242187,595.510426051097,594.0104431152344,592.8925890032972,584.6028198242187,587.0717028651819,574.5639392089844,573.4554575666641,62.03736426674366,64.75242421352182,-35.24757578647817,7.464213066711636,6.804827417271032,0.6593856494406038,605.9585120635378,563.2471275848997,584.6028198242187,7.306051738081046,54324310.0,1.3054965631408848,1792810100,5.999686414240204,0.0062304238323021,0.0058161551726832,0.0061785733401045,22.033334284892536,58.23783531706698,0.7598237170507192,596.0999755859375,-0.0035105927419589,598.2000122070312,-0.006642311389766,602.2000122070312,0.0059200404062689,594.6306762695312,0.0090169539904594,0.2656242686567164,0.270686,0.0,0.260088,0.270686,0.0,1.0
2025-09-26,595.969970703125,596.2999877929688,591.0599975585938,594.3499755859375,54337400,0.0041108979930475,0.004102471338078,597.2,595.663607601773,595.009375,593.4521129487204,585.5807281494141,587.9191569449861,575.2603491210938,574.338379650447,64.17723708815052,73.96038292406939,-26.03961707593061,7.258028710263829,6.895467675869592,0.3625610343942371,607.1368003490876,564.0246559497406,585.5807281494141,7.362288806121146,54701785.0,0.9933387000076872,1847147500,5.9454224013926895,0.0055463329536555,0.0058012664314317,0.0061151973757044,21.34797443252921,66.14418995616755,0.937019521950156,593.530029296875,-0.0043112672275088,596.0999755859375,-0.0035105927419589,598.2000122070312,-0.006642311389766,598.6559448242188,0.0067693590581978,0.2656242686567164,0.270686,0.0,0.260088,0.270686,0.0,1.0
2025-09-29,598.72998046875,602.0499877929688,597.4099731445312,599.1099853515625,48332900,0.0046311222063231,0.0046204315536507,596.5059936523437,596.6857318907654,595.7828857421875,594.4117252250894,587.0302490234375,588.9487591853444,576.0227465820312,575.2949130158706,66.47901928258058,83.4332762884076,-16.566723711592406,7.233947401355863,6.963163620966848,0.2707837803890154,608.0219585822056,566.0385394646694,587.0302490234375,7.15183232676311,54316910.0,0.8898315460139393,1895480400,5.955036307710622,0.0051679241365701,0.0054055380709234,0.0052822475315379,21.474899328648764,92.87639288247986,0.2844834389983676,595.969970703125,0.0041108979930475,593.530029296875,-0.0043112672275088,596.0999755859375,-0.0035105927419589,602.2000122070312,0.0059200404062689,0.2656242686567164,0.270686,0.0,0.260088,0.270686,0.0,1.0
2025-09-30,600.3699951171875,600.7100219726562,596.0999755859375,598.4299926757812,46533800,0.0027391557161602,0.0027354110657034,596.939990234375,597.9138196329061,596.7703430175782,595.4950470236527,588.8004974365234,590.0364959407581,576.7598120117187,576.2782495688634,67.80288488919493,88.59670193137904,-11.40329806862095,7.263469511330527,7.023224799039584,0.2402447122909432,607.9402913677111,569.6607035053357,588.8004974365234,6.501283206966408,53349760.0,0.8722401000491848,1942014200,5.858965599068346,0.0043035716882834,0.0053651236342028,0.0046207977199858,21.33706567352665,85.58646552161201,0.9262422051671824,598.72998046875,0.0046311222063231,595.969970703125,0.0041108979930475,593.530029296875,-0.0043112672275088,598.2000122070312,-0.006642311389766,0.2656242686567164,0.270686,0.0,0.260088,0.270686,0.0,1.0
2025-10-01,603.25,603.7899780273438,596.3400268554688,597.1699829101562,46899600,0.0047970499962282,0.0047855808160902,598.3699951171875,599.6925464219374,598.1636596679688,596.9050384738975,590.4925018310547,591.2949248987811,577.6128100585937,577.3359652720452,70.04053134725196,97.34867672200932,-2.6513232779906706,7.43356876750272,7.105293592732211,0.3282751747705088,608.4212179380263,572.5637857240831,590.4925018310547,6.072461903030621,52983230.0,0.8851781969502426,1988913800,5.972607425697392,0.0038342809945186,0.0052783480734596,0.0045019264163469,21.603111979430725,96.73789651158404,0.9275192528140288,600.3699951171875,0.0027391557161602,598.72998046875,0.0046311222063231,595.969970703125,0.0041108979930475,596.0999755859375,-0.0035105927419589,0.2656242686567164,0.270686,0.0,0.260088,0.270686,0.0,1.0
2025-10-02,605.72998046875,607.1599731445312,602.9299926757812,607.0599975585938,43765400,0.0041110326875259,0.0041026054810992,600.8099853515625,601.7050244375416,599.2735900878906,598.5095733820525,592.0508056640625,592.669692095921,578.4642663574218,578.4494560640728,71.85447418207397,93.90627052014624,-6.093729479853752,7.679957580899781,7.220226390365726,0.4597311905340557,609.5841374054953,574.5174739226297,592.0508056640625,5.9229145788483,52795185.0,0.8289657475392879,2032679200,5.848134071629722,0.000808958344884,0.0047960030084045,0.0042765492050292,22.25029579126653,124.09440173015577,0.6619387048210129,603.25,0.0047970499962282,600.3699951171875,0.0027391557161602,598.72998046875,0.0046311222063231,593.530029296875,-0.0043112672275088,0.2656242686567164,0.270686,0.0,0.260088,0.270686,0.0,1.0
2025-10-03,603.1799926757812,607.3300170898438,601.3900146484375,606.510009765625,46482100,-0.004209776427106,-0.0042186624835317,602.2519897460937,602.1966805169549,599.7259948730468,599.3587405263668,593.4401580810547,593.6706731035267,579.2407507324219,579.4192810292379,67.33970819841679,82.44243156019387,-17.557568439806136,7.582058535764304,7.292592819445442,0.2894657163188618,609.8405060439392,577.0398101181703,593.4401580810547,5.52721204979337,51702165.0,0.8990358527539417,1986197100,5.854696098042331,0.0037899412297538,0.0048043134776092,0.0045394639569542,22.52008756190901,105.18475292225187,0.3013429783860243,605.72998046875,0.0041110326875259,603.25,0.0047970499962282,600.3699951171875,0.0027391557161602,595.969970703125,0.0041108979930475,0.2656242686567164,0.270686,0.0,0.260088,0.270686,0.0,1.0
2025-10-06,607.7100219726562,609.3599853515625,605.969970703125,608.4500122070312,41962100,0.0075102446232993,0.0074821831475984,604.047998046875,604.0344610021887,600.2769958496094,600.8771553347831,594.915673828125,595.0077539482057,580.0806677246094,580.5287218505485,70.84440844208862,93.5715639968436,-6.428436003156397,7.780321637636689,7.390138583083692,0.3901830545529972,610.8698068312358,578.9615408250143,594.915673828125,5.363493921903299,51481700.0,0.8150876913544036,2028159200,5.877931567880826,0.0043833337151345,0.0050156257981491,0.0046527296367586,23.02399116609749,132.09477273580356,0.5132872420719281,603.1799926757812,-0.004209776427106,605.72998046875,0.0041110326875259,603.25,0.0047970499962282,598.72998046875,0.0046311222063231,0.2656242686567164,0.270686,0.0,0.260088,0.270686,0.0,1.0
2025-10-07,604.510009765625,609.7100219726562,603.030029296875,609.02001953125,58209500,-0.0052656893770549,-0.0052796019804864,604.8760009765625,604.1929772566675,600.9079956054687,601.5376743222089,596.149282836914,595.9127306927219,580.8212255859376,581.4691645138848,65.49763542873409,75.48323045711572,-24.51676954288428,7.591719713612406,7.430454809189435,0.1612649044229712,611.028435170842,581.270130502986,596.149282836914,4.991753831564512,52191795.0,1.1152998282584456,1969949700,5.93522164701657,0.0057472839180388,0.0047991454561706,0.0049644132628437,22.84782872966721,105.48591776653652,0.2215542053052858,607.7100219726562,0.0075102446232993,603.1799926757812,-0.004209776427106,605.72998046875,0.0041110326875259,600.3699951171875,0.0027391557161602,0.2656242686567164,0.270686,0.0,0.260088,0.270686,0.0,1.0
2025-10-08,611.4400024414062,611.75,605.260009765625,605.4099731445312,50629800,0.011463817908438,0.0113986062576875,606.5140014648438,606.6086523182471,602.4419982910156,603.3380976166084,597.7199035644531,597.3915184783109,581.7179626464844,582.6444914914347,70.66165221797733,98.6666771673387,-1.3333228326612905,7.910259277603245,7.526415702872197,0.3838435747310482,612.0830922046382,583.3567149242681,597.7199035644531,4.805993092929104,52257885.0,0.968845180014461,2020579500,6.028419403256458,0.007299465472144,0.0054995501271447,0.0053639086439998,22.96474207425478,136.06108817042102,0.9522345107628922,604.510009765625,-0.0052656893770549,607.7100219726562,0.0075102446232993,603.1799926757812,-0.004209776427106,603.25,0.0047970499962282,0.2656242686567164,0.270686,0.0,0.260088,0.270686,0.0,1.0
2025-10-09,610.7000122070312,611.6099853515625,607.47998046875,611.47998046875,45551000,-0.0012102417758411,-0.0012109747098303,607.5080078125,607.9724389478419,604.1589965820312,604.6766275421397,599.0847198486329,598.6589940715223,582.584716796875,583.7447079900855,69.46604303254983,95.48392347110214,-4.516076528897849,8.010651347188855,7.623262831735529,0.3873885154533258,612.9251000441633,585.2443396531024,599.0847198486329,4.620508498039274,52298145.0,0.8709869155014963,1975028500,5.892818366081889,0.0074329993460962,0.0051452109171758,0.0053758469825352,23.07330446565752,131.8852954938586,0.7796677799592497,611.4400024414062,0.011463817908438,604.510009765625,-0.0052656893770549,607.7100219726562,0.0075102446232993,605.72998046875,0.0041110326875259,0.2656242686567164,0.270686,0.0,0.260088,0.270686,0.0,1.0
2025-10-10,589.5,613.1799926757812,589.0499877929688,611.4000244140625,97614800,-0.034714281616625,-0.0353311402402521,604.7720092773437,601.8149592985612,603.5119995117187,601.9172407162962,599.2606872558594,597.7867089218535,583.0876013183594,583.9704057159646,45.64021717384869,4.051865059835739,-95.94813494016428,6.306847563571751,7.359979778102773,-1.053132214531023,612.5069062320301,586.0144682796886,599.2606872558594,4.42085364779325,54641590.0,1.7864560676217511,1877413700,7.195474545848362,0.018189179111439,0.0129029878817781,0.0098363269377299,22.710231330874063,-25.349980873191605,0.0186494867785925,610.7000122070312,-0.0012102417758411,611.4400024414062,0.011463817908438,604.510009765625,-0.0052656893770549,603.1799926757812,-0.004209776427106,0.2656242686567164,0.270686,0.0,0.260088,0.270686,0.0,1.0
2025-10-13,602.010009765625,602.9500122070312,597.22998046875,599.6799926757812,65872600,0.0212213906117473,0.0209993527108093,603.6320068359375,601.8799761209159,603.8400024414062,601.9341078161741,599.8114440917968,598.1889280498317,584.0630285644531,584.6778411688925,55.36825940954239,54.74073652737556,-45.25926347262444,5.898035149578959,7.067590852398011,-1.1695557028190515,612.5431369384057,587.0797512451879,599.8114440917968,4.24523172140757,55717205.0,1.182266770201413,1943286300,7.642227235932855,0.0212224706326096,0.0146569303343763,0.0107572591164852,22.37309199143229,14.17563674856111,0.8356648206689379,589.5,-0.034714281616625,610.7000122070312,-0.0012102417758411,611.4400024414062,0.011463817908438,607.7100219726562,0.0075102446232993,0.04042338432835821,0.0408735,0.006866317207776672,0.030419,0.049915,536.0,1.0
2025-10-14,598.0,602.6900024414062,590.1300048828125,595.3099975585938,69203200,-0.0066610350335971,-0.0066833187376031,602.3300048828125,600.5866507472773,603.6030029296875,601.2188154859606,600.1866729736328,598.1709349022287,584.7540930175782,585.2002787701125,52.14683354148711,38.49271806843952,-61.50728193156048,5.190639628542385,6.692200607626886,-1.501560979084501,612.2212660143485,588.152079932917,600.1866729736328,4.010283327715435,57330260.0,1.2070972641673,1874083100,7.993496544694347,0.0212901302010789,0.0148083048872727,0.0108870004555189,22.8349135616311,-46.154937101813786,0.6265920897205959,602.010009765625,0.0212213906117473,589.5,-0.034714281616625,610.7000122070312,-0.0012102417758411,604.510009765625,-0.0052656893770549,0.03759509950248756,0.033219,0.0062912996219158055,0.030899,0.04534,402.0,1.0
2025-10-15,602.219970703125,606.7000122070312,595.9299926757812,604.010009765625,62805500,0.0070568071958612,0.007032024455004,600.4859985351562,601.1310907325599,603.5,601.4008437072632,600.8318298339843,598.556557359457,585.6060668945313,585.8677176694464,55.10699011925837,54.57927992189121,-45.42072007810879,4.913895619677078,6.336539610036925,-1.4226439903598471,611.8028233184264,589.8608363495423,600.8318298339843,3.651934847550745,57001295.0,1.101825844483007,1936888600,8.191819615162608,0.0206768061771865,0.0149115386817846,0.0109574786081861,22.57844881375293,15.369634465746346,0.5840266128612409,598.0,-0.0066610350335971,602.010009765625,0.0212213906117473,589.5,-0.034714281616625,611.4400024414062,0.011463817908438,0.043938298507462684,0.041335,0.005061814593897161,0.036769,0.049695,402.0,1.0
2025-10-16,599.989990234375,608.3099975585938,595.5,605.1099853515625,70982000,-0.0037029334416565,-0.0037098062713596,598.343994140625,600.7507238998317,602.9260009765625,601.1443248940108,601.0997955322266,598.6930747761157,586.2726049804687,586.4215322798357,53.233025195946645,45.3377547768284,-54.6622452231716,4.463184400185128,5.961868568066566,-1.4986841678814384,611.7076394814108,590.4919515830425,601.0997955322266,3.5294784752976773,57496930.0,1.2345354786768614,1865906600,8.521689468264833,0.0206570814001855,0.0148727968780283,0.010844855873702,22.074615846987392,4.244564056733978,0.350506720536241,602.219970703125,0.0070568071958612,598.0,-0.0066610350335971,602.010009765625,0.0212213906117473,610.7000122070312,-0.0012102417758411,0.04245680099502488,0.044305,0.005896429694513717,0.035319,0.049514,402.0,1.0
2025-10-17,603.9299926757812,605.510009765625,596.3699951171875,597.9500122070312,72024900,0.0065667802888964,0.0065453129169749,601.2299926757812,601.8104801584816,603.0010009765625,601.6508099452417,601.3634979248047,599.1918288617982,586.9795874023438,587.1081385698727,56.07516243924462,61.665983720589054,-38.33401627941095,4.373502763143279,5.6441954070819085,-1.27069264393863,611.9774377852198,590.7495580643897,601.3634979248047,3.5299581358169534,58188370.0,1.237788582151382,1937931500,8.565855552562882,0.0109713910699092,0.0149923428934669,0.0108387901586597,21.606770949276527,12.94773425853348,0.8271318864684128,599.989990234375,-0.0037029334416565,602.219970703125,0.0070568071958612,598.0,-0.0066610350335971,589.5,-0.034714281616625,0.04245680099502488,0.044305,0.0,0.035319,0.049514,0.0,1.0
2025-10-20,611.5399780273438,612.7999877929688,607.0700073242188,607.1400146484375,45761700,0.0126007740033668,0.0125220449256558,603.135986328125,605.053646114769,603.3839965820313,603.4488405056238,601.8304962158203,600.3678430680407,587.7326928710937,588.0662499211461,61.00453743107702,93.20342181279185,-6.796578187208167,4.860463243498543,5.487448974365236,-0.6269857308666928,613.3350852120367,590.3259072196039,601.8304962158203,3.823199079659392,57618715.0,0.794215907105877,1983693200,8.587579807178926,0.008054056852508,0.0153493091575127,0.0111142275343218,20.115965744358835,143.2194303826801,0.7801022581883456,603.9299926757812,0.0065667802888964,599.989990234375,-0.0037029334416565,602.219970703125,0.0070568071958612,602.010009765625,0.0212213906117473,0.04245680099502488,0.044305,0.0,0.035319,0.049514,0.0,1.0
2025-10-21,611.3800048828125,612.719970703125,609.3200073242188,611.6400146484375,44538200,-0.000261590656832,-0.0002616248776359,605.8119873046875,607.1624323707836,604.07099609375,604.8908703923854,602.4894958496094,601.4166203837333,588.5165600585938,588.9805148216036,60.849944431628536,92.5404582315238,-7.459541768476221,5.17383370240691,5.424725919973572,-0.2508922175666619,614.5816828408491,590.3973088583697,602.4894958496094,4.014073962961874,56613850.0,0.7867014873568924,1939155000,8.217035776588022,0.0064494323445671,0.0152128858058351,0.0109792331047149,18.73164662550669,130.2348582121379,0.6058881608295003,611.5399780273438,0.0126007740033668,603.9299926757812,0.0065667802888964,599.989990234375,-0.0037029334416565,598.0,-0.0066610350335971,0.04245680099502488,0.044305,0.0,0.035319,0.049514,0.0,1.0
2025-10-22,605.489990234375,611.4099731445312,599.739990234375,610.8200073242188,61478800,-0.0096339667659992,-0.0096806736475998,606.4659912109375,606.6049516586475,603.4759948730468,604.9998012727472,602.9589965820312,601.8045603695086,589.0387939453125,589.6279452299476,55.29397934864108,68.13095364566733,-31.86904635433266,4.890532081990614,5.31788715237698,-0.4273550703863664,614.7477480829646,591.1702450810978,602.9589965820312,3.9102995619137513,57195275.0,1.0748929872266546,1877676200,8.463674857557182,0.0086932829924532,0.0150993787759991,0.0111991592419911,18.612041607491847,41.78165918443527,0.4927170882955253,611.3800048828125,-0.000261590656832,611.5399780273438,0.0126007740033668,603.9299926757812,0.0065667802888964,602.219970703125,0.0070568071958612,0.3411391343283582,0.325974,0.01591958980551338,0.325974,0.357726,134.0,1.0
2025-10-23,610.5800170898438,611.3699951171875,604.52001953125,604.9099731445312,42844300,0.0084064591282482,0.0083713216346442,608.5839965820312,607.9299734690462,603.4639953613281,606.0143859667647,603.8114959716797,602.6403181523978,589.6570336914062,590.4495951068063,58.79531913508478,89.22513443920009,-10.774865560799906,5.018881591992567,5.258086040300098,-0.2392044483075306,615.2089758254258,592.4140161179337,603.8114959716797,3.775178157350165,55791480.0,0.7679362511982116,1920520500,8.348410623870063,0.0087026841829002,0.0153792199237934,0.0112520926965876,18.50097980504949,82.75163206416227,0.8846743294890007,605.489990234375,-0.0096339667659992,611.3800048828125,-0.000261590656832,611.5399780273438,0.0126007740033668,599.989990234375,-0.0037029334416565,0.3411391343283582,0.325974,0.0,0.325974,0.357726,0.0,1.0
2025-10-24,617.0999755859375,618.4199829101562,615.1300048828125,615.989990234375,47632500,0.0106783031111454,0.010621692678134,611.2179931640625,610.9866408413434,606.2239929199219,608.0299477157051,604.8679962158203,604.0174283841634,590.4146618652344,591.4947080667722,62.812944833039225,95.5055922925698,-4.494407707430206,5.582355742343566,5.322939980708792,0.2594157616347736,617.0522733932858,592.6837190383549,604.8679962158203,4.028739246808498,55456235.0,0.8589205523959569,1968153000,8.312093137901666,0.0092384431564233,0.009566174090285,0.0114274409153883,17.302533283989884,185.0341625862885,0.5987792887041344,610.5800170898438,0.0084064591282482,605.489990234375,-0.0096339667659992,611.3800048828125,-0.000261590656832,603.9299926757812,0.0065667802888964,0.3411391343283582,0.325974,0.0,0.325974,0.357726,0.0,1.0
2025-10-27,628.0900268554688,628.5499877929688,624.030029296875,624.52001953125,54098600,0.0178091908998963,0.0176524652948185,614.5280029296875,616.6877695127185,608.8319946289063,611.6772348320258,606.3359985351562,606.310056810002,591.4430322265625,592.9298186075055,68.4051028535068,98.83554193037976,-1.1644580696202531,6.8369067506741885,5.625733334701872,1.2111734159723166,621.8329008398914,590.8390962304211,606.3359985351562,5.11165503686868,55744520.0,0.970473869000935,2022251600,8.536230214268064,0.0105943506642098,0.0089494748544954,0.0119661252805205,17.1682162097385,263.6658695592239,0.8982377962126572,617.0999755859375,0.0106783031111454,610.5800170898438,0.0084064591282482,605.489990234375,-0.0096339667659992,611.5399780273438,0.0126007740033668,0.3411391343283582,0.325974,0.0,0.325974,0.357726,0.0,1.0
2025-10-28,632.9199829101562,634.6799926757812,629.25,630.3599853515625,61195700,0.0076899104398595,0.0076604937899282,618.8359985351562,622.0985073118645,612.3239929199219,615.5395526644131,607.9634979248046,608.8443354862072,592.57259765625,594.4980603448643,70.50439598724816,96.14286746156375,-3.8571325384362263,8.127199257282427,6.126026519217984,2.001172738064444,627.0365671503564,588.8904286992529,607.9634979248046,6.274412622025803,56477615.0,1.0835390269224363,2083447300,8.397211328985524,0.0101181887421714,0.0081103188372362,0.0120231645306468,17.641381882855637,255.92045296585093,0.6758725341301933,628.0900268554688,0.0178091908998963,617.0999755859375,0.0106783031111454,610.5800170898438,0.0084064591282482,611.3800048828125,-0.000261590656832,0.3411391343283582,0.325974,0.0,0.325974,0.357726,0.0,1.0
2025-10-29,635.77001953125,637.010009765625,630.25,635.5900268554688,67422800,0.0045029967421621,0.0044928885856365,624.8920043945312,626.6556780516597,615.6789978027343,619.2178193674744,609.5894989013672,611.4086863476399,593.9155810546876,596.116568548252,71.69933231799756,97.41453363995127,-2.585466360048716,9.27284788314762,6.755390792003912,2.517457091143708,632.0261557203338,587.1528420824005,609.5894989013672,7.361234686425246,57503775.0,1.1724934580381896,2150870100,8.280268360174057,0.0049842181911897,0.0081037869426293,0.0120206609281876,18.292682305277715,218.2994801615301,0.816569756931111,632.9199829101562,0.0076899104398595,628.0900268554688,0.0178091908998963,617.0999755859375,0.0106783031111454,605.489990234375,-0.0096339667659992,0.3411391343283582,0.325974,0.0,0.325974,0.357726,0.0,1.0
2025-10-30,626.0499877929688,633.5,625.9400024414062,632.1699829101562,61628600,-0.0152885971965897,-0.0154066728183687,627.9859985351562,626.4537812987628,618.2849975585938,620.4600318084733,610.6054992675781,612.8030960090998,595.1316857910156,597.2904281264762,62.41262336486775,76.62111597459646,-23.378884025403536,9.28937521052228,7.262187675707586,2.0271875348146944,634.0679139906897,587.1430845444665,610.6054992675781,7.684966726062823,58396935.0,1.0553396338352348,2089241500,8.390964698007606,0.0124036043378117,0.0101340680871788,0.0126660127959965,18.245769652751665,137.97888031821407,0.0145483316242636,635.77001953125,0.0045029967421621,632.9199829101562,0.0076899104398595,628.0900268554688,0.0178091908998963,610.5800170898438,0.0084064591282482,0.3411391343283582,0.325974,0.0,0.325974,0.357726,0.0,1.0
2025-10-31,629.0700073242188,634.2000122070312,626.6900024414062,634.1699829101562,66305100,0.004823927146611,0.0048123292932311,630.3800048828125,627.3258566405815,620.7989990234375,622.0254819022452,611.9,614.3523256581587,596.4605297851563,598.5366861342309,63.97393743823687,83.06313648803122,-16.936863511968774,9.437375384484994,7.697225217463068,1.740150167021926,636.4141175239923,587.3858824760076,611.9,8.012458742929352,59388085.0,1.1164714268863865,2155546600,8.373754677725811,0.0120129954765315,0.0101058342203335,0.0126040474018497,18.27535198224734,123.66905643943026,0.3169110236946196,626.0499877929688,-0.0152885971965897,635.77001953125,0.0045029967421621,632.9199829101562,0.0076899104398595,617.0999755859375,0.0106783031111454,0.3411391343283582,0.325974,0.0,0.325974,0.357726,0.0,1.0
2025-11-03,632.0800170898438,635.8200073242188,629.8499755859375,635.1099853515625,37154300,0.0047848565828598,0.0047734455422519,631.1780029296875,628.9105767903357,622.8530029296875,623.8535792090813,613.1184997558594,616.0406772230812,597.6759765625,599.8521108775882,65.51161051193193,88.12336421114541,-11.87663578885458,9.68589623844332,8.09495942165912,1.5909368167842004,639.0595565218307,587.177442989888,613.1184997558594,8.462004254088214,59147695.0,0.6281614186317827,2192700900,8.257772200745396,0.0093652810176614,0.0096710322208677,0.0125580305248054,18.47743805247885,118.35711487048547,0.3735393045851573,629.0700073242188,0.004823927146611,626.0499877929688,-0.0152885971965897,635.77001953125,0.0045029967421621,628.0900268554688,0.0178091908998963,0.3411391343283582,0.325974,0.0,0.325974,0.357726,0.0,1.0
2025-11-04,619.25,626.9500122070312,618.4600219726562,623.280029296875,63830800,-0.0202980900249217,-0.020506927082478,628.4440063476562,625.6903845268905,623.6400024414063,623.0165648074301,613.8554992675781,616.3463270113591,598.6677844238282,600.6128124118004,54.77900092860745,57.21511542420232,-42.78488457579768,8.746748578526308,8.225317253032557,0.5214313254937508,639.6132862858885,588.0977122492677,613.8554992675781,8.392133669582929,59428760.0,1.0740725534236286,2128870100,8.640788123348404,0.0124495124825279,0.0122376843470938,0.0134375701355028,17.253733529251228,45.60915820083023,0.0930481667853885,632.0800170898438,0.0047848565828598,629.0700073242188,0.004823927146611,626.0499877929688,-0.0152885971965897,632.9199829101562,0.0076899104398595,0.3411391343283582,0.325974,0.0,0.325974,0.357726,0.0,1.0
2025-11-05,623.280029296875,626.5999755859375,617.2100219726562,618.489990234375,48688500,0.0065079197365764,0.0064868346574886,625.9460083007813,624.8869327835521,625.4190063476562,623.0644674418746,614.4475006103515,617.0066796099796,599.6944458007813,601.5017228778818,57.15347956152078,66.21561141765514,-33.78438858234487,8.232754901948397,8.226804782815726,0.0059501191326702,640.4985880731127,588.3964131475904,614.4475006103515,8.479516130144157,59331695.0,0.8206153557554693,2177558600,8.694299944057892,0.012830196358044,0.0116801330149872,0.0132849473340766,16.268516576146144,45.51603016652805,0.6464363482657277,619.25,-0.0202980900249217,632.0800170898438,0.0047848565828598,629.0700073242188,0.004823927146611,635.77001953125,0.0045029967421621,0.3411391343283582,0.325974,0.0,0.325974,0.357726,0.0,1.0
2025-11-06,611.6699829101562,622.0399780273438,610.2999877929688,621.7899780273438,72115100,-0.0186273357736427,-0.0188030095696121,623.0700073242188,620.4812828257535,625.5280029296875,620.9927429815622,614.4959991455078,616.498422781425,600.4713269042969,601.9004781732651,49.14709572740175,32.00962281701581,-67.99037718298419,6.81007518828801,7.943458863910183,-1.133383675622173,640.5225997035745,588.469398587441,614.4959991455078,8.470877139723697,60659900.0,1.1888430412842752,2105443500,9.000424341189918,0.0136332376815593,0.0132965632771223,0.013992509839136,16.134186363047977,-0.7026503844220439,0.116694740781338,623.280029296875,0.0065079197365764,619.25,-0.0202980900249217,632.0800170898438,0.0047848565828598,626.0499877929688,-0.0152885971965897,0.3411391343283582,0.325974,0.0,0.325974,0.357726,0.0,1.0
2025-11-07,609.739990234375,609.9500122070312,598.6699829101562,608.3099975585938,81835400,-0.0031552842704474,-0.0031602726758495,619.20400390625,616.9008519619607,624.7920043945312,618.946787936619,615.5079986572266,615.8547625388488,601.137890625,602.2079100187989,47.94471809189066,28.873238315532756,-71.12676168446725,5.463872860847459,7.447541663297638,-1.983668802450179,639.0207886673124,591.9952086471408,615.5079986572266,7.640124924901258,59870930.0,1.3668636849302325,2023608100,9.28610831681921,0.0126946289273633,0.0128024600914325,0.0113882861207156,17.050454392029383,-56.095327993197294,0.9813810791420045,611.6699829101562,-0.0186273357736427,623.280029296875,0.0065079197365764,619.25,-0.0202980900249217,629.0700073242188,0.004823927146611,0.3411391343283582,0.325974,0.0,0.325974,0.357726,0.0,1.0
2025-11-10,623.22998046875,624.3099975585938,616.8900146484375,618.9199829101562,55919900,0.0221241684167536,0.0218829799169448,617.4339965820312,619.0105614642239,624.3059997558594,619.7255502151883,616.5689971923828,616.5571642464585,602.2076989746093,603.0323049384049,56.04014789252261,64.05837338397836,-35.94162661602164,5.423014157351645,7.04263616210844,-1.6196220047567955,639.4564409615747,593.6815534231908,616.5689971923828,7.42413059151936,59373295.0,0.9418358876663322,2079528000,9.663529674490604,0.0177806402911678,0.0135617339103913,0.0114710097783713,16.20100228610143,33.32638009968877,0.8544448008834495,609.739990234375,-0.0031552842704474,611.6699829101562,-0.0186273357736427,623.280029296875,0.0065079197365764,632.0800170898438,0.0047848565828598,0.3411391343283582,0.325974,0.0,0.325974,0.357726,0.0,1.0
2025-11-11,621.5700073242188,622.719970703125,617.52001953125,620.5700073242188,44868800,-0.0026635001469004,-0.0026670535745225,617.897998046875,619.8637100842222,623.1710021972656,620.0609060531938,617.7474975585938,617.0345778729118,603.3397985839844,603.7592736594172,54.908557496287216,59.72876466776936,-40.271235332230646,5.196782111375455,6.673465351961844,-1.4766832405863886,639.06228395107,596.4327111661175,617.7474975585938,6.900808656195159,58156575.0,0.7715172360132969,2034659200,9.381131907562704,0.0149361563977999,0.0132420398104263,0.0113500814365473,15.412225330596902,21.86747369039384,0.7788511197559033,623.22998046875,0.0221241684167536,609.739990234375,-0.0031552842704474,611.6699829101562,-0.0186273357736427,619.25,-0.0202980900249217,0.3396756865671642,0.348373,0.009129999066465068,0.330163,0.348373,134.0,1.0
2025-11-12,621.0800170898438,624.8599853515625,617.8099975585938,624.8400268554688,47444400,-0.0007883106144138,-0.0007886214946171,617.4579956054688,620.2691457527628,621.702001953125,620.2461989689483,618.6904998779297,617.4198577983339,604.3732006835937,604.4385184998262,54.55835255141944,58.45075243209167,-41.54924756790833,4.921224653678905,6.323017212305257,-1.4017925586263518,638.8092330561288,598.5717666997306,618.6904998779297,6.50365026848437,57388520.0,0.8267228358563699,1987214800,9.214621613663136,0.0145961742009364,0.0130699528515691,0.0113014357964689,14.447572871569326,21.07873776870729,0.46383336074212,621.5700073242188,-0.0026635001469004,623.22998046875,0.0221241684167536,609.739990234375,-0.0031552842704474,623.280029296875,0.0065079197365764,0.3396756865671642,0.348373,0.0,0.330163,0.348373,0.0,1.0
2025-11-13,608.4000244140625,618.1199951171875,606.0800170898438,617.5399780273438,71333600,-0.0204160371077387,-0.0206273251158562,616.80400390625,616.312771973196,619.9370056152344,618.0923490498782,619.1110015869141,616.5608260474509,605.0499230957031,604.5938716729335,46.3244009015353,25.37828557237532,-74.62171442762468,3.637740339140123,5.785961837672231,-2.1482214985321075,637.9602218046125,600.2617813692157,619.1110015869141,6.08912462204155,57406100.0,1.2426135898449815,1915881200,9.627862926972911,0.0151588663468839,0.0137222509481836,0.0122892153106381,14.633146712000393,-64.0438200463576,0.1926919898799282,621.0800170898438,-0.0007883106144138,621.5700073242188,-0.0026635001469004,623.22998046875,0.0221241684167536,611.6699829101562,-0.0186273357736427,0.3396756865671642,0.348373,0.0,0.330163,0.348373,0.0,1.0
2025-11-14,608.8599853515625,613.3499755859375,597.1699829101562,599.5499877929688,80087300,0.0007560172896821,0.0007557316525662,616.6280029296875,613.8285097659849,617.9160034179688,616.4137374683662,619.3575012207032,615.8274126478425,605.7192639160156,604.7611702485659,46.63900013094302,29.342355826754645,-70.65764417324536,2.627397770465677,5.1542490242309205,-2.526851253765243,637.5226908700564,601.1923115713499,619.3575012207032,5.865817274692283,57809220.0,1.385372437130271,1995968500,10.095872194744937,0.015119404194673,0.0135310571398092,0.0122133640870692,15.46965342626152,-104.00104803190897,0.7224973877047537,608.4000244140625,-0.0204160371077387,621.0800170898438,-0.0007883106144138,621.5700073242188,-0.0026635001469004,609.739990234375,-0.0031552842704474,0.3396756865671642,0.348373,0.0,0.330163,0.348373,0.0,1.0
2025-11-17,603.6599731445312,612.47998046875,599.8699951171875,606.2999877929688,63850400,-0.0085405714485058,-0.008577251121737,612.7140014648437,610.4389975588338,615.0739990234375,614.0948712276689,618.9635009765625,614.6686088856225,606.2284692382813,604.7179860484076,43.53255953769491,16.290125149562076,-83.70987485043793,1.391061191365452,4.401611457657826,-3.010550266292374,638.105416084308,599.821585868817,618.9635009765625,6.18515149198444,58713655.0,1.0874880809242755,1932118100,10.275451705946193,0.0086265324700073,0.0133141974661857,0.012022275002386,16.24640966093257,-107.37940335437064,0.3005537216460033,608.8599853515625,0.0007560172896821,608.4000244140625,-0.0204160371077387,621.0800170898438,-0.0007883106144138,623.22998046875,0.0221241684167536,0.3396756865671642,0.348373,0.0,0.330163,0.348373,0.0,1.0
2025-11-18,596.3099975585938,602.3099975585938,591.3400268554688,599.6199951171875,83327300,-0.0121756881571104,-0.0122504190678462,607.6619995117187,605.7293308920871,612.7799987792969,610.8612578332916,618.2100006103516,612.9201697116197,606.5579125976562,604.3882610095915,39.525235140322025,11.173500192107142,-88.82649980789286,-0.1797539665385557,3.48533837281855,-3.6650923393571055,639.5472034168446,596.8727978038586,618.2100006103516,6.902897974936356,60653110.0,1.3738339221187503,1848790800,10.421487033311644,0.008664462117136,0.012464678976881,0.012297711833542,17.54999195341278,-155.71386093365112,0.453052322342475,603.6599731445312,-0.0085405714485058,608.8599853515625,0.0007560172896821,608.4000244140625,-0.0204160371077387,621.5700073242188,-0.0026635001469004,0.3396756865671642,0.348373,0.0,0.330163,0.348373,0.0,1.0
2025-11-19,599.8699951171875,606.1599731445312,594.5900268554688,597.0700073242188,73111500,0.0059700450657695,0.0059522949576543,603.4199951171875,603.7762189671206,610.4389953613281,608.8628464303636,617.9290008544922,611.6772959407214,606.9547607421875,604.2110741118502,42.29596976269897,19.17709534002964,-80.82290465997036,-1.1244127155893011,2.56338815513698,-3.687800870726281,640.0620487164363,595.7959529925481,617.9290008544922,7.16362165599536,61234745.0,1.1939545106295453,1921902300,10.50351983729385,0.010457754558726,0.0124168143749987,0.0122275994305673,18.27001048308703,-124.09474102669738,0.4563520114751496,596.3099975585938,-0.0121756881571104,603.6599731445312,-0.0085405714485058,608.8599853515625,0.0007560172896821,621.0800170898438,-0.0007883106144138,0.5044520895522389,0.514246,0.010281151062983643,0.49374,0.514246,134.0,1.0
2025-11-20,585.6699829101562,614.030029296875,584.75,611.6199951171875,117743200,-0.0236718160978482,-0.023956495091644,598.8739868164063,597.7408069481326,607.8389953613281,604.6459621539622,616.6834991455078,609.2004089854295,607.0000866699219,603.4839724960975,35.34062489427609,1.8014152696625318,-98.19858473033749,-2.984480655542143,1.4538143930011556,-4.438295048543298,642.779361746747,590.5876365442685,616.6834991455078,8.463291992536952,64979690.0,1.8120000264698093,1804159100,11.844699084406788,0.0115549899446193,0.0131680498355617,0.0130860803609294,19.575485145485327,-145.22534414247642,0.0314201499194297,599.8699951171875,0.0059700450657695,596.3099975585938,-0.0121756881571104,603.6599731445312,-0.0085405714485058,608.4000244140625,-0.0204160371077387,0.41353898507462683,0.410616,0.0030684016631941907,0.410616,0.416736,134.0,1.0
2025-11-21,590.0700073242188,596.97998046875,580.739990234375,587.469970703125,103344200,0.0075128050650625,0.0074847244999305,595.1159912109375,595.1838737401613,605.8719970703125,601.9957885485542,615.3320007324219,607.378465970076,607.0818737792969,602.9579346462199,38.70420236109232,20.190462353306344,-79.80953764669366,-4.056788567995454,0.3516938008018336,-4.408482368797288,643.8856126216335,586.7783888432102,615.3320007324219,9.2807173542818,67765275.0,1.5250318101712124,1907503300,12.15864845226166,0.0130633141337724,0.0136889748722478,0.0129430423369384,21.02021165627468,-150.1058388504699,0.5745087869595857,585.6699829101562,-0.0236718160978482,599.8699951171875,0.0059700450657695,596.3099975585938,-0.0121756881571104,608.8599853515625,0.0007560172896821,0.2197749701492537,0.216937,0.0029791573010947495,0.216937,0.222879,134.0,1.0
2025-11-24,605.1599731445312,606.6799926757812,595.1599731445312,595.280029296875,60168100,0.0255731788313402,0.0252516551567965,595.4159912109375,598.5092402082846,604.0649963378906,602.5710948387318,614.185498046875,607.1671809390717,607.36517578125,603.0442890971341,48.582817374672864,53.248998496080496,-46.751001503919504,-3.6469266839040975,-0.4480302961393528,-3.1988963877647456,642.437780454255,585.933215639495,614.185498046875,9.199918427648631,68068750.0,0.8839313194380681,1967671400,12.476601087926005,0.0190565899814398,0.0144214776480935,0.0136694574103798,21.184623932032768,-68.5162225238384,0.8680540838308914,590.0700073242188,0.0075128050650625,585.6699829101562,-0.0236718160978482,599.8699951171875,0.0059700450657695,603.6599731445312,-0.0085405714485058,0.20417662686567165,0.201566,0.20359350600938517,0.001,0.413064,268.0,1.0
2025-11-25,608.8900146484375,610.260009765625,597.3200073242188,603.510009765625,57560900,0.0061637280544584,0.0061448099801388,597.9319946289063,601.9694983550023,602.7969970703125,603.7199893495874,612.983999633789,607.3312603399637,607.7330676269531,603.2735332364009,50.6979631917918,63.80332622270917,-36.196673777290826,-2.9866962366958205,-0.9557634842506464,-2.030932752445174,639.9623115110337,586.0056877565444,612.983999633789,8.80228909510269,67887010.0,0.8478926969975552,2025232300,12.509701184603164,0.0176886603711562,0.0147012191177135,0.0136180377069317,20.943052464770737,-44.99175044824816,0.8941271361052364,605.1599731445312,0.0255731788313402,590.0700073242188,0.0075128050650625,585.6699829101562,-0.0236718160978482,596.3099975585938,-0.0121756881571104,0.14236971144278607,0.127651,0.12784509335219224,0.001,0.312532,402.0,1.0
2025-11-26,614.27001953125,616.1900024414062,610.3900146484375,612.510009765625,42393600,0.0088357581063613,0.0087969512203493,600.8119995117188,606.0696720804183,602.1159973144531,605.6381766553442,611.9089996337891,607.9920945486576,608.2321313476563,603.7047679930616,53.65904691698019,75.99735495848446,-24.00264504151553,-2.0062110667590787,-1.165853000752333,-0.8403580660067458,636.8027145158173,587.0152847517609,611.9089996337891,8.136410772492788,66635550.0,0.6362009467919151,2067625900,12.13757879948642,0.0178019764195546,0.015096275867384,0.0137580854311846,20.096620836333024,8.988750339970478,0.668967767044145,608.8900146484375,0.0061637280544584,605.1599731445312,0.0255731788313402,590.0700073242188,0.0075128050650625,599.8699951171875,0.0059700450657695,0.06547767661691542,0.047808,0.038712909365108725,0.034344,0.132503,402.0,1.0
2025-11-28,619.25,619.3200073242188,615.4199829101562,616.1099853515625,23034400,0.0081071520836231,0.0080744656698157,607.5280029296875,610.4631147202789,603.2009948730469,608.1130536270997,611.5690002441406,609.064276020214,608.7245178222656,604.3143849345101,56.27679282545841,87.28470994463673,-12.715290055363264,-0.8178984766602753,-1.0962620959339215,0.2783636192736463,635.8593108708,587.2786896174813,611.5690002441406,7.943604275874856,64705840.0,0.3559864148274715,2090660300,11.631322299020871,0.0080730359627436,0.0136448446486766,0.0135282095222227,18.9963736723966,42.40223885001545,0.9820495163916086,614.27001953125,0.0088357581063613,608.8900146484375,0.0061637280544584,605.1599731445312,0.0255731788313402,585.6699829101562,-0.0236718160978482,0.06547767661691542,0.047808,0.0,0.034344,0.132503,0.0,1.0
2025-12-01,617.1699829101562,619.4400024414062,612.52001953125,613.6300048828125,40957600,-0.0033589294951049,-0.0033645833629607,612.947998046875,612.698737450238,604.0319946289062,609.7597680422009,610.9739990234375,609.8362481049704,609.0947985839844,604.8185260315943,54.88229218956957,82.57025545678151,-17.429744543218483,-0.0434908479760451,-0.8857078463423463,0.8422169983663012,634.0742205836445,587.8737774632305,610.9739990234375,7.561769108711582,63438465.0,0.645627223168152,2049702700,11.294798056959111,0.0104434356466531,0.0137432978805418,0.0134836964145583,18.23806657393302,38.74941783419837,0.6719616853409338,619.25,0.0081071520836231,614.27001953125,0.0088357581063613,608.8900146484375,0.0061637280544584,590.0700073242188,0.0075128050650625,0.0335624328358209,0.032793,0.000807711614281996,0.032793,0.034404,134.0,1.0
2025-12-02,622.0,623.75,617.5900268554688,619.4600219726562,54541800,0.007826072595217,0.0077956077326712,616.3160034179688,615.7991583001588,605.8659973144531,611.9852647618007,610.4699981689453,610.9947006664017,609.4907983398438,605.4923093244729,57.51493598544005,93.51771154106868,-6.482288458931303,0.9490349064276415,-0.5187592957883488,1.4677942022159902,632.0992817555201,588.8407145823704,610.4699981689453,7.086108621701347,64307840.0,0.8481360904051513,2104244500,10.958027987879444,0.0050560660557806,0.0133925197854161,0.0135676879151614,17.082547664154077,81.71306588857836,0.7159078523539961,617.1699829101562,-0.0033589294951049,619.25,0.0081071520836231,614.27001953125,0.0088357581063613,605.1599731445312,0.0255731788313402,0.0335624328358209,0.032793,0.0,0.032793,0.034404,0.0,1.0
2025-12-03,623.52001953125,624.219970703125,618.030029296875,619.6199951171875,47841600,0.0024437613042604,0.0024407801753948,619.2420043945312,618.3727787105225,608.5869995117188,614.0824929017006,610.6834991455078,612.1875881773396,609.9971984863281,606.1992783521896,58.33881209184126,98.3901759744854,-1.609824025514616,1.837094706172138,-0.0475884953962514,1.8846832015683892,632.7354038904762,588.6315944005394,610.6834991455078,7.22204047622845,63508380.0,0.7533116102158487,2152086100,10.617450374905912,0.0052081050059408,0.0122953647962549,0.0127696686018317,15.959990722655766,87.59869791165008,0.8869211958522015,622.0,0.007826072595217,617.1699829101562,-0.0033589294951049,619.25,0.0081071520836231,608.8900146484375,0.0061637280544584,0.020068052238805967,0.0193545,0.019132964504914668,0.001,0.040697,268.0,1.0
2025-12-04,622.9400024414062,624.9400024414062,619.5399780273438,624.9299926757812,47067800,-0.000930230099556,-0.0009306630320805,620.9760009765625,619.8951866208172,610.8940002441407,615.692949181647,610.6664978027344,613.2116276310603,610.5339990234374,606.8557773360805,57.87758760443764,95.47511437184208,-4.524885628157913,2.4656633317830483,0.4550618700396085,2.01060146174344,632.6800210767619,588.6529745287069,610.6664978027344,7.209671188196945,63427345.0,0.7420742583502431,2105018300,10.244777091988526,0.0051332168619162,0.0123993879359598,0.0126911397724686,14.837278617614256,91.7027436511804,0.6296313041002827,623.52001953125,0.0024437613042604,622.0,0.007826072595217,617.1699829101562,-0.0033589294951049,614.27001953125,0.0088357581063613,0.020068052238805967,0.0193545,0.0,0.001,0.040697,0.0,1.0
2025-12-05,625.47998046875,628.9199829101562,623.7100219726562,624.3800048828125,53548300,0.0040774039512458,0.0040691138667968,622.2219970703125,621.7567845701282,614.875,617.4724094156657,611.3569976806641,614.3800421870308,611.172998046875,607.586138243244,59.39165066794827,92.8601017759485,-7.139898224051503,3.132652230590679,0.9905799421498228,2.1420722884408567,634.2998506827992,588.414144678529,611.3569976806641,7.505550141463829,62499005.0,0.8567864400401254,2158566600,9.940148761757202,0.0043519924261662,0.0078123449664855,0.0119249219147642,14.203805692772963,108.03649476024246,0.3397258669100678,622.9400024414062,-0.000930230099556,623.52001953125,0.0024437613042604,622.0,0.007826072595217,619.25,0.0081071520836231,0.27495497014925374,0.272917,0.002139357826282538,0.272917,0.277184,134.0,1.0
