Date,close,high,low,open,volume,returns,log_returns,sma_5,ema_5,sma_10,ema_10,sma_20,ema_20,sma_50,ema_50,rsi,stoch,williams_r,macd,macd_signal,macd_diff,bb_high,bb_low,bb_mid,bb_width,volume_sma_20,volume_ratio,obv,atr,volatility_5,volatility_10,volatility_20,adx,cci,price_position,close_lag_1,returns_lag_1,close_lag_2,returns_lag_2,close_lag_3,returns_lag_3,close_lag_5,returns_lag_5
2024-02-20,486.2082824707031,487.82322868764055,483.9473517931204,487.14788265466376,71736700,-0.005505462079545165,-0.005520672990317175,487.6039978027344,487.7989340379849,487.76548767089844,486.615605558026,483.03416900634767,482.6161916013775,470.30003845214844,472.5145510628752,58.668416204581526,67.34510328982063,-32.65489671017938,5.660501777045681,5.980417054336204,-0.31991527729052294,494.2552225397402,471.81311547295513,483.03416900634767,4.646070300358017,74172305.0,0.9671628783816277,740921600,4.316601620178663,0.009504164212468481,0.0072962323151934926,0.007657704557266535,31.259709622673153,46.153947217456285,0.583333975524604,488.89990234375,-0.0049799226121056694,491.3467712402344,0.006899696337564265,487.9798583984375,0.009087714158905413,490.338623046875,-0.0004389568752242168
2024-02-21,486.6487426757813,486.8053476964511,483.07627838297776,484.8967856125797,59293400,0.0009059084778233473,0.0009054983903873531,488.2167114257812,487.4155369172504,488.0816284179688,486.621630488527,483.6385559082031,483.0002440846541,471.0992999267578,473.0688330869108,59.15789713886246,68.07121324874186,-31.928786751258137,5.302487108424032,5.84483106515377,-0.5423439567297379,494.25481862032296,473.02229319608324,483.6385559082031,4.390163928177339,74639710.0,0.7943948335276222,800215000,4.274635026842569,0.006669153730656141,0.007261811239996963,0.007649760452635824,29.66132892950166,33.397214490243705,0.9580042612241634,486.2082824707031,-0.005505462079545165,488.89990234375,-0.0049799226121056694,491.3467712402344,0.006899696337564265,483.5851745605469,-0.013773029838774375
2024-02-22,496.72015380859375,497.6891155849243,492.3353030771788,493.3042947228613,76402500,0.020695442625487948,0.020484201467301646,489.9647705078125,490.51707588103153,489.00166015625,488.45772563763,484.7205749511719,484.3069021536008,472.06158264160155,473.9963358603101,68.37924326412784,94.8411125956133,-5.158887404386699,5.764981494219114,5.828861150966839,-0.06387965674772467,496.01646184477437,473.4246880575694,484.7205749511719,4.66078292415805,74371585.0,1.0273076740263098,876617500,4.757902018435457,0.010804220775451184,0.009436225780281993,0.008793909652895332,29.81246953243933,163.5516438589648,0.8190146227551599,486.6487426757813,0.0009059084778233473,486.2082824707031,-0.005505462079545165,488.89990234375,-0.0049799226121056694,487.9798583984375,0.009087714158905413
2024-02-23,497.0627136230469,499.2942827215487,496.3286444476272,498.4525345350048,61321800,0.0006896434779755101,0.0006894057831889809,491.107958984375,492.69895512837,489.9344177246094,490.0222689077058,485.6905242919922,485.52174134116706,472.9958190917969,474.900899694143,68.6386088324082,88.54270272416522,-11.45729727583477,6.088963559522426,5.880881632677957,0.20808192684446958,497.7046705400696,473.6763780439147,485.6905242919922,4.947243418261407,73811425.0,0.8307900843263764,937939300,4.629883179541603,0.010686824606968,0.009432259031140205,0.008767814832324623,30.13982585404105,170.27247302073215,0.24752485218780657,496.72015380859375,0.020695442625487948,486.6487426757813,0.0009059084778233473,486.2082824707031,-0.005505462079545165,491.3467712402344,0.006899696337564265
2024-02-26,495.2422180175781,497.9436022039435,495.1149745784592,497.5031487407398,50386700,-0.003662506874030691,-0.0036692302736837036,492.3764221191406,493.54670942477276,490.4032440185547,490.97135056404613,486.5997909545898,486.4475010246348,473.8525079345703,475.6985984519248,65.5609315307298,78.67078826924279,-21.329211730757212,6.128181043189727,5.930341514780311,0.19783952840941588,498.61526726335836,474.5843146458213,486.5997909545898,4.938545610632965,72498680.0,0.695001619339828,887552600,4.501222068537508,0.010474718764104005,0.009477253453366885,0.00883127642714168,30.15291178788868,135.30089224481245,0.044984160505261425,497.0627136230469,0.0006896434779755101,496.72015380859375,0.020695442625487948,486.6487426757813,0.0009059084778233473,488.89990234375,-0.0049799226121056694
2024-02-27,496.1622314453125,496.3873567404861,494.0285442573819,495.9371360194894,48854500,0.001857703956292589,0.0018559805583433426,494.3672119140625,494.418550098286,490.98560485839846,491.9151470879127,487.3661575317383,487.3727134456517,474.60282165527343,476.5010938634302,66.3813290966886,83.51354440195153,-16.486455598048472,6.162461555475431,5.976765522919336,0.18569603255609568,499.76227224011234,474.9700428233642,487.3661575317383,5.086982145479315,71875265.0,0.6797122765390847,936407100,4.348192812435129,0.009520055600916765,0.009466549380299906,0.008717440010515672,29.900856571221052,113.9001602077061,0.9045599016977439,495.2422180175781,-0.003662506874030691,497.0627136230469,0.0006896434779755101,496.72015380859375,0.020695442625487948,486.2082824707031,-0.005505462079545165
2024-02-28,495.5064697265625,496.0937011467327,494.2340652877106,494.5962012865989,56506600,-0.0013216679488879945,-0.0013225421223011019,496.1387573242188,494.7811899743782,492.177734375,492.56811484039446,488.1183319091797,488.14735690097655,475.3105816650391,477.24640272080796,65.18930267841958,80.06175338527838,-19.93824661472162,6.066780548443205,5.99476852802411,0.07201202041909482,500.57316090114364,475.66350291721574,488.1183319091797,5.103200669906953,71769675.0,0.7873325328559729,879900500,4.175333765661326,0.009755938887119845,0.00797682535095803,0.008726173482509718,29.666805298601112,98.40481724145874,0.6842223613888386,496.1622314453125,0.001857703956292589,495.2422180175781,-0.003662506874030691,497.0627136230469,0.0006896434779755101,486.6487426757813,0.0009059084778233473
2024-02-29,497.2878112792969,498.9125546458191,494.61581858519605,497.2780440014064,83924800,0.0035949915118511644,0.0035885449754088044,496.2522888183594,495.61673040935113,493.10852966308596,493.4262414656494,489.35156707763673,489.01787636557845,476.0691192626953,478.03234031133695,66.9267157399872,89.43835862700531,-10.561641372994687,6.064781016673805,6.008771025754049,0.05600999091975645,500.20673940809786,478.4963947471756,489.35156707763673,4.436553619430398,69665360.0,1.2046847960019154,963825300,4.1840053581585925,0.002817052095205528,0.00765278019400511,0.0076459266529216125,29.86187617029524,110.00444329134476,0.621865680446561,495.5064697265625,-0.0013216679488879945,496.1622314453125,0.001857703956292589,495.2422180175781,-0.003662506874030691,496.72015380859375,0.020695442625487948
2024-03-01,501.95648193359375,502.3871382425429,497.7576277253672,498.1687196091282,76844800,0.009388266811298784,0.009344470932649295,497.2310424804688,497.72998091743204,494.16950073242185,494.9771942780029,490.5089447021484,490.25012451491324,476.8693524169922,478.97054194358236,71.01049188938903,98.05049788249322,-1.949502117506779,6.366529686237925,6.0803227578508245,0.2862069283871005,501.5553924799989,479.46249692429797,490.5089447021484,4.504075979514783,68913020.0,1.1150984240713875,1040670100,4.2493854728076945,0.005006098597122916,0.00787017410695759,0.007419556806450096,30.499679932541852,147.17429326720614,0.906975843894923,497.2878112792969,0.0035949915118511644,495.5064697265625,-0.0013216679488879945,496.1622314453125,0.001857703956292589,497.0627136230469,0.0006896434779755101
2024-03-04,501.4181823730469,503.2778482150625,501.124566645019,501.1539580871736,49799300,-0.001072402847500431,-0.0010729782828699003,498.4662353515625,498.959381402637,495.42132873535155,496.1482830225563,491.3873794555664,491.3137490728307,477.60263916015623,479.85084156826724,69.9381963406781,91.90791330546544,-8.09208669453455,6.487448141194875,6.161747834519635,0.3257003066752402,502.95760144094936,479.8171574701835,491.3873794555664,4.7092060028901,66441575.0,0.749520161134049,990870800,4.099663765467393,0.004371110104879001,0.007567114984386561,0.007200068335204058,31.203170535464835,141.91118611697587,0.136357331107566,501.95648193359375,0.009388266811298784,497.2878112792969,0.0035949915118511644,495.5064697265625,-0.0013216679488879945,495.2422180175781,-0.003662506874030691
2024-03-05,496.4069213867188,499.852171759294,494.1851494829937,499.4019211687457,72855600,-0.009994174847452575,-0.01004445187833991,498.5151733398437,498.10856139733096,496.4411926269531,496.1953081796767,492.1033401489258,491.7988131027248,478.36450439453125,480.5000996003634,60.74235835349954,65.98815396301,-34.011846036989986,6.108495078320743,6.1510972832798565,-0.042602204959113266,503.0377819979385,481.16889829991305,492.1033401489258,4.443961646634476,66296500.0,1.0989358412585883,918015200,4.323475845794947,0.007137455684426474,0.008204773876666764,0.007583142390201656,30.09277593343532,66.52141601881893,0.39205279163581713,501.4181823730469,-0.001072402847500431,501.95648193359375,0.009388266811298784,497.2878112792969,0.0035949915118511644,496.1622314453125,0.001857703956292589
2024-03-06,498.92230224609375,501.19302984869705,497.6205661743112,499.7052973445474,68382400,0.005067175236695309,0.005054380308814483,499.19833984375,498.3798083469186,497.6685485839844,496.6911252826616,492.8750885009766,492.47724064018854,479.08976379394534,481.2225389198038,63.34744711986922,78.43956680014479,-21.560433199855208,5.942639213531095,6.109405669330105,-0.16676645579901006,503.4407014529974,482.30947554895573,492.8750885009766,4.28733900272986,66919690.0,1.0218576924071225,986397600,4.356521032665182,0.007382724984215808,0.008242463944831684,0.007619690138419023,29.274448750444964,89.29206859229262,0.36438049211792195,496.4069213867188,-0.009994174847452575,501.4181823730469,-0.001072402847500431,501.95648193359375,0.009388266811298784,495.5064697265625,-0.0013216679488879945
2024-03-07,503.8748779296875,504.9319542916225,498.98108332275257,502.24036725780826,58652100,0.009926547002003794,0.009877602467932884,500.5157531738281,500.2114982078416,498.38402099609374,497.99726212757537,493.6928405761719,493.5627299058551,479.8954772949219,482.1108659397993,67.86851629736768,95.16337830798045,-4.836621692019554,6.140050038230072,6.115534543110099,0.02451549511997264,504.9809153351104,482.40476581723334,493.6928405761719,4.57291410009698,66324470.0,0.884320673802595,1045049700,4.474601819298295,0.008335551823671785,0.006004153126281268,0.007701352747016773,29.071805922363385,120.74605744915647,0.8223661095078361,498.92230224609375,0.005067175236695309,496.4069213867188,-0.009994174847452575,501.4181823730469,-0.001072402847500431,497.2878112792969,0.0035949915118511644
2024-03-08,500.85052490234375,507.2124281294098,500.2730607132988,504.5111036412887,86532500,-0.006002190543355046,-0.006020276093942062,500.2945617675781,500.42450710600906,498.76280212402344,498.51603717753324,494.3486099243164,494.25680561980647,480.6015545654297,482.84575452656577,62.776171561526766,73.64159862321667,-26.358401376783334,5.983485627613788,6.089124760010837,-0.10563913239704892,505.6997395091919,482.9974803394409,494.3486099243164,4.592358249621987,68033915.0,1.2719024033821955,958517200,4.650656504784917,0.008068632274893182,0.00645404493983549,0.007888376412012591,29.194952747711785,112.66079145692098,0.08321568154699018,503.8748779296875,0.009926547002003794,498.92230224609375,0.005067175236695309,496.4069213867188,-0.009994174847452575,501.95648193359375,0.009388266811298784
2024-03-11,500.4198303222656,501.0070916139854,497.69888187766907,499.6368351795393,62557200,-0.0008599263825511683,-0.0008602963313438952,500.0948913574219,500.4229481780946,499.2805633544922,498.86218138566636,494.84190368652344,494.843760353374,481.28218322753906,483.5349339695344,62.06200932908481,71.85716082098686,-28.142839179013137,5.758275930542197,6.02295499411711,-0.26467906357491255,506.34698301058967,483.3368243624572,494.84190368652344,4.650002046453432,67962805.0,0.9204623028728729,895960000,4.554767449894302,0.008064863030326094,0.006298770113189917,0.007831977991013341,28.681632761701703,67.13235866172649,0.8224836577453767,500.85052490234375,-0.006002190543355046,503.8748779296875,0.009926547002003794,498.92230224609375,0.005067175236695309,501.4181823730469,-0.001072402847500431
2024-03-12,505.8030700683594,506.3903015326754,500.0087741731547,502.5437860946448,73114400,0.010757446887400546,0.010699997196391007,501.97412109375,502.21632214151623,500.24464721679686,500.124161146156,495.61512603759763,495.88750413575355,482.06695251464845,484.40819420870406,67.0999958803427,90.52667732439977,-9.473322675600233,5.945640439014483,6.007492083096585,-0.0618516440821022,507.8604878298203,483.369764245375,495.61512603759763,4.941480253084003,68793410.0,1.0628111035635535,969074400,4.685250300581903,0.00716487560770308,0.007012544732938803,0.00811679187349103,28.937098250737453,115.96032675360092,0.907979480252372,500.4198303222656,-0.0008599263825511683,500.85052490234375,-0.006002190543355046,503.8748779296875,0.009926547002003794,496.4069213867188,-0.009994174847452575
2024-03-13,505.0102233886719,506.30219236269954,503.5616792687189,506.1260229215192,55104100,-0.0015675007262814233,-0.0015687305408697242,503.19170532226565,503.14762255723485,501.1950225830078,501.01253609934065,496.6863784790039,496.7563345407934,482.8628790283203,485.21611692164396,65.71584651367856,83.2962368137185,-16.70376318628151,5.9614323793067,5.998280142338608,-0.03684776303190773,508.2651600465413,485.1075969114665,496.6863784790039,4.662411561595455,65893655.0,0.8362580585338604,913970300,4.546340500110387,0.007474086478537413,0.007025700645363809,0.007321149038521908,29.17431620484208,121.76059134486798,0.5285667574739057,505.8030700683594,0.010757446887400546,500.4198303222656,-0.0008599263825511683,500.85052490234375,-0.006002190543355046,498.92230224609375,0.005067175236695309
2024-03-14,504.0119018554688,506.14558906491726,500.9483817536982,505.988954188999,110171800,-0.0019768343034805014,-0.001978790819309163,503.2191101074219,503.4357156566462,501.867431640625,501.5578753277276,497.4879806518555,497.44734095171486,483.69090942382815,485.953206526892,63.92765051583347,75.72394974798365,-24.276050252016347,5.826230245783734,5.963870163027633,-0.13763991724389957,508.7605082557174,486.21545304799355,497.4879806518555,4.531778873970626,67982855.0,1.6205821305974866,803798500,4.592830986618149,0.006301363367146863,0.007098998577886095,0.007189773488982483,28.743751331010554,96.1368682158146,0.5894550511961559,505.0102233886719,-0.0015675007262814233,505.8030700683594,0.010757446887400546,500.4198303222656,-0.0008599263825511683,503.8748779296875,0.009926547002003794
2024-03-15,500.551025390625,502.3870163555386,498.8721559659306,500.92411414325824,107646300,-0.0068666562279638965,-0.006890340193876763,503.1592102050781,502.4741522346392,501.7268859863281,501.3748117027998,497.948193359375,497.7429299458968,484.52528198242186,486.5256700117443,58.03223215373568,49.47313854213925,-50.52686145786075,5.377825548582678,5.846661240138642,-0.46883569155596483,508.928004543637,486.96838217511305,497.948193359375,4.410021496488372,70281020.0,1.53165534592412,696152200,4.631896336826727,0.006517770067653218,0.006916810966318841,0.007317759836573231,27.854309377957005,44.35367879678778,0.4776489642690714,504.0119018554688,-0.0019768343034805014,505.0102233886719,-0.0015675007262814233,505.8030700683594,0.010757446887400546,500.85052490234375,-0.006002190543355046
2024-03-18,503.5259094238281,506.09822050628367,503.1135702224496,504.6451757518834,88893300,0.0059432183379937165,0.005925627080598784,503.7804260253906,502.82473796436886,501.9376586914062,501.76592037935035,498.6794937133789,498.2936898961759,485.4487109375,487.1923460671201,61.33314013233374,71.70154407808073,-28.298455921919274,5.202538252300883,5.717836642571092,-0.5152983902702086,509.0845368199414,488.27445060681646,498.6794937133789,4.173038289215423,70949040.0,1.2529175870455753,785045500,4.697274821029008,0.007011569156895995,0.007176058794286799,0.007258984877016136,27.607073925080886,93.25939648118526,0.13815327162384478,500.551025390625,-0.0068666562279638965,504.0119018554688,-0.0019768343034805014,505.0102233886719,-0.0015675007262814233,500.4198303222656,-0.0008599263825511683
2024-03-19,506.3240966796875,506.6087971053069,501.8176083387377,502.82889109663125,60755300,0.005557186241044176,0.005541802050476984,503.88463134765624,503.9911908694751,502.92937622070315,502.59467970668436,499.68528442382814,499.0584905422246,486.41557556152344,487.94261079702477,64.18649501547603,93.18098987644927,-6.819010123550728,5.229133932293394,5.620096100515552,-0.390962168222158,508.89398852196973,490.47658032568654,499.68528442382814,3.685801597603528,70399970.0,0.8630017882109893,845800800,4.7039829599961624,0.005465407098220833,0.006293799270485049,0.007117187551661298,27.065467177437206,100.35514054609146,0.9405783325215699,503.5259094238281,0.0059432183379937165,500.551025390625,-0.0068666562279638965,504.0119018554688,-0.0019768343034805014,505.8030700683594,0.010757446887400546
2024-03-20,511.0072021484375,511.1446685187932,505.7055185457872,506.3829628861844,69594600,0.009249224951884294,0.009206712805990377,505.0840270996094,506.3298612957959,504.1378662109375,504.12422924154856,500.90320739746096,500.19646307614966,487.3453399658203,488.8471045755116,68.39061224220436,99.18944416958098,-0.81055583041902,5.563960796663025,5.608869039745047,-0.04490824308202157,509.30045490668516,492.50595988823676,500.90320739746096,3.3528423796101112,70915030.0,0.9813801108171286,915395400,4.7564948894968655,0.006604164174646745,0.006649310235361493,0.007288860923989982,27.23031193835187,175.36015253031258,0.974726497497697,506.3240966796875,0.005557186241044176,503.5259094238281,0.0059432183379937165,500.551025390625,-0.0068666562279638965,505.0102233886719,-0.0015675007262814233
2024-03-21,512.6959838867188,514.5711955635512,512.4112235285457,513.8643283108137,60256100,0.0033048100519543766,0.003299361168929845,506.8208435058594,508.45190215943694,505.0199768066406,505.68273008612493,501.7019989013672,501.3868936295372,488.3229736328125,489.7823547445786,69.76879774853987,90.80149397572056,-9.198506024279443,5.897600207451831,5.6666152732864035,0.2309849341654271,511.30802941682845,492.0959683859059,501.7019989013672,3.8293770152387943,70107710.0,0.8594789360542514,975651500,4.671316212755211,0.006138833017005882,0.006127511265892009,0.005906446144546027,27.821469936358454,213.29893434691965,0.13183520598640458,511.0072021484375,0.009249224951884294,506.3240966796875,0.005557186241044176,503.5259094238281,0.0059432183379937165,504.0119018554688,-0.0019768343034805014
2024-03-22,511.7239990234375,513.0984830673722,511.4883166872647,512.6075830678991,79070800,-0.0018958308506976662,-0.0018976302125550291,509.05543823242186,509.54260111410383,506.10732421875,506.7811426201817,502.43506317138673,502.3713798575277,489.22870666503906,490.64281138296525,67.93292502257171,86.03360097949974,-13.966399020500264,6.01425223299384,5.7361426652278915,0.27810956776594864,512.7263115445767,492.14381479819684,502.43506317138673,4.096548639830674,70995160.0,1.1137491626189728,896580700,4.45266265328037,0.004125150944088938,0.005670538938554086,0.005955524015163146,28.132588605224832,166.4765857452011,0.14637141792912617,512.6959838867188,0.0033048100519543766,511.0072021484375,0.009249224951884294,506.3240966796875,0.005557186241044176,500.551025390625,-0.0068666562279638965
2024-03-25,510.3102416992188,511.468758591217,510.15312013035617,510.33966454068,48512100,-0.0027627340654663435,-0.0027665574588610327,510.4123046875,509.7984813091422,507.0963653564453,507.4227969981884,503.18846435546874,503.12746193768874,490.1102752685547,491.41408316007323,65.24374270738954,74.86256252503998,-25.137437474960016,5.924329421067796,5.773780016395873,0.15054940467192335,513.469302005665,492.90762670527255,503.18846435546874,4.086277161923768,70901430.0,0.684218921959684,848068600,4.246820956123296,0.005059257165803346,0.005813428631454578,0.005917981396475482,28.07339539480365,126.50254060630701,0.11942609882952647,511.7239990234375,-0.0018958308506976662,512.6959838867188,0.0033048100519543766,511.0072021484375,0.009249224951884294,503.5259094238281,0.0059432183379937165
2024-03-26,509.3676452636719,512.0872503842495,508.96513363854143,511.7435844366355,65463700,-0.0018471046797107205,-0.0018488126811219525,511.02101440429686,509.6548692939854,507.45282287597655,507.7764057737308,503.8487350463867,503.72176511159194,490.96653259277343,492.1181444190379,63.44054863662154,69.15923686131208,-30.840763138687922,5.711170471896139,5.761258107495927,-0.05008763559978746,513.934103597226,493.76336649554736,503.8487350463867,4.003331892819306,71731890.0,0.9126164109157029,782604900,4.166484941093636,0.005093919333312057,0.005008147542577914,0.005964533193197918,27.70815368730204,106.50924944132771,0.1289226694264008,510.3102416992188,-0.0027627340654663435,511.7239990234375,-0.0018958308506976662,512.6959838867188,0.0033048100519543766,506.3240966796875,0.005557186241044176
2024-03-27,513.6482543945312,513.6875647434284,510.03523783042095,512.2148648432812,82999800,0.008403771167372787,0.008368656078078705,511.5492248535156,510.9859976608341,508.3166259765625,508.8440146138763,504.75582427978514,504.6671450433004,491.9426593017578,492.96246245729253,67.79374533189728,94.52984821049034,-5.470151789509651,5.820554126466675,5.773117311290076,0.04743681517659848,514.939676844239,494.57197171533124,504.75582427978514,4.035160001961258,73056550.0,1.1361034705307054,865604700,4.17744455099813,0.004763658029013215,0.005474415390175849,0.006130999366853061,27.628549570716718,127.56946954516722,0.9892369029573729,509.3676452636719,-0.0018471046797107205,510.3102416992188,-0.0027627340654663435,511.7239990234375,-0.0018958308506976662,511.0072021484375,0.009249224951884294
2024-03-28,513.5501708984375,515.0621214366988,513.2654704502872,513.687637290367,96294900,-0.00019095459831619532,-0.00019097283246680458,511.7200622558594,511.8407220733686,509.27045288085935,509.6996793928874,505.5689422607422,505.51314750569446,492.96850219726565,493.76982357263154,67.5951362443959,91.29223245972537,-8.707767540274633,5.832098145299767,5.784913478092015,0.04718466720775183,515.8344219137063,495.30346260777804,505.5689422607422,4.060961342704387,73675055.0,1.3070217592643807,769309800,4.007387867813376,0.004602054790072858,0.005368858006901084,0.006131671992919795,27.77382731302123,129.66449179892496,0.15846174370406926,513.6482543945312,0.008403771167372787,509.3676452636719,-0.0018471046797107205,510.3102416992188,-0.0027627340654663435,512.6959838867188,0.0033048100519543766
2024-04-01,512.6566772460938,514.8363044731182,511.4883328135396,514.2963264415365,62477500,-0.0017398371239573107,-0.001741352398375109,511.90659790039064,512.1127071309437,510.48101806640625,510.2373153661976,506.1039520263672,506.1934836714468,493.8942590332031,494.5104845010026,65.70671253336158,85.14237602947202,-14.857623970527989,5.703404100662397,5.768611602606091,-0.06520750194369462,516.6714661252287,495.53643792750574,506.1039520263672,4.176025125490787,72956690.0,0.8563642347261095,706832300,3.9602867100823174,0.004583587657906212,0.004634354645012581,0.005890585555723065,27.399296455080098,99.65982852658544,0.34897082511932415,513.5501708984375,-0.00019095459831619532,513.6482543945312,0.008403771167372787,509.3676452636719,-0.0018471046797107205,511.7239990234375,-0.0018958308506976662
2024-04-02,509.3971252441406,509.5345316981204,507.0800317613507,508.80800930472697,74230300,-0.006358157704027034,-0.006378456878033183,511.723974609375,511.20751316867603,511.0681396484375,510.0845535258236,506.5028991699219,506.4985923926557,494.6385479736328,495.0942743340668,59.20815927567747,65.00921386900662,-34.990786130993385,5.277558132763261,5.670400908637526,-0.3928427758742652,516.934266743538,496.0715315963057,506.5028991699219,4.1189764523407595,74178240.0,1.0007018230683284,632602000,4.075740908272369,0.005406585589844863,0.005189382764576313,0.0061064642550725315,25.93024727083187,33.34538316244181,0.9440185546490455,512.6566772460938,-0.0017398371239573107,513.5501708984375,-0.00019095459831619532,513.6482543945312,0.008403771167372787,510.3102416992188,-0.0027627340654663435
2024-04-03,509.9566345214844,511.46864464441205,508.24831236769467,508.2973903754102,59155800,0.0010983754120630351,0.0010977726391303917,511.8417724609375,510.7905536196122,511.4313934326172,510.06129552503467,507.18038482666014,506.8279297382585,495.3740600585937,495.67711198847536,59.94055521989783,68.46511547888942,-31.534884521110577,4.928408235504776,5.5220023740109765,-0.5935941385062007,516.6131673584207,497.7476022948996,507.18038482666014,3.71969532496191,73493250.0,0.8049147370676899,691757800,4.014640291732727,0.005362487649839214,0.0049570940981489,0.0055523736102147106,24.945971072521417,44.3912588672876,0.5304800893024686,509.3971252441406,-0.006358157704027034,512.6566772460938,-0.0017398371239573107,513.5501708984375,-0.00019095459831619532,509.3676452636719,-0.0018471046797107205
2024-04-04,503.7320861816406,514.3355132072445,503.4277306070164,513.9919072090371,96858100,-0.012206034628188589,-0.012281140054213439,509.85853881835936,508.43773114028835,510.7038818359375,508.9105301898721,507.4208740234375,506.53308749477105,495.9574816894531,495.9929933293838,49.32937932028597,30.018162944725777,-69.98183705527423,4.102148383072517,5.238031575823285,-1.135883192750768,516.2234312202968,498.6183168265782,507.4208740234375,3.4695290034334287,74917035.0,1.2928715077952564,594899700,4.507007599482399,0.005441454097726834,0.0054743957737750735,0.006245812496695715,23.36046037540752,-4.079081720550889,0.027902607319575428,509.9566345214844,0.0010983754120630351,509.3971252441406,-0.006358157704027034,512.6566772460938,-0.0017398371239573107,513.6482543945312,0.008403771167372787
2024-04-05,508.9945373535156,510.96796482720384,504.6549983834538,505.0968203427488,74546500,0.010446924697144366,0.010392732679190489,508.947412109375,508.6233332113641,510.3337371826172,508.92580421962543,507.6768569946289,506.7675112908419,496.6357769775391,496.50285780091843,56.36277145131514,54.1879415399781,-45.8120584600219,3.8278423427914277,4.955993729216914,-1.1281513864254862,516.3488446372473,499.0048693520104,507.6768569946289,3.4163415263619976,75711755.0,0.9846093251965959,669446200,4.701926959916743,0.008477058454597739,0.006524408615591661,0.00628809656892357,21.888200442373194,9.356109664691283,0.6874009245351383,503.7320861816406,-0.012206034628188589,509.9566345214844,0.0010983754120630351,509.3971252441406,-0.006358157704027034,513.5501708984375,-0.00019095459831619532
2024-04-08,509.2792663574219,510.71271592770194,508.46441550433593,509.7014930900916,48401800,0.0005593950092013245,0.0005592386061378421,508.2719299316406,508.8419775933834,510.0892639160156,508.99007006286115,508.0982940673828,507.00672605908767,497.26808776855466,497.00389343058526,56.71287431981087,56.33772992253542,-43.66227007746458,3.592021492822539,4.683199281938039,-1.0911777891155001,516.2030281182276,499.993560016538,508.0982940673828,3.1902228940646538,73805220.0,0.6558045623331249,717848000,4.52666792159169,0.008539994391577937,0.006520819225014558,0.006097953317702053,20.52110193312703,28.041596882042953,0.3624297022680627,508.9945373535156,0.010446924697144366,503.7320861816406,-0.012206034628188589,509.9566345214844,0.0010983754120630351,512.6566772460938,-0.0017398371239573107
2024-04-09,509.8683776855469,511.2723444794694,504.9888005775902,511.0268944821197,68049200,0.0011567549810904687,0.0011560864555445005,508.3661804199219,509.18411095743795,510.0450775146484,509.14976235789493,508.5707214355469,507.2792643092267,497.9243176269531,497.50838300921123,57.47311727924732,55.35869623786996,-44.64130376213004,3.413321485628103,4.429223722676053,-1.0159022370479498,515.8938929935676,501.24754987752607,508.5707214355469,2.8799029316314595,74079820.0,0.9185929447452761,785897200,4.652159063040796,0.00807403508193625,0.006484699660835025,0.006084807315047832,19.99388573022049,5.311485331564631,0.7765644967356256,509.2792663574219,0.0005593950092013245,508.9945373535156,0.010446924697144366,503.7320861816406,-0.012206034628188589,509.3971252441406,-0.006358157704027034
2024-04-10,504.7629699707031,506.7658202343314,502.76994729416265,504.1346036402,82652800,-0.010013187595627748,-0.010063656745888527,507.32744750976565,507.71039729519305,509.58460998535156,508.35216374204185,508.5187164306641,507.0396172293673,498.4028790283203,497.79287661554423,49.3792530714634,16.213752371468345,-83.78624762853165,2.827147115438379,4.108808401228518,-1.2816612857901388,515.9339601226555,501.1034727386727,508.5187164306641,2.916409348328281,74556740.0,1.1085892435747593,703244400,4.82689272935104,0.00921703893619699,0.007207558803531722,0.006095914061159325,19.928908268422838,-84.55794197442373,0.49877028282246594,509.8683776855469,0.0011567549810904687,509.2792663574219,0.0005593950092013245,508.9945373535156,0.010446924697144366,509.9566345214844,0.0010983754120630351
2024-04-11,508.57232666015625,510.0253712748353,502.760088277132,506.2945437977112,70099000,0.007546822798182307,0.007518488000178914,508.2954956054688,507.9977070835142,509.07701721191404,508.3921933635172,508.69682159423826,507.1855895561091,498.96506591796873,498.21560014670547,54.52522712282288,47.246160920191386,-52.753839079808614,2.6395557964661975,3.814957880276054,-1.1754020838098564,515.9354418592233,501.4582013292533,508.69682159423826,2.8459467241408696,75306485.0,0.9308494480920202,773343400,5.001063462804773,0.007893073927891953,0.007088976365834257,0.006315983385309065,19.037640030263145,-35.35996545910725,0.8000016495959749,504.7629699707031,-0.010013187595627748,509.8683776855469,0.0011567549810904687,509.2792663574219,0.0005593950092013245,503.7320861816406,-0.012206034628188589
2024-04-12,501.552490234375,506.4320369876864,499.8146852171386,505.0084151327042,92561100,-0.013803024776989359,-0.013899172299825796,506.8070861816406,505.84930146713447,507.8772491455078,507.1486109764004,508.57385101318357,506.6491039064201,499.5436535644531,498.34645858151606,45.37177615096955,11.39735882290189,-88.6026411770981,1.9025151815798722,3.4324693405368176,-1.5299541589569454,516.19984182157,500.94786020479717,508.57385101318357,2.998970864582937,74425950.0,1.2436670274279333,680782300,5.2693904613914055,0.008761187156294568,0.008150210062800882,0.007057381952881323,18.78390567086302,-137.70156044897175,0.2626133652051974,508.57232666015625,0.007546822798182307,504.7629699707031,-0.010013187595627748,509.8683776855469,0.0011567549810904687,508.9945373535156,0.010446924697144366
2024-04-15,495.26904296875,505.9215494503559,494.41485176434617,505.7546602220936,92101400,-0.012527995350374521,-0.012607132330619329,504.0050415039062,502.3225486343397,506.13848571777345,504.98868952046394,508.3097518920898,505.56528857902293,499.87285583496094,498.2257756163096,39.05219254462883,4.137066149465863,-95.86293385053413,0.8021369671708953,2.906402865863633,-2.104265898692738,517.2767569468666,499.34274683731303,508.3097518920898,3.5281656593833817,73648705.0,1.2505501624230868,588680900,5.714912406007,0.009397204611142903,0.008754807398222146,0.007441076205822948,19.43156559722608,-219.7738841328285,0.07423426144539869,501.552490234375,-0.013803024776989359,508.57232666015625,0.007546822798182307,504.7629699707031,-0.010013187595627748,509.2792663574219,0.0005593950092013245
2024-04-16,494.3657531738281,497.2817003745105,493.0697699819341,495.75009477032967,73484000,-0.0018238365747783591,-0.0018255017897320965,500.9045166015625,499.6702834808359,504.6353485107422,503.0572465483483,507.8517440795898,504.4986661594806,500.08318115234374,498.0744021871927,38.22787108061623,5.892881416340126,-94.10711858365987,-0.14118118407975544,2.2968860558749555,-2.438067239954711,518.5231116267178,497.1803765324619,507.8517440795898,4.202552288746513,72878240.0,1.0083119460623637,515196900,5.607556547904814,0.008951077578868963,0.008702415132770647,0.007287996382413795,20.22760048575261,-242.85564363016314,0.30769340209122736,495.26904296875,-0.012527995350374521,501.552490234375,-0.013803024776989359,508.57232666015625,0.007546822798182307,509.8683776855469,0.0011567549810904687
2024-04-17,491.4399108886719,497.006729311642,490.0359442713596,496.8398101510921,75910300,-0.005918375749882188,-0.0059359587451465546,498.2399047851562,496.92682595011456,502.78367614746094,500.9450037011344,507.10753479003904,503.2549751813083,500.27022521972657,497.81422605783894,35.60616006933212,5.609992321387165,-94.39000767861283,-1.1120397334871086,1.6151008980025428,-2.727140631489651,519.9553208981939,494.2597486818841,507.10753479003904,5.0670854707273705,73635990.0,1.0308858480751057,439286600,5.70493001164607,0.008689823996836116,0.008621641663803109,0.007204767148911911,21.383464777505996,-221.7040392079229,0.20140724598147391,494.3657531738281,-0.0018238365747783591,495.26904296875,-0.012527995350374521,501.552490234375,-0.013803024776989359,504.7629699707031,-0.010013187595627748
2024-04-18,490.4287109375,494.9548243860695,489.4861913543406,492.8439604399473,74548100,-0.0020576268405699816,-0.002059746663045738,494.611181640625,494.76078761257645,501.4533386230469,499.0329504713826,506.0786102294922,502.03342620570754,500.409052734375,497.5245980139041,34.71991432769842,3.718009378274811,-96.28199062172519,-1.940676601822986,0.903945398037437,-2.844621999860423,520.6877175531888,491.4695029057956,506.0786102294922,5.773453779076651,73883665.0,1.008992989181032,364738500,5.688051655937703,0.005678330331890344,0.008084228921351863,0.006748899835468427,22.53004834011352,-184.5323861920347,0.1723501243681381,491.4399108886719,-0.005918375749882188,494.3657531738281,-0.0018238365747783591,495.26904296875,-0.012527995350374521,508.57232666015625,0.007546822798182307
2024-04-19,486.1480407714844,491.3515682426223,484.8716829276253,490.3501431336925,102212600,-0.008728424887345487,-0.008766740708629676,491.53029174804686,491.88987199887913,499.16868896484374,496.69023961685565,504.75121307373047,500.52053235482913,500.3816168212891,497.0784585142014,31.181670126249344,4.331948126723995,-95.668051873276,-2.90925551075037,0.1413052162798757,-3.0505607270302457,521.3965030056905,488.1059231417704,504.75121307373047,6.59544326029332,75981490.0,1.3452302659502993,262525900,5.74461120301337,0.004550417521384547,0.006807624535443679,0.00678442714902057,24.16351645893892,-185.60633329788357,0.19697228913687795,490.4287109375,-0.0020576268405699816,491.4399108886719,-0.005918375749882188,494.3657531738281,-0.0018238365747783591,501.552490234375,-0.013803024776989359
2024-04-22,490.62506103515625,493.2366524381183,486.4131309562078,488.76944479009535,67961000,0.009209170639805864,0.009167024782525374,490.60149536132815,491.4682683443049,497.3032684326172,495.5874798747285,503.6962661743164,499.5781065148603,500.4394152832031,496.82538410325844,38.26741628935029,19.52691843840383,-80.47308156159617,-3.277818503711046,-0.5425195277183087,-2.7352989759927375,521.0974072455214,486.2951251031115,503.6962661743164,6.909378623498806,75426000.0,0.9010288229522976,330486900,5.840611236129125,0.006822985124988074,0.007979210432697828,0.007283974183170484,25.12961621720814,-132.12199199830562,0.6172663323553325,486.1480407714844,-0.008728424887345487,490.4287109375,-0.0020576268405699816,491.4399108886719,-0.005918375749882188,495.26904296875,-0.012527995350374521
2024-04-23,496.4471130371094,496.879107389729,490.4385024479616,492.6475522211574,64633600,0.011866601330289495,0.011796745309364132,491.01776733398435,493.1278832419064,495.9611419677734,495.7437768133432,503.00310974121095,499.27991665983643,500.5572784423828,496.8105499438016,46.047194210977544,39.28691551515988,-60.71308448484012,-3.064787429621731,-1.0469731080989932,-2.0178143215227378,520.3996311466382,485.6065883357837,503.00310974121095,6.917063162642284,76232075.0,0.8478530854630416,395120500,5.883467929389001,0.009182180040939108,0.009310596400387932,0.0079184852221206,25.049380462011207,-78.73204155172849,0.9329264321257461,490.62506103515625,0.009209170639805864,486.1480407714844,-0.008728424887345487,490.4287109375,-0.0020576268405699816,494.3657531738281,-0.0018238365747783591
2024-04-24,496.2114868164063,498.13580621456754,493.9729842620111,497.3405506993321,55928100,-0.0004746250194941348,-0.0004747376896008112,491.9720825195312,494.1557511000731,495.1059936523437,495.82881499571823,502.34530181884764,498.9876852461764,500.67473571777344,496.78705727213907,45.795652956638925,42.952726266016384,-57.047273733983616,-2.8817527831449183,-1.4139290431081784,-1.46782374003674,519.7243661741518,484.96623746354345,502.34530181884764,6.919170655077127,75755295.0,0.7382731464513471,339192400,5.7605646453295325,0.008470571561252653,0.008951256847506165,0.007919864051023077,24.659476517954467,-57.992123462447466,0.5377367996646468,496.4471130371094,0.011866601330289495,490.62506103515625,0.009209170639805864,486.1480407714844,-0.008728424887345487,491.4399108886719,-0.005918375749882188
2024-04-25,494.326416015625,495.0922187297701,488.4356166876918,490.0948608953653,69122400,-0.003798926165283989,-0.003806160412681754,492.7516235351562,494.21263940525705,493.6814025878906,495.5556515447921,501.3792098999023,498.5437548432667,500.889560546875,496.6905615365895,43.737178215513325,35.812485491824,-64.18751450817601,-2.8558851008320403,-1.7023202546529506,-1.1535648461790897,518.2791419116529,484.47927788815167,501.3792098999023,6.741377256198796,75061425.0,0.9208778010809148,270070000,5.904515036999889,0.008709625779806943,0.008352040471785319,0.007598271161757394,25.12761319399695,-79.14722662299154,0.8849559115307304,496.2114868164063,-0.0004746250194941348,496.4471130371094,0.011866601330289495,490.62506103515625,0.009209170639805864,490.4287109375,-0.0020576268405699816
2024-04-26,499.0096740722656,500.60018526711485,496.4962684869457,497.1344324900181,64306100,0.009474019402783806,0.009429422335349876,495.3239501953125,495.8116509609266,493.4271209716797,496.1836556406963,500.6521850585938,498.58812810317136,501.11015686035154,496.78150712622386,49.7770610725422,53.55165482075884,-46.44834517924116,-2.4294794637229415,-1.847752096466949,-0.5817273672559926,516.6205889614387,484.6837811557489,500.6521850585938,6.379040930771544,73461985.0,0.8753656738243596,334376100,5.930890338034887,0.006927319898114793,0.00818859500426427,0.008008162835241367,24.30569733829421,-20.1764383166094,0.6124406804260479,494.326416015625,-0.003798926165283989,496.2114868164063,-0.0004746250194941348,496.4471130371094,0.011866601330289495,486.1480407714844,-0.008728424887345487
2024-04-29,500.77685546875,501.4542997979017,498.01800014192,500.8063082673151,46415400,0.003541377027949988,0.0035351211176637195,497.35430908203125,497.4667191302011,493.9779022216797,497.0187828821606,500.0581939697266,498.7965783284646,501.2987585449219,496.9381874533817,51.87640130004175,63.23196948923345,-36.76803051076655,-1.9267428621233194,-1.8635502495982232,-0.06319261252509611,515.0501972900324,485.0661906494207,500.0581939697266,5.996103453996583,72658880.0,0.6388124892649047,380791500,5.7527052893168,0.006573243432500868,0.007060125793137343,0.008083246173558194,23.364754182605104,-1.2823497198019536,0.8028564452891285,499.0096740722656,0.009474019402783806,494.326416015625,-0.003798926165283989,496.2114868164063,-0.0004746250194941348,490.62506103515625,0.009209170639805864
2024-04-30,492.8439331054688,500.28596329273006,492.8439331054688,499.3041633757631,77483600,-0.015841232031092223,-0.015968045383426038,496.6336730957031,495.9257904552904,493.8257202148437,496.2597192863984,499.230534362793,498.2296597357983,501.37763916015626,496.7776284593459,43.155629585856815,31.69415979000068,-68.30584020999932,-2.1437294412785945,-1.9195860879342976,-0.22414335334429691,513.892937520193,484.568131205393,499.230534362793,5.874000946722841,72821545.0,1.0640202703746535,303307900,5.9084350803142565,0.009458063722754423,0.008870847174597164,0.008662772458718689,23.284550286495755,-45.210980579347805,0.0,500.77685546875,0.003541377027949988,499.0096740722656,0.009474019402783806,494.326416015625,-0.003798926165283989,496.4471130371094,0.011866601330289495
2024-05-01,491.24359130859375,498.9408990129826,490.7723165650843,492.2548440181232,80242800,-0.003247157344092866,-0.003252440800077093,495.6400939941406,494.36505740639154,493.80608825683595,495.34769601770665,498.2948822021484,497.5643198855883,501.47834533691406,496.5606073946106,41.635052570204316,29.553820698946424,-70.44617930105358,-2.4169657997260856,-2.0190620302926554,-0.3979037694334302,512.4805331718645,484.10923123243236,498.2948822021484,5.693677168436677,73875895.0,1.0861837951337172,223065100,6.069874177998831,0.009470057293993295,0.008720907981752606,0.00864562234438764,23.494146296300674,-58.03773772406901,0.05769357737522176,492.8439331054688,-0.015841232031092223,500.77685546875,0.003541377027949988,499.0096740722656,0.009474019402783806,496.2114868164063,-0.0004746250194941348
2024-05-02,495.83837890625,496.682742360736,490.4581049217004,494.97439024106575,62550200,0.009353379217460045,0.009309907229155248,495.94248657226564,494.85616457301103,494.34705505371096,495.4369110883508,497.9001968383789,497.39994455422277,501.6621380615234,496.53228470879253,47.36895541442504,52.098648543839396,-47.901351456160604,-2.236960337161406,-2.0626416916664057,-0.17431864549500053,511.89676182964524,483.9036318471126,497.9001968383789,5.622237179315551,72160500.0,0.8668204904345175,285615300,6.080928696644313,0.010596232513778175,0.009158169251939791,0.008628103688271533,23.732433900066233,-45.22310628357487,0.8643513838609643,491.24359130859375,-0.003247157344092866,492.8439331054688,-0.015841232031092223,500.77685546875,0.003541377027949988,494.326416015625,-0.003798926165283989
2024-05-03,501.9845275878906,503.2215752067193,499.3042028164722,501.85688879465766,72756700,0.012395467844175778,0.012319273033390728,496.53745727539064,497.2322855779709,495.9307037353516,496.6273868155398,497.54969635009763,497.8365715098102,501.7674255371094,496.7460981550317,53.89392759684867,93.25855650805075,-6.741443491949251,-1.5801469279310254,-1.9661427389193298,0.3859958109883044,510.74560110978433,484.35379159041094,497.54969635009763,5.304356471921745,72071010.0,1.0095140889519933,358372000,6.1739478112032415,0.011263556159479013,0.009065931396819096,0.008771056573708764,22.5350195089491,48.34370295107009,0.6842149543972595,495.83837890625,0.009353379217460045,491.24359130859375,-0.003247157344092866,492.8439331054688,-0.015841232031092223,499.0096740722656,0.009474019402783806
2024-05-06,507.1684265136719,507.2076769404012,503.9579213801593,504.3997433592057,47264700,0.010326810172199163,0.010273852942172897,497.815771484375,500.54433255653794,497.5850402832031,498.54393948792745,497.4441543579102,498.7253196054161,501.9695397949219,497.15481691419404,58.560416168282934,99.82427275586271,-0.17572724413730587,-0.6340117565009109,-1.699716542435646,1.065704785934735,510.29229731550714,484.5960114003132,497.4441543579102,5.165662454785928,72014155.0,0.6563251349682573,405636700,6.106033635582337,0.011995115380728729,0.009154049045727104,0.009107785009032407,21.13989787825008,113.97470126578644,0.9879220371807917,501.9845275878906,0.012395467844175778,495.83837890625,0.009353379217460045,491.24359130859375,-0.003247157344092866,500.77685546875,0.003541377027949988
2024-05-07,507.72802734375,509.13199404488415,507.05058299886457,508.1403665332376,52561300,0.0011033826256197088,0.0011027743464124707,500.79259033203124,502.93889748560866,498.7131317138672,500.2137736435315,497.33713684082034,499.58272034240025,502.2192559814453,497.5694526173139,59.042334867256436,94.21290726920908,-5.787092730790929,0.15912796546911068,-1.3279476408546949,1.4870756063238055,509.79941232011265,484.874861361528,497.33713684082034,5.011600604955845,71239760.0,0.7378084934592705,458198000,5.818560593470712,0.006714802678548645,0.00866221467821091,0.00910738416959205,20.164693973222597,140.45527178541013,0.3254735993394498,507.1684265136719,0.010326810172199163,501.9845275878906,0.012395467844175778,495.83837890625,0.009353379217460045,492.8439331054688,-0.015841232031092223
2024-05-08,507.777099609375,508.3170775768839,505.764421771763,505.8822329674264,42047200,9.665069285569317e-05,9.664602247840614e-05,504.0992919921875,504.5516315268641,499.86969299316405,501.5889238191394,497.4878433227539,500.36313741544546,502.45155334472656,497.96975249935554,59.08726723704504,94.41518112047099,-5.584818879529022,0.7826349031254836,-0.9058311320586593,1.6884660351841427,510.3714540485626,484.6042325969452,497.4878433227539,5.179467558346035,69209480.0,0.6075352682898354,500245200,5.585281680017153,0.005646875517101698,0.008643869857261456,0.008807993896295913,19.011918787463536,126.01208938572427,0.7884642471168706,507.72802734375,0.0011033826256197088,507.1684265136719,0.010326810172199163,501.9845275878906,0.012395467844175778,491.24359130859375,-0.003247157344092866
2024-05-09,510.7028198242188,510.7421301704395,507.3058306373819,507.9636197691895,43643700,0.005761819934562817,0.005745284137203555,507.0721801757812,506.6020276259824,501.50733337402346,503.24599582006283,497.59436798095703,501.34786907342385,502.7554803466797,498.46908847287955,61.779437797504364,99.83842185256142,-0.16157814743857998,1.4956093597027689,-0.42554303370637364,1.9211523934091426,510.87201844850495,484.3167175134091,497.59436798095703,5.33673663607706,67886715.0,0.6428901442646032,543888900,5.431782955234327,0.005442574416072684,0.0084150844323068,0.008739847347244334,18.36221204134846,150.49739806105543,0.9885602678284042,507.777099609375,9.665069285569317e-05,507.72802734375,0.0011033826256197088,507.1684265136719,0.010326810172199163,495.83837890625,0.009353379217460045
2024-05-10,511.3607482910156,513.1279763404501,510.1334982671976,512.313065545826,52233200,0.0012882804661686897,0.0012874513449063559,508.9474243164062,508.18826784766014,502.74244079589846,504.721405360236,498.08478088378905,502.3014766179564,503.03693908691406,498.9746437598653,62.378960239190015,92.84301672952071,-7.156983270479293,2.0896479214982833,0.0774951573345577,2.0121527641637256,512.579720748823,483.58984101875507,498.08478088378905,5.8202701312473355,65870320.0,0.7929701874835282,596122100,5.2576897493784855,0.004292652721701709,0.008141065939637713,0.008090463884386358,18.15177502059792,155.16414013831962,0.4098377058557146,510.7028198242188,0.005761819934562817,507.777099609375,9.665069285569317e-05,507.72802734375,0.0011033826256197088,501.9845275878906,0.012395467844175778
2024-05-13,511.4293518066406,513.1573291923936,510.2806627198221,513.0493455868614,36716400,0.00013415874381106363,0.00013414974533160063,509.799609375,509.26862916732034,503.8076904296875,505.941031986855,498.8927963256836,503.1707980644978,503.226396484375,499.4630636832683,62.44510984298918,93.01028443954142,-6.989715560458583,2.536721742709915,0.5693404744096291,1.9673812683002858,514.4337604043808,483.3518322469865,498.8927963256836,6.230181791821992,63101070.0,0.5818665198545762,632838500,5.087616658177987,0.002347538958156133,0.008162881210274704,0.007445891123618541,17.961252608913703,131.4736110916679,0.39931257159324635,511.3607482910156,0.0012882804661686897,510.7028198242188,0.005761819934562817,507.777099609375,9.665069285569317e-05,507.1684265136719,0.010326810172199163
2024-05-14,513.7759399414062,514.2963227171578,511.0858174668512,511.6257954945224,57535900,0.004588293820986689,0.004577799688757099,511.0091918945312,510.77106609201564,505.90089111328126,507.3655607058643,499.8633056640625,504.1808115765843,503.4735516357422,500.0243529482933,64.72956407811893,97.9877472209824,-2.012252779017596,3.045276961045545,1.0645277717368122,1.9807491893087326,516.5353415274274,483.1912698006977,499.8633056640625,6.670638022215389,62303665.0,0.9234753685838546,690374400,4.953537271901455,0.0026345026349231717,0.005171962375583621,0.0074272339676188836,17.981580946826718,125.24895400597534,0.8379124981073913,511.4293518066406,0.00013415874381106363,511.3607482910156,0.0012882804661686897,510.7028198242188,0.005761819934562817,507.72802734375,0.0011033826256197088
2024-05-15,520.137939453125,520.4324674154246,515.621624308743,516.2598181639803,59504900,0.012382828811415836,0.012306788671245022,513.4813598632812,513.8933572123855,508.7903259277344,509.6878113871844,501.29820709228517,505.7005380410167,503.9481719970703,500.813121046522,70.0490328255787,99.01740041223127,-0.9825995877687309,3.916523580778403,1.6349269335451306,2.2815966472332723,519.6759776464673,482.92043653810305,501.29820709228517,7.33207112819334,61483395.0,0.9678206611720124,749879300,5.075179429195522,0.004810577665128135,0.005038004957071467,0.0075329608365393924,18.93101819238613,151.64776126119062,0.9387783064501823,513.7759399414062,0.004588293820986689,511.4293518066406,0.00013415874381106363,511.3607482910156,0.0012882804661686897,507.777099609375,9.665069285569317e-05
2024-05-16,519.0678100585938,521.8463206535929,518.9205160986112,520.2361543782758,50244800,-0.002057395381802718,-0.0020595147270676224,515.1543579101562,515.6181748277883,511.11326904296874,511.393265691077,502.7301620483398,506.97361156650027,504.3510821533203,501.52899120385814,68.18616916275288,91.14791799976066,-8.852082000239335,4.469125013987991,2.201766549633703,2.267358464354288,521.9411755338839,483.5191485627958,502.7301620483398,7.642673917661943,60268230.0,0.8336863385568151,699634500,4.921652652465964,0.005633013481257117,0.005408087000777836,0.007532952870009692,19.99936647940791,139.6481833533507,0.050343061954269436,520.137939453125,0.012382828811415836,513.7759399414062,0.004588293820986689,511.4293518066406,0.00013415874381106363,510.7028198242188,0.005761819934562817
2024-05-17,519.81396484375,519.8826980271124,517.7227262796864,519.1855985309879,59187600,0.0014374899978328859,0.0014364577981520246,516.8450012207031,517.0167714997756,512.8962127685547,512.9243019006539,504.4134582519531,508.19650235480975,504.66986389160155,502.24604899365784,68.80902170712913,93.52509926909325,-6.474900730906758,4.910666974275898,2.743546634562142,2.167120339713756,523.4162740719252,485.41064243198105,504.4134582519531,7.534618876279151,58116980.0,1.0184218106309033,758822100,4.724389730677394,0.00562028951787359,0.004719881733959637,0.007035808699920615,20.6706496750087,119.38166792459609,0.9681786655121254,519.0678100585938,-0.002057395381802718,520.137939453125,0.012382828811415836,513.7759399414062,0.004588293820986689,511.3607482910156,0.0012882804661686897
2024-05-20,520.4129028320312,521.8856028241897,519.5390864548481,519.9318304224834,37764200,0.001152216040331444,0.0011515527488841174,518.6417114257813,518.1488152771942,514.2206604003907,514.2858657063588,505.90285034179686,509.35996906692606,505.0611114501953,502.9584746343784,69.32811727972587,95.31397632503912,-4.686023674960873,5.248420919728687,3.2445214915954512,2.003899428133236,525.0184544314192,486.7872462521745,505.90285034179686,7.557025652932178,56607140.0,0.667127857015917,796586300,4.554541633439126,0.00549408111598794,0.004097415700664178,0.006913904825089757,21.581226084794682,119.34633067634711,0.37238878388523483,519.81396484375,0.0014374899978328859,519.0678100585938,-0.002057395381802718,520.137939453125,0.012382828811415836,511.4293518066406,0.00013415874381106363
2024-05-21,521.689208984375,521.846330534573,519.440908663292,519.6471082263093,33437000,0.00245248752557492,0.002449485086005143,520.224365234375,519.3289465129212,515.6167785644532,515.6319281205435,507.16495513916016,510.5341823923974,505.4864990234375,503.6930132363391,70.45645378419772,99.375089164196,-0.6249108358040043,5.555045488350515,3.7066262909464642,1.8484191974040511,526.9385313426809,487.39137893563935,507.16495513916016,7.797690279327418,55047310.0,0.6074229603590076,830023300,4.401033078999258,0.005471361978728376,0.004065157106788145,0.006589485632883513,22.398193482302393,111.37932820009361,0.9346802520724646,520.4129028320312,0.001152216040331444,519.81396484375,0.0014374899978328859,519.0678100585938,-0.002057395381802718,513.7759399414062,0.004588293820986689
2024-05-22,520.1870727539062,521.7088506578033,517.997618165417,520.9921558859738,48390000,-0.0028793699478528723,-0.002883523308124311,520.2341918945312,519.6149885932496,516.8577758789063,516.4601362357004,508.36373443603514,511.45350528396966,505.77417907714846,504.3398390997731,67.3176353266933,92.47818970611661,-7.521810293883385,5.612144519588298,4.087729936674831,1.524414582913467,528.242503121266,488.4849657508042,508.36373443603514,7.820687172850321,54670405.0,0.8851223984896399,781633300,4.351761608526906,0.002341479147447199,0.00437590314261612,0.006668156280968084,22.7263171986837,94.08098726127673,0.5899534973683308,521.689208984375,0.00245248752557492,520.4129028320312,0.001152216040331444,519.81396484375,0.0014374899978328859,520.137939453125,0.012382828811415836
2024-05-23,516.3875122070312,523.3680953200814,515.1700299587022,523.260111709731,57211200,-0.00730421947389015,-0.007331025898053124,519.6981323242187,518.5391631311768,517.4262451171875,516.4469318668514,509.46678924560547,511.9234107052136,506.0017248535156,504.81229686868517,60.03245579445002,64.03647316785388,-35.96352683214611,5.289825317877558,4.328149012915377,0.9616763049621806,528.5394257976326,490.39415269357835,509.46678924560547,7.487293364212802,54074845.0,1.0580002587154895,724422100,4.626497590873492,0.004054758855535738,0.005151226491937442,0.006881841543083393,22.239554166294116,74.1942662701002,0.14850848275127168,520.1870727539062,-0.0028793699478528723,521.689208984375,0.00245248752557492,520.4129028320312,0.001152216040331444,519.0678100585938,-0.002057395381802718
2024-05-24,519.80419921875,520.6191100051178,517.2907935924079,518.2431108375699,41291100,0.00661651750081238,0.00659472442558489,519.6961791992187,518.9608418270345,518.2705902099609,517.0573441126511,510.5065155029297,512.6739619922171,506.31757080078125,505.4002146079034,63.82378142084941,79.75481599593849,-20.24518400406151,5.249569348037539,4.512433079939809,0.7371362680977303,529.4523197805506,491.5607112253088,510.5065155029297,7.422355524280152,52924095.0,0.7801947298295795,765713200,4.598290462817283,0.005309489403334086,0.0054381998386583775,0.006751477954308294,21.787559921932363,74.92097015129218,0.755158258592417,516.3875122070312,-0.00730421947389015,520.1870727539062,-0.0028793699478528723,521.689208984375,0.00245248752557492,519.81396484375,0.0014374899978328859
2024-05-28,520.1674194335938,520.8546913706681,517.5165476330567,520.6190689749426,36269600,0.0006987635255537583,0.0006985195039903979,519.6470825195313,519.3630343625543,519.1443969726563,517.6228123528225,511.4760437011719,513.3876246056815,506.70989868164065,505.97932067949915,64.21243730026862,81.81813655142815,-18.18186344857184,5.1871804503664976,4.647382554025147,0.5397978963413506,530.3152824355934,492.6368049667503,511.4760437011719,7.366616273206465,52416805.0,0.6919460276146171,801982800,4.508279982445434,0.0052888817671248615,0.005423598206834992,0.006748684218508665,21.418065690608415,71.34931054073886,0.7941155351070865,519.80419921875,0.00661651750081238,516.3875122070312,-0.00730421947389015,520.1870727539062,-0.0028793699478528723,520.4129028320312,0.001152216040331444
2024-05-29,516.5249633789062,517.7129629685619,515.808268544491,516.1126241518484,45190300,-0.007002468664134565,-0.007027101006655498,518.6142333984375,518.4170107013383,519.4192993164063,517.423203448474,512.6600952148438,513.68641877456,506.9698797607422,506.39287529516224,57.536744387510986,57.39621979616737,-42.60378020383263,4.788620797397186,4.675630202699555,0.11299059469763151,529.5413337084127,495.77885672127474,512.6600952148438,6.585743127322777,50802140.0,0.8895353620930142,756792500,4.497627904349524,0.005819301658339818,0.005952571794197547,0.0057378733932570815,20.564477550358458,40.6313403480884,0.37627811858964627,520.1674194335938,0.0006987635255537583,519.80419921875,0.00661651750081238,516.3875122070312,-0.00730421947389015,521.689208984375,0.00245248752557492
2024-05-30,513.0984497070312,515.6413379056687,511.8417769507304,514.9737211407102,46377600,-0.006633781355813051,-0.0066558826811508485,517.1965087890625,516.6441570365694,518.7153503417969,516.6368845863935,513.7528381347656,513.6304217205097,507.10536682128907,506.6558389975885,52.05427255393521,22.403035226430386,-77.59696477356961,4.148447661873945,4.570193694534433,-0.42174603266048827,527.4825492657209,500.0231270038104,513.7528381347656,5.344870183414433,49108880.0,0.9443831746926421,710414900,4.510882084622835,0.006195374620231855,0.004646548882202497,0.005957958968013769,19.45834168364369,0.5104254876186901,0.3307415701897051,516.5249633789062,-0.007002468664134565,520.1674194335938,0.0006987635255537583,519.80419921875,0.00661651750081238,520.1870727539062,-0.0028793699478528723
2024-05-31,517.771728515625,517.8993672768601,508.9257031947236,514.0605566273392,90785800,0.009107957373993392,0.009066730072152562,517.4733520507813,517.0200141962546,518.5857421875,516.8432198462538,514.8495056152344,514.0248318914731,507.2406573486328,507.09175623358993,57.94064383043219,61.25041644153718,-38.74958355846282,3.9724089260455457,4.450636740836656,-0.47822781479111054,525.9282679819091,503.7707432485597,514.8495056152344,4.303689620304022,50520660.0,1.7970034437396503,801200700,4.829652227302378,0.0073944172091533105,0.0056838937027892805,0.005942673857206311,19.07662945952862,4.9065558649427095,0.9857762938120533,513.0984497070312,-0.006633781355813051,516.5249633789062,-0.007002468664134565,520.1674194335938,0.0006987635255537583,516.3875122070312,-0.00730421947389015
2024-06-03,518.1940307617188,519.6765583574672,513.0886587497955,519.391857928712,46835700,0.0008156147252467161,0.0008152822923025524,517.151318359375,517.4113530514094,518.4237487792968,517.0888218308837,515.6599807739258,514.4218984505442,507.3506182861328,507.5271395484186,58.43722320453334,64.17446283515558,-35.82553716484442,3.822905150642896,4.325090422797905,-0.5021852721550086,525.1070508704219,506.2129106774297,515.6599807739258,3.6640695220588917,49224610.0,0.9514691939661889,848036400,4.955241325900188,0.006620673527742865,0.005666933092401448,0.00543802156759818,18.242873967167963,27.0331754022425,0.7749620236927187,517.771728515625,0.009107957373993392,513.0984497070312,-0.006633781355813051,516.5249633789062,-0.007002468664134565,519.80419921875,0.00661651750081238
2024-06-04,518.7732543945312,519.5194318932624,515.4056879878339,516.8783878118635,34632700,0.0011177736493048762,0.0011171494054715702,516.8724853515625,517.8653201657834,518.2597839355469,517.3950822970014,516.2402221679688,514.8363133023524,507.49160339355467,507.9681636600309,59.14963251937704,68.18504243848533,-31.814957561514667,3.708412566256584,4.201754851489641,-0.4933422852330569,524.9245533962817,507.5558909396559,516.2402221679688,3.3644535452285114,48593010.0,0.7127095028688283,882669100,4.895134367295072,0.006643877814781268,0.005665964382997711,0.00503557728631066,17.468672438547355,35.991219341276064,0.8186135267612609,518.1940307617188,0.0008156147252467161,517.771728515625,0.009107957373993392,513.0984497070312,-0.006633781355813051,520.1674194335938,0.0006987635255537583
2024-06-05,524.93896484375,524.9586200186185,519.1070707176025,521.1099809761525,47610400,0.011885174104464769,0.011815100104059055,518.5552856445313,520.2232017251056,518.5847595214843,518.7666973055011,517.1007690429688,515.7984705920094,507.7841778564453,508.63368527507873,65.8582412054642,99.87740736707873,-0.12259263292126799,4.068300832942782,4.175064047780269,-0.1067632148374873,525.650481194238,508.55105689169955,517.1007690429688,3.3067876371921474,48345465.0,0.9847955749313819,930279500,4.987293742780227,0.007366194503611851,0.006839049053875217,0.00557884060487547,17.01681049570744,121.83571936870351,0.9966410306130821,518.7732543945312,0.0011177736493048762,518.1940307617188,0.0008156147252467161,517.771728515625,0.009107957373993392,516.5249633789062,-0.007002468664134565
2024-06-06,524.9291381835938,525.6753157381511,522.9851934462151,525.2433213604766,30808500,-1.871962421229334e-05,-1.87197994266453e-05,520.9214233398437,521.7918472112683,519.0589660644531,519.887141101518,517.9583709716796,516.6680579816841,508.09540771484376,509.2727226440401,65.83968318201218,95.54510558006828,-4.4548944199317235,4.303118278876013,4.200674893999419,0.10244338487659466,526.0222511751572,509.8944907682021,517.9583709716796,3.1137174936857797,47783530.0,0.6447514446923448,899471000,4.823210067719921,0.005503948230381352,0.0067344089696877475,0.005580626514070965,16.74902813627274,146.57772152248248,0.7226231845048913,524.93896484375,0.011885174104464769,518.7732543945312,0.0011177736493048762,518.1940307617188,0.0008156147252467161,513.0984497070312,-0.006633781355813051
2024-06-07,524.2910766601562,527.1186657187565,522.8477993644248,523.9474106734001,43224500,-0.0012155193473263326,-0.0012162586901525946,522.22529296875,522.624923694231,519.8493225097657,520.687856657634,518.6377838134765,517.3940597605862,508.3082641601562,509.8616777034956,64.56742181642858,84.45778660366626,-15.54221339633374,4.387154181610754,4.237970751521686,0.1491834300890682,526.42699330317,510.848574323783,518.6377838134765,3.0037184843805407,47762570.0,0.9049868966431245,856246500,4.783756945335049,0.00531452742218072,0.006157968711765434,0.005529697774611276,16.805884406082082,145.6490883629543,0.33793548567350085,524.9291381835938,-1.871962421229334e-05,524.93896484375,0.011885174104464769,518.7732543945312,0.0011177736493048762,517.771728515625,0.009107957373993392
2024-06-10,525.910888671875,526.2348994057324,522.8771606503717,523.4760441854506,35686100,0.003089528095799876,0.003084765311188927,523.7686645507813,523.7202453534458,520.4599914550781,521.6374988420414,519.3652908325196,518.2051863235661,508.555478515625,510.49105852578504,66.345374158487,93.36129536195114,-6.638704638048864,4.532213990310879,4.296819399279524,0.23539459103135485,527.0166489002436,511.71393276479563,519.3652908325196,2.9464264180839606,46935215.0,0.7603267610471157,891932600,4.681898503194026,0.005229157732431123,0.0059315635311775325,0.005543662457564948,16.858679513762187,141.97582862904113,0.9035032926756124,524.2910766601562,-0.0012155193473263326,524.9291381835938,-1.871962421229334e-05,524.93896484375,0.011885174104464769,518.1940307617188,0.0008156147252467161
2024-06-11,527.1774291992188,527.2363347918784,522.3665860762226,524.3498409029419,36383400,0.002408279719292805,0.002405384461152245,525.4494995117187,524.8726399687034,521.1609924316406,522.6447589069827,520.1526947021484,519.0596856450568,508.8458935546875,511.14542600317463,67.70973163537857,99.67829841178798,-0.3217015882120164,4.695250247282161,4.376505568880052,0.3187446784021084,527.6141514226887,512.6912379816082,520.1526947021484,2.8689485978008227,46918565.0,0.7754584992102806,928316000,4.69531637551273,0.005145964839132488,0.005940638735597521,0.005539256233123213,17.13249726271106,143.08552053455938,0.9879037715911065,525.910888671875,0.003089528095799876,524.2910766601562,-0.0012155193473263326,524.9291381835938,-1.871962421229334e-05,518.7732543945312,0.0011177736493048762
2024-06-12,531.5072631835938,534.2170409222175,530.4665575226765,531.7723683741217,63251300,0.008213238550353053,0.00817969345734454,526.7631591796875,527.0841810403335,522.6592224121093,524.2561233209119,521.0392608642578,520.2451692201555,509.28809631347656,511.9439294220146,71.90323137873618,89.28574768238538,-10.714252317614624,5.114877943123929,4.524180043728828,0.5906978993951011,529.4167296333756,512.6617920951401,521.0392608642578,3.215676590367441,47204335.0,1.33994685022043,991567300,4.8627660431903035,0.0036450643240285747,0.00549388948018003,0.005701450933179158,18.648374372621088,239.4092991749024,0.27748573984273583,527.1774291992188,0.002408279719292805,525.910888671875,0.003089528095799876,524.2910766601562,-0.0012155193473263326,524.93896484375,0.011885174104464769
2024-06-13,532.577392578125,533.4413813243644,529.7694591150035,533.26466452504,44760900,0.002013386210606871,0.0020113620650594665,528.2928100585938,528.9152515529307,524.6071166992188,525.7690813676779,521.6612335205078,521.4196666828193,509.7405114746094,512.7530848399012,72.84198729179445,93.51695682624938,-6.483043173750614,5.470723320989578,4.713488699180978,0.7572346218085997,531.413043797022,511.9094232439936,521.6612335205078,3.7387521440697022,46467135.0,0.9632808220261482,1036328200,4.777705769345346,0.0033996978265407713,0.00440277306582029,0.0051221894077966255,19.824818097882552,186.35412762918247,0.764703962378797,531.5072631835938,0.008213238550353053,527.1774291992188,0.002408279719292805,525.910888671875,0.003089528095799876,524.9291381835938,-1.871962421229334e-05
2024-06-14,532.9013671875,532.9307900232349,530.024640808097,531.0359234473256,40089900,0.0006083146109652215,0.0006081296626329789,530.0148681640625,530.2439567644539,526.1200805664063,527.0658606076455,522.3529113769531,522.5131619689794,510.3238970947266,513.5432135594149,73.13463719525048,94.7979274608031,-5.202072539196905,5.713019260281953,4.913394811401173,0.7996244488807802,533.1745139643959,511.5313087895102,522.3529113769531,4.143406632468644,45959390.0,0.8722896452716191,1076418100,4.644023158330522,0.002910082778464695,0.004058683448315132,0.005067498593864109,20.917230128482483,152.68164654640597,0.9898756623780396,532.577392578125,0.002013386210606871,531.5072631835938,0.008213238550353053,527.1774291992188,0.002408279719292805,524.2910766601562,-0.0012155193473263326
2024-06-17,537.1427001953125,538.5467267827651,531.7526283434909,532.2141054561657,55839500,0.007958945630402559,0.007927440278480012,532.26123046875,532.5435379080734,528.0149475097656,528.8980132599486,523.2193481445313,523.9064513238683,510.8868603515625,514.4686836235677,76.67783460485647,95.26003352558217,-4.739966474417833,6.176086583595406,5.16593316584002,1.0101534177553866,535.7318440038852,510.7068522851775,523.2193481445313,4.782887293341243,45791985.0,1.2194164546481223,1132257600,4.797599964112213,0.003574889059869419,0.0042755146743149305,0.005280253900831816,22.762780504726944,172.98013703215213,0.793346151799077,532.9013671875,0.0006083146109652215,532.577392578125,0.002013386210606871,531.5072631835938,0.008213238550353053,525.910888671875,0.003089528095799876
2024-06-18,538.5074462890625,538.635085076816,536.7794687849962,537.2016355735989,41376400,0.0025407514488304805,0.0025375291966752878,534.5272338867187,534.5315073684031,529.9883666992188,530.6451829016056,524.1240753173828,525.2970222729344,511.4714239501953,515.4113801986852,77.69712439233956,99.57037548522517,-0.42962451477482666,6.577374498700351,5.448221432412086,1.1291530662882652,538.2116013428464,510.0365492919192,524.1240753173828,5.375645458351791,45972595.0,0.9000231550992499,1173634000,4.587458273234186,0.0035583686274682723,0.0042066232802932205,0.005282434204794617,24.488028170718966,166.4592104718885,0.9312148807868661,537.1427001953125,0.007958945630402559,532.9013671875,0.0006083146109652215,532.577392578125,0.002013386210606871,527.1774291992188,0.002408279719292805
2024-06-20,537.0446166992188,540.107828000523,535.2577334527383,539.4402111706817,70328200,-0.0027164519263834785,-0.0027201481772269505,535.6347045898438,535.3692104786751,531.1989318847657,531.8087163193535,524.891845703125,526.4158407897235,512.0149487304687,516.2597424143923,73.96560931072575,90.17638688709712,-9.823613112902878,6.700125068909529,5.698602159711575,1.0015229091979538,540.0015401793627,509.7821512268873,524.891845703125,5.757260128892767,47817155.0,1.4707734075772596,1103305800,4.606218007130651,0.0038713865440446406,0.003551615778972516,0.005370608791056165,25.53174801873263,137.5960100429579,0.36842235318067545,538.5074462890625,0.0025407514488304805,537.1427001953125,0.007958945630402559,532.9013671875,0.0006083146109652215,531.5072631835938,0.008213238550353053
2024-06-21,536.3245849609375,537.447462175694,534.8569932184257,536.2162529799443,64338600,-0.0013407298311762794,-0.0013416294135709175,536.3841430664063,535.6876686394293,532.3384765625,532.629783345096,525.6987213134765,527.3595307107914,512.6461810302734,517.0465989848451,72.1293464947335,85.99792982353209,-14.002070176467905,6.662504037171743,5.8913825352036095,0.7711215019681337,541.4280951678171,509.96934745913603,525.6987213134765,5.984178091603551,48614585.0,1.323442337315026,1038967200,4.462235932140482,0.004165456371729039,0.0036696683021674864,0.00531584010462664,26.35323469302058,108.78544091572283,0.5665351589477238,537.0446166992188,-0.0027164519263834785,538.5074462890625,0.0025407514488304805,537.1427001953125,0.007958945630402559,532.577392578125,0.002013386210606871
2024-06-24,534.5811157226562,538.7278494880962,534.4629244620497,536.1472401021375,45528700,-0.0032507725492543216,-0.0032560677891990716,536.7200927734375,535.3188176671716,533.36748046875,532.984571050107,526.6084014892579,528.0473007119215,513.1663568115234,517.7342270922103,67.74381737911007,77.62658508522843,-22.373414914771576,6.418022730765756,5.996710574316039,0.42131215644971665,542.1821869264606,511.0346160520551,526.6084014892579,5.914750084943505,48030460.0,0.9479130535081279,993438500,4.4481422959909125,0.004677258246102206,0.00392498981761514,0.005030420919480946,27.334878604161705,92.79204949375331,0.02771238881854668,536.3245849609375,-0.0013407298311762794,537.0446166992188,-0.0027164519263834785,538.5074462890625,0.0025407514488304805,532.9013671875,0.0006083146109652215
2024-06-25,536.6397705078125,537.004203612723,534.2856841465313,535.8123714938099,37936200,0.0038509680282539094,0.0038435720326240883,536.6195068359375,535.7591352807186,534.4403686523438,533.6491527696897,527.4501800537109,528.865631168673,513.8681024169922,518.4756209516457,70.05872770658033,83.48603602246763,-16.51396397753237,6.317560861249262,6.060880631702684,0.25668022954657843,543.2797305023946,511.6206296050272,527.4501800537109,6.002292177460916,47862715.0,0.7926044312362974,1031374700,4.324597808148116,0.003196156486401674,0.003956757260618059,0.004926391880671822,28.17434511484138,82.63185105078648,0.865944272413974,534.5811157226562,-0.0032507725492543216,536.3245849609375,-0.0013407298311762794,537.0446166992188,-0.0027164519263834785,537.1427001953125,0.007958945630402559
2024-06-26,537.3095703125,538.0285772692542,534.8668704239683,535.5169224493349,38550600,0.0012481367231760299,0.0012473584480646785,536.379931640625,536.2759469579792,535.4535827636719,534.3146832320189,528.3072875976562,529.6698158490375,514.7089129638672,519.214207201091,70.7931603031917,84.22738554627234,-15.772614453727659,6.2202877472013824,6.092762054802424,0.12752569239895806,544.321966140946,512.2926090543665,528.3072875976562,6.062637756186342,47976765.0,0.803526457025604,1069925300,4.2415341679436755,0.0029646326280946774,0.003961392978459329,0.004922594184487565,29.140493541813495,80.34065687579373,0.7725889868937317,536.6397705078125,0.0038509680282539094,534.5811157226562,-0.0032507725492543216,536.3245849609375,-0.0013407298311762794,538.5074462890625,0.0025407514488304805
2024-06-27,538.1566162109375,538.7377734099973,536.4230640239002,537.1716488426333,35041500,0.0015764578657047057,0.001575216560409292,536.6023315429687,536.9028367089653,536.1185180664063,535.0132165009131,529.3888702392578,530.4780825501708,515.5847302246094,519.9570467701045,71.73731197927876,89.00183088697473,-10.998169113025273,6.140760760888725,6.102361796019685,0.03839896486903971,544.991045306529,513.7866951719866,529.3888702392578,5.894409929781788,47469325.0,0.7381925064238853,1104966800,4.103903826383205,0.00275542359129526,0.0032870737697418017,0.004484721894252592,30.166691402455523,81.91441930537151,0.748928654877657,537.3095703125,0.0012481367231760299,536.6397705078125,0.0038509680282539094,534.5811157226562,-0.0032507725492543216,537.0446166992188,-0.0027164519263834785
2024-06-28,536.0388793945312,542.0078389927284,534.7880117936159,538.934685684169,76144500,-0.003935168225407737,-0.00394293137277552,536.5451904296875,536.6148509374873,536.4646667480469,535.1997006633892,530.5358917236329,531.0076822496337,516.4767095947266,520.5877068730232,65.99340419053092,69.61008738306602,-30.38991261693398,5.8395368431141605,6.0497968054385804,-0.2102599623244199,544.4619176397724,516.6098658074933,530.5358917236329,5.249795964188572,48957670.0,1.5553129877300125,1028822300,4.326469781578155,0.003349402685301685,0.0036514120147115117,0.004243398340870016,31.65776854965609,75.26329045987609,0.1732545068463462,538.1566162109375,0.0015764578657047057,537.3095703125,0.0012481367231760299,536.6397705078125,0.0038509680282539094,536.3245849609375,-0.0013407298311762794
2024-07-01,537.14208984375,537.6739505394513,534.3644748642668,537.4277087162804,40297800,0.002058079164826365,0.002055964221219133,537.0573852539062,536.7905972395749,536.8887390136719,535.5528623325457,531.5044097900391,531.5919115443115,517.4109771728515,521.2368983620713,67.45529121944863,75.22689021081054,-24.773109789189455,5.624993161682937,5.964836076687452,-0.3398429150045148,544.4011414332689,518.6076781468092,531.5044097900391,4.852916139801904,46433270.0,0.8678647874681236,1069120100,4.253827345407184,0.0029150123736049346,0.0036780780871608115,0.003919634713254928,32.84530404702683,59.24987454703393,0.8392915531081578,536.0388793945312,-0.003935168225407737,538.1566162109375,0.0015764578657047057,537.3095703125,0.0012481367231760299,534.5811157226562,-0.0032507725492543216
2024-07-02,540.7568969726562,540.7568969726562,535.4774867707054,535.5267231112665,40434800,0.006729703736227055,0.00670716036366649,537.880810546875,538.1126971506021,537.2501586914062,536.4990504489294,532.6325531005859,532.464767299392,518.503154296875,522.0023885036629,71.74182465448158,89.77853251353184,-10.221467486468153,5.681161579258628,5.908101177201687,-0.2269395979430593,544.5876074123968,520.6774987887751,532.6325531005859,4.489043804107545,46113225.0,0.8768590789301768,1109554900,4.327083263731735,0.003783692226257185,0.0034239629530468728,0.004058485288591171,34.41064202157526,85.91708585000919,0.9999999999810585,537.14208984375,0.002058079164826365,536.0388793945312,-0.003935168225407737,538.1566162109375,0.0015764578657047057,536.6397705078125,0.0038509680282539094
2024-07-03,543.1701049804688,543.5345380828469,540.4023491902368,540.4417262410547,32789900,0.0044626485974057495,0.004452720507247145,539.0529174804688,539.7984997605577,537.7164245605469,537.7119694546639,533.8523956298828,533.4843232690183,519.5540551757813,522.8324950321652,74.1862215078315,97.35248084497374,-2.647519155026257,5.852932213831309,5.897067384527612,-0.04413517069630313,544.8416280058377,522.863163253928,533.8523956298828,4.116955347924921,46021085.0,0.7124973259539622,1142344800,4.241733665794475,0.003990134246542455,0.0035901619733066685,0.004082942336073662,36.21428632741595,123.48523593506789,0.8836490662085127,540.7568969726562,0.006729703736227055,537.14208984375,0.002058079164826365,536.0388793945312,-0.003935168225407737,537.3095703125,0.0012481367231760299
2024-07-05,546.30224609375,546.7060562116288,542.8351421606977,543.475394915709,41488400,0.005766409241896531,0.005749847142849864,540.6820434570312,541.9664152049552,538.6421875,539.2738379344977,534.9205596923828,534.7050778237547,520.5511578369141,523.7528774267372,76.97067549492118,97.57928144518637,-2.4207185548136354,6.170667674868469,5.9517874425957835,0.21888023227268505,546.3795839088579,523.4615354759077,534.9205596923828,4.284383544003183,45714985.0,0.9075448673996065,1183833200,4.215246550447091,0.004262789288355374,0.0036507034212766806,0.003517685659549643,38.22783898595905,156.68438848244273,0.8956809392677499,543.1701049804688,0.0044626485974057495,540.7568969726562,0.006729703736227055,537.14208984375,0.002058079164826365,538.1566162109375,0.0015764578657047057
2024-07-08,546.9326782226562,547.8880676594589,545.859037400113,547.0902465409208,36110500,0.0011539987862287937,0.0011533334414516672,542.8608032226563,543.6218362108556,539.7029968261719,540.6663543505265,536.0207366943359,535.8696111950786,521.5655816650391,524.6618892226555,77.49683068140054,94.07893756039743,-5.921062439602563,6.399575597076819,6.041345073491991,0.35823052358482776,547.6551759079407,524.3862974807312,536.0207366943359,4.341040716206196,45980085.0,0.7853508752756764,1219943700,4.05908824393986,0.002379625497437085,0.0035007259551127095,0.003491902606956496,40.212134823999676,176.51299011346268,0.5291398773108635,546.30224609375,0.005766409241896531,543.1701049804688,0.0044626485974057495,540.7568969726562,0.006729703736227055,536.0388793945312,-0.003935168225407737
2024-07-09,547.464599609375,548.8041408748146,547.1691214063575,547.8979876796808,27289700,0.0009725536759794817,0.0009720810520630802,544.9253051757812,544.9027573436954,540.9913452148437,541.9023989430444,537.1794128417969,536.973895805964,522.6283453369141,525.5561131593896,77.95449443328107,90.77352854708,-9.22647145292,6.548422249632722,6.142760508720138,0.405661740912584,548.5224930644011,525.8363326191926,537.1794128417969,4.223199903584127,45183345.0,0.6039769742589886,1247233400,3.902829273098324,0.0026402344542583436,0.0030236828452948304,0.003417324291477149,42.142698854644934,178.89616331975864,0.18071846158399382,546.9326782226562,0.0011539987862287937,546.30224609375,0.005766409241896531,543.1701049804688,0.0044626485974057495,537.14208984375,0.002058079164826365
2024-07-10,552.8818969726562,553.2266115086117,548.4003074170465,548.695785607528,38701200,0.009895246865544438,0.009846609499585981,547.3503051757813,547.562470553349,542.6155578613282,543.8986713120647,538.527963256836,538.4889435361252,523.7057897949219,526.6277125246157,81.97513125808189,98.18005460152115,-1.819945398478853,7.022563180191696,6.318721043014451,0.7038421371772454,550.5823728330525,526.4735536806194,538.527963256836,4.476799868781399,45334100.0,0.8536885037973623,1285934600,4.035628032108205,0.0036857856522241757,0.003841939502493943,0.0038278507388198866,44.306395881083795,202.06982832789762,0.928575877211982,547.464599609375,0.0009725536759794817,546.9326782226562,0.0011539987862287937,546.30224609375,0.005766409241896531,540.7568969726562,0.006729703736227055
2024-07-11,548.1146240234375,553.8767192211716,547.4744313021142,553.0000838317138,53054200,-0.008622588251346763,-0.008659977850654699,548.339208984375,547.7465217100453,543.6960632324219,544.665208168678,539.5748229980469,539.4056750111074,524.6525451660157,527.4703365049617,69.89449565166396,70.58810228361622,-29.411897716383773,6.933716629208334,6.441720160253228,0.4919964689551062,551.1307313228936,528.0189146732002,539.5748229980469,4.283338596355703,46167640.0,1.1491642197868464,1232880400,4.204675166890287,0.006909997628704058,0.005322644461175543,0.004566767803230648,45.89042649568703,146.613519122857,0.09999436598401738,552.8818969726562,0.009895246865544438,547.464599609375,0.0009725536759794817,546.9326782226562,0.0011539987862287937,543.1701049804688,0.0044626485974057495
2024-07-12,551.5718383789062,555.1965108923417,548.774564863736,549.2473299383824,53084400,0.006307466000616824,0.006287657188911254,549.3931274414062,549.0216272663323,545.0375854492188,545.9209591159922,540.5780517578125,540.5643572366121,525.8271032714844,528.4154934411948,73.0017977823205,82.66604875313362,-17.33395124686638,7.060879973697979,6.5655521229421785,0.49532785075580055,552.6313383126213,528.5247652030038,540.5780517578125,4.459406561407654,45659295.0,1.1626197907786355,1285964800,4.410190288462712,0.006990756824318563,0.005487939013777473,0.004447735376807445,47.481778661200416,144.1806735332251,0.43558035253902444,548.1146240234375,-0.008622588251346763,552.8818969726562,0.009895246865544438,547.464599609375,0.0009725536759794817,546.30224609375,0.005766409241896531
2024-07-15,553.0888061523438,556.3490460371851,551.217343933039,553.5812898818825,40584300,0.0027502632801121862,0.0027464882260682033,550.6243530273438,550.3773535616695,546.742578125,547.2242040316925,541.6036224365234,541.7571618952531,527.0640075683593,529.3830743318281,74.25732458075271,85.22328600238215,-14.77671399761785,7.201055180239564,6.692652734401656,0.5084024458379082,554.2359706563263,528.9712742167205,541.6036224365234,4.664794582788608,45450465.0,0.8929347587532933,1326549100,4.461726846725806,0.006982255673541293,0.005005796735455162,0.004452089051195777,49.06219298156701,139.929013715185,0.36468644930816113,551.5718383789062,0.006307466000616824,548.1146240234375,-0.008622588251346763,552.8818969726562,0.009895246865544438,546.9326782226562,0.0011539987862287937
2024-07-16,556.3685913085938,556.664069462671,553.6500720558217,554.4085160826455,36475300,0.00592994311178785,0.005912430198747154,552.4051513671875,552.3744328106443,548.6652282714844,548.88681990022,542.7769836425781,543.1487266012856,528.2746118164063,530.4413298995444,76.77239054949642,98.67496176769771,-1.3250382323022898,7.490451036230979,6.852212394767521,0.6382386414634587,556.2871326921507,529.2668345930055,542.7769836425781,4.978158417442829,45269735.0,0.8057325716618399,1363024400,4.39840802269734,0.007104533175386271,0.005061609003809684,0.004529141147320505,50.558214547391756,140.38276049405266,0.9019646952927041,553.0888061523438,0.0027502632801121862,551.5718383789062,0.006307466000616824,548.1146240234375,-0.008622588251346763,547.464599609375,0.0009725536759794817
2024-07-17,548.5677490234375,552.0840898739044,548.2426929468022,550.3997739687646,57119000,-0.01402099688411318,-0.01412021962055724,551.5423217773438,551.1055382149087,549.4463134765625,548.8288070135322,543.3482360839844,543.6648239748239,529.2062762451172,531.1521698651873,61.40556342550052,63.692970275733686,-36.307029724266314,7.009535002807411,6.8836769163754985,0.12585808643191232,556.8232638272146,529.8732083407541,543.3482360839844,4.959996866962299,45333710.0,1.2599674723290901,1305905400,4.664657332632641,0.009242930846854989,0.007344753491820595,0.0055917650434635065,49.57633032221839,67.88752044552827,0.08461923690662157,556.3685913085938,0.00592994311178785,553.0888061523438,0.0027502632801121862,551.5718383789062,0.006307466000616824,552.8818969726562,0.009895246865544438
2024-07-18,544.3519897460938,551.108910966774,542.1555319524306,550.1140843965545,56270400,-0.007685029396731102,-0.007714711404336674,550.789794921875,548.8543553919704,549.564501953125,548.0148402376343,543.6404632568359,543.7302683339924,529.9499475097656,531.6698098605169,54.998632748321384,44.787876469026436,-55.212123530973564,6.216568310589992,6.750255195218397,-0.5336868846284055,556.9351855523082,530.3457409613636,543.6404632568359,4.89099807465633,46078410.0,1.2211879706786757,1249635000,4.970994595611984,0.009071012559619276,0.007784281940776943,0.005908526014133715,46.794142510682825,24.09486212765527,0.2453216590205641,548.5677490234375,-0.01402099688411318,556.3685913085938,0.00592994311178785,553.0888061523438,0.0027502632801121862,548.1146240234375,-0.008622588251346763
2024-07-19,540.7371826171875,545.7506925722541,539.6734011116428,544.1156132058904,65509100,-0.006640569331972768,-0.006662716011321114,548.6228637695312,546.1486311337095,549.0079956054688,546.6916297611895,543.8250915527344,543.4452125514396,530.6101306152344,532.0253931058766,50.1653707298347,28.577684337708853,-71.42231566229114,5.236093344175401,6.447422825009799,-1.2113294808343973,556.8480735390281,530.8021095664408,543.8250915527344,4.789400926356784,45837455.0,1.4291609340003715,1184125900,5.050015800254798,0.00814125285086582,0.007795158171071941,0.0060854382944621555,43.59802085540594,-20.80595145848914,0.1750420417420984,544.3519897460938,-0.007685029396731102,548.5677490234375,-0.01402099688411318,556.3685913085938,0.00592994311178785,551.5718383789062,0.006307466000616824
2024-07-22,546.3121948242188,546.9228698054537,542.7367583373153,544.686974560121,43346700,0.010310021922383727,0.010257236151318481,547.2675415039063,546.2031523638793,548.945947265625,546.6226415908311,544.3244720458985,543.7182584821804,531.3808325195313,532.5856598399292,56.51276681225783,51.13947922154577,-48.86052077845423,4.85297469077409,6.128533198162657,-1.275558507388567,556.9175714665099,531.731372625287,544.3244720458985,4.627056128224042,44787860.0,0.9678225304803578,1227472600,5.131135185112757,0.010147559658129442,0.008574511661161103,0.006460141209528398,40.8956133732785,11.784680557684736,0.854118795935464,540.7371826171875,-0.006640569331972768,544.3519897460938,-0.007685029396731102,548.5677490234375,-0.01402099688411318,553.0888061523438,0.0027502632801121862
2024-07-23,545.4552001953125,548.3706648208323,544.96271656342,546.2037248169792,34439600,-0.0015686902782428014,-0.0015699219610917938,545.08486328125,545.953834974357,548.7450073242187,546.4103795189186,544.8681762695312,543.8836815024787,532.0758801269532,533.0903476970032,55.34578028258604,34.02926220568498,-65.97073779431503,4.4291417048543735,5.788654899501001,-1.3595131946466275,556.6441181268716,533.0922344121908,544.8681762695312,4.32249207063808,44233405.0,0.7785880377058921,1193033000,5.008050404562722,0.009105345376185113,0.008577495843666186,0.006413452134011562,38.709572586400235,18.291364341577125,0.14451030199970563,546.3121948242188,0.010310021922383727,540.7371826171875,-0.006640569331972768,544.3519897460938,-0.007685029396731102,556.3685913085938,0.00592994311178785
2024-07-24,533.0938110351562,540.9144534863593,532.1679394058027,540.6091160403827,74515300,-0.02266251959048149,-0.02292326139603753,541.9900756835938,541.6671603279568,546.7661987304688,543.9891852491436,544.6908782958984,542.8560747913051,532.510541381836,533.0904835141856,41.90419159718155,3.7796648989211996,-96.2203351010788,3.0605105526271927,5.24302603012624,-2.182515477499047,557.0493924218052,532.3323641699916,544.6908782958984,4.537808367406942,46062360.0,1.6177047810837308,1118517700,5.599422574916083,0.011894618339887043,0.010274311403225534,0.008270372779030677,37.68114299852747,-122.58646144278363,0.10585607258109293,545.4552001953125,-0.0015686902782428014,546.3121948242188,0.010310021922383727,540.7371826171875,-0.006640569331972768,548.5677490234375,-0.01402099688411318
2024-07-25,530.3162231445312,539.2302253978226,529.370693001826,533.2120294418335,61158300,-0.005210317270859854,-0.005223938307774333,539.1829223632812,537.8835146001484,544.9863586425781,541.503192139214,544.3412109375,541.6618032058981,532.8882788085938,532.9816889898855,39.57820405243074,3.464320891413731,-96.53567910858627,1.731769612426433,4.540774746586279,-2.809005134159846,557.8568760335695,530.8255458414305,544.3412109375,4.965879791754852,47192745.0,1.2959258886085139,1057359400,5.9037161335646875,0.011840098576660728,0.010144452450857676,0.008332648351150624,37.098052102452144,-145.17557984586023,0.09590009999658734,533.0938110351562,-0.02266251959048149,545.4552001953125,-0.0015686902782428014,546.3121948242188,0.010310021922383727,544.3519897460938,-0.007685029396731102
2024-07-26,536.255615234375,538.9642753902813,533.3499495890577,534.1281122545862,53763800,0.011199717886482663,0.011137465421574703,538.2866088867188,537.340881478224,543.454736328125,540.5490872474251,544.2461608886719,541.1469281609911,533.3378723144531,533.1100782543753,46.42616847170742,25.225615608336643,-74.77438439166336,1.144795656616452,3.861578928592314,-2.716783271975862,557.9597524725895,530.5325693047542,544.2461608886719,5.039481238241674,48128860.0,1.1170802715875672,1111123200,6.099740141577926,0.013805303076770145,0.010756061093608714,0.008734415685229223,36.55661055609648,-102.36487939325089,0.5175448928582469,530.3162231445312,-0.005210317270859854,533.0938110351562,-0.02266251959048149,545.4552001953125,-0.0015686902782428014,540.7371826171875,-0.006640569331972768
2024-07-29,536.57080078125,538.8263542761403,534.5614289959356,537.8118692092069,39515800,0.0005877524410391466,0.0005875797822236205,536.338330078125,537.084187912566,541.8029357910157,539.8257624353932,544.2727569580078,540.7111065057777,533.6665295410156,533.2457928632723,46.77093546429927,26.3804216006519,-73.6195783993481,0.6970126789478854,3.2286656786634285,-2.531652999715543,557.9245004868684,530.6210134291472,544.2727569580078,5.0165081218327,46297425.0,0.8535204711709129,1150639000,5.968681937194124,0.01231507185043061,0.010654228375875409,0.008689431741245793,36.053843405909085,-95.11962753588641,0.47113880156204985,536.255615234375,0.011199717886482663,530.3162231445312,-0.005210317270859854,533.0938110351562,-0.02266251959048149,546.3121948242188,0.010310021922383727
2024-07-30,533.852294921875,539.1120469361489,530.4246278378796,538.0482653827025,46853600,-0.005066443897835726,-0.005079321840049524,534.0177490234375,536.0068902490024,539.5513061523437,538.7396774329353,544.108267211914,540.0578863549298,533.9622192382812,533.2695772577274,44.132880100441746,16.4201081038042,-83.5798918961958,0.12138152898444332,2.6072088487276317,-2.4858273197431884,558.1727542975469,530.0437801262811,544.108267211914,5.169738426398579,46625215.0,1.0048983152142033,1103785400,6.162877448699493,0.012275029234011072,0.010190266647138142,0.008750139775634203,36.154526050115116,-117.95429006982637,0.3945552810545088,536.57080078125,0.0005877524410391466,536.255615234375,0.011199717886482663,530.3162231445312,-0.005210317270859854,545.4552001953125,-0.0015686902782428014
2024-07-31,542.5299072265625,545.1794720155896,539.3484816681636,540.7273999983412,65663400,0.016254706380830264,0.0161240129942079,535.9049682617188,538.1812292415225,538.9475219726562,539.4288101226857,544.1969177246094,540.2933169141329,534.4165380859375,533.6327274525837,53.20593040780889,48.21394759865882,-51.78605240134118,0.36123637848686485,2.1580143546794783,-1.7967779761926135,558.197998714336,530.1958367348828,544.1969177246094,5.145593638518847,47886645.0,1.3712257352754615,1169448800,6.531755994771998,0.009742803435990008,0.011339845835912297,0.009387221569331684,34.76392906996423,-27.485729470056242,0.5456063839565024,533.852294921875,-0.005066443897835726,536.57080078125,0.0005877524410391466,536.255615234375,0.011199717886482663,533.0938110351562,-0.02266251959048149
2024-08-01,534.8471069335938,546.5288047650866,531.3209071419874,544.2633919827645,76428700,-0.014161063179435662,-0.01426228780314268,536.8111450195313,537.0698551388796,537.9970336914063,538.5957731792143,543.7807678222656,539.7746302493197,534.7052221679687,533.6803501773292,46.07186888530868,20.064992470331383,-79.93500752966862,-0.06783276710825703,1.7128449303219313,-1.7806776974301883,558.3619361361989,529.1995995083323,543.7807678222656,5.362884889190909,50068585.0,1.5264801272095068,1093020100,7.151480396795373,0.01225417783040357,0.011930518856724009,0.009854782416951582,34.52716708606525,-79.1307544953125,0.23186635516451873,542.5299072265625,0.016254706380830264,533.852294921875,-0.005066443897835726,536.57080078125,0.0005877524410391466,530.3162231445312,-0.005210317270859854
2024-08-02,524.88916015625,528.9176432227539,520.653752172347,527.6962932454506,82789100,-0.01861830539653664,-0.018793807830163163,534.5378540039062,533.009623478003,536.4122314453125,536.1036617204935,542.7101135253906,538.3569664309321,534.7692211914062,533.3355976274829,38.80849290250462,11.761651389395093,-88.2383486106049,-1.197591153820099,1.1307577134935254,-2.3283488673136246,559.3874114004124,526.0328156503689,542.7101135253906,6.145932223996224,52133620.0,1.5880174827683173,1010231000,7.654471422827612,0.013685563739885376,0.013032484099735753,0.010496853010803308,35.297789149086164,-182.8331224399565,0.5125198236541603,534.8471069335938,-0.014161063179435662,542.5299072265625,0.016254706380830264,533.852294921875,-0.005066443897835726,536.255615234375,0.011199717886482663
2024-08-05,509.6023559570313,515.7091648747456,502.5992232429508,503.9486536125226,146267400,-0.029123871018155723,-0.02955638939315572,529.1441650390626,525.2072009710125,532.7412475585937,531.285242490773,540.8435974121095,535.6184321000843,534.5575268554687,532.4048822678574,30.78485393369715,14.152069492898093,-85.8479305071019,-3.288541892590956,0.246897792276629,-3.535439684867585,562.7492004972606,518.9379943269583,540.8435974121095,8.100531536276879,57641465.0,2.5375378644522653,863963600,8.699861815004153,0.017108911580761117,0.01447912614666919,0.01208905527079013,37.06557940575667,-254.4394848217894,0.5341848888970464,524.88916015625,-0.01861830539653664,534.8471069335938,-0.014161063179435662,542.5299072265625,0.016254706380830264,536.57080078125,0.0005877524410391466
2024-08-06,514.3007202148438,521.7864479457752,510.08503114656577,511.41471300744325,84826300,0.009219667458147729,0.009177425761884994,525.2338500976563,521.571707385623,529.6257995605469,528.1971475315131,539.1854034423828,533.5881738252995,534.515791015625,531.6949151285236,35.218015062671824,24.12197958995787,-75.87802041004213,-4.514476611602049,-0.7053770884991067,-3.8090995231029425,563.7005895424682,514.6702173422975,539.1854034423828,9.093416084178177,60518295.0,1.4016637448229499,948789900,8.948735398842706,0.019230068673936975,0.015294248655899479,0.012385184451863403,37.69007081790001,-170.24480814040487,0.36027167825752315,509.6023559570313,-0.029123871018155723,524.88916015625,-0.01861830539653664,534.8471069335938,-0.014161063179435662,533.852294921875,-0.005066443897835726
2024-08-07,510.8631591796875,523.5988404143214,510.2623435010392,520.5256868545033,70698300,-0.006683951431606494,-0.006706389072265417,518.9005004882813,518.0021913169778,527.402734375,525.0455132857267,537.0844665527344,531.4238867161936,534.3369702148437,530.8779835226869,33.52608044286818,18.05478624193068,-81.94521375806931,-5.697741142274481,-1.7038498992541815,-3.9938912430202995,563.6598258781484,510.50910722732044,537.0844665527344,9.896156370333088,62118150.0,1.1381262964206114,878091600,9.262146935588387,0.014319163498282233,0.014121660580130395,0.01202293666307705,37.98064713654924,-150.4492634147282,0.04505048683702135,514.3007202148438,0.009219667458147729,509.6023559570313,-0.029123871018155723,524.88916015625,-0.01861830539653664,542.5299072265625,0.016254706380830264
2024-08-08,522.6729125976562,523.3032459691668,513.9953532420095,516.0341826136271,63276600,0.023117254015599942,0.022854098207431124,516.4656616210938,519.5590984105373,526.6384033203125,524.6141313424412,535.8123809814454,530.5904606096663,534.387080078125,530.5562160354308,43.558238317136535,43.85636253240888,-56.14363746759112,-5.617780132766484,-2.4866359459566425,-3.1311441868098413,562.5889121082822,509.0358498546085,535.8123809814454,9.994741471927316,62629270.0,1.010335902047078,941368200,9.489142639437741,0.020984157472291563,0.01652440589515037,0.013381361106369699,38.25046800386638,-104.73893103748733,0.9322796910019493,510.8631591796875,-0.006683951431606494,514.3007202148438,0.009219667458147729,509.6023559570313,-0.029123871018155723,534.8471069335938,-0.014161063179435662
2024-08-09,524.9777221679688,526.4748917317265,520.6143241553161,521.8455333050815,45619600,0.0044096594921243515,0.004399965431595691,516.4833740234375,521.3653063296812,525.5106140136719,524.6802387652643,534.4826751708985,530.0559140914094,534.5561352539063,530.3374515700401,45.293484223808655,48.891837690845385,-51.108162309154615,-5.307252878878899,-3.0507593325410935,-2.256493546337805,560.6306390657119,508.334711276085,534.4826751708985,9.784400920554722,62256030.0,0.7327739979565032,986987800,9.22995870636436,0.01956753442828844,0.016086149537766256,0.013323803900607074,37.9606237342086,-70.39582778743895,0.7445350566626775,522.6729125976562,0.023117254015599942,510.8631591796875,-0.006683951431606494,514.3007202148438,0.009219667458147729,524.88916015625,-0.01861830539653664
2024-08-12,525.2536010742188,527.6765824787605,522.9684694205855,526.1794728639009,42542100,0.000525505930253134,0.0005253679003666672,519.613623046875,522.6614045778604,524.3788940429688,524.7844864578014,533.0909149169922,529.598550946915,534.79923828125,530.1380848839295,45.50943259287922,51.56975560956014,-48.43024439043987,-4.981473346942835,-3.436902135421442,-1.5445712115213928,558.0662140972566,508.1156157367278,533.0909149169922,9.369996179414661,62353920.0,0.682268251939894,1029529900,8.906969731493687,0.011143152102084254,0.01608504615557521,0.013287929184437103,37.487202201257716,-54.43178313477267,0.48536040348838116,524.9777221679688,0.0044096594921243515,522.6729125976562,0.023117254015599942,510.8631591796875,-0.006683951431606494,509.6023559570313,-0.029123871018155723
2024-08-13,533.8917236328125,534.1281663146175,528.2183617399533,528.464603597231,52333100,0.016445622725722586,0.016311858042216153,523.5318237304688,526.4048442628444,524.3828369140625,526.4403477623489,531.9670715332031,530.0074245360481,535.1216381835937,530.2852864034936,51.910425637940726,71.23332229808199,-28.76667770191802,-3.9803830440629326,-3.5455983171497403,-0.43478472691319237,554.560692062459,509.37345100394725,531.9670715332031,8.494368068361041,63146810.0,0.8287528697015732,1081863000,8.904655124986904,0.01207560876870047,0.017041339058474072,0.013835571262531272,36.018481009760045,-3.1632491129083915,0.9599914550618757,525.2536010742188,0.000525505930253134,524.9777221679688,0.0044096594921243515,522.6729125976562,0.023117254015599942,514.3007202148438,0.009219667458147729
2024-08-14,535.5759887695312,536.7678208880384,532.0005525316452,534.6894941203759,42446900,0.003154694223874266,0.0031497286166253516,528.4743896484375,529.4618924317401,523.6874450683594,528.1013734000184,531.3174835205078,530.537763986856,535.46927734375,530.4927649276519,53.06805714712969,75.06733363704741,-24.932666362952588,-3.0163352113097517,-3.4397456959817427,0.42341048467199105,552.678012267986,509.9569547730297,531.3174835205078,8.04058944416561,62413205.0,0.6800948613358343,1124309900,8.609127498658781,0.009751700261739037,0.016144727413233032,0.01357876633266586,34.26957759722478,22.50741330633126,0.7499968473593851,533.8917236328125,0.016445622725722586,525.2536010742188,0.000525505930253134,524.9777221679688,0.0044096594921243515,510.8631591796875,-0.006683951431606494
2024-08-15,544.7559204101562,545.0415393102818,540.6289046503756,541.2395796214291,60846800,0.017140297237214774,0.016995059604238794,532.8909912109375,534.5599017578788,524.6783264160156,531.129472856407,531.337680053711,531.8918741224085,535.9889306640625,531.0521043583384,58.87841549757102,95.96425849393296,-4.03574150606705,-1.494350650654951,-3.0506666869163848,1.5563160362614337,552.748172889479,509.927187217943,531.337680053711,8.059090721216556,62642025.0,0.9713415235219487,1185156700,8.670300573093908,0.007850915933435636,0.016379134175286584,0.01407179516785048,32.070851145997395,89.55428597461244,0.935272479542836,535.5759887695312,0.003154694223874266,533.8917236328125,0.016445622725722586,525.2536010742188,0.000525505930253134,522.6729125976562,0.023117254015599942
2024-08-16,545.9772338867188,546.6765823277302,542.9730955779607,543.1306638977313,44430700,0.0022419462199565476,0.0022394368084737923,537.0908935546875,538.3656791341589,526.7871337890625,533.8290657710091,531.5996826171875,533.2333369571047,536.4096960449219,531.6374035555298,59.59512074414636,98.41336129130077,-1.5866387086992286,-0.1874562514342415,-2.4780245998199564,2.290568348385715,553.5844000294069,509.614965204968,531.5996826171875,8.271155206106833,61588105.0,0.721416903475111,1229587400,8.315528157142163,0.00817504449622194,0.014710684609222991,0.013986726434089266,30.221262441308593,100.24355605902645,0.8111648594028006,544.7559204101562,0.017140297237214774,535.5759887695312,0.003154694223874266,533.8917236328125,0.016445622725722586,524.9777221679688,0.0044096594921243515
2024-08-19,551.197509765625,551.197509765625,545.5339480635206,546.3908647638199,39121800,0.009561343504643993,0.009515923150064571,542.2796752929687,542.6429560113143,530.9466491699219,536.9869646791211,531.8439483642578,534.9442105579162,536.9350634765625,532.404466544161,62.59594408835511,100.0,-0.0,1.2550323793373082,-1.7314132039885035,2.9864455833258114,554.5730596397559,509.11483708875966,531.8439483642578,8.547285851575037,61376860.0,0.6374030864400688,1268709200,8.126101981782323,0.00705945966306758,0.008995456878462461,0.01396027894652435,29.017226430008037,127.4621788799289,0.9999999999823432,545.9772338867188,0.0022419462199565476,544.7559204101562,0.017140297237214774,535.5759887695312,0.003154694223874266,525.2536010742188,0.000525505930253134
2024-08-20,550.3012084960938,552.4090528159505,548.951808187968,550.7444557772045,33732300,-0.0016260981837751265,-0.0016274217164173775,545.561572265625,545.1957068395741,534.5466979980469,539.407736282207,532.0862487792969,536.4067817901237,537.4552661132813,533.1062995618838,61.74798548728802,95.76821615748034,-4.2317838425196594,2.2993851098157165,-0.9252535412276595,3.224638651043376,555.4840802267331,508.6884173318606,532.0862487792969,8.794751415250879,61341495.0,0.5499099752948636,1234976900,7.792612170796622,0.007367511544206042,0.00946216192624748,0.013960740831122257,28.033059080579914,132.6215281074719,0.3903109132529458,551.197509765625,0.009561343504643993,545.9772338867188,0.0022419462199565476,544.7559204101562,0.017140297237214774,533.8917236328125,0.016445622725722586
2024-08-21,552.1924438476562,553.6600357209298,546.3909711721423,551.355245567007,41514600,0.0034367276000193403,0.0034308355474483047,548.88486328125,547.5279525089348,538.6796264648438,541.7322285668341,533.0411804199218,537.9101781765553,537.9808972167968,533.8547758083847,62.89031646864067,97.12579608108172,-2.874203918918287,3.2422741419696877,-0.0917480045881901,3.334022146557878,558.0303724511795,508.0519883886642,533.0411804199218,9.376083105463454,59691460.0,0.6954864230159558,1276491500,7.755215912081691,0.007340407494501892,0.008329765626766596,0.01285417272013687,26.732887079836637,120.39276673426147,0.7981044378539488,550.3012084960938,-0.0016260981837751265,551.197509765625,0.009561343504643993,545.9772338867188,0.0022419462199565476,535.5759887695312,0.003154694223874266
2024-08-22,547.8584594726562,554.7138532317389,546.6371096913691,554.1031783410953,56121500,-0.007848684681016183,-0.007879647725822257,549.50537109375,547.638121496842,541.1981811523438,542.846088731529,533.9182922363282,538.8576335380887,538.3945178222656,534.4039398736503,58.57348443024688,86.84554843705597,-13.15445156294403,3.5983249248029097,0.6462665812900299,2.9520583435128795,559.6827579031324,508.153826569524,533.9182922363282,9.65108933012546,59439620.0,0.9441766283162645,1220370000,7.778182171245125,0.006439238501438777,0.007755710578388654,0.012943566246517465,25.656809178902535,100.9840788221742,0.15121809615067888,552.1924438476562,0.0034367276000193403,550.3012084960938,-0.0016260981837751265,551.197509765625,0.009561343504643993,544.7559204101562,0.017140297237214774
2024-08-23,553.6796875,554.6252777748409,548.9124191927582,551.1187965007202,50639400,0.010625423276199752,0.010569370175318211,551.0458618164063,549.651976831228,544.0683776855469,544.81583396216,534.7894958496094,540.2692577249375,538.8379663085938,535.1598515452719,62.31511197484019,97.68274024852101,-2.3172597514789848,4.30064700555954,1.377142666143932,2.923504339415608,561.9516320127819,507.62735968643676,534.7894958496094,10.158066444450503,59283400.0,0.8541918985753179,1271009400,7.705941894883664,0.0077514328517576435,0.007971992242118286,0.012922020876469854,24.657593985178014,106.04461949444024,0.8344803636676685,547.8584594726562,-0.007848684681016183,552.1924438476562,0.0034367276000193403,550.3012084960938,-0.0016260981837751265,545.9772338867188,0.0022419462199565476
2024-08-26,552.3598022460938,555.4328954778962,550.6459687265464,554.713888571281,35788600,-0.00238384265073166,-0.0023866885272709032,551.2783203125,550.55458530285,546.7789978027344,546.1874645592388,535.5789459228515,541.4207381555237,539.2336145019531,535.8343594158923,60.970466136446035,93.19668877773086,-6.803311222269152,4.696599133982431,2.041033959711632,2.6555651742707993,563.799456889089,507.358434956614,535.5789459228515,10.53831976819439,59097040.0,0.6055903984361992,1235220800,7.497440813202675,0.006958239071432483,0.008217564624774572,0.012952284532522498,23.8419766982904,96.75573475219018,0.35802376107558387,553.6796875,0.010625423276199752,547.8584594726562,-0.007848684681016183,552.1924438476562,0.0034367276000193403,551.197509765625,0.009561343504643993
2024-08-27,553.1182250976562,553.6107087392104,549.9269407192061,551.079335607506,32693900,0.0013730594595742218,0.0013721176754196514,551.8417236328125,551.4091319011188,548.7016479492188,547.4476028389511,536.5422424316406,542.534784530965,539.6379516601562,536.5121580700792,61.48475499236826,94.41407415752731,-5.585925842472696,5.013796508979908,2.6355864695652875,2.3782100394146206,565.7589239098418,507.3255609534395,536.5422424316406,10.890729253968686,58389055.0,0.559931994104032,1267914700,7.225035613688506,0.006864163889215082,0.007222208434346297,0.012859354076988985,22.948990030316967,83.60242721408433,0.8663098113218872,552.3598022460938,-0.00238384265073166,553.6796875,0.010625423276199752,547.8584594726562,-0.007848684681016183,550.3012084960938,-0.0016260981837751265
2024-08-28,549.9072875976562,553.2069644594469,546.6962842536592,552.7735763985828,41066000,-0.005805155849697541,-0.005822071263092202,551.3846923828125,550.908517133298,550.1347778320312,547.8948182496247,536.9111114501953,543.2369276801737,539.8932434082031,537.037457267239,58.000192104351115,84.13028544724769,-15.869714552752315,4.949032526325709,3.098275680917372,1.8507568454083372,566.6032767418328,507.21894615855786,536.9111114501953,11.060365359710671,57159185.0,0.7184497119754244,1226848700,7.1740102274098785,0.007288797491263811,0.007810895450465768,0.012500112183147626,21.52295329177834,67.75659341176375,0.4931901494859615,553.1182250976562,0.0013730594595742218,552.3598022460938,-0.00238384265073166,553.6796875,0.010625423276199752,552.1924438476562,0.0034367276000193403
2024-08-29,549.9564208984375,555.2063129916213,548.8040260888799,551.886978283764,38715200,8.934833541829335e-05,8.934434409351605e-05,551.8042846679688,550.5911517216779,550.6548278808593,548.2696550948633,537.6665771484375,543.8768794152464,540.1222229003906,537.5440832919919,58.03937996267993,83.1308442977219,-16.8691557022781,4.845811748794858,3.4477828944928697,1.3980288543019888,567.8746185085158,507.45853578835903,537.6665771484375,11.236719053763554,55273510.0,0.7004295547722589,1265563900,7.118887132790698,0.0061468539990537484,0.005938001645311787,0.012001635645800311,20.528864411932002,68.09154518322562,0.17999737079044753,549.9072875976562,-0.005805155849697541,553.1182250976562,0.0013730594595742218,552.3598022460938,-0.00238384265073166,547.8584594726562,-0.007848684681016183
2024-08-30,555.2063598632812,555.7185620963827,548.7646953704351,552.3401314750681,62700100,0.009546099955096699,0.009500823854980536,552.109619140625,552.1295544355457,551.5777404785156,549.5308741436666,539.1824371337891,544.9558775531546,540.4854577636719,538.2367215889052,62.107726049871,98.13745999497165,-1.8625400050283516,5.12851639323776,3.7839295942418483,1.3445867989959117,569.7145637444559,508.65031052312236,539.1824371337891,11.325341668386248,54269060.0,1.1553562932543884,1328264000,7.107099960873334,0.005718695513362441,0.006531869231517156,0.01114306075891765,19.69139501561431,71.12047264359693,0.9263428171145622,549.9564208984375,8.934833541829335e-05,549.9072875976562,-0.005805155849697541,553.1182250976562,0.0013730594595742218,553.6796875,0.010625423276199752
2024-09-03,543.78076171875,552.3795069769291,541.2493885534014,552.0445916444628,60600100,-0.02057901164414755,-0.020793710133597994,550.3938110351562,549.3466235299472,550.8360656738281,548.485399157318,540.891357421875,544.8439617594017,540.6345812988282,538.4541349273305,50.607632169152666,49.66778158576551,-50.33221841423449,4.380120278143636,3.9031677310222057,0.4769525471214302,568.273136006888,513.509578836862,540.891357421875,10.124687040860298,49985695.0,1.2123488530068454,1267663900,7.5963764858023675,0.011213102513748735,0.00899077187843087,0.009951918713353838,18.977948115746898,29.00884933971448,0.2274345221677802,555.2063598632812,0.009546099955096699,549.9564208984375,8.934833541829335e-05,549.9072875976562,-0.005805155849697541,552.3598022460938,-0.00238384265073166
2024-09-04,542.667724609375,546.0953914408842,541.200133008933,541.9289991634373,47224900,-0.002046849001897333,-0.00204894666019759,548.3037109375,547.1203238897565,550.0727172851563,547.4276401486011,542.3097076416016,544.6367010784468,540.7963134765625,538.6193737383911,49.64328883050303,13.511373378054342,-86.48862662194566,3.655064859836102,3.853547156784985,-0.19848229694888264,566.8236552583617,517.7957600248415,542.3097076416016,9.040571198095071,48105625.0,0.9816918499655706,1220439000,7.403439481955857,0.010975728633809174,0.008993362156331553,0.00991789311809689,18.323195932474096,8.313696776452762,0.2997985950717321,543.78076171875,-0.02057901164414755,555.2063598632812,0.009546099955096699,549.9564208984375,8.934833541829335e-05,553.1182250976562,0.0013730594595742218
2024-09-05,541.3478393554688,545.4748545644419,538.8755619231126,542.6086263001087,44264300,-0.0024322162421882565,-0.002435178884946129,546.5918212890625,545.1961623783272,548.9882568359375,546.3222218225769,543.8339416503907,544.3234761524488,540.8904748535156,538.7263723900412,48.463931197332734,14.678367315341122,-85.32163268465888,2.9400583453538047,3.670849394498749,-0.7307910491449441,563.6845947023568,523.9832885984246,543.8339416503907,7.300262646985467,46783925.0,0.9461433601391931,1176174700,7.346000421911101,0.01092205909891081,0.00883572306645835,0.009749520636461999,18.085274015091404,-12.194597314915336,0.37462764067099746,542.667724609375,-0.002046849001897333,543.78076171875,-0.02057901164414755,555.2063598632812,0.009546099955096699,549.9072875976562,-0.005805155849697541
2024-09-06,532.2369995117188,543.3080240861839,531.3308462861334,541.6730045627813,68493800,-0.01682991818088242,-0.01697315058800902,543.0479370117188,540.8764414227911,547.4261108398438,543.7612723115118,544.3121459960937,543.172383139046,540.7890234375,538.4718871791266,41.189793605966585,3.7156133548373274,-96.28438664516267,1.6195724750145928,3.260594010601918,-1.641021535587325,562.4910813962744,526.133210595913,544.3121459960937,6.679599393069988,47044785.0,1.455927580495904,1107680900,7.676798806063917,0.012234945048404873,0.009895284017062156,0.009488299956848151,18.87966018755435,-78.19910104123535,0.07565665640982726,541.3478393554688,-0.0024322162421882565,542.667724609375,-0.002046849001897333,543.78076171875,-0.02057901164414755,549.9564208984375,8.934833541829335e-05
2024-09-09,538.1959838867188,539.4764895373146,534.5220749045959,536.46249184752,40445800,0.011196110718471042,0.011133898199015594,539.6458618164063,539.9829555774337,545.8777404785156,542.7494016888221,544.9730590820312,542.6984403531101,540.7898107910156,538.4610674421695,46.812799299881355,28.14998195813078,-71.85001804186922,1.041907683723025,2.8168567452261395,-1.7749490615031145,561.1422880893712,528.8038300746913,544.9730590820312,5.933955353527335,46786095.0,0.8644833470286417,1148126700,7.645562464601911,0.012784772926533388,0.009982857188054065,0.009736640025074468,19.617304490555657,-76.52987248572875,0.7415424937966218,532.2369995117188,-0.01682991818088242,541.3478393554688,-0.0024322162421882565,542.667724609375,-0.002046849001897333,555.2063598632812,0.009546099955096699
2024-09-10,540.5402221679688,540.8948561111164,535.2115751398666,540.1166934123364,36394600,0.004355733508675463,0.0043462747580608535,538.99775390625,540.1687111076121,544.6957824707031,542.3477326850306,545.7373901367188,542.492895764049,540.8798376464844,538.5426029216127,48.88337989722043,37.76235525085545,-62.23764474914455,0.7644524801188481,2.4063758922046814,-1.6419234120858333,559.3486267684185,532.126153505019,545.7373901367188,4.988200140836909,46478720.0,0.7830379149856106,1184521300,7.5053995007910475,0.010380845244135604,0.010237371937147086,0.009758471982628263,19.9776285865611,-77.61353936110793,0.9376004908018115,538.1959838867188,0.011196110718471042,532.2369995117188,-0.01682991818088242,541.3478393554688,-0.0024322162421882565,543.78076171875,-0.02057901164414755
2024-09-11,546.0855712890625,547.0114429857031,531.8429821458573,540.4515870073689,75248600,0.010258901916406549,0.010206636535155954,539.6813232421875,542.1409978347623,543.9925170898438,543.0273397039455,546.3470825195312,542.8350553378598,541.0587072753906,538.8384056026892,53.49541498760292,60.5006435113871,-39.4993564886129,0.9807253703723973,2.121245787838225,-1.1405204174658277,558.8266316490511,533.8675333900113,546.3470825195312,4.568359392336934,47624495.0,1.5800398513412057,1259769900,8.052761025009245,0.011512551160365625,0.010935439627716509,0.009348577894177866,19.061866444506272,-55.88984212098291,0.9389607352710232,540.5402221679688,0.004355733508675463,538.1959838867188,0.011196110718471042,532.2369995117188,-0.01682991818088242,542.667724609375,-0.002046849001897333
2024-09-12,550.6853637695312,550.9907012109484,544.4307856896743,546.6666805747274,51819600,0.00842320823385001,0.008387930975406384,541.548828125,544.9891198130186,544.0703247070312,544.4197077158701,547.1025512695312,543.5827037599237,541.2572766113282,539.3029921974673,56.964029989058474,79.3617476683234,-20.638252331676597,1.5059285976982437,1.998182349810229,-0.4922537521119852,558.6791249886312,535.5259775504312,547.1025512695312,4.231957497634396,48093130.0,1.0774844556800525,1311589500,7.946129203313876,0.011653184820997921,0.011195789674303057,0.009480699831441494,17.874649920087577,28.14554599612355,0.9534540588941662,546.0855712890625,0.010258901916406549,540.5402221679688,0.004355733508675463,538.1959838867188,0.011196110718471042,541.3478393554688,-0.0024322162421882565
2024-09-13,553.5615234375,554.5662093965458,551.0400093649616,551.2961105010037,39310500,0.005222872909279808,0.0052092810138539515,545.8137329101562,547.8465876878458,544.4308349609375,546.0818560288938,547.5428314208984,544.5330675387404,541.4651049804687,539.8621502853118,59.02214203222774,91.15522472188164,-8.844775278118364,2.1296882667209047,2.024483533192364,0.10520473352854065,559.395426142827,535.6902366989699,547.5428314208984,4.329376275887138,47016315.0,0.8361033824109779,1350900000,7.65575180500678,0.0030179037683619636,0.011307382779050076,0.008791071499542644,17.32802815499461,81.89917198641665,0.7150797033298371,550.6853637695312,0.00842320823385001,546.0855712890625,0.010258901916406549,540.5402221679688,0.004355733508675463,532.2369995117188,-0.01682991818088242
2024-09-16,554.3790283203125,554.6449286145531,551.4832220184187,553.2955282065665,36656100,0.0014768094388786235,0.0014757200282552762,549.050341796875,550.0240678986681,544.3481018066407,547.5904328091517,547.9629211425781,545.4707780893663,541.626640625,540.4314396200177,59.61334599750126,94.50734219435493,-5.492657805645071,2.659332975077291,2.1514534215693493,0.5078795535079417,560.1545001472415,535.7713421379148,547.9629211425781,4.4497824704059346,46627585.0,0.7861462265309258,1387556100,7.334748575801612,0.003455546151501252,0.010886976090576492,0.008786308184017884,16.83255463201317,80.7852388745315,0.9158997565880056,553.5615234375,0.005222872909279808,550.6853637695312,0.00842320823385001,546.0855712890625,0.010258901916406549,538.1959838867188,0.011196110718471042
2024-09-17,554.6055908203125,558.0628359488541,552.3598363336012,556.6050433439642,49321000,0.0004086779773875282,0.00040859449128810647,551.8634155273437,551.551242205883,545.4305847167968,548.8659160839081,548.1333251953125,546.3407602542184,541.7800988769532,540.9872886866959,59.78650388290469,87.06701157616081,-12.932988423839191,3.062064350854257,2.3335756074263307,0.7284887434279264,560.5932990251256,535.6733513654995,548.1333251953125,4.54632960890429,47137545.0,1.04632093164801,1436877100,7.218195078619561,0.004265917757149442,0.008187830921460056,0.008540926656874054,16.891553404480288,93.68621487370163,0.39378478663502053,554.3790283203125,0.0014768094388786235,553.5615234375,0.005222872909279808,550.6853637695312,0.00842320823385001,540.5402221679688,0.004355733508675463
2024-09-18,552.9607543945312,560.1411455135499,552.3993157299367,555.26554457798,59044900,-0.002965776856573621,-0.0029701834876348044,553.2384521484375,552.0210796020991,546.4598876953125,549.610432140385,548.2663024902344,546.9712358866291,541.8900219726562,541.4568363615131,57.847371754535736,75.07699915804552,-24.923000841954472,3.2114872882142436,2.5091579435839133,0.7023293446303303,560.8718999345961,535.6607050458726,548.2663024902344,4.598348425612473,48403175.0,1.2198559288724344,1377832200,7.255597557547676,0.004410012197389425,0.008243305787112793,0.00856240932347324,17.242934869754567,89.86142289641387,0.07252015095651984,554.6055908203125,0.0004086779773875282,554.3790283203125,0.0014768094388786235,553.5615234375,0.005222872909279808,546.0855712890625,0.010258901916406549
2024-09-19,562.3966674804688,564.268129589741,559.5402980876692,562.4262453589706,75315500,0.017064345002692605,0.01692038448750734,555.580712890625,555.479608894889,548.5647705078125,551.9352022022184,548.776513671875,548.4403246098519,542.0803173828125,542.2780062093153,64.88387281504035,94.31810422243527,-5.681895777564735,4.044680806810902,2.8162625162293113,1.2284182905815908,562.7303787597125,534.8226485840376,548.776513671875,5.085445437331809,50093220.0,1.5035068618068472,1453147700,7.545010245952107,0.0077405963098442325,0.009335121196516576,0.00933457883136542,18.112873591314635,158.63535614393413,0.6041605737191506,552.9607543945312,-0.002965776856573621,554.6055908203125,0.0004086779773875282,554.3790283203125,0.0014768094388786235,550.6853637695312,0.00842320823385001
2024-09-20,561.4244384765625,562.4717038247719,558.3814171564327,561.0193897436827,77503100,-0.0017287246886824592,-0.0017302206575345487,557.1532958984375,557.4612187554469,551.4835144042969,553.6605178884628,549.4548126220703,549.676906882872,542.346513671875,543.028846690384,63.703912157178046,91.36634589147492,-8.633654108525084,4.573817793356284,3.167773571654706,1.4060442217015776,564.4446568072742,534.4649684368665,549.4548126220703,5.456260948437372,51162300.0,1.5148478469498048,1375644600,7.298244276122615,0.008134514182288062,0.006365041666033666,0.009128750491373351,18.65632518450617,126.68243499072558,0.7439628482790362,562.3966674804688,0.017064345002692605,552.9607543945312,-0.002965776856573621,554.6055908203125,0.0004086779773875282,553.5615234375,0.005222872909279808
2024-09-23,562.827392578125,563.4794987580368,561.2762433950409,562.5013997902016,44116900,0.002498918831124408,0.0024958017253117895,558.84296875,559.2499433630063,553.9466552734375,555.3272223774923,549.9121978759765,550.9293340919437,542.5716247558594,543.8052602546092,64.70148981148014,95.62581710721065,-4.374182892789345,5.048177095266055,3.543854276376976,1.5043228188890794,565.9138818187404,533.9105139332127,549.9121978759765,5.819723222932681,50836175.0,0.8678249297867119,1419761500,6.934316496613567,0.00810413117769254,0.0060679520008880515,0.008867223913551547,19.29933907173906,131.76478027622088,0.7040260557471232,561.4244384765625,-0.0017287246886824592,562.3966674804688,0.017064345002692605,552.9607543945312,-0.002965776856573621,554.3790283203125,0.0014768094388786235
2024-09-24,564.4378051757812,564.4970820723543,560.7822357483631,563.6276473879294,46805700,0.002861290368756819,0.0028572046691960396,560.8094116210938,560.9792306339314,556.3364135742188,556.9836919771811,550.5160980224609,552.2158551475472,542.7986047363281,544.6143796632825,65.86136543537751,99.82127336682073,-0.178726633179268,5.490762999478193,3.93323602099722,1.5575269784809729,567.7089921218125,533.3232039231094,550.5160980224609,6.246100399647188,51387030.0,0.9108465696499681,1466567200,6.704354341426255,0.007977104992348489,0.006090302556065043,0.008843858194130281,20.038929539086467,125.0258356039986,0.9840432439187072,562.827392578125,0.002498918831124408,561.4244384765625,-0.0017287246886824592,562.3966674804688,0.017064345002692605,554.6055908203125,0.0004086779773875282
2024-09-25,563.19287109375,565.020685767149,562.0764394067945,564.2796944865338,38428600,-0.0022056178211584676,-0.002208053778664959,562.8558349609375,561.7171107872043,558.0471435546875,558.112633634739,551.0198303222656,553.2612852376618,542.9350903320312,545.3429479546734,64.10765134058758,94.57458182776756,-5.425418172232444,5.675634558918546,4.281715728581485,1.3939188303370607,569.0577493992864,532.9819112452449,551.0198303222656,6.5471034196614095,51673765.0,0.7436771831895741,1428138600,6.4357751999211255,0.007827820603521543,0.006022197892887106,0.008874605054318231,20.801326380380505,113.20749219053586,0.37919098821036146,564.4378051757812,0.002861290368756819,562.827392578125,0.002498918831124408,561.4244384765625,-0.0017287246886824592,552.9607543945312,-0.002965776856573621
2024-09-26,565.42578125,567.8068671978508,563.0546451370627,567.4808141228361,48336000,0.003964734411345816,0.003956895564336113,563.4616577148438,562.953334274803,559.5211853027344,559.4422968375137,551.7957550048828,554.4198086674083,543.2722509765625,546.1305100446862,65.86338291232897,93.37923045742018,-6.620769542579824,5.933921239788674,4.612156830822923,1.321764408965751,570.8802257164434,532.7112842933223,551.7957550048828,6.917222736297313,52037265.0,0.9288727991373106,1476474600,6.3155214042687655,0.0028369094022728963,0.005743355251487462,0.008751794392961367,21.902264332953358,115.51222075023682,0.4989531386700743,563.19287109375,-0.0022056178211584676,564.4378051757812,0.002861290368756819,562.827392578125,0.002498918831124408,562.3966674804688,0.017064345002692605
2024-09-27,564.6057739257812,567.3227423718845,563.5683980340395,566.5027553128888,42100900,-0.0014502474973920876,-0.001451300124129885,564.0979248046875,563.5041474917957,560.6256103515625,560.3811108535623,552.52822265625,555.3899005967771,543.6773266601563,546.855030196886,64.61338327009534,91.09914496878831,-8.900855031211691,6.003245875691846,4.890374639796708,1.1128712358951383,572.3830375347359,532.6734077777642,552.52822265625,7.1868961853332625,52206550.0,0.8064294614373101,1434373700,6.132580185238493,0.002769971790939534,0.005799852796564024,0.008770947602309011,22.924563860342435,100.8821672973529,0.2763134647126012,565.42578125,0.003964734411345816,563.19287109375,-0.0022056178211584676,564.4378051757812,0.002861290368756819,561.4244384765625,-0.0017287246886824592
2024-09-30,566.8682250976562,567.4807730718395,561.256458310349,563.568317360776,63557400,0.0040071343162926265,0.003999127137012457,564.9060913085938,564.6255066937492,561.8745300292969,561.5605861706703,553.1113159179688,556.4830743587656,544.1999475097656,547.6398613694653,66.50235845676548,97.39004254174,-2.6099574582599936,6.169627426071088,5.146225197051584,1.0234022290195037,573.909064187324,532.3135676486136,553.1113159179688,7.520275818200657,52249415.0,1.2164231886615382,1497931100,6.139132654970781,0.003026073592035823,0.005829975142233396,0.008584051942632856,23.18310324027849,91.33295574825117,0.9015878859367434,564.6057739257812,-0.0014502474973920876,565.42578125,0.003964734411345816,563.19287109375,-0.0022056178211584676,562.827392578125,0.002498918831124408
2024-10-01,561.7899780273438,567.1646375157011,559.2014531566817,566.5125916827218,72668800,-0.008958426042379841,-0.008998794010777557,564.3765258789062,563.6803304716141,562.59296875,561.6022937809745,554.0117767333984,556.9884937557731,544.5095031738281,548.1947679050684,58.90196168704693,74.26048857503146,-25.739511424968544,5.824571866758447,5.2818945309929575,0.5426773357654895,574.674666202778,533.3488872640188,554.0117767333984,7.45936831567499,52852850.0,1.3749268014875262,1425262300,6.269422062402822,0.005354605301364252,0.006825416332700818,0.007345081018196386,22.84800113000026,66.82166744921288,0.325061527389814,566.8682250976562,0.0040071343162926265,564.6057739257812,-0.0014502474973920876,565.42578125,0.003964734411345816,564.4378051757812,0.002861290368756819
2024-10-02,562.0271606445312,563.0547073454915,558.4803154651253,560.8910099759402,38097800,0.00042219090134065773,0.0004221018038386247,564.1433837890625,563.1292738625865,563.499609375,561.6795423016212,554.9797485351562,557.4683667927977,544.8409423828125,548.737214679165,59.136862564587766,65.52898216872619,-34.47101783127381,5.506772855371651,5.326870195868697,0.1799026595029538,575.2360783043385,534.7234187659739,554.9797485351562,7.299844660151296,52396495.0,0.7271058875216748,1463360100,6.148348477971635,0.005326804169881409,0.006672025009643959,0.007300181097332269,22.33808121726585,50.629786108883025,0.7753697698161588,561.7899780273438,-0.008958426042379841,566.8682250976562,0.0040071343162926265,564.6057739257812,-0.0014502474973920876,563.19287109375,-0.0022056178211584676
2024-10-03,560.9996948242188,562.9558929581327,558.6976644986279,560.5451983588887,40846500,-0.0018281426455158956,-0.0018298157376937965,563.2581665039063,562.4194141831306,563.359912109375,561.5559336693661,555.9623413085938,557.8046837481712,545.3990600585937,549.2180962534809,57.60096409046914,58.298699225531216,-41.701300774468784,5.113066694341342,5.284109495563226,-0.1710428012218843,575.3669568052277,536.5577258119598,555.9623413085938,6.9805503196351095,52225605.0,0.7821163584414197,1422513600,6.013339905224007,0.004736631398916815,0.003934941638560911,0.007283068047326647,21.86458415544104,43.5333204084227,0.54060751963611,562.0271606445312,0.00042219090134065773,561.7899780273438,-0.008958426042379841,566.8682250976562,0.0040071343162926265,565.42578125,0.003964734411345816
2024-10-04,566.09765625,566.4730967206212,561.2762673344769,565.475218643551,42939100,0.009087280212119575,0.009046239327263806,563.55654296875,563.645494872087,563.8272338867188,562.3817014112996,557.6553741455078,558.5944906531073,546.1146887207032,549.8800397827562,62.767926450238186,88.93501953306395,-11.064980466936046,5.153013870584118,5.257890370567405,-0.10487649998328674,574.1793027020381,541.1314455889776,557.6553741455078,5.92621512232344,50947870.0,0.8428046157768715,1465452700,5.974772904593899,0.006725305101003412,0.004858825717993069,0.00598137934620015,22.1308859225299,69.4009649102213,0.9277558598104055,560.9996948242188,-0.0018281426455158956,562.0271606445312,0.00042219090134065773,561.7899780273438,-0.008958426042379841,564.6057739257812,-0.0014502474973920876
2024-10-07,560.9799194335938,565.0899858110749,559.8239896470692,564.4378795608022,49964700,-0.00904037803354929,-0.009081490218413237,562.3788818359375,562.7569697259227,563.6424865722656,562.1268319608075,558.7945709228516,558.8216743464869,546.6091748046875,550.3153291808283,55.461024336819534,55.69089755452693,-44.30910244547307,4.717335201424589,5.149779336738842,-0.4324441353142525,572.734660025042,544.8544818206611,558.7945709228516,4.989343070806258,51423815.0,0.9716256952153395,1415488000,5.996122454475106,0.0075297872464151734,0.005715728446130115,0.006246482179834442,21.933598127742506,39.961166345984864,0.21950828494780145,566.09765625,0.009087280212119575,560.9996948242188,-0.0018281426455158956,562.0271606445312,0.00042219090134065773,566.8682250976562,0.0040071343162926265
2024-10-08,566.285400390625,566.888119257035,562.6891677707054,563.5684317818234,37398700,0.009457523831491343,0.009413081443210061,563.2779663085937,563.9331132808235,563.82724609375,562.8829353116834,560.0818298339843,559.5325053983096,547.203466796875,550.9416064831732,60.58376260770993,83.85788688561239,-16.142113114387612,4.7454619591804885,5.068915861227172,-0.32345390204668334,571.5829688075781,548.5806908603905,560.0818298339843,4.106949506647235,51474020.0,0.7265548717586076,1452886700,5.989842266544116,0.007812732352845115,0.006455621016532916,0.006444743044293612,22.107382504786475,75.54361290373416,0.8564596736928537,560.9799194335938,-0.00904037803354929,566.09765625,0.009087280212119575,560.9996948242188,-0.0018281426455158956,561.7899780273438,-0.008958426042379841
2024-10-09,570.2077026367188,570.7708633231716,565.6728088468782,566.2754673649648,37912200,0.006926370066026921,0.0069024929559436095,564.9140747070312,566.0246430661219,564.5287292480468,564.2147111889625,561.2879364013672,560.5491908495867,547.9305749511718,551.6971396656652,63.890393220255596,95.45451282588601,-4.545487174113983,5.026309461849451,5.060394581351628,-0.034085119502177186,571.6698935788244,550.9059792239101,561.2879364013672,3.699333801478028,49607200.0,0.7642479317518425,1490798900,5.926143138669068,0.008099707773239597,0.006696050179803491,0.0062701837618068905,22.94933361004505,134.07455859255728,0.8895341960034769,566.285400390625,0.009457523831491343,560.9799194335938,-0.00904037803354929,566.09765625,0.009087280212119575,562.0271606445312,0.00042219090134065773
2024-10-10,569.2098999023438,570.642495490538,567.5895840604959,568.8542384644867,44138100,-0.001749893468223962,-0.00175142632027857,566.5561157226563,567.0863953448626,564.9071411132812,565.1229273186682,562.2141632080078,561.3740202831826,548.4641748046874,552.3839145769075,62.45501565099045,87.29948055321272,-12.700519446787283,5.109469999809676,5.070209665043238,0.0392603347664382,571.9312637171455,552.4970626988701,562.2141632080078,3.4567256198924956,49223125.0,0.8966943890701778,1446660800,5.720912302338568,0.008088306417780746,0.006683298382528868,0.006148707620920475,23.731145350642294,140.18278733520722,0.5307444643988438,570.2077026367188,0.006926370066026921,566.285400390625,0.009457523831491343,560.9799194335938,-0.00904037803354929,560.9996948242188,-0.0018281426455158956
2024-10-11,572.618408203125,573.3593995994619,568.9924468862521,569.1307797527231,42268000,0.005988139527028702,0.005970281873484082,567.8602661132812,568.9303996309501,565.7084045410156,566.4857420249331,563.1670074462891,562.4449143707961,549.2196008300781,553.1774241308768,65.32116881779464,95.01991258570219,-4.9800874142978175,5.388300485170703,5.133827829068731,0.2544726561019717,573.0395158164567,553.2944990761214,563.1670074462891,3.5060677346619067,49371000.0,0.8561301168702274,1488928800,5.624200903115084,0.007603293605444867,0.006831255889712398,0.0061742854488131636,24.895071434758854,176.34513244127888,0.8303184291008113,569.2098999023438,-0.001749893468223962,570.2077026367188,0.006926370066026921,566.285400390625,0.009457523831491343,566.09765625,0.009087280212119575
2024-10-14,577.301513671875,578.2401149147751,573.7546080177702,574.2387127898874,36217200,0.008178405377231135,0.008145143449928786,571.1245849609375,571.7207709779251,566.7517333984375,568.4522459607407,564.3131317138672,563.8598285899466,550.2678479003906,554.1234668579748,68.8407335612803,95.24994550024799,-4.750054499752011,5.918933347445886,5.290848932744162,0.6280844147017239,575.1169808426088,553.5092825851256,564.3131317138672,3.8290263052817473,49349055.0,0.7338985518567681,1525146000,5.6240227465818675,0.004396911804675483,0.007126975935102358,0.006340472633554094,26.62760327604354,232.93026742852217,0.7907480103071776,572.618408203125,0.005988139527028702,569.2098999023438,-0.001749893468223962,570.2077026367188,0.006926370066026921,560.9799194335938,-0.00904037803354929
2024-10-15,572.8159790039062,577.8744751013033,571.5908226582608,577.5682010903995,54203600,-0.0077698300831378075,-0.007800172485293585,572.4307006835937,572.0858403199188,567.8543334960938,569.245651968589,565.2236511230469,564.7127952960379,551.5321203613281,554.8565065499721,62.31700283331361,72.54964087722587,-27.450359122774127,5.9093986837216335,5.414558882939657,0.49483980078197654,575.6648860110367,554.7824162350571,565.2236511230469,3.694549889143548,49593185.0,1.0929646885958222,1470942400,5.671139153471918,0.006844036940070362,0.006934021438180528,0.006704947619630325,27.51494027371434,166.86015548626287,0.19497519264969884,577.301513671875,0.008178405377231135,572.618408203125,0.005988139527028702,569.2098999023438,-0.001749893468223962,566.285400390625,0.009457523831491343
2024-10-16,575.3056640625,575.8293268875105,572.005816398955,572.8159741665754,30725400,0.004346395962841587,0.004336977664482922,573.45029296875,573.1591149007793,569.1821838378906,570.3474723493,566.3408966064453,565.7216399404629,552.7522192382812,555.6584342955614,64.33714319562304,85.14938949784194,-14.850610502158064,6.033192285948303,5.538285563541386,0.4949067224069168,576.0506909324283,556.6311022804623,566.3408966064453,3.42895750039059,48177210.0,0.6377579772676749,1501667800,5.539165677406467,0.0064979243322124515,0.006947899154171122,0.006639744358692444,28.3388960572658,144.51885806796838,0.8630413525308063,572.8159790039062,-0.0077698300831378075,577.301513671875,0.008178405377231135,572.618408203125,0.005988139527028702,570.2077026367188,0.006926370066026921
2024-10-17,575.3551025390625,579.0798386340441,575.1673823042536,578.8723393317706,34393700,8.593427746461657e-05,8.593058532611421e-05,574.6793334960937,573.8911107802071,570.617724609375,571.2579505656204,566.988818359375,566.6391125689009,554.0420581054688,556.4308526580515,64.37798077502623,81.9183382817249,-18.081661718275107,6.06537105749328,5.643702662331766,0.42166839516151455,577.2718475094213,556.7057892093288,566.988818359375,3.6272423078116214,46131120.0,0.7455639490218317,1536061500,5.422972152576756,0.006296016363695385,0.006845320962324374,0.0056198664327728924,29.563429536720168,148.04057867497053,0.0479801482702233,575.3056640625,0.004346395962841587,572.8159790039062,-0.0077698300831378075,577.301513671875,0.008178405377231135,569.2098999023438,-0.001749893468223962
2024-10-18,577.5682373046875,578.3586160628329,575.5823707247497,577.0544639759777,37416800,0.003846554511915068,0.0038391754377293907,575.6692993164063,575.1168196217006,571.7647827148437,572.405275427269,567.7960083007813,567.6799815913567,555.1399645996094,557.2597697030177,66.24158373034786,92.66195961449556,-7.338040385504441,6.198007671118376,5.754563664089088,0.44344400702928777,578.7196900264042,556.8723265751584,567.7960083007813,3.8477486864741355,44126805.0,0.8479381183387286,1573478300,5.2501536790905865,0.006038557480948514,0.006480180885168083,0.0056075764391291276,30.700496339070646,133.45283658666236,0.7153065878671173,575.3551025390625,8.593427746461657e-05,575.3056640625,0.004346395962841587,572.8159790039062,-0.0077698300831378075,572.618408203125,0.005988139527028702
2024-10-21,576.6197509765625,577.8250680389981,573.6261167836691,576.8370795083325,36439000,-0.00164220652532987,-0.0016435564245437452,575.5329467773438,575.617796739988,573.3287658691406,573.1715437089587,568.4856262207031,568.5313881994715,556.1728051757813,558.0189846549214,64.67983325610597,88.05755047187957,-11.942449528120441,6.1556299528132286,5.8347769218339165,0.32085303097931206,579.8019325731573,557.169319868249,568.4856262207031,3.981211073949237,43742910.0,0.8330264264540242,1537039300,5.175067791679045,0.00491184332368688,0.005410265712957542,0.005642508193723725,31.043430764908386,103.095200038143,0.7129480698359644,577.5682373046875,0.003846554511915068,575.3551025390625,8.593427746461657e-05,575.3056640625,0.004346395962841587,577.301513671875,0.008178405377231135
2024-10-22,576.3135375976562,577.4793569502931,573.4088485997169,574.070784100358,34183800,-0.0005310490637679965,-0.0005311901202628846,576.2324584960937,575.8497103592108,574.3315795898437,573.7428153250854,569.0794128417969,569.2725452850128,557.19400390625,558.7364181036561,64.15395868675441,86.42784122042647,-13.572158779573533,6.027851129580995,5.873391763383332,0.15445936619766254,580.7253017095381,557.4335239740556,569.0794128417969,4.092887075139663,43111815.0,0.7929102497772362,1502855500,5.09617068874313,0.002702667111550709,0.004939303013288518,0.005641762371743146,31.283096905367085,88.78907125000912,0.7135936712810901,576.6197509765625,-0.00164220652532987,577.5682373046875,0.003846554511915068,575.3551025390625,8.593427746461657e-05,572.8159790039062,-0.0077698300831378075
2024-10-23,571.0474853515625,574.7228340694738,567.5203590351447,574.2782271670283,49314600,-0.009137477956955742,-0.009179480770973825,575.3808227539063,574.2489686899947,574.4155578613281,573.2527553298994,569.4721435546875,569.4415871961128,557.937119140625,559.2192050545543,55.75806960253939,58.286163918740364,-41.713836081259636,5.438962115911977,5.786505833889061,-0.34754371797708394,580.8235384028472,558.1207487065277,569.4721435546875,3.986637441931231,43656115.0,1.129614946268123,1453540900,5.36024267972659,0.004753630874634601,0.005637992013677287,0.00605082329125042,29.662929168478364,25.30180447238096,0.48971031479560967,576.3135375976562,-0.0005310490637679965,576.6197509765625,-0.00164220652532987,577.5682373046875,0.003846554511915068,575.3056640625,0.004346395962841587
2024-10-24,572.282470703125,573.0926285399634,569.644558193077,573.0135725724089,34979900,0.0021626666489953372,0.002160331451707448,574.7662963867188,573.5934693610382,574.7228149414062,573.0763399432132,569.8149780273437,569.712147530114,558.6712487792969,559.7314899819493,57.17359030664505,64.69972352028206,-35.30027647971794,5.014116710274152,5.6320280091660795,-0.6179112988919275,581.0705989010385,558.559357153649,569.8149780273437,3.9506230294826037,42988310.0,0.813707261346166,1488520800,5.22365894166657,0.0050080999572608,0.005626356994727359,0.0060131080597551345,28.158487698510267,29.15191572384752,0.7650402238323087,571.0474853515625,-0.009137477956955742,576.3135375976562,-0.0005310490637679965,576.6197509765625,-0.00164220652532987,575.3551025390625,8.593427746461657e-05
2024-10-25,572.0848999023438,577.4398415567764,571.1364694352268,574.5252631127809,47268200,-0.0003452330114855906,-0.0003452926181208805,573.66962890625,573.0906128748068,574.6694641113281,572.8960781176005,570.1889343261719,569.9381239465167,559.2178283691406,560.2159374298079,56.86016367142166,57.32365813442062,-42.67634186557938,4.608359058384167,5.427294219009697,-0.8189351606255304,581.2222010948127,559.155667557531,570.1889343261719,3.8700388956792136,43246675.0,1.0929903859660888,1441252600,5.300781311658215,0.00427913902058584,0.005293127956621338,0.005998142234736696,27.683013459262973,49.22991597693129,0.15046398162968622,572.282470703125,0.0021626666489953372,571.0474853515625,-0.009137477956955742,576.3135375976562,-0.0005310490637679965,577.5682373046875,0.003846554511915068
2024-10-28,573.8533935546875,575.7108168113346,573.5471195231146,575.5823734785425,30174700,0.003091313286971209,0.003086545002365823,573.116357421875,573.3448731014337,574.3246520996094,573.0701354697982,570.5381927490234,570.3110067663425,559.7753515625,560.7507396307836,59.025472363726244,61.017129354335445,-38.982870645664555,4.379017268533289,5.217638828914415,-0.8386215603811262,581.5711107735392,559.5052747245077,570.5381927490234,3.8675475769136054,41577540.0,0.7257451980083478,1471427300,5.181148140039114,0.0048372757290174205,0.004611784524443487,0.0059748180117858716,27.2415016656762,55.241098848220155,0.1415512388106391,572.0848999023438,-0.0003452330114855906,572.282470703125,0.0021626666489953372,571.0474853515625,-0.009137477956955742,576.6197509765625,-0.00164220652532987
2024-10-29,574.7820434570312,575.9083044283614,571.4821355952707,572.885062269683,42899700,0.0016182702982574515,0.0016169623098074462,572.81005859375,573.8239298866329,574.5212585449219,573.3813914674769,571.1877960205078,570.7368197845033,560.2470422363281,561.300986839656,60.156395634906815,62.82016729003917,-37.17983270996083,4.223510533440731,5.018813169819679,-0.7953026363789482,581.5961169272363,560.7794751137793,571.1877960205078,3.6444479308709807,40089085.0,1.0701092329745117,1514327000,5.1272210466856505,0.004977497660175169,0.0038861090537892005,0.005533279341361976,26.205357101705193,46.64887337534581,0.745544959111232,573.8533935546875,0.003091313286971209,572.0848999023438,-0.0003452330114855906,572.282470703125,0.0021626666489953372,576.3135375976562,-0.0005310490637679965
2024-10-30,573.043212890625,576.3134523756352,572.3318298218145,574.3078067989089,41435800,-0.0030251998756747334,-0.003029785042517763,573.2092041015625,573.5636908879636,574.2950134277344,573.3199044535038,571.7385986328125,570.9564762708006,560.7018823242188,561.7614662926352,56.984866867989375,47.77770321084479,-52.22229678915521,3.914833467504536,4.798017229356651,-0.8831837618521146,581.2792839478525,562.1979133177724,571.7385986328125,3.3374291460658747,40255985.0,1.0293078159682343,1472891200,5.04539258290958,0.002432623008434842,0.003740116158503678,0.005610574143240055,25.33681891879876,39.58485554594119,0.17866662627526367,574.7820434570312,0.0016182702982574515,573.8533935546875,0.003091313286971209,572.0848999023438,-0.0003452330114855906,571.0474853515625,-0.009137477956955742
2024-10-31,561.809814453125,568.715844657544,561.6122046859157,568.646678223919,60182500,-0.019603056427166976,-0.01979774486380912,571.1146728515625,569.6457320763508,572.9404846191406,571.2271608170713,571.7791046142578,570.0853656214982,560.8942297363282,561.7633622989289,41.69227695329576,1.13129097962628,-98.86870902037371,2.732267418352194,4.38486726715576,-1.6525998488035656,581.1423013652508,562.4159078632648,571.7791046142578,3.275109802170796,41222785.0,1.4599328987597515,1412708700,5.501507984466704,0.009206136642300626,0.007119132534194551,0.007248534444937163,24.964758468311352,-137.70037660238327,0.027818100015735335,573.043212890625,-0.0030251998756747334,574.7820434570312,0.0016182702982574515,573.8533935546875,0.003091313286971209,572.282470703125,0.0021626666489953372
2024-11-01,564.180908203125,568.6367458037868,563.7659699347041,564.4575739167589,45667500,0.004220456262957972,0.004211575116980859,569.5338745117188,567.8241241186089,571.6017517089844,569.946023978172,571.6832672119141,569.5230363435579,561.2206787109375,561.858168020662,45.044660102332784,14.705503474811135,-85.29449652518886,1.9637656856164085,3.9006469508478894,-1.9368812652314809,581.3125694090797,562.0539650147484,571.6832672119141,3.368754255875824,41359205.0,1.104167742102393,1458376200,5.596181082052065,0.00982205040242014,0.007156216813813042,0.007008564081992685,24.619273764287332,-113.49458902530351,0.08518935782822475,561.809814453125,-0.019603056427166976,573.043212890625,-0.0030251998756747334,574.7820434570312,0.0016182702982574515,572.0848999023438,-0.0003452330114855906
2024-11-04,562.9656982421875,565.6233895940205,561.0687772961523,564.319237599237,38217000,-0.0021539366952487704,-0.002156259753305118,567.3563354492187,566.2046488264684,570.2363464355469,568.6768738443566,571.7825561523438,568.8985279529512,561.4063989257812,561.9016005783689,43.65921052876369,10.531977602254901,-89.4680223977451,1.2423442663824744,3.3689864139548065,-2.126642147572332,581.0005222319746,562.5645900727129,571.7825561523438,3.2242907659375506,40771820.0,0.9373385833646867,1420159200,5.521783311753216,0.009310359345352565,0.007152666995164839,0.006711465895296198,24.757216982783767,-159.5653084607002,0.4164835164743602,564.180908203125,0.004220456262957972,561.809814453125,-0.019603056427166976,573.043212890625,-0.0030251998756747334,573.8533935546875,0.003091313286971209
2024-11-05,569.7730102539062,569.8125080872711,563.6672482360568,563.884576772617,39478300,0.012091877059248857,0.012019354352281757,566.3545288085937,567.3941026356144,569.5822937011719,568.8761713733657,571.9569366455078,568.9818119816135,561.7546630859375,562.2102833107429,52.47700944843157,48.32715182331812,-51.67284817668188,1.206003722146761,2.936389875593197,-1.7303861534464362,580.8795581812172,563.0343151097983,571.9569366455078,3.1200326332398753,40875800.0,0.9658110666947192,1459637500,5.616428064133959,0.011702020510998433,0.00850022433418521,0.006925198691534209,23.81369288651963,-81.00657685981601,0.9935726341244276,562.9656982421875,-0.0021539366952487704,564.180908203125,0.004220456262957972,561.809814453125,-0.019603056427166976,574.7820434570312,0.0016182702982574515
2024-11-06,583.940673828125,584.8199980241973,578.3585752472569,582.1228088428832,68182000,0.024865452240191654,0.024561337867091953,568.5340209960938,572.9096263664513,570.8716125488281,571.6151718196855,572.6435852050781,570.4064654908051,562.3711120605469,563.062455487895,64.81831617269884,96.29777262339199,-3.7022273766080085,2.2939721424451136,2.8079063289635804,-0.5139341865184668,582.9313088376889,562.3558615724673,572.6435852050781,3.5930634336631866,42389290.0,1.6084723287415288,1527819500,6.2900394717166055,0.016551452245703667,0.011278368092024663,0.008746721602681116,23.78841118834098,175.53969863801794,0.8639116760325894,569.7730102539062,0.012091877059248857,562.9656982421875,-0.0021539366952487704,564.180908203125,0.004220456262957972,573.043212890625,-0.0030251998756747334
2024-11-07,588.455810546875,589.4833571706318,585.8771750583134,585.9562310221482,47233200,0.007732183971961071,0.0077024438431949685,573.8632202148438,578.0916877599259,572.4889465332031,574.6771061337199,573.6058807373047,572.1254507342404,563.1420825195313,564.0582733333453,67.69738725810363,96.38373458873578,-3.6162654112642256,3.480408766767937,2.9424068165244517,0.5380019502434852,585.8443635630441,561.3673979115653,573.6058807373047,4.267209677142172,42544045.0,1.1102188332115577,1575052700,6.236656891058765,0.01011826625323938,0.011408029806208071,0.008833429219368652,24.284534088349677,238.8557398411647,0.715059696980272,583.940673828125,0.024865452240191654,569.7730102539062,0.012091877059248857,562.9656982421875,-0.0021539366952487704,561.809814453125,-0.019603056427166976
2024-11-08,591.0048217773438,592.4374171107561,589.0090657831266,589.0090657831266,46444900,0.004331695234855104,0.004322340448045738,579.2280029296875,582.3960657657319,574.3809387207032,577.6457817052878,574.5252014160156,573.9234860716788,563.9630505371093,565.115000723306,69.22837503791447,95.43303330370931,-4.566966696290698,4.573630279801591,3.26865150917988,1.3049787706217115,588.9039868061833,560.146416025848,574.5252014160156,5.005449840922094,42752890.0,1.0863569690844292,1621497600,6.075581867688931,0.01010427716854252,0.01135827745993331,0.00879881483961167,25.046464883313043,232.20963575635892,0.5821328689609176,588.455810546875,0.007732183971961071,583.940673828125,0.024865452240191654,569.7730102539062,0.012091877059248857,564.180908203125,0.004220456262957972
2024-11-11,591.5679321289062,592.9609692119842,589.8290629315712,592.6053078676271,37586800,0.0009528016199074063,0.0009523479925656674,584.9484497070313,585.4533545534567,576.152392578125,580.1770817823094,575.2385223388671,575.6039095057005,564.6902819824219,566.1523705823491,69.5714755854793,95.63204345830357,-4.367956541696427,5.422942202333729,3.69950964781065,1.7234325545230793,591.4021702694118,559.0748744083224,575.2385223388671,5.6198071940052925,42821370.0,0.877757997934209,1659084400,5.865319325740649,0.009280112496867518,0.011383101383474578,0.008662560503717207,25.80734793600956,193.2971502558944,0.5552111211483026,591.0048217773438,0.004331695234855104,588.455810546875,0.007732183971961071,583.940673828125,0.024865452240191654,562.9656982421875,-0.0021539366952487704
2024-11-12,589.7303466796875,592.0915933127267,587.2307068852001,591.4889348135927,43006100,-0.0031062965881293314,-0.003111131141676749,588.9399169921875,586.8790185955337,577.6472229003906,581.9140390363782,576.0842407226562,576.9492844746517,565.6092736816406,567.0769970959702,66.9481727759271,89.87017718687135,-10.12982281312865,5.879969602074084,4.135601638663337,1.7443679634107472,593.3825472116446,558.7859342336678,576.0842407226562,6.005478111079342,42261495.0,1.0176189933650004,1616078300,5.793574118725358,0.01078802711984032,0.011548421134525292,0.008467359985753322,25.953183955105562,142.95070338717875,0.5142353831352314,591.5679321289062,0.0009528016199074063,591.0048217773438,0.004331695234855104,588.455810546875,0.007732183971961071,569.7730102539062,0.012091877059248857
2024-11-13,590.016845703125,592.0323205035678,587.813650678472,590.1946763941613,47388600,0.000485813601166285,0.0004856956319445678,590.1551513671875,587.9249609647309,579.3445861816406,583.3872766121503,576.8197998046875,578.1938141154587,566.5562561035156,567.9765990021331,67.1561099251965,90.76851313127308,-9.23148686872692,6.193885924514461,4.547258495833562,1.6466274286808993,595.143813522199,558.4957860871759,576.8197998046875,6.353462111985789,43094655.0,1.0996398509281486,1663466900,5.681080954894678,0.0041148204989595255,0.011409906063941409,0.008442786229996857,26.088603115694703,122.27048183475198,0.5222487456815281,589.7303466796875,-0.0031062965881293314,591.5679321289062,0.0009528016199074063,591.0048217773438,0.004331695234855104,583.940673828125,0.024865452240191654
2024-11-14,586.2230224609375,590.6294734066391,585.5314786698614,590.14536863207,38904100,-0.006430025294729358,-0.006450786953890024,589.70859375,587.3576481301332,581.7859069824219,583.9028667664753,577.3631958007812,578.958500624552,567.453759765625,568.6921450201254,61.62710462588118,78.87273860376506,-21.127261396234946,6.06660499628606,4.851127795924062,1.215477200361998,596.1206853325359,558.6057062690265,577.3631958007812,6.49763949908125,43320175.0,0.8980596223353207,1624562800,5.639431939314898,0.004125080749523967,0.009023611671166575,0.00861592731732383,25.706184821645568,86.13330184307296,0.13565015790888404,590.016845703125,0.000485813601166285,589.7303466796875,-0.0031062965881293314,591.5679321289062,0.0009528016199074063,588.455810546875,0.007732183971961071
2024-11-15,578.7142944335938,583.1108555511576,576.8469815975038,582.6365800407317,75988800,-0.01280865428284006,-0.0128913923634024,587.25048828125,584.4765302312867,583.2392456054688,582.9594899786787,577.4204986572265,578.9352428920797,568.3833056640625,569.0851704873202,52.427041805102895,55.3286433996462,-44.6713566003538,5.298761520463813,4.940654540832012,0.3581069796318008,596.1871436467795,558.6538536676735,577.4204986572265,6.50016583519091,45248775.0,1.6793559604652282,1548574000,5.906332576751953,0.005674164883799819,0.010522445779267649,0.009113892788667888,23.99040103338786,17.246669268225272,0.29810830324433735,586.2230224609375,-0.006430025294729358,590.016845703125,0.000485813601166285,589.7303466796875,-0.0031062965881293314,591.0048217773438,0.004331695234855104
2024-11-18,581.0855102539062,582.4093811883583,578.3092647427811,579.1786392195049,37001700,0.004097385952136046,0.004089014525834351,585.15400390625,583.3461902388266,585.0512268066407,582.6187663923564,577.6437866210938,579.1400302598727,569.2410961914062,569.5557720467941,54.7256283160597,62.763741703865875,-37.236258296134125,4.825946822560013,4.917712997177612,-0.09176617461759928,596.4731720793562,558.8144011628314,577.6437866210938,6.519376091069633,45276910.0,0.8172311228836067,1585575700,5.7773171388109,0.006499699476354772,0.010393801600841772,0.00914518238774157,22.39717323000571,23.800854583166483,0.67711382052384,578.7142944335938,-0.01280865428284006,586.2230224609375,-0.006430025294729358,590.016845703125,0.000485813601166285,591.5679321289062,0.0009528016199074063
2024-11-19,583.2096557617188,583.9407576739353,577.0150082743982,577.6868332829765,49412000,0.003655478359603892,0.0036488133362127355,583.8498657226562,583.3006787464574,586.3948913574219,582.7262008231495,577.9885925292969,579.5276136410009,570.0944848632812,570.0912184669874,56.74197518162307,69.42413529932156,-30.57586470067844,4.569958916591304,4.848162181060351,-0.2782032644690471,596.9599409168981,559.0172441416956,577.9885925292969,6.564609970789206,46038320.0,1.0732798242855082,1634987700,5.85934801457706,0.007273134658402632,0.009925627902691525,0.009170016084466822,20.942739641706797,27.70928934484489,0.8944371402819077,581.0855102539062,0.004097385952136046,578.7142944335938,-0.01280865428284006,586.2230224609375,-0.006430025294729358,589.7303466796875,-0.0031062965881293314
2024-11-20,583.4072265625,583.69372152727,577.6077387195638,583.2886727631445,50032600,0.00033876462577286937,0.0003387072579927825,582.5279418945313,583.3361946851383,586.3415466308594,582.8500236848496,578.6065795898437,579.8971005859056,570.84091796875,570.6134148628898,56.93409385639305,70.04363113486234,-29.956368865137666,4.333079921189892,4.74514572908626,-0.4120658078963677,597.4379617165578,559.7751974631296,578.6065795898437,6.509218108118661,46074220.0,1.085913120178703,1685020300,5.8755362140862815,0.00725984430590196,0.00600887772702185,0.008878701383118472,19.59219416685781,25.589094247848273,0.952925439667277,583.2096557617188,0.003655478359603892,581.0855102539062,0.004097385952136046,578.7142944335938,-0.01280865428284006,590.016845703125,0.000485813601166285
2024-11-21,586.5391235351562,587.9717189391857,580.3938639302464,586.2724076420711,46750300,0.00536828621597607,0.00535392832943557,582.591162109375,584.4038376351443,586.1498779296875,583.5207691121781,579.3194122314453,580.52967420012,571.5579931640625,571.2379524578806,59.96915240122433,79.86389366470594,-20.136106335294052,4.347949071657695,4.665706397600546,-0.31775732594285166,598.2184760005647,560.4203484623259,579.3194122314453,6.524574654359751,46662740.0,1.0018764436036118,1731770600,5.997130413718641,0.007467615891963065,0.005706502554640495,0.008927531558934484,19.079669460953482,49.6963134199599,0.810949747333434,583.4072265625,0.00033876462577286937,583.2096557617188,0.003655478359603892,581.0855102539062,0.004097385952136046,586.2230224609375,-0.006430025294729358
2024-11-22,588.3569946289062,588.9893216912529,586.0253564262839,586.5291798676253,38226400,0.00309931771097105,0.0030945247266016018,584.5197021484375,585.721556633065,585.8850952148438,584.4000828424922,580.1330169677734,581.2751332885757,572.2539025878906,571.9092874449797,61.65821636239986,84.28340808304499,-15.716591916955005,4.4550647717062475,4.623578072421687,-0.16851330071543913,599.1170825510866,561.1489513844602,580.1330169677734,6.544728546062993,46210650.0,0.8272205649563467,1769997000,5.780475760236526,0.0018606775451609527,0.0056075360420815065,0.008927979516997975,18.769095302621228,68.1815632880574,0.7866617838276313,586.5391235351562,0.00536828621597607,583.4072265625,0.00033876462577286937,583.2096557617188,0.003655478359603892,578.7142944335938,-0.01280865428284006
2024-11-25,590.3528442382812,593.6428027871202,588.0508139658752,592.318931861111,42441400,0.003392242511935928,0.0033865018361523024,586.3731689453125,587.2653191681371,585.7635864257812,585.482403096272,580.9579895019531,582.1396771885477,572.97337890625,572.6325641819719,63.48013862652955,80.4120411160789,-19.587958883921107,4.647430434068156,4.628348544750981,0.019081889317174472,600.2109027149893,561.7050762889169,580.9579895019531,6.627988102734056,46823985.0,0.9064029898352308,1812438400,5.767012407451415,0.0018123485898610208,0.005726405191118627,0.008931160042354107,19.182151360195842,85.84092975891915,0.4116657500492505,588.3569946289062,0.00309931771097105,586.5391235351562,0.00536828621597607,583.4072265625,0.00033876462577286937,581.0855102539062,0.004097385952136046
2024-11-26,593.4353637695312,594.1071887666359,590.8863363525481,591.607548718168,45621300,0.005221486711438406,0.005207902017380093,588.418310546875,589.3220007019352,586.1340881347656,586.9283959459556,581.8906555175781,583.2154568629271,573.7499743652344,573.4483602442291,66.15507692747191,96.1076655075953,-3.892334492404701,4.991081095858021,4.700895054972389,0.29018604088563205,601.6568821532966,562.1244288818597,581.8906555175781,6.7937941426939945,46960065.0,0.9714914150991912,1858059700,5.62325041608736,0.0020382774635478653,0.005859298937329486,0.008970856748323364,19.631590214884056,95.7703572486024,0.7914139144515687,590.3528442382812,0.003392242511935928,588.3569946289062,0.00309931771097105,586.5391235351562,0.00536828621597607,583.2096557617188,0.003655478359603892
2024-11-27,591.6371459960938,593.6328416785968,590.1057759445099,593.2475720089939,34000200,-0.003030183037989409,-0.0030347833381293705,590.0642944335938,590.0937157999881,586.2961181640625,587.784532318708,582.8203521728516,584.0175224946573,574.5235021972657,574.1616459599885,63.24482377773901,85.68937935484615,-14.310620645153843,5.0599970786288395,4.772715459703679,0.28728161892516013,602.5836954895426,563.0570088561606,582.8203521728516,6.781967459787558,46588285.0,0.7298014940880524,1824059500,5.473522938801615,0.00342383356982899,0.00597408137759428,0.008970993100066882,19.854877680039202,79.75764702594337,0.43417678234365664,593.4353637695312,0.005221486711438406,590.3528442382812,0.003392242511935928,588.3569946289062,0.00309931771097105,583.4072265625,0.00033876462577286937
2024-11-29,595.3125,596.1028787945397,592.1805931218427,592.4571985640151,30177400,0.006212175872964076,0.006192959849574734,591.8189697265625,591.8333105333254,587.2050659179688,589.1532537153065,584.4954864501954,585.0932346380233,575.1818188476562,574.9910912164596,66.48962740827172,95.89539356981307,-4.104606430186929,5.349517930642605,4.888075953891465,0.4614419767511402,602.4478582176673,566.5431146827234,584.4954864501954,6.142860700773495,45088030.0,0.669299590157299,1854236900,5.401537928776212,0.0035978361338964075,0.005726423855509202,0.007488993222954754,20.441335387487065,98.34556221296855,0.7984902527316208,591.6371459960938,-0.003030183037989409,593.4353637695312,0.005221486711438406,590.3528442382812,0.003392242511935928,586.5391235351562,0.00536828621597607
2024-12-02,596.3795166015625,597.0612310941011,595.2334161464374,595.7274104076383,31746000,0.0017923638451442514,0.0017907594778547762,593.4234741210937,593.3487125560712,588.9715881347656,590.4671196946257,586.1054168701172,586.1681186345509,575.8809204101562,575.8298529962676,67.3897077667755,96.62755477192773,-3.372445228072266,5.600505473163707,5.030561857745914,0.5699436154177935,602.1562662216631,570.0545675185713,586.1054168701172,5.477120289131487,44391955.0,0.7151295769695207,1885982900,5.146272001553888,0.003634202921794091,0.002739849522261692,0.007486598784341264,21.129310679955204,111.07494517187513,0.627033090262945,595.3125,0.006212175872964076,591.6371459960938,-0.003030183037989409,593.4353637695312,0.005221486711438406,588.3569946289062,0.00309931771097105
2024-12-03,596.6561279296875,596.9031250627299,595.1050389999714,596.1424148983427,26906600,0.0004638176201980926,0.00046371009005398835,594.684130859375,594.4511843472767,590.5286499023438,591.5923939191823,587.7899383544922,587.1669766626591,576.5574951171875,576.6465696603233,67.63242225238326,97.99595248647837,-2.004047513521634,5.755390571420662,5.175527600480864,0.5798629709397982,600.4963737128962,575.0835029960881,587.7899383544922,4.323461335175458,43826435.0,0.613935402229271,1912889500,4.9071158630685074,0.0037329305565186447,0.002820081174109699,0.007417899267757792,21.730886639869063,113.04354750789665,0.8626333086917036,596.3795166015625,0.0017923638451442514,595.3125,0.006212175872964076,591.6371459960938,-0.003030183037989409,590.3528442382812,0.003392242511935928
2024-12-04,600.361083984375,600.6080811170303,597.6836736596936,598.3554986242718,42787600,0.006209533232388376,0.006190333520745398,596.0692749023438,596.4211508929761,592.2437927246094,593.1867012037628,589.3193420410156,588.4235583123464,577.2759606933594,577.5765506142077,70.77047700212339,98.9604978824639,-1.0395021175360981,6.10670284853245,5.3617626500911815,0.7449401984412685,600.2180574618855,578.4206266201458,589.3193420410156,3.698746890989136,43991900.0,0.9726245058749452,1955677100,4.838889957659531,0.0039568079960111,0.003029038480644312,0.0071474644676314866,22.847161002064173,154.256038145064,0.9155394259007158,596.6561279296875,0.0004638176201980926,596.3795166015625,0.0017923638451442514,595.3125,0.006212175872964076,593.4353637695312,0.005221486711438406
2024-12-05,599.3731079101562,601.1712543095007,599.0174465042294,600.3610964613101,28762200,-0.0016456364354296982,-0.0016469919824309846,597.6164672851562,597.4051365653695,593.840380859375,594.3115024231071,590.0909637451172,589.4663725597568,577.9995654296876,578.43131756699,68.85346785554208,92.60760467276961,-7.392395327230389,6.233542548627838,5.536118629798513,0.6974239188293252,601.5290590799871,578.6528684102473,590.0909637451172,3.876722755514165,42020910.0,0.6844735156854052,1926914900,4.6470983753460855,0.003511314450720202,0.0032712837582702897,0.004920464644080127,23.96342735400472,144.2747927234758,0.16513145000212945,600.361083984375,0.006209533232388376,596.6561279296875,0.0004638176201980926,596.3795166015625,0.0017923638451442514,591.6371459960938,-0.003030183037989409
2024-12-06,600.5093383789062,601.7542136421392,599.7288491068647,600.1437874272632,31241500,0.001895698111501476,0.0018939035434514223,598.6558349609375,598.4398705032152,595.23740234375,595.4383816877978,590.6936401367187,590.5180835901521,578.7012365722657,579.2971223047122,69.86447789736727,94.96800626888262,-5.0319937311173755,6.35252032770677,5.699398969380165,0.6531213583266053,602.9635590591587,578.4237212142788,590.6936401367187,4.1544103706957225,41221325.0,0.7578965499046914,1958156400,4.485241757963007,0.002876405610751874,0.003139194269356765,0.004687504129806686,25.085551806564393,135.958176394108,0.38535742993901534,599.3731079101562,-0.0016456364354296982,600.361083984375,0.006209533232388376,596.6561279296875,0.0004638176201980926,595.3125,0.006212175872964076
2024-12-09,597.4168701171875,600.558666264525,596.8241011467584,600.3907251065754,34742700,-0.005149742167319116,-0.005163047789520714,598.8633056640625,598.0988703745393,596.1433898925782,595.7981068567777,591.0142425537109,591.1751108784412,579.3574584960937,580.0077006502994,63.79494154060421,82.46773305577771,-17.532266944222286,6.1266505174725125,5.784849278998634,0.3418012384738782,603.63013587109,578.3983492363318,591.0142425537109,4.2692349554444435,40636215.0,0.8549688990473153,1923413700,4.431621997948977,0.004212062542158887,0.003912283340165218,0.004813226287937832,25.18351638187499,93.03064228869592,0.158725032693431,600.5093383789062,0.001895698111501476,599.3731079101562,-0.0016456364354296982,600.361083984375,0.006209533232388376,596.3795166015625,0.0017923638451442514
2024-12-10,595.5594482421875,598.5234137048745,594.8975128400896,598.0985858914665,37234500,-0.0031090884236926186,-0.0031139316804534066,598.6439697265625,597.252396330422,596.6640502929688,595.7547143813977,591.213818359375,591.5926668178456,579.9312829589844,580.6175731048833,60.400786464128636,74.34505276726739,-25.654947232732614,5.731697205836213,5.7742188643661505,-0.042521658529937945,603.9837794676806,578.4438572510693,591.213818359375,4.319912935642287,40618600.0,0.916685951756092,1886179200,4.374070488437262,0.004483272214009272,0.00410501606198962,0.004880592457014513,24.702651899738015,63.14441579362296,0.18255750136702223,597.4168701171875,-0.005149742167319116,600.5093383789062,0.001895698111501476,599.3731079101562,-0.0016456364354296982,596.6561279296875,0.0004638176201980926
2024-12-11,600.16357421875,601.1218942118659,598.2270948619083,598.5037606137593,28677700,0.007730758012741923,0.007701028824154485,598.6044677734375,598.2227889598647,597.3368713378907,596.5563252609162,591.7354797363281,592.4089437131698,580.6987548828125,581.3840829524859,65.32546025202353,92.55330813940928,-7.4466918605907155,5.724223068572428,5.764219705207406,-0.03999663663497799,605.0607516916174,578.4102077810388,591.7354797363281,4.5037934724572875,39902180.0,0.7187000810482034,1914856900,4.458954451383056,0.005055621308578042,0.004460752569180367,0.0050746646503093025,24.74665021440971,93.30881794884283,0.668951150898655,595.5594482421875,-0.0031090884236926186,597.4168701171875,-0.005149742167319116,600.5093383789062,0.001895698111501476,600.361083984375,0.006209533232388376
2024-12-12,597.071044921875,599.8670086682928,597.071044921875,599.2940188154165,31543800,-0.005152810716479439,-0.005166132227473603,598.1440551757812,597.8388742805348,597.8802612304687,596.6499106538178,592.0881896972656,592.8529533520941,581.3996325683594,581.9992579316776,59.933896684543036,70.22562633766292,-29.77437366233708,5.40643645793341,5.6926630557526074,-0.2862265978191978,605.5851584679959,578.5912209265354,592.0881896972656,4.559107580791734,39109940.0,0.8065417640630489,1883313100,4.361352654632481,0.005550461667809659,0.0047238219238455,0.0052518114166244185,24.440357059942077,66.2805149443604,0.0,600.16357421875,0.007730758012741923,595.5594482421875,-0.0031090884236926186,597.4168701171875,-0.005149742167319116,599.3731079101562,-0.0016456364354296982
2024-12-13,596.9525756835938,599.8374853272288,595.5693676109008,599.1162729918287,35904700,-0.00019841732284431313,-0.00019843701016556225,597.4327026367188,597.5434414148879,598.0442687988282,596.7049406592315,592.6246673583985,593.2433935741417,582.1186901855468,582.5856625493998,59.7305182073439,64.96024291794885,-35.03975708205115,5.086395995171756,5.5714096436364375,-0.4850136484646814,605.9988718482839,579.2504628685131,592.6246673583985,4.513549714189391,38959970.0,0.9215792517294032,1847408400,4.35469301618216,0.005376534367769828,0.004346453872858482,0.004990671853332571,23.713172180318654,55.27625445257107,0.32407917601919767,597.071044921875,-0.005152810716479439,600.16357421875,0.007730758012741923,595.5594482421875,-0.0031090884236926186,600.5093383789062,0.001895698111501476
2024-12-16,599.5015258789062,600.4796851568691,597.9405474515993,598.7210366652528,43695200,0.0042699375111894255,0.0042608471955477715,597.8496337890625,598.1961362362274,598.3564697265625,597.2134106991723,593.664028930664,593.8394061745954,582.786767578125,583.2490297387922,62.665987752253976,80.66103093214426,-19.338969067855743,4.981022474455472,5.453332209800244,-0.4723097353447727,605.7183558495116,581.6097020118165,593.664028930664,4.060992861757307,37345290.0,1.170032419081496,1891103600,4.29557990597453,0.005285531845572697,0.0045095626415355885,0.0038485878402818433,23.179714185819307,71.00674185663385,0.6147671408312284,596.9525756835938,-0.00019841732284431313,597.071044921875,-0.005152810716479439,600.16357421875,0.007730758012741923,597.4168701171875,-0.005149742167319116
2024-12-17,597.031494140625,597.9009287649616,595.6483465488363,596.9327194205068,55773500,-0.004120142537852645,-0.004128653711328479,598.14404296875,597.80792220436,598.3940063476563,597.1803349612545,594.461328125,594.1434145523125,583.5077990722656,583.7895185388641,58.23584437305415,59.45619812624836,-40.54380187375164,4.644661515006305,5.291598070841457,-0.6469365558351514,605.1097172713945,583.8129389786055,594.461328125,3.582533847905884,38283880.0,1.45684032026012,1835330100,4.263979864838485,0.005483700646230463,0.004744077638975696,0.00402212325068236,22.005840353157758,36.54562522643873,0.6140275732561128,599.5015258789062,0.0042699375111894255,596.9525756835938,-0.00019841732284431313,597.071044921875,-0.005152810716479439,595.5594482421875,-0.0031090884236926186
2024-12-18,579.2379150390625,599.1260676649564,578.8525850593486,596.7252628946356,108248700,-0.029803417870232773,-0.030256566028424633,593.9589111328125,591.6179198159275,596.281689453125,593.9180767935833,594.2627410888672,592.7238431700982,583.7668493652344,583.6110242839699,37.609295997287646,1.6825440091341657,-98.31745599086584,2.908769421694842,4.815032341012134,-1.9062629193172915,605.8498407765485,582.6756414011859,594.2627410888672,3.8996554508701884,41225715.0,2.6257567637092527,1727081400,5.407515774893436,0.013275678584632435,0.010153308911481465,0.0080047131571519,22.941326317594196,-126.93489551700895,0.019006600257491815,597.031494140625,-0.004120142537852645,599.5015258789062,0.0042699375111894255,596.9525756835938,-0.00019841732284431313,600.16357421875,0.007730758012741923
2024-12-19,579.06005859375,585.8772036337424,578.8130614589971,584.2568879572754,85919500,-0.0003070524920670836,-0.0003070996423355112,590.3567138671875,587.4319660752017,594.2503845214844,591.2166189390681,594.0453826904297,591.4225303533032,583.943896484375,583.4325550412161,37.46644946568784,1.0766553169651236,-98.92334468303487,1.5014036558368389,4.152306603977075,-2.650902948140236,606.5644789981435,581.526286382716,594.0453826904297,4.214861918803179,43020060.0,1.9971961917300907,1641161900,5.5258462320257085,0.013616819871544956,0.010189645792514662,0.008003257588801745,23.814592680807586,-191.443972251604,0.034964915574943176,579.2379150390625,-0.029803417870232773,597.031494140625,-0.004120142537852645,599.5015258789062,0.0042699375111894255,597.071044921875,-0.005152810716479439
2024-12-20,586.01513671875,590.5751556827481,575.8640332815654,576.716609074651,125716700,0.012010978864421151,0.01193941948668535,588.1692260742187,586.9596896230512,592.8009643554688,590.2708948990102,594.0191833496094,590.9075404833457,584.2800012207031,583.5338327540605,46.08956868145361,39.20831487386209,-60.79168512613791,0.9364776936307635,3.509140821907813,-2.5726631282770493,606.6030305956581,581.4353361035608,594.0191833496094,4.236848774845862,46968380.0,2.6766241458615347,1766878600,6.181937386965494,0.015838017798001282,0.011222839629006111,0.008381642924678271,23.537121155785496,-146.92908416302902,0.6900291602698841,579.06005859375,-0.0003070524920670836,579.2379150390625,-0.029803417870232773,597.031494140625,-0.004120142537852645,596.9525756835938,-0.00019841732284431313
2024-12-23,589.5244140625,590.1291009674258,582.555448912475,585.7574336728889,57635800,0.0059883732072167906,0.005970514162665004,586.1738037109375,587.8145977695342,592.01171875,590.1351711105538,594.0775543212891,590.7758141575508,584.6181213378907,583.7687575112543,49.84746308270487,52.76278724476148,-47.23721275523852,0.7631421245248475,2.95994108243122,-2.1967989579063723,606.566273102559,581.5888355400192,594.0775543212891,4.204406879346844,47938850.0,1.2022774847540147,1824514400,6.281345577535873,0.01606819088950781,0.011467762524188446,0.008462571990623332,23.279469025407845,-99.33837974030091,0.9201591384670892,586.01513671875,0.012010978864421151,579.06005859375,-0.0003070524920670836,579.2379150390625,-0.029803417870232773,599.5015258789062,0.0042699375111894255
2024-12-24,596.0769653320312,596.1166566065269,590.2975890385056,590.8824907923924,33160100,0.011114978639097606,0.011053661206948525,585.9828979492188,590.5687202903666,592.0634704589844,591.2154973326406,594.3637603759765,591.2806856979776,584.9936303710938,584.2514323277553,56.01303268272706,78.0718085735956,-21.9281914264044,1.1413517699512568,2.5962232199352275,-1.4548714499839708,606.7599403122379,581.9675804397152,594.3637603759765,4.171243525486773,47474785.0,0.6984781500326963,1857674500,6.303552503713806,0.01726127541809694,0.012079980212506171,0.008788982731266161,21.81670592819453,-5.364949899209152,0.9931791005808006,589.5244140625,0.0059883732072167906,586.01513671875,0.012010978864421151,579.06005859375,-0.0003070524920670836,597.031494140625,-0.004120142537852645
2024-12-26,596.11669921875,597.2467510278158,592.8850063759046,594.2926551063172,41219100,6.665898705993101e-05,6.665676544837945e-05,589.3586547851562,592.4180465998278,591.6587829589844,592.1066249482968,594.4978271484375,591.7412584142417,585.4596447753906,584.7167369117159,56.04831776265409,78.22527945006449,-21.774720549935505,1.4278326652236046,2.362545108992903,-0.9347124437692984,606.9089333150846,582.0867209817904,594.4978271484375,4.175324315709634,47254675.0,0.8722756002448435,1898893600,6.164851942870761,0.005852880739419067,0.011785345781839571,0.008719149422178177,20.26547051774296,11.722138048308492,0.7409174769906087,596.0769653320312,0.011114978639097606,589.5244140625,0.0059883732072167906,586.01513671875,0.012010978864421151,579.2379150390625,-0.029803417870232773
2024-12-27,589.8416137695312,592.5875722637912,585.628530262738,592.349606135686,64969300,-0.010526605708987335,-0.01058240233434366,591.5149658203125,591.5592356563957,590.93583984375,591.6948047339757,594.4080505371094,591.5603398766502,585.7503637695313,584.9177124747675,49.31963276556056,55.33952588676147,-44.66047411323853,1.1354352947417965,2.117123146142682,-0.9816878514008853,606.9261447289153,581.8899563453034,594.4080505371094,4.211953112174229,48803130.0,1.331252729077008,1833924300,6.473660300952281,0.009285521523731717,0.012132739565541478,0.009023923117658433,19.977997418360992,-76.49296961194447,0.6054114210109788,596.11669921875,6.665898705993101e-05,596.0769653320312,0.011114978639097606,589.5244140625,0.0059883732072167906,579.06005859375,-0.0003070524920670836
2024-12-30,583.110595703125,586.6000397682428,579.3336924072994,582.7835057007663,56578800,-0.011411568647030523,-0.011477180228152799,590.9340576171875,588.7430223386389,589.5516418457031,590.1340394556393,593.7979553222656,590.7556023363145,585.9054736328125,584.8468451503894,43.31299276953616,28.69032512910183,-71.30967487089816,0.3564622921181808,1.7649909753377817,-1.408528683219601,607.2358386708149,580.3600719737162,593.7979553222656,4.526079360194614,50123200.0,1.1287946499824433,1777345500,6.761821805329393,0.0099485433267854,0.012546095318229674,0.009231857670572764,20.50270955779775,-138.08985409568817,0.5197801740217456,589.8416137695312,-0.010526605708987335,596.11669921875,6.665898705993101e-05,596.0769653320312,0.011114978639097606,586.01513671875,0.012010978864421151
2024-12-31,580.9891357421875,585.5095236812081,579.3435211584518,584.7858235548729,57052700,-0.0036381776914539143,-0.0036448119558877942,589.227001953125,586.1583934731551,587.7004028320313,588.471329689557,593.0284362792969,589.8254626606833,585.9738916015625,584.6955624284992,41.5935925825405,20.29111837603708,-79.70888162396292,-0.4271397129990646,1.3265648376704124,-1.753704550669477,607.5090561119731,578.5478164466207,593.0284362792969,4.88361736024959,51388535.0,1.1102223482339009,1720292800,6.719263285145595,0.009170268487984438,0.012335403523031264,0.009225449030055836,20.98994225870331,-125.85007725221608,0.2668851622482598,583.110595703125,-0.011411568647030523,589.8416137695312,-0.010526605708987335,596.11669921875,6.665898705993101e-05,589.5244140625,0.0059883732072167906
2025-01-02,579.5617065429688,585.9953233352497,575.4576529464935,584.2704470278884,50204000,-0.002456894821957878,-0.0024599179407126417,585.9239501953125,583.9594978297597,585.9534240722656,586.8513982083591,592.173715209961,588.8479620780438,586.0327307128906,584.4942347467138,40.430609270809434,16.401759705087056,-83.59824029491294,-1.1500742148036807,0.8312370271755939,-1.9813112419792747,607.6787044369557,576.6687259829662,592.173715209961,5.236635409086786,52553405.0,0.955294904297828,1670088800,6.992006649689215,0.0050961856246418665,0.012330772057011913,0.00921974733633115,21.891590988829048,-121.6205866184202,0.3894649808761701,580.9891357421875,-0.0036381776914539143,583.110595703125,-0.011411568647030523,589.8416137695312,-0.010526605708987335,596.0769653320312,0.011114978639097606
2025-01-03,586.8082275390625,587.4525452187247,581.3361558939639,582.4266373983825,37888500,0.01250345030440081,0.012425927700801111,584.062255859375,584.9090743995273,586.7104553222656,586.8435489957596,591.4960723876953,588.6537016457598,586.2426245117188,584.5849795621,48.329236058551615,45.362321082227744,-54.637678917772256,-1.1252995801781935,0.43992970570483647,-1.5652292858830301,606.6920910060904,576.3000537693002,591.4960723876953,5.138163828223999,52308450.0,0.7243284784771867,1707977300,7.056208937265411,0.009596970212826492,0.008835542856625517,0.00959341266131231,22.40656685371702,-64.81310707280815,0.8946571832595251,579.5617065429688,-0.002456894821957878,580.9891357421875,-0.0036381776914539143,583.110595703125,-0.011411568647030523,596.11669921875,6.665898705993101e-05
2025-01-06,590.1885375976562,594.4908658796807,588.4438157230102,591.0906669897693,47679400,0.005760502153778546,0.005743973904878711,584.131640625,586.6688954655704,587.8233032226562,587.451728741559,591.0368438720703,588.7998764983214,586.6254455566407,584.8047269360434,51.55608987631751,58.87165569651247,-41.12834430348753,-0.8234109634164497,0.18726157188057926,-1.010672535297029,605.8019314184876,576.2717563256531,591.0368438720703,4.996334052437904,53254310.0,0.8953153275293586,1755656700,7.10095389464775,0.00920463902829191,0.008918243969690617,0.009713307761238797,21.50706090708126,-2.5820767595535576,0.2885244589368299,586.8082275390625,0.01250345030440081,579.5617065429688,-0.002456894821957878,580.9891357421875,-0.0036381776914539143,589.8416137695312,-0.010526605708987335
2025-01-07,583.5169677734375,592.5577435625502,581.6830616942256,592.2305931115341,60393100,-0.011304133169673491,-0.01136851049607485,584.2129150390625,585.6182529015261,587.573486328125,586.736317656446,590.1872253417969,588.2967423340467,586.8501354980468,584.7542265767255,45.51463354424984,34.05092788346844,-65.94907211653155,-1.109709942376412,-0.07213273097081901,-1.037577211405593,604.6262170149289,575.7482336686649,590.1872253417969,4.893020740925026,54711890.0,1.1038386719961601,1695263600,7.370505892767526,0.009170962231137062,0.009039992736733263,0.009970783160578596,21.534116622338697,-50.45453911322252,0.16863997507244924,590.1885375976562,0.005760502153778546,586.8082275390625,0.01250345030440081,579.5617065429688,-0.002456894821957878,583.110595703125,-0.011411568647030523
2025-01-08,584.3695068359375,585.4500653976103,580.1167928192344,583.5863907900373,47304700,0.0014610355989357338,0.0014599693248749444,584.8889892578125,585.2020042129966,587.0579956054687,586.3059884163534,589.5348571777344,587.9227199056554,587.0958276367187,584.7391395280671,46.37933227445297,37.65293956291972,-62.34706043708028,-1.253363177973256,-0.30837882037130643,-0.9449843576019494,603.7860943400955,575.2836200153732,589.5348571777344,4.834739452247392,55339990.0,0.8548013832311859,1742568300,7.224989227453834,0.008921326618712665,0.00879509417424046,0.009949019427701032,21.73955854175886,-71.8762703827007,0.7973929616622784,583.5169677734375,-0.011304133169673491,590.1885375976562,0.005760502153778546,586.8082275390625,0.01250345030440081,580.9891357421875,-0.0036381776914539143
2025-01-10,575.4476928710938,580.8602875756501,573.5245418299866,580.7908883545033,73105000,-0.015267418748713957,-0.015385165785878356,584.0661865234375,581.9505670990291,584.995068359375,584.3317528626699,588.5292694091797,586.73462209284,587.1277136230469,584.3747690709308,39.34259265905521,8.106964343283737,-91.89303565671626,-2.063340323536977,-0.6593711210044406,-1.4039692025325363,603.7438490536678,573.3146897646917,588.5292694091797,5.170373143807047,57133515.0,1.2795466898894634,1669463300,7.483558925917913,0.011652861174671486,0.00876639205763227,0.010440389122590335,22.62018085930628,-131.04607258543237,0.2621616271553345,584.3695068359375,0.0014610355989357338,583.5169677734375,-0.011304133169673491,590.1885375976562,0.005760502153778546,579.5617065429688,-0.002456894821957878
2025-01-13,576.3399047851562,576.6967632072416,570.352331124668,570.7687264554227,47910100,0.0015504657071625516,0.0015492649761759255,581.9725219726563,580.0803463277382,583.0173889160156,582.8786895758492,587.3380859375,585.7446490159177,587.1588708496093,584.0596763538416,40.31778760397655,22.263256400586812,-77.73674359941319,-2.603250352432042,-1.048146967289961,-1.5551033851420808,602.4527302870285,572.2234415879714,587.3380859375,5.146829300334859,58095135.0,0.8246835126555778,1717373400,7.402192722821889,0.009154707407872923,0.008845320152012375,0.010237172480056796,23.730356557588177,-142.48551751800954,0.9437525033706474,575.4476928710938,-0.015267418748713957,584.3695068359375,0.0014610355989357338,583.5169677734375,-0.011304133169673491,586.8082275390625,0.01250345030440081
2025-01-14,577.1329345703125,579.9185236912625,573.3262632797856,579.2840683920101,48420600,0.0013759758409437328,0.0013750300536738498,579.3614013671875,579.0978757419297,581.7465209960938,581.8340068475698,586.3411804199219,584.924485735384,587.2406652832032,583.7880394211542,41.22232425931894,25.21193418583784,-74.78806581416215,-2.9333284793608527,-1.4251832697041396,-1.5081452096567132,601.3864493153574,571.2959115244864,586.3411804199219,5.131916160028347,58938975.0,0.8215378703141681,1765794000,7.344340414868675,0.008198822258706912,0.008566180166219297,0.010234533045610474,24.133563556117085,-109.3471657205981,0.5774455274615441,576.3399047851562,0.0015504657071625516,575.4476928710938,-0.015267418748713957,584.3695068359375,0.0014610355989357338,590.1885375976562,0.005760502153778546
2025-01-15,587.6309814453125,588.7808787490047,584.082061353333,585.2022507077428,56900200,0.018189997912380518,0.018026539134353762,580.1842041015625,581.942244309724,582.1985595703125,582.8880022289775,585.8751007080078,585.1822472315677,587.7570886230469,583.9387430299447,51.665689685979565,64.24622796427064,-35.75377203572936,-2.321057420922102,-1.6043580999477323,-0.71669932097437,600.1335568093242,571.6166446066915,585.8751007080078,4.86740470249907,59988750.0,0.94851451313788,1822694200,7.651740683713214,0.011829144021157548,0.010001638685590524,0.011155959910462922,23.042875546745424,11.0709743008142,0.7552794231103844,577.1329345703125,0.0013759758409437328,576.3399047851562,0.0015504657071625516,575.4476928710938,-0.015267418748713957,583.5169677734375,-0.011304133169673491
2025-01-16,586.5008544921875,589.1872759074608,585.7969999803885,589.0088467012978,43319700,-0.0019231915756813267,-0.001925043283106008,580.6104736328125,583.4617810372118,582.7497314453125,583.544884458652,585.2250671386719,585.3078288754361,588.2034875488281,584.0392179892484,50.62294289178134,60.04414085030866,-39.95585914969134,-1.9050596543498841,-1.6644984108281629,-0.24056124352172126,598.05299825792,572.3971360194238,585.2250671386719,4.383930846287024,59969975.0,0.722356479221477,1779374500,7.347350343953154,0.011925640356816827,0.00993120370907381,0.011095744189216928,21.96968538479282,26.05138752442991,0.2076098013609373,587.6309814453125,0.018189997912380518,577.1329345703125,0.0013759758409437328,576.3399047851562,0.0015504657071625516,584.3695068359375,0.0014610355989357338
2025-01-17,592.3892822265625,594.1537892227647,590.4363626944013,591.7746725476055,58070600,0.01003993035862405,0.009989865080218893,583.9987915039062,586.4376147669955,584.0324890136719,585.1529567800902,584.9929565429687,585.9822530041148,588.7919592285157,584.3666714887509,55.645980349890024,91.29365690814461,-8.706343091855388,-1.0876932697707389,-1.549137382616678,0.4614441128459392,597.1060555411708,572.8798575447667,584.9929565429687,4.141280288154152,60084830.0,0.9664768960817565,1837445100,7.369177800140583,0.008196895797750568,0.010231150017555693,0.011337773562171027,20.543373561861955,108.6336969141311,0.5253417968608705,586.5008544921875,-0.0019231915756813267,587.6309814453125,0.018189997912380518,577.1329345703125,0.0013759758409437328,575.4476928710938,-0.015267418748713957
2025-01-21,597.811767578125,597.8216903968008,593.4698083475514,595.4524359229735,42532900,0.009153584499674627,0.009111944356567505,588.2931640625,590.228999037372,585.1328430175781,587.4545587433693,585.9216491699219,587.1088734397348,589.352734375,584.8939301589223,59.71056449197235,99.96387677419952,-0.036123225800482224,-0.0023482023004817165,-1.239779546553439,1.2374313442529572,598.9415404938728,572.901757845971,585.9216491699219,4.444243131277449,56799040.0,0.7488313182758018,1879978000,7.230837112290422,0.007900534069585428,0.009907438207523904,0.00914110909405994,19.699869810795622,144.44548709757547,0.9977198787413594,592.3892822265625,0.01003993035862405,586.5008544921875,-0.0019231915756813267,587.6309814453125,0.018189997912380518,576.3399047851562,0.0015504657071625516
2025-01-22,601.17236328125,602.5403812111362,600.1017274002533,600.6568607265118,48196000,0.005621494733600851,0.005605753098871577,593.1010498046875,593.8767871186647,586.2312255859375,589.9487050229839,587.0272644042968,588.448253424641,589.6973681640625,585.532300085288,62.032739564892424,95.74991984226698,-4.250080157733025,1.1161018434289645,-0.7686032685569583,1.8847051119859226,601.2303838164422,572.8241449921514,587.0272644042968,4.838998211286972,54912865.0,0.877681395789493,1928174000,7.052106863770474,0.007301045879350645,0.00990152133122724,0.009171437380956703,19.48320549718915,177.8476526129667,0.43902741593536315,597.811767578125,0.009153584499674627,592.3892822265625,0.01003993035862405,586.5008544921875,-0.0019231915756813267,577.1329345703125,0.0013759758409437328
2025-01-23,604.45361328125,604.45361328125,600.2603751042184,600.5379115165184,41152100,0.005458085235473309,0.0054432438673973245,596.465576171875,597.4023958395264,588.3248901367188,592.5859610699413,587.9491882324219,589.9725734109848,590.01732421875,586.2743123674827,64.20227590545693,100.0,-0.0,2.2414133967107546,-0.16659993550341567,2.4080133322141704,604.0382986305171,571.8600778343266,587.9491882324219,5.472959473407792,50684635.0,0.8119245605694901,1969326100,6.847901957574841,0.004715280247159655,0.008774442560706036,0.008904977424345652,19.499654909100403,165.66452737095415,0.9999999999761521,601.17236328125,0.005621494733600851,597.811767578125,0.009153584499674627,592.3892822265625,0.01003993035862405,587.6309814453125,0.018189997912380518
2025-01-24,602.68896484375,605.4746144426255,601.5291447490314,604.5130086851335,34604700,-0.0029194108509347227,-0.0029236806430027545,599.7031982421875,599.164585507601,590.1568359375,594.4228708469974,588.6074157714844,591.1836583093433,590.2510070800781,586.9180242292971,62.145573635116385,92.06871155369558,-7.931288446304425,2.956754899034422,0.4580710314041519,2.49868386763027,605.9303010697423,571.2845304732265,588.6074157714844,5.8860574413772575,49533080.0,0.6986179740892349,1934721400,6.6405853672905,0.005120018617551214,0.008997705834136418,0.008896057061012843,19.63295312351474,139.91762104529596,0.29396248983291295,604.45361328125,0.005458085235473309,601.17236328125,0.005621494733600851,597.811767578125,0.009153584499674627,586.5008544921875,-0.0019231915756813267
2025-01-27,594.1636962890625,594.4809239383382,589.4748017805242,589.6433081706125,70361100,-0.01414538684460187,-0.014246386412346617,600.0580810546875,597.4976224347549,592.0284362792969,594.3757482001001,588.511752319336,591.4674714502689,590.3029223632813,587.2021682316408,53.267515214945114,67.79560699067683,-32.20439300932316,2.803434027272715,0.9271436305778645,1.8762903966948503,605.6891026849426,571.3344019537294,588.511752319336,5.837555596098229,51393130.0,1.3690759835020752,1864360300,7.110126631285878,0.009377995864900315,0.00874630759135198,0.009193872412315483,18.50242408508783,41.850946012225556,0.9366320598321475,602.68896484375,-0.0029194108509347227,604.45361328125,0.005458085235473309,601.17236328125,0.005621494733600851,592.3892822265625,0.01003993035862405
2025-01-28,599.26904296875,600.1116355041081,592.0621722182419,595.4028949130045,44433300,0.008592491785637035,0.008555786438487667,600.3495361328125,598.0880959460867,594.3213500976562,595.2654381580364,588.6693695068359,592.2104782615528,590.4936962890625,587.6753790056451,57.209849644996325,82.3315260636752,-17.6684739363248,3.0586269936194412,1.3534403031861801,1.705186690433261,606.177619271625,571.1611197420468,588.6693695068359,5.948415416775225,51553840.0,0.8618814815734386,1908793600,7.177222106613042,0.009253082806015193,0.008877653101987295,0.009398394557017175,17.609497491073636,82.25752056774483,0.895323140745654,594.1636962890625,-0.01414538684460187,602.68896484375,-0.0029194108509347227,604.45361328125,0.005458085235473309,597.811767578125,0.009153584499674627
2025-01-29,596.58251953125,598.882374668965,594.0149903221018,598.4759021527152,37177400,-0.00448300053043138,-0.004493079310707627,599.4315673828125,597.5862371411412,596.26630859375,595.5049074986207,589.0064147949219,592.6268631443811,590.625009765625,588.0246786341003,54.59964540557433,74.68246915817947,-25.31753084182053,3.0093987928242996,1.6846320011138043,1.3247667917104953,606.8483084461251,571.1645211437186,589.0064147949219,6.0583019821321855,50164245.0,0.7411135162105998,1871616200,7.039852859472698,0.008959522403856937,0.009251459557111118,0.009124959973174723,16.780351368060455,68.92234837333909,0.5274967058539615,599.26904296875,0.008592491785637035,594.1636962890625,-0.01414538684460187,602.68896484375,-0.0029194108509347227,601.17236328125,0.005621494733600851
2025-01-30,599.784423828125,601.3308707916877,595.5019413509543,598.7138485875727,39281300,0.005367076962615069,0.005352725532306574,598.4977294921875,598.3189660368025,597.4816528320313,596.2830013767124,589.8401062011719,593.3085355904519,590.8962377929688,588.4858451122974,57.11124017110006,83.79891602437145,-16.201083975628553,3.1919571116918632,1.9860970232294162,1.205860088462447,608.0564165523037,571.6237958500401,589.8401062011719,6.176694381958129,49299370.0,0.7967911151805794,1910897500,6.953358329562749,0.008941929424674203,0.007731054383948217,0.008724253158348225,16.315781319188297,80.70760416307303,0.7346945130559629,596.58251953125,-0.00448300053043138,599.26904296875,0.008592491785637035,594.1636962890625,-0.01414538684460187,604.45361328125,0.005458085235473309
2025-01-31,596.5924682617188,604.6617769781066,595.8291372870628,602.2231232896551,66566900,-0.005321838046466132,-0.0053360494695819,597.2784301757813,597.7434667784413,598.4908142089844,596.3392680830772,590.6202728271485,593.6212910829536,591.2538012695312,588.8037519024707,53.90948109377435,74.71079513681441,-25.289204863185585,3.043982619903886,2.1976741425643103,0.8463084773395759,608.5883073890527,572.6522382652443,590.6202728271485,6.0844625179883645,49775080.0,1.3373539530222753,1844330600,7.087592712525675,0.009099244597608523,0.00799655029386416,0.008783822084428412,16.28472689894102,74.57967556240706,0.08642161362262694,599.784423828125,0.005367076962615069,596.58251953125,-0.00448300053043138,599.26904296875,0.008592491785637035,602.68896484375,-0.0029194108509347227
2025-02-03,592.57763671875,595.0757062127931,585.3608436126516,587.5219003161839,65857200,-0.006729604808231482,-0.006752350703360224,596.9612182617187,596.021523425211,598.5096496582031,595.6553351077449,591.2710693359375,593.5218954292199,591.4836437988281,588.951747385462,50.104610239502755,59.8829263169707,-40.1170736830293,2.573087466273023,2.272756807306053,0.3003306589669701,608.5182139883977,574.0239246834772,591.2710693359375,5.833921376139961,50557740.0,1.3026136057505735,1778473400,7.3835949937072085,0.006982429182479795,0.007818091391916205,0.008932312313663957,15.43171628583089,0.5890030590394901,0.7428610576457372,596.5924682617188,-0.005321838046466132,599.784423828125,0.005367076962615069,596.58251953125,-0.00448300053043138,594.1636962890625,-0.01414538684460187
2025-02-04,596.5528564453125,597.0682984855546,592.0919442792167,592.6371547762964,33457800,0.006708352594225975,0.0066859517231178025,596.4179809570312,596.1986344319115,598.3837585449219,595.8185208054845,591.75830078125,593.8105583831334,591.7505078125,589.2498300936915,53.59682512584649,58.29502930261034,-41.70497069738966,2.491941127897462,2.316593671424335,0.17534745647312722,609.0241770802003,574.4924244822997,591.75830078125,5.835448789195032,50336205.0,0.6646865809609604,1811931200,7.211649223180827,0.006394094611642724,0.007535170806301907,0.008633599071176654,14.382215373014315,36.20717241021313,0.8964217539669393,592.57763671875,-0.006729604808231482,596.5924682617188,-0.005321838046466132,599.784423828125,0.005367076962615069,599.26904296875,0.008592491785637035
2025-02-05,598.9715576171875,599.1202788798545,593.3805941197304,595.4226979994195,30653100,0.00405446247678265,0.004046265293107241,596.8957885742187,597.1229421603368,598.1636779785156,596.3918002257941,592.1974517822266,594.30208211971,592.0617944335937,589.6310743102991,55.631616578369744,67.66863418893585,-32.331365811064146,2.592911570198453,2.3718572511791587,0.22105431901929418,609.7260699111536,574.6688336532997,592.1974517822266,5.919855979175299,49484890.0,0.6194436321875223,1842584300,7.106508904391059,0.006335001325049202,0.0074163539144377075,0.008590947526153248,13.567604945269608,50.142582995595625,0.974088949309966,596.5528564453125,0.006708352594225975,592.57763671875,-0.006729604808231482,596.5924682617188,-0.005321838046466132,596.58251953125,-0.00448300053043138
2025-02-06,601.0534057617188,601.1822813993956,597.3954553264954,600.7262552580012,35771500,0.003475704510600197,0.003469678209402186,597.1495849609375,598.4330966941309,597.8236572265625,597.2393648686894,593.0742736816406,594.9450653237109,592.352080078125,590.0790088770216,57.36459869148556,78.01899644636421,-21.98100355363579,2.808543973044152,2.4591945955521575,0.3493493774919947,610.5325843269634,575.6159630363179,593.0742736816406,5.88739435178882,48253810.0,0.7413197009728351,1878355800,6.8693887021417135,0.006045123292684173,0.007269129024533599,0.008120087044056062,13.077232690791194,69.68640764470831,0.9659673733906795,598.9715576171875,0.00405446247678265,596.5528564453125,0.006708352594225975,592.57763671875,-0.006729604808231482,599.784423828125,0.005367076962615069
2025-02-07,595.5515747070312,602.8476293093627,594.8377973519179,601.6184099530446,50788500,-0.009153647582638702,-0.009195799641915674,596.94140625,597.4725893650977,597.1099182128906,596.9324939302061,593.6333770751953,595.0028281221224,592.4959716796875,590.2936193017279,51.625691010055796,50.665442996860946,-49.334557003139054,2.506588033896378,2.4686732832210017,0.03791475067537631,610.6514567282092,576.6152974221815,593.6333770751953,5.733531944197999,48428000.0,1.0487424630379119,1827567300,6.950848934663363,0.00710733772393804,0.007747454432057225,0.00846329625757812,12.250105783184832,45.230246860859225,0.0891126504147262,601.0534057617188,0.003475704510600197,598.9715576171875,0.00405446247678265,596.5528564453125,0.006708352594225975,596.5924682617188,-0.005321838046466132
2025-02-10,599.5961303710938,600.2405085459313,597.5044727650717,598.7833062959043,26048700,0.006791276920142586,0.006768320077944364,598.3451049804687,598.1804363670965,597.6531616210938,597.4167914649129,594.8407989501953,595.4402854791673,592.6808374023437,590.6584236573893,55.17583324984895,70.77383390104305,-29.22616609895695,2.5640903791742176,2.487756702411645,0.07633367676257263,609.8324842496773,579.8491136507133,594.8407989501953,5.040570628625369,46075185.0,0.5653520436217456,1853616000,6.789283570680271,0.006618597018865174,0.00659228322719057,0.007630568638086705,11.482059368978923,54.6669865273429,0.7644847412369836,595.5515747070312,-0.009153647582638702,601.0534057617188,0.003475704510600197,598.9715576171875,0.00405446247678265,592.57763671875,-0.006729604808231482
2025-02-11,600.0521240234375,600.5973344853313,597.197135580987,597.3160883906734,30056700,0.0007605013262201865,0.0007602122916181108,599.0449584960937,598.8043322525435,597.7314697265625,597.8959428391901,596.0264099121093,595.8795081976692,592.8131726074218,591.0268040639011,55.57171293160226,73.04090583001333,-26.95909416998667,2.616297233021328,2.513464808533582,0.1028324244877461,608.5205245077608,583.5322953164579,596.0264099121093,4.192470128125317,45182515.0,0.6652285734868898,1883672700,6.547206094513414,0.006163994519648208,0.006021320650087802,0.007635524892947274,10.823970645491688,53.506803738085324,0.8396533622544283,599.5961303710938,0.006791276920142586,595.5515747070312,-0.009153647582638702,601.0534057617188,0.003475704510600197,596.5528564453125,0.006708352594225975
2025-02-12,598.1190795898438,599.2987454315366,593.3112318639063,593.9952408058122,45076100,-0.003221460863486958,-0.003226660939431782,598.874462890625,598.5759146983103,597.8851257324219,597.9365131574907,597.075717163086,596.0928007112096,592.9428112792968,591.3049325158988,53.41791172132964,63.430353686736964,-36.569646313263036,2.473181710899439,2.5054081890067534,-0.03222647810731427,606.0858163789255,588.0656179472464,597.075717163086,3.018075917958833,45015290.0,1.0013508743362534,1838596600,6.561040813443256,0.006176248486758729,0.005926000876379634,0.007725421715218302,10.5032221113314,7.185765180409629,0.802979011496409,600.0521240234375,0.0007605013262201865,599.5961303710938,0.006791276920142586,595.5515747070312,-0.009153647582638702,598.9715576171875,0.00405446247678265
2025-02-13,604.4337768554688,604.6419745466134,597.9605288512577,599.2293791218168,40921300,0.010557592093459522,0.01050224989749093,599.550537109375,600.5285354173632,598.3500610351563,599.1178338298504,597.9158569335938,596.8871793916152,593.1252368164063,591.8197891566663,59.007180611914,98.81870934259642,-1.1812906574035753,2.83660629212568,2.571647809630539,0.26495848249514076,606.36252198407,589.4691918831176,597.9158569335938,2.825369139328353,44216345.0,0.9254790281738574,1879517900,6.569641162151288,0.007838259971992324,0.0066096359986336645,0.007031328839148288,10.141856897407047,109.36091319043952,0.9688394247690703,598.1190795898438,-0.003221460863486958,600.0521240234375,0.0007605013262201865,599.5961303710938,0.006791276920142586,601.0534057617188,0.003475704510600197
2025-02-14,604.4039916992188,605.6827646257742,603.7794592105552,604.6418973129976,26910400,-4.9277782596668374e-05,-4.927899678648575e-05,601.3210205078125,601.8203541779817,599.1312133789063,600.0789534424628,598.8110137939453,597.6030662780536,593.2857263183594,592.3132872955899,58.971238108185375,93.70742103696934,-6.292578963030663,3.086638629144659,2.674645973533363,0.4119926556112956,605.9173243455833,591.7047032423073,598.8110137939453,2.3734735627569186,43395880.0,0.6201141675200503,1852607500,6.236331465941842,0.005579108252478028,0.006269262974525454,0.006996635865309907,9.959664934762106,148.89013605692415,0.3281304637904891,604.4337768554688,0.010557592093459522,598.1190795898438,-0.003221460863486958,600.0521240234375,0.0007605013262201865,595.5515747070312,-0.009153647582638702
2025-02-18,606.1784057617188,606.1784057617188,603.0954346706795,605.5737189248886,26749000,0.0029358079808696758,0.0029315069126367678,602.6374755859375,603.2730380392275,600.4912902832032,601.1879447732365,599.5004699707031,598.419765276498,593.476171875,592.8570174315165,60.51429907384281,100.0,-0.0,3.38890624143437,2.817498027113565,0.571408214320805,606.6563218413264,592.3446181000797,599.5004699707031,2.3872714798615706,41829800.0,0.6394723379026436,1879356500,6.011091439163083,0.005169969708717326,0.005599775745289256,0.006716471146886465,9.668931547209285,146.75598800517935,0.9999999999675637,604.4039916992188,-4.9277782596668374e-05,604.4337768554688,0.010557592093459522,598.1190795898438,-0.003221460863486958,599.5961303710938,0.006791276920142586
2025-02-19,607.60595703125,607.9033390687135,604.2652343829255,604.7807369178573,31011100,0.0023550018541775852,0.00235223318327574,604.1482421875,604.7173443699016,601.5966003417968,602.3548560928753,599.9901794433594,599.2946406817124,593.6210693359375,593.4354072197414,61.76033393183271,98.6807936235668,-1.3192063764332074,3.700984315396795,2.994195284770211,0.706789030626584,607.9158589389905,592.0644999477282,599.9901794433594,2.6419364073539255,41253710.0,0.7517166334858125,1910367600,5.841592385350578,0.005108044359420484,0.005382783137974217,0.0064583694349611,9.67582158990828,153.8763966764754,0.918259076294021,606.1784057617188,0.0029358079808696758,604.4039916992188,-4.9277782596668374e-05,604.4337768554688,0.010557592093459522,600.0521240234375,0.0007605013262201865
2025-02-20,605.078125,606.3668208452111,601.7473251371486,606.2280223913441,36554000,-0.004160314759915962,-0.0041689929470566794,605.5400512695312,604.8376045799345,602.2072570800781,602.8499958941707,600.1854675292968,599.8454487120255,593.7351696777343,593.8919843875947,58.25473100456648,87.4671636322597,-12.532836367740298,3.7016630510181585,3.1356888380198003,0.5659742129983583,608.4050643560022,591.9658707025915,600.1854675292968,2.739018943774787,40671610.0,0.8987596015992482,1873813600,5.842809493118497,0.005381589529644754,0.005630225518862092,0.00644700602602715,9.205470907398361,98.12658961684971,0.72103105474608,607.60595703125,0.0023550018541775852,606.1784057617188,0.0029358079808696758,604.4039916992188,-4.9277782596668374e-05,598.1190795898438,-0.003221460863486958
2025-02-21,594.728759765625,604.9987554556133,594.2628108513653,604.8599570126433,76519800,-0.01710418011620396,-0.01725214625836066,603.5990478515625,601.4679896418313,601.5747924804688,601.3734075071623,599.6992248535156,599.3581450028445,593.6195581054687,593.9247991083017,46.59383914614937,41.55669531455651,-58.44330468544349,2.8344202405602346,3.0754351185278876,-0.24101487796765309,608.0014993928344,591.3969503141968,599.6992248535156,2.7688128299137666,42439995.0,1.8030115225037138,1797293800,6.197988397083939,0.008256536188877261,0.007928657723356769,0.007407425353498298,9.52696362194106,-26.401021364111145,0.043400830707619284,605.078125,-0.004160314759915962,607.60595703125,0.0023550018541775852,606.1784057617188,0.0029358079808696758,604.4337768554688,0.010557592093459522
2025-02-24,592.0225219726562,597.7919754098276,591.3087445913096,596.7907388152252,50737200,-0.004550373171856137,-0.004560757633950799,601.12275390625,598.319500418773,601.2218872070313,599.6732465008885,599.165902709961,598.6595142380646,593.5116711425782,593.8502000049431,44.10755654656241,4.301264380509861,-95.69873561949014,1.90677319770748,2.8417027343638064,-0.9349295366563264,607.9856916458342,590.3461137740877,599.165902709961,2.944022313680508,43246620.0,1.1732061372657563,1746556600,6.218362855757801,0.008069769226571006,0.0075280400341024,0.007441066828401147,10.224727700915066,-106.83074972785826,0.1100959384782145,594.728759765625,-0.01710418011620396,605.078125,-0.004160314759915962,607.60595703125,0.0023550018541775852,604.4039916992188,-4.9277782596668374e-05
2025-02-25,589.0783081054688,592.6966277098621,584.4389667405298,591.9630651720931,58266500,-0.004973145037417193,-0.004985552275621882,597.702734375,595.239102981005,600.1701049804688,597.7468940653575,598.9116333007812,597.7470184159126,593.3820483398438,593.6630669892775,41.51226300363372,19.77185368545513,-80.22814631454487,0.9233885314495183,2.4580398937809487,-1.5346513623314304,608.5489339762315,589.2743326253309,598.9116333007812,3.2182713240470124,42641890.0,1.366414574963727,1688290100,6.364027006727406,0.007056168792513215,0.007160353005240578,0.006837746659489044,11.67722989520917,-195.2683305931608,0.561822697990695,592.0225219726562,-0.004550373171856137,594.728759765625,-0.01710418011620396,605.078125,-0.004160314759915962,606.1784057617188,0.0029358079808696758
2025-02-26,589.3756713867188,594.3719315476118,586.718957724097,590.7536120583931,43321600,0.0005047941456313154,0.0005046667799270889,594.0566772460937,593.2846257829096,599.1024597167968,596.2248535783323,598.4169647216797,596.9497472702751,593.1662902832031,593.4949338283928,41.88420084879193,21.039150662723213,-78.96084933727678,0.1661288007607027,1.9996576751768997,-1.833528874416197,608.9079199635806,587.9260094797788,598.4169647216797,3.5062359058554393,42586305.0,1.0172659966625421,1731611700,6.456094636497935,0.006560095486618496,0.007150861660370743,0.006508714187702901,12.696233997620967,-145.0679303176291,0.3471478831436665,589.0783081054688,-0.004973145037417193,592.0225219726562,-0.004550373171856137,594.728759765625,-0.01710418011620396,607.60595703125,0.0023550018541775852
2025-02-27,579.9680786132812,592.8254489982988,579.571589429075,591.665568384651,74196700,-0.01596196319285248,-0.016090727385163584,589.03466796875,588.8457767263669,597.2873596191406,593.2690763119593,597.5862426757812,595.3324454934186,592.8242309570312,592.9644689179963,34.42552155110893,1.3994518137756646,-98.60054818622433,-1.179522306927879,1.363821678755944,-2.543343985683823,610.8036171243695,584.368868227193,597.5862426757812,4.423587259775407,44437270.0,1.6696952805606644,1657415000,6.941649274549789,0.007726624728136466,0.008454271022305677,0.007306683808873485,14.381712751743619,-205.2399375418302,0.029914998128090797,589.3756713867188,0.0005047941456313154,589.0783081054688,-0.004973145037417193,592.0225219726562,-0.004550373171856137,605.078125,-0.004160314759915962
2025-02-28,589.018798828125,589.5540864732496,577.3807850421597,580.4736791128596,88744100,0.015605548906216127,0.015485034506379109,587.89267578125,588.9034507602863,595.7458618164062,592.4962985876258,597.0479614257813,594.7311458110097,592.6655554199219,592.8097367576092,44.6396207324404,38.12922659041094,-61.87077340958906,-1.4983707381843487,0.7913831953678854,-2.289753933552234,610.732033160416,583.3638896911466,597.0479614257813,4.583910378642423,46910410.0,1.8917783920456035,1746159100,7.315338714302658,0.011472049364789924,0.009448883431322979,0.008118294572687519,16.14746734421949,-154.12278059263738,0.9560277342797783,579.9680786132812,-0.01596196319285248,589.3756713867188,0.0005047941456313154,589.0783081054688,-0.004973145037417193,594.728759765625,-0.01710418011620396
2025-03-03,578.69921875,592.1513529367862,574.8628395664972,591.0013951605243,74249200,-0.017519950294720976,-0.017675241088365032,585.2280151367188,585.5020400901909,593.1753845214844,589.9877386171484,596.1532989501953,593.2042956147232,592.2495092773438,592.256383110252,37.472545126378925,11.61114160288484,-88.38885839711516,-2.554319677871831,0.12224262071994207,-2.676562298591773,612.0071916018328,580.2994062985579,596.1532989501953,5.318730158687575,47294525.0,1.5699322490288252,1671909900,8.027708332587398,0.013512917992991745,0.010494506454477597,0.008891439047844308,17.25751488853498,-161.79589408032305,0.22190335868169989,589.018798828125,0.015605548906216127,579.9680786132812,-0.01596196319285248,589.3756713867188,0.0005047941456313154,592.0225219726562,-0.004550373171856137
2025-03-04,571.8491821289062,580.305116672504,567.2792406875518,574.6744623566839,109648200,-0.011836955017651363,-0.011907569563665859,581.7821899414063,580.9510874364294,589.7424621582031,586.6898192556497,595.1168762207031,591.1704752827405,591.7458630371094,591.4561007188267,33.614528738889575,11.24933628920519,-88.75066371079481,-3.8989627123253285,-0.6819984458891122,-3.216964266436216,614.1597271292909,576.0740253121154,595.1168762207031,6.399701191308707,49484075.0,2.2158280214392208,1562261700,8.384720307756314,0.013919472092638975,0.010404192678892319,0.009120427484766163,18.98867128864229,-212.42849902751462,0.3508356325976585,578.69921875,-0.017519950294720976,589.018798828125,0.015605548906216127,579.9680786132812,-0.01596196319285248,589.0783081054688,-0.004973145037417193
2025-03-05,577.995361328125,579.7995595159383,568.1020700009266,571.6806979232716,71230500,0.010747902403807741,0.010690554249731258,579.5061279296875,579.9658454003279,586.7814025878906,585.1090087233724,594.1890014648437,589.915702525158,591.7210119628907,590.928228585858,39.62118111323431,26.378728556699464,-73.62127144330053,-4.417731846363267,-1.4291451259839434,-2.988586720379324,614.6194496018454,573.758553327842,594.1890014648437,6.876750692670132,51372710.0,1.3865435559074069,1633492200,8.62134667970313,0.015723863903775746,0.011420781540998829,0.00935895776657682,20.59617366017051,-155.30867862359997,0.8457619316022889,571.8491821289062,-0.011836955017651363,578.69921875,-0.017519950294720976,589.018798828125,0.015605548906216127,589.3756713867188,0.0005047941456313154
2025-03-06,567.7352905273438,575.1304520011837,565.1677614238747,570.481188331108,80094900,-0.01775113000423656,-0.01791057096849695,577.0595703125,575.8889937759999,583.047119140625,581.950150869549,592.6271881103515,587.80328233489,591.4945166015625,590.0187016031713,34.07795270110064,6.00794290136177,-93.99205709863823,-5.592297564018168,-2.2617756135907885,-3.330521950427379,615.9302214550585,569.3241547656446,592.6271881103515,7.864314635651761,53844800.0,1.4875141146405966,1553397300,8.921793338599356,0.016086211410207062,0.012107691805630434,0.009926215295108785,22.341749737340802,-165.77296243317613,0.2577144279970986,577.995361328125,0.010747902403807741,571.8491821289062,-0.011836955017651363,578.69921875,-0.017519950294720976,579.9680786132812,-0.01596196319285248
2025-03-07,570.9173583984375,572.374620972555,560.7167623995564,565.9410048616534,81158800,0.005604844236718254,0.005589195542359562,573.4392822265625,574.2317819834791,580.6659790039063,579.9441886020742,591.1203857421875,586.1950991028469,591.1925610351562,589.2696293206327,37.0208552393497,21.617580080880483,-78.38241991911951,-6.194971301079022,-3.048414751088435,-3.1465565499905868,615.8996646259669,566.3411068584081,591.1203857421875,8.383834995867215,56114165.0,1.4463157386374723,1634556100,9.117226569627876,0.013415652309303808,0.011981753056880666,0.010006210196179801,24.315846176990878,-147.63857385598024,0.8749974049624978,567.7352905273438,-0.01775113000423656,577.995361328125,0.010747902403807741,571.8491821289062,-0.011836955017651363,589.018798828125,0.015605548906216127
2025-03-10,555.710693359375,564.5928260670291,550.7640472991095,562.6598126082816,99326600,-0.026635492537345318,-0.02699664468575546,568.8415771484375,568.0580857754444,577.0347961425781,575.538098557947,589.1283416748047,583.2918223653734,590.5162866210937,587.9535926162697,30.10438934502956,8.65717076125351,-91.3428292387465,-7.809620912421337,-4.000655983355015,-3.808964929066322,618.1969136991607,560.0597696504486,589.1283416748047,9.868332574772557,58541070.0,1.6966994282817174,1535229500,9.905518321749314,0.015761191552308228,0.013963336594240941,0.01129647854546045,26.785135366279867,-179.23436269422166,0.3577066451959651,570.9173583984375,0.005604844236718254,567.7352905273438,-0.01775113000423656,577.995361328125,0.010747902403807741,578.69921875,-0.017519950294720976
2025-03-11,551.091064453125,559.1207412786642,547.2249775415542,554.5408770802754,88102100,-0.008313010639265372,-0.008347756407495249,564.6899536132812,562.402412001338,573.2360717773438,571.0931832661612,586.7030883789063,580.2250835165878,589.6165686035156,586.5080032765385,28.37034498619309,6.536973985949118,-93.46302601405088,-9.354178658417027,-5.071360518367418,-4.282818140049609,619.7016707270595,553.704506030753,586.7030883789063,11.248818355236619,61643740.0,1.4292140613142552,1447127400,10.047678708560797,0.015623465346934701,0.013970099462937337,0.011082504632219905,29.26551066379284,-169.8655804301006,0.3249969482394545,555.710693359375,-0.026635492537345318,570.9173583984375,0.005604844236718254,567.7352905273438,-0.01775113000423656,571.8491821289062,-0.011836955017651363
2025-03-12,554.0155029296875,558.2186634905289,548.8805050365849,557.2868261582678,69588200,0.005306633812806494,0.005292603246425119,559.8939819335938,559.6067756441212,569.7000549316406,567.9881504777114,584.4012573242187,577.7289329845021,588.7745446777344,585.233787576662,31.076890447658755,11.753646088774971,-88.24635391122503,-10.224413382551916,-6.101971091204318,-4.122442291347598,619.6967107161607,549.1058039322767,584.4012573242187,12.07918461830432,63620315.0,1.0938047068770407,1516715600,9.996998690373887,0.01417729597373936,0.014317938265049667,0.011234112043671,31.568716297197735,-140.9251610701186,0.5498940629861389,551.091064453125,-0.008313010639265372,555.710693359375,-0.026635492537345318,570.9173583984375,0.005604844236718254,577.995361328125,0.010747902403807741
2025-03-13,546.6302490234375,554.2534547102391,544.9053726595178,553.6388449829802,74079400,-0.013330410191043529,-0.013420057692316668,555.6729736328125,555.28126677056,566.3662719726562,564.1048956678434,581.8268157958985,574.7671535596388,587.9103173828125,583.7199233196728,28.180973615117594,3.261461833847215,-96.73853816615278,-11.378840747172717,-7.1573450223979975,-4.221495724774719,620.1276267204868,543.5260048713102,581.8268157958985,13.165708380833378,65070480.0,1.1384486482964318,1442636200,9.950647501827278,0.013569865892365808,0.014139104617072249,0.01142665107917532,33.91847004356094,-140.0026421652933,0.1845166050685438,554.0155029296875,0.005306633812806494,551.091064453125,-0.008313010639265372,555.710693359375,-0.026635492537345318,567.7352905273438,-0.01775113000423656
2025-03-14,557.9213256835938,558.9324851362809,546.6996460395349,551.2795110234803,62660300,0.020655784564297175,0.02044534675120229,553.0737670898437,556.161286408238,563.2565246582031,562.9806102161616,579.5011932373047,573.1627890000154,587.4065319824218,582.7082136084541,37.734250342768924,26.312630829084764,-73.68736917091523,-11.252920564260194,-7.9764601307704375,-3.2764604334897562,617.6770703087357,541.3253161658738,579.5011932373047,13.175426562339442,66157430.0,0.9471392706760223,1505296500,10.118618116899857,0.01810712603586099,0.015049962290604041,0.012312459463061884,35.058547796091936,-101.5689821803884,0.9173405744339559,546.6302490234375,-0.013330410191043529,554.0155029296875,0.005306633812806494,551.091064453125,-0.008313010639265372,570.9173583984375,0.005604844236718254
2025-03-17,562.2235717773438,564.7613323506962,557.4652177604464,557.9013981951625,49008700,0.007711205676676158,0.007681626294666029,554.3763427734375,558.1820481979399,561.6089599609375,562.8429668636493,577.3921722412109,572.1209587883324,587.031220703125,581.9048943209596,40.95699483644399,35.00991277158409,-64.9900872284159,-10.682827620718854,-8.517733628760121,-2.1650939919587326,614.4769275773451,540.3074169050767,577.3921722412109,12.845603774705038,67262345.0,0.7286201514383717,1554305200,9.917010722139137,0.01352909194299728,0.014889137301720114,0.01256076166063231,34.97888842699317,-66.15758728909951,0.6521764369204096,557.9213256835938,0.020655784564297175,546.6302490234375,-0.013330410191043529,554.0155029296875,0.005306633812806494,555.710693359375,-0.026635492537345318
2025-03-18,556.1468505859375,560.1121055231899,554.203853884888,559.8939850390469,66041400,-0.010808371431663799,-0.010867206200916149,555.3875,557.5036489939391,560.0387268066406,561.6254911767926,574.8905944824219,570.599615150009,586.5629235839843,580.8947749588019,37.96782163746622,23.458806381996865,-76.54119361800313,-10.599184667450004,-8.934023836498097,-1.6651608309519066,610.594807169381,539.1863817954627,574.8905944824219,12.421219978073895,69226965.0,0.9539837547406563,1488263800,9.781489805733184,0.014059005798838412,0.014823054713426088,0.012564055806050174,35.189014219426205,-78.12466814449954,0.3288615346747597,562.2235717773438,0.007711205676676158,557.9213256835938,0.020655784564297175,546.6302490234375,-0.013330410191043529,551.091064453125,-0.008313010639265372
2025-03-19,562.2037353515625,565.9905608911315,556.7515100807932,557.9410986045036,66556000,0.010890801160239771,0.01083192348293608,557.025146484375,559.0703444464802,558.4595642089844,561.7306264812962,572.6204833984375,569.8000075501569,586.0708337402343,580.1617930134199,42.474418379897244,36.61340624223969,-63.38659375776031,-9.929693715153121,-9.133157812229102,-0.7965359029240187,605.3666202063434,539.8743465905316,572.6204833984375,11.437291454738517,71004210.0,0.9373528696397017,1554819800,9.785934127123243,0.014607682194622053,0.014837501072589224,0.012938646459705622,34.35322213170921,-51.61655420577673,0.5901282915999726,556.1468505859375,-0.010808371431663799,562.2235717773438,0.007711205676676158,557.9213256835938,0.020655784564297175,554.0155029296875,0.005306633812806494
2025-03-20,560.5780029296875,565.6138937221895,557.7130916703615,558.4367918514132,62958200,-0.0028917140169094635,-0.002895903099589065,559.814697265625,559.5728972742161,557.7438354492188,561.5210585628218,570.3954772949219,568.9217213958266,585.478623046875,579.3938012454305,41.60080783141787,33.17240996629367,-66.82759003370633,-9.421692920481405,-9.190864833879562,-0.23082808660184284,599.9049916030276,540.8859629868161,570.3954772949219,10.347036567699815,72324420.0,0.8704971294619438,1491861600,9.651281836030725,0.012240070619839333,0.013871632511698173,0.012939875398077881,33.57712947882914,-47.26071749963758,0.3626101806495625,562.2037353515625,0.010890801160239771,556.1468505859375,-0.010808371431663799,562.2235717773438,0.007711205676676158,546.6302490234375,-0.013330410191043529
2025-03-21,560.762939453125,561.6677826377718,554.8469278493619,556.0897976294804,83763000,0.0003299032828099069,0.00032984887668741254,560.3830200195313,559.969578000519,556.7283935546875,561.3832187246951,568.6971862792968,568.1446945441407,585.0235424804688,578.6631792143597,41.74758640361355,44.79571035256626,-55.20428964743374,-8.901564108877665,-9.133004688879183,0.23144058000151801,596.2545826566799,541.1397899019138,568.6971862792968,9.691412949544343,72686580.0,1.1523860387983587,1575624600,9.449108475486378,0.008629739048174514,0.013683942856464654,0.01257371868714423,33.161796110358324,-53.00377948822268,0.8673416730303302,560.5780029296875,-0.0028917140169094635,562.2037353515625,0.010890801160239771,556.1468505859375,-0.010808371431663799,557.9213256835938,0.020655784564297175
2025-03-24,570.8053588867188,571.86926269199,566.9474862667257,567.5440394813636,58766800,0.01790849345962031,0.01775002554157155,562.0993774414062,563.5815049625857,558.2378601074219,563.0963351177903,567.636328125,568.3980911481958,584.7522595214843,578.3550293975895,49.21232346158797,74.22435815390087,-25.775641846099138,-7.591508770509677,-8.824705505205282,1.2331967346956052,593.0721893510919,542.2004668989081,567.636328125,8.962027257878617,73088060.0,0.8040547252177715,1634391400,9.56748095858485,0.011368860154137225,0.011786548351694147,0.013391192043115677,31.166555154241518,13.65675684713674,0.7838374372536624,560.762939453125,0.0003299032828099069,560.5780029296875,-0.0028917140169094635,562.2037353515625,0.010890801160239771,562.2235717773438,0.007711205676676158
2025-03-25,572.177490234375,573.1220227068575,570.4175672260229,572.0183689196199,38355700,0.002403851551660896,0.0024009669224084934,565.3055053710938,566.4468333865154,560.3465026855469,564.7474542298966,566.7912872314453,568.7580339183081,584.68685546875,578.1127729598164,50.15223778978958,90.23009424250552,-9.769905757494488,-6.369141446100571,-8.33359269338434,1.964451247283769,590.3772870921686,543.205287370722,566.7912872314453,8.322640235326029,72092520.0,0.5320343913626545,1672747100,9.077264853031258,0.008507464622191895,0.011138702302725305,0.013398981596620273,29.142508073132028,33.72024675943741,0.6507494838642768,570.8053588867188,0.01790849345962031,560.762939453125,0.0003299032828099069,560.5780029296875,-0.0028917140169094635,556.1468505859375,-0.010808371431663799
2025-03-26,565.3466796875,573.0425195248911,563.9546412826954,571.9090077398645,51848300,-0.011938272063231614,-0.012010105517123584,565.9340942382812,566.0801154868436,561.4796203613281,564.8564043130972,565.5898376464844,568.4331430391835,584.4669909667969,577.6121418510982,45.62537236028133,72.44413136813688,-27.555868631863124,-5.883771404264621,-7.843628435560396,1.9598570312957744,586.7778522223203,544.4018230706484,565.5898376464844,7.492360422882732,72518855.0,0.7149630258227326,1620898800,9.078022952257285,0.010848149010940524,0.012169764077297059,0.013594850639508568,28.0431863922812,13.329482502376196,0.15317529215190392,572.177490234375,0.002403851551660896,570.8053588867188,0.01790849345962031,560.762939453125,0.0003299032828099069,562.2037353515625,0.010890801160239771
2025-03-27,563.8452758789062,567.6434930945948,561.717468314772,563.944681183511,42164200,-0.0026557223426582066,-0.0026592550291813675,566.587548828125,565.3351689508645,563.201123046875,564.6725627796079,564.7836975097656,567.9962033096333,584.2012377929688,577.0722647541495,44.67094611033173,67.12314604183199,-32.87685395816802,-5.556214308876292,-7.386145610223576,1.8299313013472833,584.9230731326105,544.6443218869207,564.7836975097656,7.131712799658733,70917230.0,0.5945550890806085,1578734600,8.852880225654822,0.010826592289930112,0.011086526304731727,0.013194862668874938,27.27014314369789,-2.188588657922772,0.35906153672243124,565.3466796875,-0.011938272063231614,572.177490234375,0.002403851551660896,570.8053588867188,0.01790849345962031,560.5780029296875,-0.0028917140169094635
2025-03-28,552.4904174804688,563.0399428035041,551.903816900767,562.304173568215,71662700,-0.020138252254996436,-0.02034379099894221,564.9330444335938,561.0535851273993,562.6580322265625,562.4576272706735,562.9572784423829,566.5194618020938,583.4984265136719,576.1082707434169,38.168075548448634,26.88145052026159,-73.1185494797384,-6.142063245311988,-7.137329137241258,0.9952658919292698,580.4217607889268,545.4927960958389,562.9572784423829,6.204549799894412,70063160.0,1.022829972270734,1507071900,9.073492993689426,0.014491638386167117,0.011433571189744883,0.013201555373935909,27.496315240031173,-67.74535183913099,0.05267546225858783,563.8452758789062,-0.0026557223426582066,565.3466796875,-0.011938272063231614,572.177490234375,0.002403851551660896,560.762939453125,0.0003299032828099069
2025-03-31,556.1991577148438,557.5116354900671,543.750554530121,546.6936920279248,95328200,0.006712768433682514,0.006690338127343354,562.0118041992188,559.4354426565475,562.0555908203125,561.319723715068,561.832275390625,565.5365756985461,582.892392578125,575.3275212128847,41.179935882285555,42.38331945075391,-57.61668054924609,-6.235212755215343,-6.956905860836075,0.7216931056207319,577.9418476503333,545.7227031309167,561.832275390625,5.734655328766163,71117110.0,1.340439733841828,1602400100,9.4083207055649,0.01089417391583008,0.011353918007419014,0.012918701579503944,28.327384638121874,-93.72920632568456,0.9046239333135255,552.4904174804688,-0.020138252254996436,563.8452758789062,-0.0026557223426582066,565.3466796875,-0.011938272063231614,570.8053588867188,0.01790849345962031
2025-04-01,557.7700805664062,559.7288748312798,550.5216860996894,554.270200650382,54609600,0.002824389123523119,0.0028204080309040367,559.130322265625,558.8803219598337,562.2179138183594,560.6743340516749,561.1283203125,564.7969094954851,582.2000085449218,574.6389941287091,42.45848230825237,47.73178498237054,-52.26821501762946,-6.11182080182175,-6.7878888490332105,0.6760680472114604,576.6450438268243,545.6115967981757,561.1283203125,5.530543710815683,68365180.0,0.7987926017308812,1657009700,9.393954135995289,0.010968185080948196,0.010855353076852111,0.012739976411135992,28.748158697935928,-52.13887804671142,0.7872538163325015,556.1991577148438,0.006712768433682514,552.4904174804688,-0.020138252254996436,563.8452758789062,-0.0026557223426582066,572.177490234375,0.002403851551660896
2025-04-02,561.2998657226562,564.1832870343261,551.6452319792124,551.8838532533371,76014500,0.006328387411288716,0.006308447249504858,558.3209594726562,559.6868365474413,562.1275268554688,560.7880670827624,560.2935455322265,564.4638577075966,581.4697705078125,574.115891053962,45.33381356653104,59.74951979566037,-40.25048020433963,-5.663917511891327,-6.563094581604835,0.8991770697135077,573.7504316477382,546.8366594167148,560.2935455322265,4.8035128096037205,68604380.0,1.1080123455674404,1733024200,9.618532773075174,0.011136520538464824,0.010451210613198973,0.012559460486063363,28.458421191151977,-12.212305183323426,0.7700264276179865,557.7700805664062,0.002824389123523119,556.1991577148438,0.006712768433682514,552.4904174804688,-0.020138252254996436,565.3466796875,-0.011938272063231614
2025-04-03,533.6386108398438,544.8442841383162,533.6386108398438,542.0006124868958,125986000,-0.04928070817761465,-0.05053643159374749,552.2796264648438,551.0040946449088,559.4335876464844,555.8518023113227,558.5887115478515,561.5281199106678,580.1190954589844,572.5285467318397,31.886800928803524,0.0,-100.0,-7.45504589348775,-6.741484843981419,-0.7135610495063309,575.9231611568034,541.2542619388996,558.5887115478515,6.2065162616401865,70898935.0,1.7769801478682297,1607038200,10.907298638056412,0.02425711577038428,0.018790443680525792,0.016178665051770097,29.459138118679334,-235.40637033170816,0.0,561.2998657226562,0.006328387411288716,557.7700805664062,0.002824389123523119,556.1991577148438,0.006712768433682514,563.8452758789062,-0.0026557223426582066
2025-04-04,502.3977966308594,522.8703441644736,502.179050334144,520.6828811973194,217965100,-0.05854301689268204,-0.06032662167136368,542.2611022949219,534.8019953068924,553.5970733642578,546.132892187602,555.1627334594726,555.896660550686,578.0779791259765,569.7783212376836,23.432791383023286,0.30834103703204313,-99.69165896296796,-11.26553854082863,-7.646295583350861,-3.619242957477768,584.3965925445387,525.9288743744065,555.1627334594726,10.531635977399485,77739250.0,2.8037973095958604,1389073100,12.37531734288808,0.032625521333189626,0.025163790926303487,0.020239182502725068,31.652189777186596,-385.1198930735536,0.01057190036099538,533.6386108398438,-0.04928070817761465,561.2998657226562,0.006328387411288716,557.7700805664062,0.002824389123523119,552.4904174804688,-0.020138252254996436
2025-04-07,501.5029296875,520.1857262659767,479.0517131179981,486.3995737800916,256611400,-0.0017811920142971616,-0.0017827802230097108,531.3218566894532,523.702306767095,546.6668304443359,538.0183535512198,552.4523452758789,550.7163052303825,576.0542584228516,567.1008549023824,23.242701417770732,23.86642147519921,-76.13357852480078,-14.193970444730212,-8.955830555626733,-5.238139889103479,589.8829284498206,515.0217621019372,552.4523452758789,13.5507011578528,85603490.0,2.99767451070044,1132461700,14.429509900394544,0.031180702458883394,0.023389758692964554,0.01967172705752705,34.2457745774902,-302.09917929870755,0.5458066172313325,502.3977966308594,-0.05854301689268204,533.6386108398438,-0.04928070817761465,561.2998657226562,0.006328387411288716,556.1991577148438,0.006712768433682514
2025-04-08,493.6480102539063,521.9854113898446,486.36975741253633,518.8832132196871,165816600,-0.015662758816759714,-0.015786715866889806,518.4974426269531,513.6842079293655,538.8138824462891,529.9510184062536,549.580192565918,545.2812295183371,574.0439447021485,564.2203511906774,21.58730664771346,15.516369829866964,-84.48363017013304,-16.95317453571215,-10.555299351643818,-6.397875184068333,594.959382271813,504.201002860023,549.580192565918,16.51412853655642,89489215.0,1.8529227237047503,966645100,15.94280590588838,0.028788475567710393,0.022791585020669823,0.019806432052473767,36.46041859994448,-213.4008580625015,0.20435544566966896,501.5029296875,-0.0017811920142971616,502.3977966308594,-0.05854301689268204,533.6386108398438,-0.04928070817761465,557.7700805664062,0.002824389123523119
2025-04-09,545.4906005859375,545.4906005859375,490.23757127668296,490.62536123459006,241867300,0.10501934425982218,0.09986284093397199,515.3355895996094,524.2863388148895,536.8282745361328,532.7763969843779,549.1539474487305,545.3011696200134,572.9683758544921,563.4858511669622,47.94095771393214,70.62684045403384,-29.373159545966164,-14.78615430089826,-11.401470341494708,-3.384683959403553,594.5186327851445,503.7892621123165,549.1539474487305,16.521664115197602,98103170.0,2.4654381708562525,1208512400,18.75067900612882,0.06529056472040544,0.044178000688897844,0.03163434947407506,36.33259123581861,-85.31030138212692,0.9999999999981901,493.6480102539063,-0.015662758816759714,501.5029296875,-0.0017811920142971616,502.3977966308594,-0.05854301689268204,561.2998657226562,0.006328387411288716
2025-04-10,521.5877685546875,530.4568711321452,506.4148031681469,529.1344405716377,162331200,-0.04381896224348292,-0.04480801382078032,512.9254211425781,523.3868153948222,532.6025238037109,530.7421009062524,547.901823425293,543.0427504709347,571.4684808349609,561.8427891037358,41.084770941346044,45.21730142336738,-54.78269857663262,-14.82662186527864,-12.086500646251494,-2.740121219027145,594.8314350836786,500.9722117669074,547.901823425293,17.130664528545598,102515760.0,1.5834755553682673,1046181200,20.202473178390374,0.06438403331401933,0.04604964996133453,0.03299983389091902,36.21389439770173,-97.68909348112986,0.6311006777452827,545.4906005859375,0.10501934425982218,493.6480102539063,-0.015662758816759714,501.5029296875,-0.0017811920142971616,533.6386108398438,-0.04928070817761465
2025-04-11,530.8943481445312,533.3701351923651,517.1034690516782,520.0267013859047,97866300,0.017842787256365567,0.017685473251810052,518.6247314453125,525.8893263113919,530.4429168701172,530.7697822223031,546.5504745483398,541.885759773182,570.090679321289,560.6291247523944,44.41778542018453,55.11051813597179,-44.889481864028205,-13.94695766079974,-12.458592049161144,-1.4883656116385957,593.8035869669121,499.2973621297675,546.5504745483398,17.29139928297436,104276060.0,0.9385308574182799,1144047500,19.921344104268695,0.056473735253996966,0.04639542258066582,0.03290478000567537,35.85443283011834,-62.560115820052935,0.8477999716410203,521.5877685546875,-0.04381896224348292,545.4906005859375,0.10501934425982218,493.6480102539063,-0.015662758816759714,502.3977966308594,-0.05854301689268204
2025-04-14,536.0447387695312,541.1753390049968,530.8147332303623,540.9466097072813,68034000,0.009701347627829371,0.00965459170866722,525.5330932617187,529.2744637974383,528.4274749755859,531.72886523089,545.2415328979492,541.3294720585486,568.8797247314453,559.665031184439,46.23070576296296,60.63680888618642,-39.36319111381358,-12.68796499876305,-12.504466639081526,-0.18349835968152384,592.1344771621622,498.3485886337363,545.2415328979492,17.200796870692425,105227325.0,0.6465430913500843,1212081500,19.238434223580533,0.05598834402033975,0.046474754061119,0.03293861295040769,34.86886910914657,-28.78176405167048,0.5047972727543508,530.8943481445312,0.017842787256365567,521.5877685546875,-0.04381896224348292,545.4906005859375,0.10501934425982218,501.5029296875,-0.0017811920142971616
2025-04-15,534.5433349609375,540.1312723398183,533.7479104814203,536.5915818220184,56892900,-0.0028008927240665837,-0.0028048225638475327,533.712158203125,531.0307541852715,526.1048004150391,532.2405869999895,544.1613571166993,540.6831732873476,567.7190386962891,558.6798666266548,45.762117917608705,62.63743866259224,-37.362561337407755,-11.676752647154672,-12.338923840696156,0.662171193541484,590.9949583015076,497.3277559318909,544.1613571166993,17.21313010279212,104769900.0,0.5430271480644727,1155188600,18.320214768924643,0.05452574854246681,0.04643398552878666,0.03287294837718926,33.95370279681564,-25.005192973391466,0.12460902219702621,536.0447387695312,0.009701347627829371,530.8943481445312,0.017842787256365567,521.5877685546875,-0.04381896224348292,493.6480102539063,-0.015662758816759714
2025-04-16,522.6615600585938,534.8218402750512,517.3221958900297,528.6472408418655,83484800,-0.022227898329724827,-0.022478660978854155,529.1463500976563,528.2410228097123,522.2409698486329,530.4989457379176,542.1842483520508,538.9668291703234,566.2412127685546,557.2673840161426,42.12336903295727,51.226407470696856,-48.77359252930314,-11.69925774682622,-12.21099062192217,0.5117328750959498,589.1426675748338,495.22582912926765,542.1842483520508,17.321941522835267,105616340.0,0.79045344688142,1071703800,18.261602598645847,0.02496652428940277,0.0466536567776184,0.03305079634139674,33.91191293396213,-56.263325770783226,0.3051127240679079,534.5433349609375,-0.0028008927240665837,536.0447387695312,0.009701347627829371,530.8943481445312,0.017842787256365567,545.4906005859375,0.10501934425982218
2025-04-17,523.4072265625,528.1400842911512,520.9214870568637,524.6302516664327,79868100,0.0014266717908673066,0.001425655061578993,529.5102416992188,526.6297573939748,521.2178314208984,529.209542251478,540.3257095336915,537.4849622552927,564.7299261474609,555.9395347042351,42.43273289417236,52.10230635239629,-47.8976936476037,-11.524081704982905,-12.073608838534318,0.5495271335514129,587.1672054289959,493.48421363838696,540.3257095336915,17.33824434736941,106461835.0,0.7502040519966615,1151571900,17.472816501191677,0.01511070119193195,0.044133162381269166,0.03306656055177624,33.873108061312436,-53.41263707430642,0.3443521538776086,522.6615600585938,-0.022227898329724827,534.5433349609375,-0.0028008927240665837,536.0447387695312,0.009701347627829371,521.5877685546875,-0.04381896224348292
2025-04-21,510.94873046875,518.7241309058172,505.5596338825616,518.1871723342323,69368100,-0.023802682617838022,-0.024090543553597184,525.5211181640625,521.4027484188999,522.0729248046875,525.8893946546183,537.8349990844727,534.9577020851457,562.9278326416015,554.1751894400985,38.709739584631826,37.467905130124876,-62.53209486987511,-12.249347096145812,-12.108756490056617,-0.14059060608919438,585.3573779178482,490.3126202510971,537.8349990844727,17.67173163303628,105742090.0,0.6560121896588199,1082203800,17.49958622824501,0.014835208202853873,0.040309313487181635,0.0333806419596408,34.48438607930645,-87.54661351578412,0.4093659314615203,523.4072265625,0.0014266717908673066,522.6615600585938,-0.022227898329724827,534.5433349609375,-0.0028008927240665837,530.8943481445312,0.017842787256365567
2025-04-22,524.2424926757812,526.2807870532888,516.2284704641588,517.1730636694438,75948100,0.026017800640849797,0.025685096150561228,523.1606689453125,522.3493298378604,524.3468811035157,525.5899579311933,535.5068557739257,533.9372059509205,561.5016510009766,553.001358194439,44.3232214077887,53.0834536222708,-46.9165463777292,-11.617510208363228,-12.01050723371794,0.3929970253547115,580.852614185063,490.1610973627885,535.5068557739257,16.935640663499107,106601155.0,0.7124510048695063,1158151900,17.344762682265998,0.02034682249266763,0.040943302335964576,0.033709977524369335,34.36825555591031,-46.59302823326456,0.7972313785071816,510.94873046875,-0.023802682617838022,523.4072265625,0.0014266717908673066,522.6615600585938,-0.022227898329724827,536.0447387695312,0.009701347627829371
2025-04-23,532.3658447265625,542.3187554782935,530.8346510289886,537.3472764364299,90590700,0.015495409403611937,0.015376581499883756,522.7251708984375,525.6881681340944,528.2186645507812,526.8219373485332,533.5162734985352,533.7875525009816,560.1570452880859,552.1921223721694,47.488193367513965,80.24537080680581,-19.754629193194194,-10.342071341139444,-11.67682005520224,1.3347487140627958,575.6281986318554,491.40434836521484,533.5162734985352,15.78655693374493,109212905.0,0.8294871379897825,1248742600,17.397012690855014,0.022236263933792067,0.040363275144817294,0.03396128967541619,32.996776318677135,7.35235359412187,0.13333157185393596,524.2424926757812,0.026017800640849797,510.94873046875,-0.023802682617838022,523.4072265625,0.0014266717908673066,534.5433349609375,-0.0028008927240665837
2025-04-24,543.5715942382812,544.3073634486632,532.3957187263146,533.6584331737259,64150400,0.021048964021112893,0.02083049495830565,526.907177734375,531.6493101688234,528.0267639160156,529.8673295103056,532.4275192260742,534.7193659997721,559.0274346923828,551.8540624453503,51.57735775009995,97.111621791406,-2.8883782085939966,-8.331031568549065,-11.007662357871606,2.676630789322541,572.2553943686938,492.59964408345456,532.4275192260742,14.960862729451934,109828010.0,0.5840987194432459,1312893000,17.007334550229704,0.02003565632922401,0.02300501851023996,0.03430689202311939,31.579547052731176,35.42758326913799,0.9382310984229316,532.3658447265625,0.015495409403611937,524.2424926757812,0.026017800640849797,510.94873046875,-0.023802682617838022,522.6615600585938,-0.022227898329724827
2025-04-25,547.4990234375,547.9066579905569,540.5886558742968,543.5317931259866,61119600,0.00722522891344668,0.007199251998077734,531.725537109375,536.932547925049,530.6178894042969,533.0730920425227,531.6102066040039,535.9364762319367,558.015033569336,551.6832766019053,52.95996052605044,99.40798071393215,-0.5920192860678534,-6.347190881042934,-10.075568062505871,3.728377181462937,569.4467312846217,493.7736819233861,531.6102066040039,14.234687073569377,110775780.0,0.5517415449478216,1374012600,16.315239376374734,0.0197227361213692,0.017146549198291252,0.03435918689267533,29.997382956742918,66.59405839212234,0.9442970162244652,543.5715942382812,0.021048964021112893,532.3658447265625,0.015495409403611937,524.2424926757812,0.026017800640849797,523.4072265625,0.0014266717908673066
2025-04-28,547.7078247070312,550.3924355414467,541.9111238077456,548.2447832861145,47613800,0.00038137286203787646,0.000381300157892265,539.0773559570313,540.5243068523764,532.2992370605468,535.7339525269788,531.371076965332,537.0575570390886,556.8805145263672,551.5273765275965,53.036734969571484,95.80678142046794,-4.1932185795320605,-4.703910572965356,-9.001236564597768,4.2973259916324125,568.7342123856857,494.0079415449783,531.371076965332,14.062916496597873,109573335.0,0.43453820220038025,1421626400,15.75567311618376,0.010340581543604047,0.01657201764311321,0.034060200245959946,28.341364700622083,77.4175010725449,0.6834674966825784,547.4990234375,0.00722522891344668,543.5715942382812,0.021048964021112893,532.3658447265625,0.015495409403611937,510.94873046875,-0.023802682617838022
2025-04-29,551.1580200195312,552.2815790568998,545.4209141992505,545.7788460995639,47775100,0.006299335442844001,0.006279577560275361,544.4604614257812,544.0688779080947,533.8105651855469,538.5383284347156,531.1190200805664,538.4004582753212,555.8155950927735,551.5128919586529,54.36220194424933,98.18909339101917,-1.8109066089808237,-3.0876051719305906,-7.818510286064333,4.730905114133742,567.8718112955507,494.3662288655821,531.1190200805664,13.839757126155721,107195680.0,0.4456812065560851,1469401500,15.120315383431292,0.008157064963646701,0.016459321962996314,0.03405610423652087,26.657215937904464,93.24248237136757,0.8362317558480582,547.7078247070312,0.00038137286203787646,547.4990234375,0.00722522891344668,543.5715942382812,0.021048964021112893,524.2424926757812,0.026017800640849797
2025-04-30,551.3768310546875,553.3455782199762,538.4311395978207,544.4466177046888,93101500,0.00039700236086281926,0.00039692357627664205,548.2626586914063,546.5048622902923,535.4939147949219,540.8726016383469,530.7993576049805,539.6363033019275,554.7195635986328,551.5075562369287,54.450004910174385,95.88007060949242,-4.11992939050757,-1.7686276364414653,-6.608533756139759,4.839906119698294,566.7212019589067,494.8775132510543,530.7993576049805,13.534999181615111,109120275.0,0.853200745690936,1562503000,15.105609900483026,0.008445355006402507,0.01636692189210746,0.034050151282668126,25.576594368370053,88.69593063076634,0.867997233067094,551.1580200195312,0.006299335442844001,547.7078247070312,0.00038137286203787646,547.4990234375,0.00722522891344668,532.3658447265625,0.015495409403611937
2025-05-01,555.2843627929688,560.8524558505887,554.6778569018302,557.1735491438936,63186100,0.007086862410970118,0.007061868617130827,550.6052124023438,549.4313624578512,538.7561950683594,543.4929218482781,530.4985824584961,541.1265946820266,553.6731317138672,551.65566629795,56.07522443812512,89.92980850056863,-10.070191499431374,-0.4033734441989054,-5.3675016937515885,4.964128249552683,565.4823492047544,495.5148157122378,530.4985824584961,13.189014222859036,108478855.0,0.5824738839656816,1625689100,14.703468107298614,0.003567474912454381,0.0137110982086826,0.03405803508209351,23.968340781532127,136.45909306932677,0.09822595704789652,551.3768310546875,0.00039700236086281926,551.1580200195312,0.006299335442844001,547.7078247070312,0.00038137286203787646,543.5715942382812,0.021048964021112893
2025-05-02,563.527099609375,565.1378539569648,559.1720791327064,561.5086499974077,60717300,0.014844172407353584,0.014735075985805098,553.8108276367187,554.1299415083591,542.7681823730469,547.135499623023,531.9930068969727,543.2599761036788,552.8421112060547,552.1212127023197,59.36858476565842,97.29640404567598,-2.7035959543240073,1.3284072609375244,-4.028319902813766,5.35672716375129,569.8233565059493,494.16265728799607,531.9930068969727,14.2221228920413,105215420.0,0.5770760597638636,1686406400,14.357041182777005,0.005963562138840945,0.013852476498569383,0.032138722801451185,22.365946265023933,144.8843269512703,0.7300008137898444,555.2843627929688,0.007086862410970118,551.3768310546875,0.00039700236086281926,551.1580200195312,0.006299335442844001,547.4990234375,0.00722522891344668
2025-05-05,560.295654296875,563.4177577758883,558.4959812674823,559.3610137868201,38659200,-0.005734321055260616,-0.005750825398621498,556.3283935546875,556.1851791045311,547.7028747558594,549.5282550182687,534.8878997802734,544.8824216458879,552.1534490966797,552.441779039361,57.546946894884506,91.8725338654919,-8.127466134508087,2.4122978481705104,-2.740196352616911,5.152494200787421,572.0718534181508,497.70394614239603,534.8878997802734,13.903456650693416,96250125.0,0.40165350434609826,1647747200,13.690903836999555,0.007721340349063586,0.009942536588650396,0.028793685623288216,20.82347236372056,123.33529431621449,0.3656551707056266,563.527099609375,0.014844172407353584,555.2843627929688,0.007086862410970118,551.3768310546875,0.00039700236086281926,547.7078247070312,0.00038137286203787646
2025-05-06,555.6124877929688,560.1365216016732,553.7830174830004,554.747455291201,48264700,-0.008358384485032677,-0.008393511655177027,557.219287109375,555.994282000677,550.8398742675781,550.6344791591233,537.5933776855469,545.9043327075146,551.4252484130859,552.5661205591103,54.91704249017853,84.01199943183853,-15.988000568161462,2.8604233695009498,-1.6200724081933386,4.480495777694289,572.469708189203,502.71704718189085,537.5933776855469,12.9749851658538,85832790.0,0.5623107439476219,1599482500,13.178170478204914,0.009485667819000936,0.009453234933705642,0.028922675984456005,19.665602964455065,96.93400003935533,0.2879466630961597,560.295654296875,-0.005734321055260616,563.527099609375,0.014844172407353584,555.2843627929688,0.007086862410970118,551.1580200195312,0.006299335442844001
2025-05-07,557.9490966796875,560.6038493983164,552.8681991631311,556.9548009077818,55588000,0.0042054650283336326,0.004196646774874043,558.533740234375,556.6458868936805,553.3981994628906,551.9644096174077,540.8084320068359,547.0514530858169,550.8026641845703,552.777217661878,55.997544784120585,87.93391734714503,-12.066082652854966,3.3653175966120443,-0.6229944072322621,3.9883120038443063,570.3320518333106,511.28481218036126,540.8084320068359,10.918328220925927,80321360.0,0.6920699549908019,1655070500,12.78941903227494,0.009513062628583872,0.008829347043455138,0.028494896029173846,18.665701031358775,91.36841562052162,0.6568158282778217,555.6124877929688,-0.008358384485032677,560.295654296875,-0.005734321055260616,563.527099609375,0.014844172407353584,551.3768310546875,0.00039700236086281926
2025-05-08,561.8367919921875,567.0568450320475,558.4959726115572,562.0157579568283,65130800,0.006967831538101654,0.006943668378215112,559.8442260742188,558.3761885931829,555.2247192382813,553.759388231004,541.6257415771485,548.4595806007094,550.2518865966797,553.1324950865961,57.80938554281274,91.51172395904067,-8.48827604095933,4.032668339686438,0.30813814215147795,3.7245301975349605,572.4968606391034,510.75462251519355,541.6257415771485,11.399428310797031,71484535.0,0.9111173486684917,1720201300,12.526442555138157,0.009498566990375625,0.006837456511943706,0.01661184326412675,17.511967443529485,105.82395346415903,0.3902428650373368,557.9490966796875,0.0042054650283336326,555.6124877929688,-0.008358384485032677,560.295654296875,-0.005734321055260616,555.2843627929688,0.007086862410970118
2025-05-09,561.1209716796875,564.2629200033267,559.5499671743652,563.2487187713206,37603400,-0.0012740716213365255,-0.0012748839406266153,559.3630004882813,559.2911162886844,556.5869140625,555.0978579489464,543.6024017333984,549.6654273701358,549.8749444580078,553.4457686784821,57.341212431088564,88.32173288478513,-11.678267115214865,4.452462676543178,1.137003049029818,3.3154596275133597,574.1491851553005,513.0556183114963,543.6024017333984,11.23864917612461,65248145.0,0.5763137020983509,1682597900,11.96833614612554,0.006463123165470845,0.0068279077599486,0.012767453612324463,16.440643397688003,93.16072806804974,0.3333376255401961,561.8367919921875,0.006967831538101654,557.9490966796875,0.0042054650283336326,555.6124877929688,-0.008358384485032677,563.527099609375,0.014844172407353584
2025-05-12,579.66455078125,579.6745034500635,573.7484781026347,578.1532016097033,78993600,0.03304738200401469,0.0325130574340947,563.2367797851563,566.0822611195397,559.7825866699219,559.5645293730015,546.0409118652344,552.5224867426228,549.6878594970703,554.4739562119239,65.20304192567448,99.97962182864987,-0.02037817135014712,6.209880929458109,2.1515786251154765,4.058302304342632,579.7620839142414,512.3197398162274,546.0409118652344,12.351152199866505,64304510.0,1.2284301676507605,1761591500,12.438707262143433,0.015736763428498873,0.01175082494595448,0.014040754206196979,16.675358535786238,156.24882140828694,0.9983205152982216,561.1209716796875,-0.0012740716213365255,561.8367919921875,0.006967831538101654,557.9490966796875,0.0042054650283336326,560.295654296875,-0.005734321055260616
2025-05-13,583.4925537109375,585.7197665156716,579.5153706490559,580.0820658308163,67947200,0.006603824443858652,0.006582114720934644,568.81279296875,571.885691983339,563.0160400390625,563.9150792526262,548.4133026123047,555.4720169300814,549.7837261962891,555.6119404275715,66.57260194492395,95.82324880224371,-4.176751197756297,7.821375453290102,3.285537990750402,4.5358374625397,585.4962487332309,511.33035649137855,548.4133026123047,13.52372232558392,64300170.0,1.0567188236049765,1829538700,11.993399305320027,0.013346823360849294,0.011752806274633187,0.013997346704245848,17.291297548125232,157.72352259217436,0.6410266442245787,579.66455078125,0.03304738200401469,561.1209716796875,-0.0012740716213365255,561.8367919921875,0.006967831538101654,555.6124877929688,-0.008358384485032677
2025-05-14,584.23828125,585.6203062554047,582.1999263612488,584.4569971907843,66283500,0.001278041226610016,0.0012772252271015705,574.0706298828125,576.0032217388928,566.3021850585938,567.6102068885124,550.8980499267578,558.2116611510261,550.031508178711,556.7345420284511,66.84635793909237,96.86714256211071,-3.132857437889287,9.054298140852552,4.439290020770832,4.61500812008172,590.5043579406218,511.2917419128938,550.8980499267578,14.378815833212583,64769700.0,1.0233720397037505,1895822200,11.38104077595116,0.013718658019741141,0.01171120998062216,0.013917274237097304,17.863240916725722,141.81417522905858,0.5959440038150088,583.4925537109375,0.006603824443858652,579.66455078125,0.03304738200401469,561.1209716796875,-0.0012740716213365255,557.9490966796875,0.0042054650283336326
2025-05-15,587.0919189453125,587.5989588253952,581.7624473439984,582.2198452585625,71268100,0.004884373015077159,0.0048724831657901415,579.1216552734375,579.6994541410327,569.4829406738281,571.1523363533851,554.1195678710938,560.962161893339,550.2134393310547,557.9250273977398,67.92873960509124,98.96875662161078,-1.0312433783892176,10.144720938530668,5.5803762043228,4.564344734207868,594.4889409392731,513.7501948029144,554.1195678710938,14.570636161894427,64158865.0,1.1108067451006185,1967090300,10.985002969197282,0.013839250485377251,0.011706422452229644,0.012410982649386205,18.53131152439564,133.7860848510964,0.9131262087309895,584.23828125,0.001278041226610016,583.4925537109375,0.006603824443858652,579.66455078125,0.03304738200401469,561.8367919921875,0.006967831538101654
2025-05-16,590.8106079101562,591.1088845286154,585.9186893064182,587.8774230068021,76052100,0.006334083036816818,0.006314107041558165,585.0595825195312,583.4031720640739,572.2112915039063,574.7265675455253,557.4897369384765,563.8048710377979,550.674945678711,559.2146580060698,69.33376863068669,99.43377109469859,-0.5662289053014196,11.180078991587607,6.7003167617757615,4.479762229811845,598.2923229575684,516.6871509193846,557.4897369384765,14.637968491819894,63968065.0,1.1889073086703499,2043142400,10.571088130125847,0.012820632305607963,0.011264473159975655,0.012366276678222352,19.3947060649739,138.70015254724248,0.9425307515837342,587.0919189453125,0.004884373015077159,584.23828125,0.001278041226610016,583.4925537109375,0.006603824443858652,561.1209716796875,-0.0012740716213365255
2025-05-19,591.4568481445312,592.1429146923263,584.7453513153635,584.7453513153635,68168500,0.0010938196195577898,0.0010932218347505145,587.4180419921875,586.0877307575597,575.3274108886719,577.7684367453445,561.5151428222656,566.4383926670105,551.0857354736328,560.4790576193428,69.58315473910977,98.7226887463915,-1.277311253608501,11.915400573316333,7.7433335240838765,4.1720670492324565,598.8993016040587,524.1309840404725,561.5151428222656,13.315458811633917,63908085.0,1.0666647263800817,2111310900,10.344407790614202,0.0026859526607222357,0.01075049981647288,0.010267760960680713,20.042005020060177,128.32112761171646,0.9072577667908525,590.8106079101562,0.006334083036816818,587.0919189453125,0.004884373015077159,584.23828125,0.001278041226610016,579.66455078125,0.03304738200401469
2025-05-20,589.46826171875,590.661428858583,586.2368002538279,589.7069436963179,60614500,-0.0033621834492569835,-0.0033678482890813458,588.61318359375,587.2145744112898,578.71298828125,579.8956776496,564.7764312744141,568.6317135290808,551.7608868408203,561.6158891526529,67.75714901348289,93.18988581448023,-6.810114185519771,12.1970855099554,8.634083921258181,3.563001588697219,599.8970320632619,529.6558304855663,564.7764312744141,12.43699235451395,63141405.0,0.959980222169589,2050696400,9.97838208347771,0.0037811662612842116,0.01013445147364906,0.00953855484044211,20.64306833549744,110.45807560348106,0.7303350752142754,591.4568481445312,0.0010938196195577898,590.8106079101562,0.006334083036816818,587.0919189453125,0.004884373015077159,583.4925537109375,0.006603824443858652
2025-05-21,579.5352783203125,589.1998657689248,578.5012324590923,585.0834662873492,95197700,-0.016850751844510237,-0.016994341107077825,587.6725830078125,584.6548090476308,580.8716064453125,579.8301504988203,567.1349029541016,569.6701482711029,552.3297711181641,562.3186102964827,59.37557184363601,67.89884738276012,-32.101152617239876,11.486405966877442,9.204548330382034,2.281857636495408,599.4564520237822,534.813353884421,567.1349029541016,11.398187239516941,63371755.0,1.5022102512388997,1955498700,10.048999738919138,0.009326604148965757,0.012463419897613244,0.010521679855820115,20.170446456228,71.73583438537526,0.09665214530347464,589.46826171875,-0.0033621834492569835,591.4568481445312,0.0010938196195577898,590.8106079101562,0.006334083036816818,584.23828125,0.001278041226610016
2025-05-22,579.7639770507812,583.2738097421649,578.0935066667054,579.3363764431303,70860400,0.00039462434647918876,0.0003945465027704468,586.2069946289063,583.0245317153476,582.6643249511719,579.8181189628132,568.9445220947266,570.6314652977389,552.844740600586,563.002742326063,59.49979329274379,68.48115263281024,-31.518847367189764,10.816950315137206,9.527028727333068,1.2899215878041375,599.806091197865,538.0829529915882,568.9445220947266,10.84870946274798,63707255.0,1.1122814819128528,2026359100,9.701235691529163,0.008746720090995128,0.012455350790725538,0.009779266694564772,19.67997703831092,55.14924665153731,0.32246576304716734,579.5352783203125,-0.016850751844510237,589.46826171875,-0.0033621834492569835,591.4568481445312,0.0010938196195577898,587.0919189453125,0.004884373015077159
2025-05-23,575.806640625,578.4912514897796,572.3166525694867,572.6944898379297,76029000,-0.006825771490515775,-0.006849173621262901,583.206201171875,580.6185680185652,584.1328918457032,579.0887592650289,570.3599029541016,571.1243391384305,553.4282684326172,563.5048559848448,56.29218492105346,58.405111667371465,-41.594888332628535,9.853492977783844,9.592321577423224,0.26117140036062025,599.7173396135365,541.0024662946666,570.3599029541016,10.294355022988848,64452725.0,1.1796087752690052,1950330100,9.540242033655264,0.007290957677684339,0.012796718793027757,0.00998300090359909,18.511080461369204,27.444755971767687,0.5652169639694122,579.7639770507812,0.00039462434647918876,579.5352783203125,-0.016850751844510237,589.46826171875,-0.0033621834492569835,590.8106079101562,0.006334083036816818
2025-05-27,587.7780151367188,587.9370757702034,575.1305403861026,582.7269752337963,72588500,0.020790615576653737,0.02057744036144188,582.4704345703125,583.005050391283,584.94423828125,580.6686239689725,572.363412475586,572.7104035192199,554.0254022216797,564.4567445790359,62.821702659181454,88.88623508332525,-11.113764916674757,9.941338409820446,9.662124943902668,0.2792134659177776,600.7157965414983,544.0110284096736,572.363412475586,9.907126642942686,65701460.0,1.1048232413708918,2022918600,9.773548701544232,0.013850957379226326,0.009798532981904333,0.010760291979134785,18.353671665885994,60.698627911045136,0.9875797295042932,575.806640625,-0.006825771490515775,579.7639770507812,0.00039462434647918876,579.5352783203125,-0.016850751844510237,591.4568481445312,0.0010938196195577898
2025-05-28,584.37744140625,589.3887309946801,583.6416722363929,588.1856112493471,68445500,-0.005785472819492488,-0.005802273498618257,581.4522705078125,583.4625140629387,585.0327270507812,581.3429544121138,574.0243835449219,573.8215499846514,554.4684796142578,565.2379483761816,60.07622746886552,76.92071610122741,-23.07928389877258,9.625600733802344,9.654820101882605,-0.02921936808026082,601.0753729359707,546.9733941538731,574.0243835449219,9.425031467825043,66734980.0,1.0256315353657108,1954473100,9.485942277025876,0.013988523649758096,0.009855326495458968,0.010938048447396325,18.337562672899047,66.54101852849837,0.12802534318678035,587.7780151367188,0.020790615576653737,575.806640625,-0.006825771490515775,579.7639770507812,0.00039462434647918876,589.46826171875,-0.0033621834492569835
2025-05-29,586.6842651367188,589.8163213976459,582.7269869994868,589.6771054111595,69973300,0.003947489357079892,0.003939718464598174,582.8820678710938,584.536431087532,585.2773254394531,582.3141018165875,575.7897552490234,575.0465704753244,555.0792279052735,566.0789804060067,61.31142786003422,83.25205306270813,-16.747946937291868,9.452554581702543,9.614366997846593,-0.16181241614405018,601.2605634742084,550.3189470238384,575.7897552490234,8.84725995660313,65578570.0,1.0670147275245556,2024446400,9.31475599996396,0.011143310007234208,0.009923832203623651,0.010922604139084519,18.199853066458818,65.93338871760827,0.5582016469985848,584.37744140625,-0.005785472819492488,587.7780151367188,0.020790615576653737,575.806640625,-0.006825771490515775,579.5352783203125,-0.016850751844510237
2025-05-30,586.0280151367188,587.7580801158757,579.9130717022508,585.5706172221718,90601200,-0.0011185744002305542,-0.0011192004714900474,584.1348754882813,585.0336257705943,585.1709350585937,582.9893587838841,577.326937866211,576.0924223478381,555.5557135009766,566.8612954934857,60.73573646315846,69.15757737025363,-30.84242262974637,9.156905265023738,9.522874651282024,-0.36596938625828557,601.3306983882638,553.3231773441581,577.326937866211,8.315482596661878,66949325.0,1.3532802608540115,1933845200,9.20977402951117,0.011235100756551495,0.009807481814853749,0.010921619638966358,17.689646346519606,50.551615852824455,0.7794693277536575,586.6842651367188,0.003947489357079892,584.37744140625,-0.005785472819492488,587.7780151367188,0.020790615576653737,579.7639770507812,0.00039462434647918876
2025-06-02,589.3291015625,589.4086015340318,581.7227142099362,584.4073250806647,61630500,0.005632983987994278,0.005617178062261446,586.8393676757812,586.4654510345629,585.0227844238282,584.1420392890869,578.6170379638672,577.3530584635203,556.1307354736329,567.7423859275647,62.636250253998405,85.80764688576984,-14.19235311423016,9.084253517944376,9.435150424614495,-0.3508969066701191,602.2865619482593,554.9475139794752,578.6170379638672,8.181412724272443,66994985.0,0.9199270661826404,1995475700,9.100924979124349,0.010051683591253108,0.009758456399730107,0.010573625911065379,17.395201737842324,61.4080609872435,0.9896563703996057,586.0280151367188,-0.0011185744002305542,586.6842651367188,0.003947489357079892,584.37744140625,-0.005785472819492488,575.806640625,-0.006825771490515775
2025-06-03,592.6898193359375,593.6741624833163,588.4739541013344,588.961210027987,63606200,0.005702616355661272,0.005686417991871319,587.821728515625,588.5402404683545,585.1460815429688,585.696181115787,580.2367462158203,578.8137023561314,556.769273071289,568.7207166494617,64.51915090339162,95.39111464140575,-4.6088853585942475,9.19189982317971,9.386500304327539,-0.19460048114782857,603.0890231609418,557.3844692706988,580.2367462158203,7.876880288661191,68242335.0,0.9320636522768454,2059081900,8.822302365042749,0.005012839713858086,0.0099340422649112,0.010424830110446523,17.571452836925637,92.0897773658438,0.8107108263448631,589.3291015625,0.005632983987994278,586.0280151367188,-0.0011185744002305542,586.6842651367188,0.003947489357079892,587.7780151367188,0.020790615576653737
2025-06-04,592.5307006835938,594.5391976596761,592.0932080953481,593.5548545078736,57314200,-0.00026846867813934416,-0.0002685047223062127,589.4523803710938,589.8703938734343,585.4523254394531,586.9388210372064,582.0826568603516,580.1200831492231,557.2037799072266,569.6544415135453,64.35379304741534,90.96189492278695,-9.038105077213043,9.158793875548213,9.340959018571674,-0.18216514302346098,602.5168062153463,561.6485075053569,582.0826568603516,7.021047308027627,68694810.0,0.834330861385307,2001767700,8.36685145070598,0.003260992023407813,0.00985683502361805,0.010118872624543484,17.82474050251701,104.6977326889768,0.17886118346867477,592.6898193359375,0.005702616355661272,589.3291015625,0.005632983987994278,586.0280151367188,-0.0011185744002305542,584.37744140625,-0.005785472819492488
2025-06-05,589.6671142578125,595.5831864273371,587.6785226503756,594.2210060312028,92278700,-0.004832806844400794,-0.0048445226173514265,590.0489501953125,589.8026340015604,586.4655090332031,587.4348743500437,583.6685577392578,581.029324207184,557.5535723876953,570.4392522093989,61.308488806908926,74.57261057590485,-25.427389424095153,8.800048203118877,9.232776855481115,-0.432728652362238,601.0614639620662,566.2756515164494,583.6685577392578,5.959857179964223,70529345.0,1.3083731317794034,1909489000,8.333838045438513,0.004574261348851318,0.00806827387323115,0.010275504874675682,17.374440673030087,88.50766484097905,0.25157194075826245,592.5307006835938,-0.00026846867813934416,592.6898193359375,0.005702616355661272,589.3291015625,0.005632983987994278,586.6842651367188,0.003947489357079892
2025-06-06,595.722412109375,597.4027744725131,593.455388510206,595.2451088486548,66588700,0.010269010608102258,0.010216642525801404,591.9878295898437,591.7758933708319,588.0613525390625,588.9416993971948,585.3628387451172,582.4286659121545,558.1610870361328,571.4307486760647,65.07236724319294,93.30162561740808,-6.698374382591916,8.901737909994154,9.166569066383722,-0.2648311563895689,600.3549939029442,570.3706835872902,585.3628387451172,5.122346061450279,70602240.0,0.9431527951521085,1976077700,8.291111057528664,0.0058876778560555685,0.00847603494017451,0.010371737188465398,17.171031876367884,141.86429895565627,0.5743100929979906,589.6671142578125,-0.004832806844400794,592.5307006835938,-0.00026846867813934416,592.6898193359375,0.005702616355661272,586.0280151367188,-0.0011185744002305542
2025-06-09,596.2593383789062,597.8203901729,595.0761238694207,596.2990883662742,53016400,0.0009013027856885625,0.0009008968562247442,593.373876953125,593.2703750401901,590.1066223144531,590.2721792120515,587.1197570800781,583.74587281375,558.8093682861328,572.4044188604898,65.39383483570427,93.87912541185784,-6.120874588142157,8.922796751297824,9.117814603366543,-0.19501785206871958,598.011533116323,576.2279810438332,587.1197570800781,3.7102399995574826,71372890.0,0.7428086490542838,2029094100,7.894907860810854,0.005798674151465528,0.007833844441151325,0.01033608838711953,17.032995222828323,152.46202736829724,0.4311587792854804,595.722412109375,0.010269010608102258,589.6671142578125,-0.004832806844400794,592.5307006835938,-0.00026846867813934416,589.3291015625,0.005632983987994278
2025-06-10,599.6399536132812,600.0276828696868,595.672722912116,596.7962213819605,66247000,0.005669706144252773,0.005653693855177887,594.7639038085938,595.3935678978871,591.2928161621094,591.9754109213659,588.1185272216796,585.2595947946577,559.7523590087891,573.4724790468739,67.42664275111002,98.60081255656966,-1.399187443430342,9.107290258180456,9.115709734329327,-0.008419476148871397,599.7321253762179,576.5049290671413,588.1185272216796,3.949407344605139,70735560.0,0.9365445046310512,2095341100,7.6420544391508525,0.005793940122168834,0.005119917273469309,0.007614708635694368,17.17882002996736,159.81923434801428,0.910968353262897,596.2593383789062,0.0009013027856885625,595.722412109375,0.010269010608102258,589.6671142578125,-0.004832806844400794,592.6898193359375,0.005702616355661272
2025-06-11,597.9297485351562,601.608655383662,595.851704156038,600.7436228335788,73658200,-0.002852053249320252,-0.002856128102832432,595.8437133789063,596.2389614436436,592.648046875,593.0580177602368,588.8403869628906,586.4662761032766,560.5869708251953,574.4315876542576,65.335754098176,87.44057594202658,-12.559424057973413,9.011623053543758,9.094892398172213,-0.08326934462845514,600.9961848675598,576.6845890582215,588.8403869628906,4.128724243038455,71021110.0,1.037131072719083,2021682900,7.507404209756083,0.006187433518532492,0.004689482454451122,0.007589218436556887,17.509207395407948,139.08669948465578,0.3609626513962697,599.6399536132812,0.005669706144252773,596.2593383789062,0.0009013027856885625,595.722412109375,0.010269010608102258,592.5307006835938,-0.00026846867813934416
2025-06-12,600.3060913085938,600.3060913085938,596.1002394800107,596.5874347137615,64129000,0.003974284235328973,0.003966407630085665,597.9715087890625,597.594671398627,594.0102294921875,594.3758493144835,589.6437774658203,587.7843537418782,561.4376910400391,575.4462740720747,66.87294489827325,95.55317509925291,-4.446824900747094,9.023539361711755,9.080621790880123,-0.05708242916836781,602.57584138959,576.7117135420507,589.6437774658203,4.386398845536625,70913385.0,0.9043285692820897,2085811900,7.271579039672294,0.004944975922220574,0.004690532681498024,0.007613648577348728,17.815995663317068,127.86131226944833,0.9999999999762236,597.9297485351562,-0.002852053249320252,599.6399536132812,0.005669706144252773,596.2593383789062,0.0009013027856885625,589.6671142578125,-0.004832806844400794
2025-06-13,593.5946044921875,598.4169149439988,592.083255426069,595.0860482220673,89506000,-0.011180107804297013,-0.011243074969229609,597.545947265625,596.2613157631472,594.7668884277343,594.2338048013387,589.9689117431641,588.3377109561934,562.0835858154297,576.1579733042361,58.92524022292973,69.73330279661826,-30.266697203381746,8.394653881483805,8.94342820900086,-0.5487743275170551,602.9548594787731,576.9829640075551,589.9689117431641,4.40224814464877,71825280.0,1.2461629108859722,1996305900,7.3395259570189015,0.006697951522207324,0.006307579597329788,0.008059372799363997,17.31426913208236,65.84497233872742,0.23862177337070953,600.3060913085938,0.003974284235328973,597.9297485351562,-0.002852053249320252,599.6399536132812,0.005669706144252773,595.722412109375,0.010269010608102258
2025-06-16,599.2421875,601.0021104918266,596.7961979763596,596.9752246255282,79984100,0.009514208796833623,0.009469233755242069,598.1425170898438,597.2549396754315,595.7581970214844,595.1444198374588,590.3904907226563,589.376232531794,563.3956573486328,577.0632366060307,62.918911470741556,89.09239816539423,-10.907601834605765,8.256791208065238,8.806100808813737,-0.549309600748499,603.9912613410121,576.7897201043005,590.3904907226563,4.607381328824599,72021880.0,1.1105527931234231,2076290000,7.344381674348912,0.008159878014720795,0.00671026863065783,0.008208821767526468,17.224113872365344,105.5634358179415,0.5815597720083989,593.5946044921875,-0.011180107804297013,600.3060913085938,0.003974284235328973,597.9297485351562,-0.002852053249320252,596.2593383789062,0.0009013027856885625
2025-06-17,594.12158203125,598.3174810611555,593.3559548666378,596.7862874189289,82209400,-0.008545135131611592,-0.008581854127647013,597.0388427734375,596.210487127371,595.9013732910156,594.958449327239,590.5237274169922,589.8281705793613,565.2301330566406,577.7321913285883,57.46344014025332,65.49033451989142,-34.50966548010859,7.646203307360679,8.574121308523125,-0.9279180011624462,604.2155767510535,576.8318780829309,590.5237274169922,4.637188549205563,72723925.0,1.1304312851650953,1994080600,7.240228171421287,0.008601485167284465,0.0072541162950199465,0.00846592974910898,16.49448058791011,56.02875699778762,0.15431283330575452,599.2421875,0.009514208796833623,593.5946044921875,-0.011180107804297013,600.3060913085938,0.003974284235328973,599.6399536132812,0.005669706144252773
2025-06-18,594.0321044921875,597.7905111811382,593.0676059775907,595.0264003245132,76605000,-0.00015060476132944256,-0.0001506161033653008,596.2593139648437,595.4843595823099,596.051513671875,594.7900229935932,590.751919555664,590.2285452377257,567.0807165527344,578.3714036095138,57.3698323363267,65.07791169515237,-34.922088304847634,7.0735484440645,8.274006735631401,-1.2004582915669015,604.5177247246452,576.9861143866829,590.751919555664,4.66043518888103,73523450.0,1.0419124782637377,1917475600,7.060419388001731,0.008605118694950998,0.00725324892479913,0.008423987986511786,15.763579432966807,48.33231681348309,0.2042172080548918,594.12158203125,-0.008545135131611592,599.2421875,0.009514208796833623,593.5946044921875,-0.011180107804297013,597.9297485351562,-0.002852053249320252
2025-06-20,592.636962890625,597.8026339141032,591.2208450851572,596.7256028572928,94051400,-0.002348596298099359,-0.0023513585762167215,594.72548828125,594.5352273517483,596.3484985351563,594.3985575203262,591.4070037841797,590.4579183475257,569.0604956054688,578.9308373068122,55.842360731154585,54.88424503190824,-45.11575496809176,6.432983640570342,7.90580211661919,-1.4728184760488485,604.187024133106,578.6269834352534,591.4070037841797,4.321903618709963,73466135.0,1.2802007346650264,1823424200,7.026231490926326,0.008089543939065379,0.007099719635260091,0.007423991136629985,14.736053855811624,32.006371450638206,0.21515697969803554,594.0321044921875,-0.00015060476132944256,594.12158203125,-0.008545135131611592,599.2421875,0.009514208796833623,600.3060913085938,0.003974284235328973
2025-06-23,598.49072265625,598.8795981212522,590.2535502615591,593.3948045851308,87426000,0.009877480029380825,0.009829016593287672,595.7047119140625,595.8537257865822,596.6253295898438,595.1425875450396,592.3433410644532,591.222947329309,570.120498046875,579.6978916342412,60.584340065437964,77.61735091036387,-22.382649089636132,6.324772865397449,7.589596266374842,-1.2648234009773933,604.2909688799668,580.3957132489395,592.3433410644532,4.034021145251177,74294415.0,1.1767506346203815,1910850200,7.140504088695384,0.007948381004023071,0.007040850155862218,0.007672247845921633,13.979542102551292,51.177172162156815,0.9549184665535168,592.636962890625,-0.002348596298099359,594.0321044921875,-0.00015060476132944256,594.12158203125,-0.008545135131611592,593.5946044921875,-0.011180107804297013
2025-06-24,605.1024169921875,606.1694051168853,601.7416782982235,602.65917852593,67735300,0.011047279574515567,0.010986704102658451,596.8767578125,598.9366228551173,597.5096374511719,596.9534656263393,593.8081298828125,592.5448015829165,571.790791015625,580.6941475306313,65.13807483371457,94.2296527673555,-5.770347232644492,6.6953437678820364,7.410745766676282,-0.7154019987942455,604.3925380717279,583.2237216938971,593.8081298828125,3.564925320575933,73879730.0,0.9168319916707871,1978585500,7.178945400976806,0.008346262114682665,0.007797686408708899,0.00767780277621172,14.439494002794827,163.05818839706228,0.7590212385559563,598.49072265625,0.009877480029380825,592.636962890625,-0.002348596298099359,594.0321044921875,-0.00015060476132944256,599.2421875,0.009514208796833623
2025-06-25,605.4414672851562,606.9273380866383,603.8658185288903,606.2292612300843,62114800,0.0005603188542100401,0.0005601619342149336,599.1407348632813,601.104904331797,598.0897888183594,598.496738655215,594.6913024902344,593.7730554593204,573.2817333984375,581.6646306582597,65.35909110481208,92.28071562947794,-7.719284370522063,6.936423629177966,7.315881339176619,-0.37945770999865314,606.0360886206437,583.3465163598252,594.6913024902344,3.8153529681378036,73356045.0,0.8467577552742926,2040700300,6.884843555031895,0.006192068176158272,0.007660343699375586,0.006363021932943918,14.972635108072994,168.69263185919309,0.5146623193135881,605.1024169921875,0.011047279574515567,598.49072265625,0.009877480029380825,592.636962890625,-0.002348596298099359,594.12158203125,-0.008545135131611592
2025-06-26,610.1783447265625,610.617130683572,606.6880212532993,607.306302256393,78548400,0.007823840449262098,0.007793392917548311,602.3699829101563,604.1293844633856,599.3146484375,600.6206670318236,595.98134765625,595.3354639609624,574.7644055175781,582.7828155236833,68.37562075346219,97.84524161313419,-2.1547583868658067,7.424126864787809,7.337530444298857,0.08659642048895133,608.1773246805524,583.7853706319477,595.98134765625,4.092737825525622,73861190.0,1.063459714093423,2119248700,6.762759258130741,0.00594301143896115,0.007807948719311999,0.0062698311202627295,15.96466956102498,200.4879368418085,0.8883243226270059,605.4414672851562,0.0005603188542100401,605.1024169921875,0.011047279574515567,598.49072265625,0.009877480029380825,594.0321044921875,-0.00015060476132944256
2025-06-27,613.2098999023438,614.6858494593505,609.1412239120898,611.1855439983277,86258400,0.004968310006379761,0.004956008681924207,606.4845703125,607.1562229430383,600.605029296875,602.9096184628272,597.3076293945312,597.037791193475,576.3377368164063,583.976034518925,70.16616639269787,93.95902307409462,-6.040976925905378,7.96345856637015,7.462716068713116,0.5007424976570336,610.8642962564264,583.750962532636,597.3076293945312,4.539257894842937,74675445.0,1.1551106257217483,2205507100,6.675749707354308,0.004208083121820827,0.007841321580638648,0.006289092252493583,17.37199959580744,203.9900910001624,0.7338053680091504,610.1783447265625,0.007823840449262098,605.4414672851562,0.0005603188542100401,605.1024169921875,0.011047279574515567,592.636962890625,-0.002348596298099359
2025-06-30,616.1417846679688,617.5079921128906,613.3395560055452,615.6731133088892,92502500,0.004781209119572027,0.004769815441853536,610.0147827148437,610.1514101846818,602.8597473144531,605.315466863762,598.8133178710938,598.8572191434267,578.2073413085938,585.2374364855541,71.82749286899713,94.98721180065137,-5.012788199348638,8.529142774652655,7.6760014099010245,0.8531413647516306,613.6529259071029,583.9737098350846,598.8133178710938,4.956338676222857,74770510.0,1.2371521874065057,2298009600,6.505917029010921,0.003898949395364066,0.006297426098168465,0.006261955912494789,18.98530370515,207.34586177491678,0.6722493976621976,613.2098999023438,0.004968310006379761,610.1783447265625,0.007823840449262098,605.4414672851562,0.0005603188542100401,598.49072265625,0.009877480029380825
2025-07-01,615.9423828125,617.1191131155733,613.8182668389494,614.6559103723325,70030100,-0.0003236298209773336,-0.00032368220040918214,612.1827758789062,612.0817343939545,604.5297668457031,607.2476333998961,600.1439819335938,600.4843775881003,580.0580444335938,586.4415520277873,71.53572605416065,94.25558113084548,-5.744418869154514,8.859237743957465,7.912648676712314,0.9465890672451511,616.0757803452366,584.2121835219509,600.1439819335938,5.309325392320836,75190490.0,0.9313691133014295,2227979500,6.276983403840421,0.0033814076777448116,0.006061389025395318,0.006248104903286297,20.483371806682378,166.4596708626358,0.643506481513212,616.1417846679688,0.004781209119572027,613.2098999023438,0.004968310006379761,610.1783447265625,0.007823840449262098,605.1024169921875,0.011047279574515567
2025-07-02,618.734619140625,618.7744866384667,614.9052090235124,615.53347209637,66510400,0.004533275199175568,0.004523030855777315,614.84140625,614.2993626428447,606.9910705566406,609.3361762618468,601.4462219238281,602.2224958311979,582.2137622070312,587.7079468165261,73.17870711262292,99.86021672880997,-0.13978327119003242,9.239641683474588,8.178047278064769,1.061594405409819,618.9118548927989,583.9805889548574,601.4462219238281,5.807878520910479,75335700.0,0.8828536802604874,2294489900,6.105004418919982,0.0029373458969150176,0.0045784668603390186,0.006219298247478294,22.06058510751622,151.8750266969185,0.98969639764628,615.9423828125,-0.0003236298209773336,616.1417846679688,0.004781209119572027,613.2098999023438,0.004968310006379761,605.4414672851562,0.0005603188542100401
2025-07-03,623.611083984375,624.5484875028751,620.7090954800537,620.7290596612153,51065800,0.007881351217300603,0.00785045559545565,617.5279541015625,617.4032697566881,609.9489685058594,611.9316140295792,603.0002410888671,604.2595042267385,584.2011340332032,589.1159129799713,75.8052865325981,97.2666416856107,-2.733358314389304,9.821389638626329,8.506715750177081,1.3146738884492475,622.435964666372,583.5645175113623,603.0002410888671,6.446340234428039,75023280.0,0.6806660545899886,2345555700,6.0842089863007045,0.0029543805133952746,0.004457356453512961,0.006317273010799372,24.100263596090148,166.51594070401822,0.7558458440805835,618.734619140625,0.004533275199175568,615.9423828125,-0.0003236298209773336,616.1417846679688,0.004781209119572027,610.1783447265625,0.007823840449262098
2025-07-07,618.9639892578125,622.3047639816969,616.1617605422166,621.6365725170731,74814500,-0.007451911689688506,-0.007479815896490338,618.6787719726562,617.9235095903963,612.5816711425781,613.2102277074398,604.4650848388671,605.6599313725551,585.9330969238281,590.2864257751808,68.88250144487968,83.71626049125754,-16.283739508742457,9.794541994092128,8.764280998960091,1.0302609951320374,624.0757472202155,584.8544224575188,604.4650848388671,6.488600540617154,74150070.0,1.0089606119050192,2270741200,6.181717161719112,0.005987770408799867,0.005538071799613343,0.0065033965870314354,24.851042526115474,118.04651368697344,0.45616590372402205,623.611083984375,0.007881351217300603,618.734619140625,0.004533275199175568,615.9423828125,-0.0003236298209773336,613.2098999023438,0.004968310006379761
2025-07-08,618.6249389648438,620.3900039601925,617.8071987595777,619.6320954349991,59024600,-0.0005477706277796646,-0.0005479207089191895,619.1754028320313,618.1573193818788,614.5950927734375,614.1947206633314,605.6102111816406,606.8946940003921,587.4341638183594,591.3977400179127,68.39176035817825,82.72762974794104,-17.27237025205896,9.634842055555282,8.938393210279129,0.6964488452761532,625.713600203255,585.5068221600261,605.6102111816406,6.63905219906699,73771865.0,0.8000963510953668,2211716600,5.924652021640237,0.005814943836577103,0.005364601414933132,0.006264075337622389,25.54819438971042,102.29152956880853,0.3166093227006652,618.9639892578125,-0.007451911689688506,623.611083984375,0.007881351217300603,618.734619140625,0.004533275199175568,616.1417846679688,0.004781209119572027
2025-07-09,622.3345947265625,622.9927431754923,619.1932795088373,621.0481832340878,66113300,0.005996615280215112,0.005978707139298059,620.4538452148438,619.5497444967734,616.318310546875,615.674697765737,606.9139739990235,608.3651607362178,588.9308752441407,592.6109500064872,70.83964260793907,93.54454927053935,-6.455450729460646,9.6958492065761,9.089884409538524,0.6059647970375757,627.7898044441906,586.0381435538563,606.9139739990235,6.879337546840116,74426710.0,0.8883007189220107,2277829900,5.813448606569399,0.00618014163694841,0.00476078936534816,0.006324360850483294,26.50329995327581,106.39680509021935,0.826778591202618,618.6249389648438,-0.0005477706277796646,618.9639892578125,-0.007451911689688506,623.611083984375,0.007881351217300603,615.9423828125,-0.0003236298209773336
2025-07-10,624.0897827148438,625.1368675729468,621.2875540464601,622.4742664500196,57529000,0.0028203284907413195,0.0028163588264301406,621.5248779296875,621.0630905694636,618.1831420898437,617.2047132110291,608.1364654541015,609.8627437818012,590.4585144042969,593.8454140342659,71.94664787509926,96.99832200946886,-3.001677990531135,9.773167820183744,9.226541091667569,0.5466267285161752,630.0052048287996,586.2677260794035,608.1364654541015,7.192050014092959,73990810.0,0.7775154779357057,2335358900,5.673153243706353,0.006056550433979239,0.004694670127452851,0.006273055622802481,27.631134024607142,106.7191027213696,0.7279814047437365,622.3345947265625,0.005996615280215112,618.6249389648438,-0.0005477706277796646,618.9639892578125,-0.007451911689688506,618.734619140625,0.004533275199175568
2025-07-11,621.8958129882812,623.1323749024951,619.8116254973129,621.0182411395347,63670200,-0.003515471310904239,-0.0035216651004934293,621.1818237304688,621.3406647090695,619.3548889160156,618.0576404432568,609.3347686767578,611.0087503728945,591.8732702636719,594.9454296795215,68.44869699985205,90.70886935513006,-9.291130644869932,9.547352421658502,9.290703357665755,0.25664906399274656,631.4600156639743,587.2095216895412,609.3347686767578,7.26209897238069,73491410.0,0.8663624769207721,2271688700,5.573510670408104,0.005259447674353075,0.004781625961628056,0.00630185615956989,28.27866288656557,85.03430111617864,0.6276256460825025,624.0897827148438,0.0028203284907413195,622.3345947265625,0.005996615280215112,618.6249389648438,-0.0005477706277796646,623.611083984375,0.007881351217300603
2025-07-14,623.08251953125,623.4315275028133,620.0808318567448,621.437057113524,51898500,0.0019082079637526839,0.001906389647718853,622.0055297851562,621.9212829831297,620.3421508789063,618.9712548228919,610.4735900878907,612.1586331498808,593.3073840332031,596.0488449678245,69.31763611558526,91.21892959457107,-8.781070405428938,9.356295837390803,9.303821853610765,0.05247398378003787,632.9643798723176,587.9828003034637,610.4735900878907,7.368308850572533,72879885.0,0.7121100698773056,2323587200,5.414738168669563,0.0035825021988793266,0.004660850354573731,0.0062844536564339295,28.918427864708143,80.9371382819773,0.89584014529568,621.8958129882812,-0.003515471310904239,624.0897827148438,0.0028203284907413195,622.3345947265625,0.005996615280215112,618.9639892578125,-0.007451911689688506
2025-07-15,620.419921875,626.1240780025647,620.340126016414,625.7850521197855,74317300,-0.004273266498076467,-0.00428242299610617,622.3645263671875,621.4208292804199,620.7699645996094,619.234648832366,611.8148559570312,612.9454225522732,594.6100952148438,597.0045734739882,64.99266430709523,74.37285635783337,-25.627143642166633,8.887582223720756,9.220573927632763,-0.3329917039120076,633.2961389926478,590.3335729214147,611.8148559570312,7.022151497780968,72120450.0,1.0304608470967667,2249269900,5.441110584203927,0.004371777241587751,0.00485154513500382,0.005690573310191641,29.854191766225885,75.69104708568729,0.013796079008892214,623.08251953125,0.0019082079637526839,621.8958129882812,-0.003515471310904239,624.0897827148438,0.0028203284907413195,618.6249389648438,-0.0005477706277796646
2025-07-16,622.494140625,623.0027403264891,616.3412163521633,622.0154871960257,88987500,0.00334324975208955,0.0033376735176768686,622.396435546875,621.7785997286132,621.4251403808594,619.827283703754,612.9774536132812,613.8548242734853,595.7894360351562,598.0041643426554,66.73396689774228,81.3236942843259,-18.676305715674108,8.584538213310111,9.093366784768232,-0.5088285714581211,634.1253616278536,591.8295455987088,612.9774536132812,6.900060643311792,72570620.0,1.2262193708693683,2338257400,5.528282969212628,0.003652949190577427,0.004903642945552607,0.005436321945283691,29.620867581146012,59.15367955233048,0.9236511489650678,620.419921875,-0.004273266498076467,623.08251953125,0.0019082079637526839,621.8958129882812,-0.003515471310904239,622.3345947265625,0.005996615280215112
2025-07-17,626.3035888671875,626.6626398066976,622.4542755061946,622.6736989062512,68885700,0.006119653171936301,0.006101004139529751,622.8391967773438,623.2869294414713,622.1820373535156,621.0047937334691,614.5865539550781,615.040420901457,597.1095947265625,599.1139456965586,69.71355162504324,97.95078810028934,-2.0492118997106603,8.553168683580907,8.985327164530768,-0.43215848094986065,634.618668054454,594.5544398557022,614.5865539550781,6.518891105072931,71904435.0,0.958017401847327,2407143100,5.434003064304799,0.004481110275612562,0.0050515806173513636,0.004914561833899157,29.91146698930961,88.46946693331363,0.9146815926656711,622.494140625,0.00334324975208955,620.419921875,-0.004273266498076467,623.08251953125,0.0019082079637526839,624.0897827148438,0.0028203284907413195
2025-07-18,625.8449096679688,627.7296380152247,624.7280110672211,627.5601250668279,65621600,-0.0007323592062571382,-0.0007326275122662148,623.6290161132813,624.1395895169705,622.405419921875,621.884814812469,616.1771942138672,616.069419831601,598.5142431640625,600.1622187934768,68.91318549584926,86.90258786580772,-13.097412134192275,8.394529615239207,8.867167654672455,-0.47263803943324767,634.398557655882,597.9558307718524,616.1771942138672,5.91432581832633,71355265.0,0.9196462237229446,2341521500,5.260261913140428,0.003967430142075865,0.004494740430837022,0.0049337099754934565,30.32092320433753,94.80904909700276,0.3720977390122588,626.3035888671875,0.006119653171936301,622.494140625,0.00334324975208955,620.419921875,-0.004273266498076467,621.8958129882812,-0.003515471310904239
2025-07-21,627.0316162109375,629.7939164140192,626.6028123652087,627.0316162109375,63375000,0.0018961671248525214,0.0018943716692674637,624.4188354492187,625.1035984149596,623.2121826171875,622.8205968849178,617.8969268798828,617.113438534395,599.8958935546875,601.2159206529851,69.87677472484711,82.70930900116679,-17.29069099883321,8.269241640732616,8.747582451884487,-0.4783408111518703,633.1587538066797,602.635099953086,617.8969268798828,4.939926470863872,69821445.0,0.9076724207011184,2404896500,5.16660082977686,0.003966951889604177,0.003563606666958334,0.004798001556126907,30.967106792932718,109.8178461860991,0.13437476157356612,625.8449096679688,-0.0007323592062571382,626.3035888671875,0.006119653171936301,622.494140625,0.00334324975208955,623.08251953125,0.0019082079637526839
2025-07-22,627.121337890625,627.9889276793821,624.4587368446605,627.3606646093982,60046300,0.00014308956258002326,0.00014307932624502706,625.7591186523438,625.7761782401815,624.0618225097656,623.6025497950463,619.3284576416015,618.0665718064168,601.2015844726562,602.2318193681866,69.95260824850806,82.0496269199414,-17.950373080058593,8.084002459761109,8.614866453459811,-0.5308639936987021,632.2290017805778,606.4279135026252,619.3284576416015,4.165978159021309,68452460.0,0.8771971087671648,2464942800,5.049714401558625,0.00271946815073022,0.0035303126626606194,0.004532456251261397,30.962027103066077,96.73739845364199,0.7542371419983234,627.0316162109375,0.0018961671248525214,625.8449096679688,-0.0007323592062571382,626.3035888671875,0.006119653171936301,620.419921875,-0.004273266498076467
2025-07-23,632.4566040039062,632.4566040039062,627.9889485945137,629.8039240942028,70511000,0.008507549960310445,0.008471564710641907,627.751611328125,628.0029868280898,625.0740234375,625.2123778330208,620.6961669921875,619.4370510633206,602.6282971191406,603.4171050401757,74.12415968553475,100.0,-0.0,8.272351937156145,8.546363550199079,-0.27401161304293353,633.0628610727098,608.3294729116652,620.6961669921875,3.9847818427652495,68591245.0,1.0279883387449813,2535453800,5.0701109523959556,0.003974975572111047,0.003959144378629546,0.004305839413820002,31.549782379341565,148.13999083255717,0.9999999999776169,627.121337890625,0.00014308956258002326,627.0316162109375,0.0018961671248525214,625.8449096679688,-0.0007323592062571382,622.494140625,0.00334324975208955
2025-07-24,632.6659545898438,634.3912129187636,632.2371507469353,632.8454496264281,71307100,0.000331011779483692,0.0003309570071711339,629.0240844726562,629.5573094153411,625.931640625,626.5675736069886,622.0573913574219,620.6969466372752,603.6883251953125,604.5641187480057,74.27507997690181,90.53587407189775,-9.464125928102252,8.342347706219584,8.50556038140318,-0.16321267518359583,633.3550630550534,610.7597196597904,622.0573913574219,3.6323567100386893,69050860.0,1.0326750456113074,2606760900,4.861821753783979,0.003743467007993592,0.003953661989423369,0.004310799185428578,32.32579377099704,172.70336487469072,0.1990675331922252,632.4566040039062,0.008507549960310445,627.121337890625,0.00014308956258002326,627.0316162109375,0.0018961671248525214,626.3035888671875,0.006119653171936301
2025-07-25,635.3385620117188,635.8172763273444,633.0848614440556,633.3341702599237,56865400,0.0042243578976959295,0.004215460346697358,630.9228149414063,631.4843936141338,627.2759155273437,628.162298771485,623.3154022216797,622.091386196746,604.7252453613281,605.7709596603082,76.18473233051989,97.54203716647153,-2.4579628335284727,8.515317659154334,8.507511836953412,0.0078058222009218525,634.6451228478555,611.9856815955039,623.3154022216797,3.635309054065835,67966710.0,0.8366654793206851,2663626300,4.7396431811923145,0.003476131226365129,0.003635151504573163,0.004135690762812711,33.212469995769275,176.7750067042116,0.8248017463834217,632.6659545898438,0.000331011779483692,632.4566040039062,0.008507549960310445,627.121337890625,0.00014308956258002326,625.8449096679688,-0.0007323592062571382
2025-07-28,635.1790161132812,636.2759505305676,633.782862430909,635.7175012309004,54917100,-0.000251119494356411,-0.0002511510301362438,632.552294921875,632.7159344471829,628.4855651855469,629.4380655609024,624.4138580322266,623.337827141178,605.7440600585937,606.9242167761112,75.82287640218065,94.4973712342016,-5.502628765798412,8.541067463325703,8.514222962227871,0.026844501097832207,635.870776478514,612.9569395859392,624.4138580322266,3.669655405276457,66399645.0,0.8270691808668555,2608709200,4.579174961082765,0.0037699760257555565,0.00371417127293812,0.004105117116508133,34.09025892859388,156.2254427994545,0.5600097656025375,635.3385620117188,0.0042243578976959295,632.6659545898438,0.000331011779483692,632.4566040039062,0.008507549960310445,627.0316162109375,0.0018961671248525214
2025-07-29,633.503662109375,636.9042074633194,632.5862227401361,636.5850848856694,60556300,-0.002637609180098366,-0.0026410937999173513,633.828759765625,632.9785103345803,629.7939392089844,630.1772649333519,625.2819519042969,624.3060019000538,606.672294921875,607.966547965651,71.95785770905397,83.46278838733983,-16.537211612660176,8.330261235930948,8.477430616968487,-0.14716938103753918,636.7312357458932,613.8326680627006,625.2819519042969,3.662118763136371,64802335.0,0.9344771295663961,2548152900,4.560518515518514,0.004377510297249052,0.0034362105866489632,0.004153555354393115,34.51759735589844,127.32255493862895,0.21246934114701682,635.1790161132812,-0.000251119494356411,635.3385620117188,0.0042243578976959295,632.6659545898438,0.000331011779483692,627.121337890625,0.00014308956258002326
2025-07-30,632.7058715820312,635.9169397338984,629.7939009526881,634.1617960302962,80418900,-0.0012593305691198653,-0.0012601241922202157,633.87861328125,632.8876307503973,630.8151123046875,630.6370115967482,626.1201263427735,625.1059894888136,607.5102001953124,608.9367175192345,70.12474318835666,79.58304869854074,-20.41695130145926,8.006526500196173,8.383249793614025,-0.37672329341785193,637.1588473484146,615.0814053371323,626.1201263427735,3.526071289265004,65321775.0,1.2311193319532423,2467734000,4.672127105925071,0.002575244879512652,0.003556486863342427,0.004179165969915981,34.056769029141826,94.96833618570345,0.47557605518219603,633.503662109375,-0.002637609180098366,635.1790161132812,-0.000251119494356411,635.3385620117188,0.0042243578976959295,632.4566040039062,0.008507549960310445
2025-07-31,630.3324584960938,638.0809348105399,629.0260827850975,637.6920593309911,103385200,-0.0037512107798256533,-0.003758264215791461,633.4119140625,632.0359066656295,631.2179992675781,630.58163830572,626.7000183105469,625.6037484418879,608.2877124023438,609.7757661849937,64.83324927675005,64.357973037776,-35.642026962223994,7.472313609215917,8.201062556734405,-0.7287489475184881,637.3371169643441,616.0629196567496,626.7000183105469,3.394638054255256,67165515.0,1.5392601396713774,2364348800,4.985178885890596,0.0030749692195972734,0.003543008611361268,0.004257071211227644,33.971903347579165,80.79563990559467,0.14427355712839263,632.7058715820312,-0.0012593305691198653,633.503662109375,-0.002637609180098366,635.1790161132812,-0.000251119494356411,632.6659545898438,0.000331011779483692
2025-08-01,620.0010375976562,624.6083202058907,617.5777633723885,624.5683918435021,140103600,-0.016390431365516545,-0.016526240510838598,630.3444091796875,628.0242836429718,630.6336120605469,628.6578927224357,626.5195159912109,625.0701569329135,608.8983679199218,610.1767572207845,47.89211630631197,16.83472236542583,-83.16527763457417,6.144457242798012,7.789741493947127,-1.645284251149115,637.4778237476817,615.5612082347402,626.5195159912109,3.498153681337026,71617405.0,1.9562786448350091,2224245200,5.540144331448785,0.006582663986175075,0.006470718806141607,0.005462399392459838,31.8128259393222,-77.45678603565557,0.3446774249353666,630.3324584960938,-0.0037512107798256533,632.7058715820312,-0.0012593305691198653,633.503662109375,-0.002637609180098366,635.3385620117188,0.0042243578976959295
2025-08-04,629.4249267578125,629.4747763447384,623.8504160518278,623.9401331350132,73218000,0.015199795788522152,0.015085436264082631,629.1935913085938,628.491164681252,630.8729431152344,628.7973534561405,627.0425628662109,625.4848969162372,609.8961608886718,610.9315873987072,58.53542541411874,60.18343995898369,-39.81656004101631,5.785854868861406,7.388964168929983,-1.603109300068577,637.4953750357879,616.5897506966339,627.0425628662109,3.3340040337284895,71537580.0,1.02349003139329,2297463200,5.821115361136883,0.01125466217150437,0.008239585951413811,0.006195373720332779,30.1030698752045,9.693788054407637,0.9911368432267997,620.0010375976562,-0.016390431365516545,630.3324584960938,-0.0037512107798256533,632.7058715820312,-0.0012593305691198653,635.1790161132812,-0.000251119494356411
2025-08-05,626.2337646484375,630.8609506236863,625.3063432085271,630.0432104487703,68051400,-0.005069964619629497,-0.005082860496476873,627.7396118164063,627.7386980036472,630.7841857910156,628.3312464001945,627.4230041503906,625.5562176526372,610.825556640625,611.5316727810496,54.47758930818753,42.217865183248044,-57.782134816751956,5.184397286609169,6.94805079246582,-1.7636535058566514,637.1514106207262,617.694597680055,627.4230041503906,3.1010678301504315,71988920.0,0.9453038050855603,2229411800,5.802079079281337,0.011353791691035736,0.008421368042098306,0.0063303762644565725,28.734034344752683,2.1270272952750533,0.1669643541976801,629.4249267578125,0.015199795788522152,620.0010375976562,-0.016390431365516545,630.3324584960938,-0.0037512107798256533,633.503662109375,-0.002637609180098366
2025-08-06,631.030517578125,631.6886660273483,626.3933495625395,627.310788901774,64357500,0.0076596842911853535,0.007630497853981992,627.404541015625,628.8359711951398,630.6415771484375,628.822022978,627.8578002929687,626.0775795503027,611.9300341796875,612.296333361327,59.07056967746694,65.6130406279693,-34.3869593720307,5.03673534292102,6.565787702556861,-1.5290523596358412,637.4134347691834,618.302165816754,627.8578002929687,3.0438849280062614,71901130.0,0.895083290067903,2293769300,5.7772806721120125,0.012217000648393473,0.008328728150540858,0.006414931925052743,27.595843631862603,31.66326386916485,0.8757112150549018,626.2337646484375,-0.005069964619629497,629.4249267578125,0.015199795788522152,620.0010375976562,-0.016390431365516545,632.7058715820312,-0.0012593305691198653
2025-08-07,630.501953125,635.2188561282265,627.3706199993678,634.4809118212801,74205800,-0.0008376210633260772,-0.0008379720638662589,627.4384399414063,629.3912985050932,630.4251770019531,629.127464822909,628.1784088134766,626.4989484621788,612.7845129394532,613.0102792344122,58.37168287797595,63.03507626416619,-36.96492373583381,4.821482406814425,6.2169266434083745,-1.3954442365939492,637.6366173381049,618.7202002888483,628.1784088134766,3.0113128346748628,72734970.0,1.0202217722781766,2219563500,5.925206061879635,0.012090222267849865,0.008328734252220263,0.006403842408587513,27.084863265040646,47.162345413764896,0.3989855904154139,631.030517578125,0.0076596842911853535,626.2337646484375,-0.005069964619629497,629.4249267578125,0.015199795788522152,630.3324584960938,-0.0037512107798256533
2025-08-08,635.4183349609375,635.8870671683993,631.9878433436463,632.3069659204185,64051600,0.007797567971946862,0.007767324056395161,630.5218994140625,631.4003106570414,630.433154296875,630.2712593934597,628.8545349121093,627.3484138430128,613.8053308105468,613.8890265178054,62.782465130580924,87.01371708452879,-12.98628291547121,4.99008127960542,5.971557570647784,-0.9814762910423642,638.3528624782616,619.356207345957,628.8545349121093,3.0208345615190004,72754040.0,0.8803854741262478,2283615100,5.8866280605596115,0.007975048503185344,0.008616620975615805,0.006526105253109283,26.710127380530484,92.02545776440782,0.8797883300327125,630.501953125,-0.0008376210633260772,631.030517578125,0.0076596842911853535,626.2337646484375,-0.005069964619629497,620.0010375976562,-0.016390431365516545
2025-08-11,634.1618041992188,637.1834561323586,632.9052780831173,635.6975853928571,58742300,-0.001977485842922677,-0.001979443649501129,631.4692749023437,632.3208085044339,630.3314331054687,630.9786311763249,629.4084991455078,627.9973081626515,614.7548815917969,614.6840374072726,61.003395380665985,80.88524683538162,-19.11475316461838,4.965071318269224,5.770260320172072,-0.805189001902848,638.7872469410398,620.0297513499758,629.4084991455078,2.980178312896865,73096230.0,0.8036296810382697,2224872800,5.771738774036876,0.005880515412002986,0.008640495817146555,0.006558423801744454,26.559659166815212,88.99241473302592,0.2937058957363635,635.4183349609375,0.007797567971946862,630.501953125,-0.0008376210633260772,631.030517578125,0.0076596842911853535,629.4249267578125,0.015199795788522152
2025-08-12,640.9131469726562,641.0726778368414,635.0294344517399,636.5252873774225,64730800,0.010646088630271056,0.010589818050777092,634.4051513671875,635.1849213271747,631.0723815917969,632.7849067756579,630.4331604003906,629.2273880493186,615.8525842285156,615.7126299392485,66.49681118279504,99.32099831890626,-0.6790016810937404,5.427463264182961,5.70170090897425,-0.2742376447912891,640.1323184833859,620.7340023173954,630.4331604003906,3.0769822059598813,72616905.0,0.8914012515405332,2289603600,5.853105550007291,0.0056779336844037425,0.009213668050316785,0.006783406516746625,26.97232143743929,145.30346618701643,0.973601780680251,634.1618041992188,-0.001977485842922677,635.4183349609375,0.007797567971946862,630.501953125,-0.0008376210633260772,626.2337646484375,-0.005069964619629497
2025-08-13,643.1070556640625,644.4034493171588,640.9031438473124,643.1269589799253,60092800,0.0034230982805847354,0.003417252815601217,636.820458984375,637.825632772804,632.1125,634.6616611190042,631.4638061523438,630.5492611554847,616.9281433105468,616.7869211441432,68.07085231404693,95.16734201777598,-4.832657982224023,5.902897382214064,5.741940203622214,0.16095717859185044,641.9206059537628,621.0070063509247,631.4638061523438,3.311923723747449,71172170.0,0.8443300239405375,2349696400,5.685048401424367,0.005428578829202051,0.009193659945661911,0.0067844801615921406,27.77319680554233,190.11984172352052,0.6296341378410732,640.9131469726562,0.010646088630271056,634.1618041992188,-0.001977485842922677,635.4183349609375,0.007797567971946862,631.030517578125,0.0076596842911853535
2025-08-14,643.1668701171875,643.8350006749072,640.5641007895744,641.0128079474052,59327500,9.300854748550691e-05,9.300422245872846e-05,639.3534423828125,639.606045220932,633.3959411621094,636.2080627550375,632.3069702148438,631.7509381994564,617.9376843261718,617.8214289470078,68.11483592277017,95.39031657003216,-4.609683429967845,6.212890537818566,5.836130270461485,0.37676026735708135,643.6457414132072,620.9681990164803,632.3069702148438,3.58647673756018,70694260.0,0.8392124056465122,2409023900,5.512609221703542,0.005242129542762678,0.009020534538970438,0.006709025026420947,28.42423489649661,164.37024995308494,0.7957349410799018,643.1070556640625,0.0034230982805847354,640.9131469726562,0.010646088630271056,634.1618041992188,-0.001977485842922677,630.501953125,-0.0008376210633260772
2025-08-15,641.6610717773438,644.3037696191185,640.7436323612244,644.2040095711507,68592500,-0.0023412249756729064,-0.002343969928070605,640.6019897460938,640.2910540730693,635.5619445800781,637.1995189409114,633.0977783203125,632.6947604449695,618.9202917480469,618.7563169011387,65.66257431101957,89.77704597950954,-10.222954020490466,6.264839831620179,5.921872182693224,0.3429676489269555,644.7259518809434,621.4696047596816,633.0977783203125,3.6734210603240136,70842805.0,0.9682352357448297,2340431400,5.373146938574296,0.0053637300973093304,0.006597161122999664,0.006744865952017576,29.090896733175676,143.2732620825548,0.25769776546094936,643.1668701171875,9.300854748550691e-05,643.1070556640625,0.0034230982805847354,640.9131469726562,0.010646088630271056,635.4183349609375,0.007797567971946862
2025-08-18,641.5214233398438,642.2195001872421,640.40452473057,641.0826373957427,43804900,-0.00021763582620526467,-0.00021765951231838223,642.0739135742188,640.7011771619941,636.7715942382813,637.9853197407173,633.8222686767579,633.5353950063861,619.9573779296875,619.6490661732448,65.42731968922963,89.25646865750736,-10.743531342492645,6.22300661287079,5.982099068728737,0.24090754414205318,645.6521786419859,621.9923587115298,633.8222686767579,3.7328792470247305,69864300.0,0.6269997695532625,2296626500,5.118991832724146,0.005090841783576234,0.005202708124908206,0.006751100614101143,29.605418841887776,115.45497188216993,0.6153794560176145,641.6610717773438,-0.0023412249756729064,643.1668701171875,9.300854748550691e-05,643.1070556640625,0.0034230982805847354,634.1618041992188,-0.001977485842922677
2025-08-19,638.0410766601562,642.3291760201543,636.714736747966,641.341922870885,69750700,-0.005425144902516887,-0.005439914443276172,641.4994995117188,639.8144769947148,637.9523254394531,637.9954573624334,634.3682556152344,633.9645075448404,620.8037512207031,620.3703214864571,59.687783245113835,76.2825350669443,-23.71746493305569,5.841679351791527,5.954015125341296,-0.11233577354976898,645.915269788496,622.8212414419728,634.3682556152344,3.6404766698367785,70349520.0,0.9914879305502013,2226875800,5.154380935543014,0.003267060043353338,0.005256643840142343,0.006908425865841699,29.00556741950515,73.30843562421566,0.23623728886637546,641.5214233398438,-0.00021763582620526467,641.6610717773438,-0.0023412249756729064,643.1668701171875,9.300854748550691e-05,640.9131469726562,0.010646088630271056
2025-08-20,636.3457641601562,637.89146660832,631.2000571048222,637.6322365737963,88890300,-0.0026570585531485724,-0.002660594798622479,640.1472412109375,638.6582393831953,638.4838500976563,637.6955131438375,634.5627136230469,634.1912938891562,621.6054797363281,620.9968094344454,57.061897422353404,69.96279918585492,-30.03720081414508,5.34110822870332,5.8314337460137,-0.49032551731038065,646.1053955593529,623.0200316867408,634.5627136230469,3.6379956428271396,71268485.0,1.2472595706222744,2137985500,5.274855122670943,0.0022235788632931595,0.0050029916616416,0.006708349885646111,27.139331665433883,10.07961342033162,0.7690019647680096,638.0410766601562,-0.005425144902516887,641.5214233398438,-0.00021763582620526467,641.6610717773438,-0.0023412249756729064,643.1070556640625,0.0034230982805847354
2025-08-21,633.7928466796875,636.2061389257788,632.057667095043,634.5208697964243,54805800,-0.004011840141401879,-0.004019909160368552,638.2724365234375,637.0364418153595,638.812939453125,636.985937423083,634.6190582275391,634.1533465358734,622.2885375976563,621.4986148166117,53.26193726112466,48.37451727687649,-51.62548272312351,4.68440400871134,5.6020277985532285,-0.9176237898418886,646.1351255893163,623.1029908657619,634.6190582275391,3.6292850687280214,70443420.0,0.7780116297590322,2083179700,5.204372404273963,0.0019477035813339962,0.00521806124764819,0.006778168745317007,25.406398465224846,-8.851501024213427,0.41826958345162724,636.3457641601562,-0.0026570585531485724,638.0410766601562,-0.005425144902516887,641.5214233398438,-0.00021763582620526467,643.1668701171875,9.300854748550691e-05
2025-08-22,643.52587890625,644.7125912923959,635.4881651988852,635.9967649167205,84083200,0.015356803532182273,0.015240081294933336,638.6453979492187,639.199587512323,639.6236938476562,638.1750176927497,635.0284240722656,635.0459686663855,623.2004602050781,622.3624290946368,63.297188243889124,93.88489531300816,-6.1151046869918435,4.892932857175879,5.460208810277758,-0.5672759531018796,647.1821165022693,622.8747316422618,635.0284240722656,3.827763284063849,71804310.0,1.1710049160001677,2167262900,5.612613276304996,0.008464798323047798,0.006719055947389384,0.007547222011049143,25.274368514344292,95.29791935888294,0.8713510874060878,633.7928466796875,-0.004011840141401879,636.3457641601562,-0.0026570585531485724,638.0410766601562,-0.005425144902516887,641.6610717773438,-0.0023412249756729064
2025-08-25,640.6936645507812,643.505875096025,640.5740011970607,642.2593311060981,51274300,-0.004401088516101992,-0.004410801816037441,638.4798461914063,639.6976131918091,640.2768798828125,638.6329534851191,635.3041564941407,635.5838444648994,624.0082116699218,623.0813010733092,59.306718106474634,78.06171892439913,-21.938281075600877,4.774618612007657,5.323090770623739,-0.5484721586160815,647.7066796468124,622.9016333414689,635.3041564941407,3.9044363320755706,71622170.0,0.7158998393933051,2115988600,5.422560735796729,0.008768250326451711,0.00689146439539167,0.007630394832391866,25.151769274240923,88.38939180562659,0.04081463181574926,643.52587890625,0.015356803532182273,633.7928466796875,-0.004011840141401879,636.3457641601562,-0.0026570585531485724,641.5214233398438,-0.00021763582620526467
2025-08-26,643.3762817382812,643.7253506035642,639.7962411945653,640.4245042856638,51581600,0.004187051216404392,0.004178309909165952,639.5468872070312,640.9238360406332,640.523193359375,639.4953768038758,635.7977874755859,636.3259813480786,625.0038452148438,623.877182668014,61.765459157429135,92.29436186039642,-7.705638139603577,4.841508610243295,5.22677433854765,-0.385265728304355,648.652023335982,622.9435516151898,635.7977874755859,4.043498141581593,71173435.0,0.7247310741711427,2167570200,5.315885641025456,0.008389367199114872,0.006155120588275911,0.007637179145779029,24.84305905399808,86.39645464186462,0.9111582730237696,640.6936645507812,-0.004401088516101992,643.52587890625,0.015356803532182273,633.7928466796875,-0.004011840141401879,638.0410766601562,-0.005425144902516887
2025-08-27,644.8422241210938,645.580168455503,642.6383123424215,642.7879219740594,48341100,0.002278514804511911,0.0022759229259971133,641.2461791992188,642.2299654007868,640.6967102050781,640.4675308615517,636.4046051025391,637.1370520883657,625.9158459472657,624.6993411563701,63.07830749380083,94.86829888577809,-5.131701114221908,4.955682689424407,5.172556008723002,-0.2168733192985952,649.7540188384876,623.0551913665906,636.4046051025391,4.195259942783595,69569545.0,0.6948600856883569,2215911300,5.146312103315172,0.008032064845814237,0.006103092467080189,0.007627908550592558,24.859870537625746,99.7439139382929,0.7491568907117006,643.3762817382812,0.004187051216404392,640.6936645507812,-0.004401088516101992,643.52587890625,0.015356803532182273,636.3457641601562,-0.0026570585531485724
2025-08-28,647.1258544921875,647.6843037743214,643.5557962693775,645.4505066457858,61519500,0.0035413784731703757,0.003535122557784097,643.9127807617188,643.8619284312538,641.0926086425782,641.678135158031,637.2442749023437,638.0883666030154,626.9759313964844,625.5788122675787,65.0893016473487,96.61222442656604,-3.387775573433955,5.170830243292585,5.172210855636919,-0.0013806123443345086,651.0646045082428,623.4239452964446,637.2442749023437,4.33752962567363,67476260.0,0.9117206555312936,2277430800,5.073611774860078,0.007116508364327649,0.006187799837112721,0.007563974550138064,25.20474315799456,108.20086011513274,0.8647333736098027,644.8422241210938,0.002278514804511911,643.3762817382812,0.004187051216404392,640.6936645507812,-0.004401088516101992,633.7928466796875,-0.004011840141401879
2025-08-29,643.2666015625,646.04892693251,641.361908969664,645.6798938838932,74522200,-0.005963682184690233,-0.0059815359554893375,643.8609252929688,643.6634861416692,641.2531616210938,641.9669472315707,638.4075531005859,638.581531837252,627.9606213378906,626.2724510634579,59.21909870390327,73.2004604129379,-26.799539587062103,4.972605668675328,5.132289818244601,-0.1596841495692729,649.9564267634522,626.8586794377196,638.4075531005859,3.618025384184854,64197190.0,1.1608327404984549,2202908600,5.122921328264608,0.004747996064160248,0.00648025304877712,0.00657164744375634,24.926367105317837,73.96801574719962,0.406376209328378,647.1258544921875,0.0035413784731703757,644.8422241210938,0.002278514804511911,643.3762817382812,0.004187051216404392,643.52587890625,0.015356803532182273
2025-09-02,638.4998168945312,638.7191794281234,633.1645719217177,635.7374558444352,81983500,-0.00741027850099818,-0.007437871011363768,643.4221557617187,641.9422630592899,640.9510009765625,641.3365598975633,638.8612976074219,638.5737494617547,628.8778784179688,626.751955605853,52.87590084765858,44.28324773382443,-55.71675226617557,4.38037731711529,4.981907318018739,-0.6015300009034492,649.6509747985926,628.0716204162511,638.8612976074219,3.377783951408178,64635465.0,1.2683980845500222,2120925100,5.478571922015875,0.005555959911411691,0.006924195277308435,0.006083424527060491,23.412076285851054,-25.192950032735425,0.9605080046726525,643.2666015625,-0.005963682184690233,647.1258544921875,0.0035413784731703757,644.8422241210938,0.002278514804511911,640.6936645507812,-0.004401088516101992
2025-09-03,641.960205078125,642.4289372924937,638.6893051342267,640.8931560649971,70820900,0.0054195601815894,0.005404927211009579,643.1389404296875,641.9482437322349,641.3429138183594,641.4499499303928,639.6476196289062,638.8962690442661,629.7472680664063,627.3483575459421,56.51713483282959,65.2753394743376,-34.7246605256624,4.142504277779608,4.814026709970912,-0.6715224321913045,648.8113335255824,630.48390573223,639.6476196289062,2.865238176604975,64773940.0,1.0933548275741756,2191746000,5.367896813154919,0.005845321466970564,0.00690773175289298,0.006008460256764901,22.15069623506892,32.47881299209477,0.8746582031016051,638.4998168945312,-0.00741027850099818,643.2666015625,-0.005963682184690233,647.1258544921875,0.0035413784731703757,643.3762817382812,0.004187051216404392
2025-09-04,647.3253173828125,647.3552636551144,641.7308424389964,642.6382997027142,65219200,0.008357390788786612,0.008322661163589809,643.6355590820312,643.7406016157609,642.440869140625,642.5181985581055,640.4623596191407,639.6990355526991,630.5917260742187,628.1317677356234,61.48605695910675,97.82224569489654,-2.1777543051034662,4.336914652716359,4.7186042985200025,-0.3816896458036432,649.3086563800878,631.6160628581936,640.4623596191407,2.7624720260555713,64817025.0,1.006204774131488,2256965200,5.386219984795138,0.007055584641462302,0.007196759458550049,0.006049470476287392,21.757515526758407,104.37344075554779,0.9946756703933263,641.960205078125,0.0054195601815894,638.4998168945312,-0.00741027850099818,643.2666015625,-0.005963682184690233,644.8422241210938,0.002278514804511911
2025-09-05,645.4505004882812,650.4067910780432,641.551337641252,649.6787679935875,85178900,-0.0028962514584031096,-0.00290045371047206,643.30048828125,644.310567906601,643.6066345214844,643.051344363592,641.2097869873047,640.2467941179926,631.3919067382812,628.8109337259237,58.9509316265262,74.19503702882412,-25.804962971175883,4.290248901861219,4.632933219188246,-0.3426843173270271,649.0300648634673,633.3895091111422,641.2097869873047,2.43922598652331,65365680.0,1.3031134993164608,2171786300,5.634022374223429,0.007014990168826757,0.007105843721785771,0.006104888535938332,21.818619808637948,108.15819958962005,0.44031204893310655,647.3253173828125,0.008357390788786612,641.960205078125,0.0054195601815894,638.4998168945312,-0.00741027850099818,647.1258544921875,0.0035413784731703757
2025-09-08,647.0361328125,648.0433501046099,645.4405199703039,646.826691508285,63133100,0.002456628855379561,0.0024536162755646206,644.05439453125,645.2190895419008,643.9576599121094,643.7758513543025,641.7906768798828,640.8933978031838,632.1290625,629.5256474155934,60.43667529426916,82.45064324708864,-17.54935675291137,4.331284879027976,4.572603551156192,-0.2413186721282159,649.5294165454493,634.0519372143162,641.7906768798828,2.4116086270336723,65319755.0,0.9665238334099692,2234919400,5.417508642800757,0.0063546666836360784,0.005329696550325357,0.005914482996439849,21.875359498954662,125.6877707011148,0.6130299557793719,645.4505004882812,-0.0028962514584031096,647.3253173828125,0.008357390788786612,641.960205078125,0.0054195601815894,643.2666015625,-0.005963682184690233
2025-09-09,648.531982421875,649.0604854255209,645.4305347021028,647.1756962960839,66133900,0.002311848648811843,0.0023091804382656847,646.0608276367187,646.3233871685588,644.7414916992187,644.6406024574975,642.5091857910156,641.6208820525829,632.8355041503906,630.270993886428,61.83987815287536,90.23879510810048,-9.761204891899528,4.433403235914739,4.544763488107901,-0.1113602521931627,649.9437114515033,635.074660130528,642.5091857910156,2.314216146601787,65689335.0,1.0067676891538024,2301053300,5.289825934273425,0.004183485601747538,0.0050513202859414855,0.005881452406847087,22.07689085664697,135.04385137938922,0.8544049095978591,647.0361328125,0.002456628855379561,645.4505004882812,-0.0028962514584031096,647.3253173828125,0.008357390788786612,638.4998168945312,-0.00741027850099818
2025-09-10,650.4067993164062,652.7402956265305,648.8311506393708,651.8128741836446,78034500,0.00289086266421279,0.0028866921563847196,647.750146484375,647.6845245511747,645.4445434570313,645.6890018863899,642.9838684082031,642.4576360777089,633.5208044433593,631.0606333150546,63.5832287235625,88.71760276228089,-11.28239723771911,4.612445424652833,4.558299875416887,0.05414554923594572,651.1285519100683,634.8391849063379,642.9838684082031,2.533402127810297,66354520.0,1.1760238790062831,2379087800,5.212575025015002,0.003985649674225437,0.004983129399507605,0.0054622619911361674,22.774745949679154,177.55519223918628,0.40306734136765576,648.531982421875,0.002311848648811843,647.0361328125,0.002456628855379561,645.4505004882812,-0.0028962514584031096,641.960205078125,0.0054195601815894
2025-09-11,655.8118286132812,656.5099054682547,651.7830200765693,652.3713547945198,69934400,0.00831022877152554,0.008275888937158214,649.4474487304688,650.3936259052102,646.54150390625,647.5295158367337,643.619107055664,643.7294639382396,634.318193359375,632.031268424789,68.10694149725978,97.00977990491374,-2.9902200950862587,5.131327591367494,4.672905418607009,0.4584221727604856,653.499898237207,633.738315874121,643.619107055664,3.0703846648506916,66846600.0,1.046192326909671,2449022200,5.276184391217392,0.00396870902190727,0.005481904314434706,0.005692613663638804,23.884333338136177,208.20910305998933,0.8523177955008994,650.4067993164062,0.00289086266421279,648.531982421875,0.002311848648811843,647.0361328125,0.002456628855379561,647.3253173828125,0.008357390788786612
2025-09-12,655.5924072265625,657.2877193463212,655.0838683704039,655.7818843611192,72780100,-0.0003345797943027362,-0.0003346357786099409,651.475830078125,652.1265530123277,647.3881591796875,648.9954960894298,644.2403839111328,644.8592680609371,635.0553491210937,632.9552346523096,67.7390680958156,92.97225983857476,-7.027740161425247,5.461878835393009,4.830700101964209,0.6311787334287997,655.4080682904246,633.072699531841,644.2403839111328,3.466930871825724,67519230.0,1.0779166172363044,2376242100,5.056732004410238,0.003162990088844308,0.0054744022448678115,0.005696976638272974,25.00559109448204,187.09152021726385,0.2307501104623627,655.8118286132812,0.00831022877152554,650.4067993164062,0.00289086266421279,648.531982421875,0.002311848648811843,645.4505004882812,-0.0028962514584031096
2025-09-15,659.0827026367188,659.2123480846643,657.5170969033588,657.8162552961535,63772400,0.005323880160421179,0.005309758409937512,653.8851440429687,654.4452695537914,648.9697692871093,650.8295336434824,645.1114654541016,646.2138808776782,635.7647814941406,633.9798412399335,70.47130975263516,99.50227824773009,-0.4977217522699149,5.937042220720059,5.051968525715379,0.8850736950046798,657.9337256679308,632.2892052402723,645.1114654541016,3.9752076657957214,67278225.0,0.9478906436666544,2440014500,4.954104065388208,0.003269200843319941,0.004945159171457943,0.005720094869352479,26.271687754749188,185.30965312832677,0.9235243429011633,655.5924072265625,-0.0003345797943027362,655.8118286132812,0.00831022877152554,650.4067993164062,0.00289086266421279,647.0361328125,0.002456628855379561
2025-09-16,658.1752319335938,659.9503398052897,657.3874380375795,659.6411384615709,61169000,-0.0013768692449287467,-0.0013778180003623439,655.8137939453125,655.6885903470588,650.9373107910156,652.1651151507753,645.9441558837891,647.3530571687178,636.5490063476562,634.9286800906654,68.83889246720108,93.37294387298631,-6.627056127013683,6.1692718001918365,5.27542918061067,0.8938426195811662,659.8434933512402,632.044818416338,645.9441558837891,4.303572480947325,68146430.0,0.8976112174915105,2378845500,4.783303901268348,0.003996257986805321,0.003857983793325462,0.005742706490840251,27.53353547600045,156.11739204568008,0.30738357041571945,659.0827026367188,0.005323880160421179,655.5924072265625,-0.0003345797943027362,655.8118286132812,0.00831022877152554,648.531982421875,0.002311848648811843
2025-09-17,657.3575439453125,659.8904996422112,652.4910309141978,658.1852662695255,101952200,-0.0012423560605266948,-0.001243128424584309,657.2039428710938,656.2449082131434,652.4770446777344,653.1091931134183,646.9099792480469,648.3058654331554,637.3236584472656,635.8082433790829,67.325545840426,90.32024815847313,-9.67975184152686,6.215684288744683,5.463480202237473,0.7522040865072102,661.1585467590597,632.661411737034,646.9099792480469,4.405116003180252,69756505.0,1.4615439807369937,2276893300,4.970172817464424,0.004419869493140042,0.003976012021787041,0.00555817998799073,27.360005224555284,116.07379467422115,0.6576841135397904,658.1752319335938,-0.0013768692449287467,659.0827026367188,0.005323880160421179,655.5924072265625,-0.0003345797943027362,650.4067993164062,0.00289086266421279
2025-09-18,660.4290161132812,663.0517496492283,658.4445277353276,660.0600439458431,90459200,0.004672452908252023,0.0046615708841597344,658.1273803710938,657.6396108465227,653.7874145507812,654.4400700224843,648.1141418457031,649.4604512122149,638.085546875,636.7737638784632,69.99398051381144,91.22455268323013,-8.775447316769869,6.426231063389082,5.656030374467795,0.7702006889212871,662.6555994527516,633.5726842386546,648.1141418457031,4.487313782611588,69834950.0,1.2953284852355447,2367352500,5.021889452210952,0.0033093517960955765,0.0035031237593213436,0.005510604356403029,27.64497469361066,139.16292990174068,0.4307342721918948,657.3575439453125,-0.0012423560605266948,658.1752319335938,-0.0013768692449287467,659.0827026367188,0.005323880160421179,655.8118286132812,0.00831022877152554
2025-09-19,663.7000122070312,664.5499877929688,660.3699951171875,662.3300170898438,97945600,0.004952835223685836,0.004940610284100535,659.7489013671875,659.659744633359,655.6123657226562,656.1236958742201,649.6095001220704,650.8165998783878,638.8777514648438,637.8296951854659,72.56373345548306,97.29181353076773,-2.7081864692322712,6.778890121505015,5.880602323875239,0.8982877976297754,664.1034152514062,635.1155849927345,649.6095001220704,4.462347033598569,71991940.0,1.360507856851753,2465298100,4.961753968180259,0.0034547001165818646,0.003142012267492806,0.005369482788437872,28.109772196016205,139.41962560464367,0.7966562020689897,660.4290161132812,0.004672452908252023,657.3575439453125,-0.0012423560605266948,658.1752319335938,-0.0013768692449287467,655.5924072265625,-0.0003345797943027362
2025-09-22,666.8400268554688,667.2899780273438,662.1699829101562,662.2000122070312,69452200,0.004731075170536503,0.0047199188082894,661.3003662109375,662.0531720407289,657.5927551269531,658.0721196889925,650.7752075195312,652.3426405428717,639.7766357421875,638.9673552509562,74.7952575524144,98.42678116855326,-1.5732188314467404,7.228423143305804,6.150166487761352,1.0782566555444522,666.7943898242861,634.7560252147764,650.7752075195312,4.923107739710283,71260390.0,0.9746255949483297,2534750300,4.973056907395062,0.003340381753206859,0.003196525175271812,0.004460598104193492,28.891390195526608,141.3237017709161,0.9121188279153325,663.7000122070312,0.004952835223685836,660.4290161132812,0.004672452908252023,657.3575439453125,-0.0012423560605266948,659.0827026367188,0.005323880160421179
2025-09-23,663.2100219726562,667.3400268554688,661.97998046875,666.719970703125,81708900,-0.005443591771073009,-0.005458462106667478,662.30732421875,662.4387886847047,659.0605590820312,659.0062837405677,651.901025390625,653.3776292504701,640.5791857910157,639.9180480635719,67.91790817663056,83.98520821083179,-16.014791789168218,7.208673148158255,6.361867819840733,0.8468053283175214,668.0918177914946,635.7102329897555,651.901025390625,4.967254773427572,72782120.0,1.1226507279535138,2453041400,5.000699013061039,0.004694532736442969,0.004178480052294916,0.004542104789820757,29.562285191960147,113.74280349246038,0.229483369198283,666.8400268554688,0.004731075170536503,663.7000122070312,0.004952835223685836,660.4290161132812,0.004672452908252023,658.1752319335938,-0.0013768692449287467
2025-09-24,661.0999755859375,664.6099853515625,659.6699829101562,664.510009765625,68082200,-0.0031815658943793457,-0.003186637835817156,663.055810546875,661.9925176517824,660.1298767089844,659.3869549851803,652.7872100830078,654.1130908062289,641.3927868652344,640.7487118879784,64.22136297736625,75.80314680712335,-24.196853192876645,6.942726595205954,6.478039574913778,0.46468702029217646,668.9547810633233,636.6196391026924,652.7872100830078,4.953396981616587,73607150.0,0.9249400363959208,2384959200,4.996363543657126,0.005048048496738352,0.004503350815926901,0.00463100277503714,29.518748230645304,83.12393701718446,0.28947205850878743,663.2100219726562,-0.005443591771073009,666.8400268554688,0.004731075170536503,663.7000122070312,0.004952835223685836,657.3575439453125,-0.0012423560605266948
2025-09-25,658.0499877929688,659.4099731445312,654.4099731445312,657.9400024414062,89622100,-0.004613504621998388,-0.004624179680054175,662.5800048828125,660.6783410321779,660.3536926269531,659.1438700411419,653.4475982666015,654.4880333763946,642.1039038085937,641.4271932960172,59.205298863882724,57.59810863040574,-42.40189136959426,6.411940650345969,6.464819790000217,-0.052879139654248064,669.339756919513,637.55543961369,653.4475982666015,4.864095818874702,75671200.0,1.184362082271723,2295337100,5.117337750639207,0.00513385514563231,0.004222470918448375,0.0048126901525234475,28.170572427052548,38.77858539216958,0.7280029296729399,661.0999755859375,-0.0031815658943793457,663.2100219726562,-0.005443591771073009,666.8400268554688,0.004731075170536503,660.4290161132812,0.004672452908252023
2025-09-26,661.8200073242188,662.3699951171875,657.8800048828125,659.510009765625,69179200,0.0057290777314567,0.005712728978095451,662.20400390625,661.0588964628582,660.9764526367187,659.6304404562468,654.1823059082031,655.1863166095208,642.8142321777344,642.2269114932016,63.047319473055076,74.8053515224817,-25.194648477518296,6.223754466406149,6.416606725281404,-0.1928522588752548,670.1956779200733,638.168933896333,654.1823059082031,4.895690961753773,76054185.0,0.9096041197469935,2364516300,5.072527213763192,0.005354924342343651,0.00453709652310481,0.004897010010794343,27.424358902669365,64.02108132154899,0.8775080202077414,658.0499877929688,-0.004613504621998388,661.0999755859375,-0.0031815658943793457,663.2100219726562,-0.005443591771073009,663.7000122070312,0.004952835223685836
2025-09-29,663.6799926757812,665.280029296875,661.8599853515625,664.3599853515625,73499000,0.0028104096748033935,0.0028064678572210437,661.5719970703125,661.9325952004992,661.436181640625,660.3667226779803,655.2029754638672,655.9952381396408,643.5709338378906,643.0682087944792,64.80827001387053,80.22551916737004,-19.774480832629965,6.153764071519163,6.3640381945289555,-0.21027412300979265,670.902392916039,639.5035580116954,655.2029754638672,4.792230206542338,76003025.0,0.9670536139844433,2438015300,4.95734826796984,0.0049331471468037616,0.004333225668146298,0.004612374136866007,27.186247901097726,85.386561400579,0.5321590462777619,661.8200073242188,0.0057290777314567,658.0499877929688,-0.004613504621998388,661.0999755859375,-0.0031815658943793457,666.8400268554688,0.004731075170536503
2025-09-30,666.1799926757812,666.6500244140625,661.6099853515625,662.9299926757812,86288000,0.003766875644270362,0.0037597987345357456,662.1659912109375,663.3483943589266,662.2366577148438,661.4236808593986,656.5869842529297,656.9652147621304,644.3539013671875,643.9745532604127,67.07911691532718,92.54333307059493,-7.456666929405069,6.228230125992013,6.336876580821567,-0.10864645482955382,670.9782895154974,642.195678990362,656.5869842529297,4.383670589797709,76218250.0,1.132117307862618,2524303300,4.963254753293422,0.004534493375351819,0.004363982341744308,0.004117134671059373,27.169851764738098,94.4263594715795,0.906740457257731,663.6799926757812,0.0028104096748033935,661.8200073242188,0.0057290777314567,658.0499877929688,-0.004613504621998388,663.2100219726562,-0.005443591771073009
2025-10-01,668.4500122070312,669.3699951171875,663.0599975585938,663.1699829101562,72545400,0.0034075168215907947,0.003401724390952921,663.6359985351562,665.0489336416282,663.3459045410157,662.7011956498773,657.911474609375,658.0590049949781,645.1804748535156,644.934375179888,69.0330933940977,94.54952982249172,-5.450470177508281,6.396679674000779,6.34883719945741,0.04784247454336921,671.5294891851273,644.2934600336226,657.911474609375,4.139771109430135,76304475.0,0.9507358513376837,2596848700,5.059450667957732,0.003973726713068506,0.00432018503584854,0.0040567197158570085,27.544330124462103,112.97119671839873,0.8542023349931853,666.1799926757812,0.003766875644270362,663.6799926757812,0.0028104096748033935,661.8200073242188,0.0057290777314567,661.0999755859375,-0.0031815658943793457
2025-10-02,669.219970703125,670.5700073242188,666.780029296875,670.4500122070312,56896000,0.0011518565068935338,0.0011511936291651499,665.8699951171875,666.4392793287939,664.225,663.8864274777404,659.0062072753906,659.1219541100397,645.9157421875,645.886751474917,69.69022591346626,92.53256052513325,-7.467439474866754,6.517180371713266,6.382505833908582,0.13467453780468386,672.5642172459067,645.4481973048745,659.0062072753906,4.114683540408704,75888315.0,0.7497333416877157,2653744700,4.968774050771018,0.0016550995357766942,0.004191034434047312,0.003775580247785143,28.05751532046096,127.26520134861363,0.6437877445679236,668.4500122070312,0.0034075168215907947,666.1799926757812,0.003766875644270362,663.6799926757812,0.0028104096748033935,658.0499877929688,-0.004613504621998388
2025-10-03,669.2100219726562,672.6799926757812,668.1599731445312,669.989990234375,70494400,-1.4866158967619114e-05,-1.4866269470055505e-05,667.347998046875,667.3628602100814,664.7760009765625,664.8543537495433,660.1941833496094,660.082722477908,646.6466235351562,646.8013895336519,69.66965356750406,82.81253516598443,-17.18746483401557,6.536526257556375,6.4133099186381415,0.12321633891823325,672.9317896916409,647.4565770075778,660.1941833496094,3.85874540045327,75154090.0,0.9379981847960637,2583250300,4.936720156519518,0.0016036728416632692,0.00400429997211628,0.003644826107566244,28.81816746324578,131.35301043033414,0.23231068380170927,669.219970703125,0.0011518565068935338,668.4500122070312,0.0034075168215907947,666.1799926757812,0.003766875644270362,661.8200073242188,0.0057290777314567
2025-10-06,671.6099853515625,672.510009765625,669.4600219726562,671.6199951171875,54623300,0.003586263355458641,0.0035798480464479415,668.9339965820312,668.7785685905751,665.2529968261719,666.0826504044559,661.4228759765625,661.1805570373036,647.3720520019531,647.7742756441583,71.82998626387143,94.70003788775897,-5.299962112241029,6.668643033015087,6.464376541513531,0.2042664915015564,673.573806859445,649.2719450936801,661.4228759765625,3.6741792049275945,74728600.0,0.730955751880806,2637873600,4.819810701980177,0.0017086548367773375,0.003895399214900964,0.0036639879358951345,29.524487310117397,137.41907495275967,0.7049088471082243,669.2100219726562,-1.4866158967619114e-05,669.219970703125,0.0011518565068935338,668.4500122070312,0.0034075168215907947,663.6799926757812,0.0028104096748033935
2025-10-07,669.1199951171875,672.989990234375,667.6699829101562,672.5399780273438,72020100,-0.003707494362329311,-0.003714384154067093,669.5219970703125,668.8923774327793,665.843994140625,666.6348948976798,662.4522766113281,661.9366939972925,648.0508715820313,648.6113626823163,66.53492881061922,79.17119721432913,-20.828802785670877,6.497525695569379,6.471006372324701,0.02651932324467854,673.4985682939927,651.4059849286635,662.4522766113281,3.334969800140216,75022910.0,0.9599747597100672,2565853500,4.855539032140074,0.0029846226815036267,0.0036190727108286695,0.003867514610366837,29.619894435464683,111.98896187774692,0.2725583102870879,671.6099853515625,0.003586263355458641,669.2100219726562,-1.4866158967619114e-05,669.219970703125,0.0011518565068935338,666.1799926757812,0.003766875644270362
2025-10-08,673.1099853515625,673.2100219726562,669.4199829101562,670.25,60702200,0.005963041402874625,0.0059453328345677615,670.4539916992187,670.2982467390405,667.0449951171875,667.812184071113,663.587435913086,663.0008169834135,648.842998046875,649.572092983071,70.31161067062038,99.46789169534446,-0.5321083046555418,6.607703347941651,6.498345767448091,0.10935758049356004,674.1024185494424,653.0724532767296,663.587435913086,3.1691325264131827,74156295.0,0.8185711004035463,2626555700,4.800859590949265,0.0036657511005340933,0.003630299622251747,0.0039820138441799754,29.745193357183812,129.77898582689625,0.9736053851843088,669.1199951171875,-0.003707494362329311,671.6099853515625,0.003586263355458641,669.2100219726562,-1.4866158967619114e-05,668.4500122070312,0.0034075168215907947
2025-10-09,671.1599731445312,673.9400024414062,669.2100219726562,673.530029296875,66501900,-0.0028970186885769467,-0.00290122316948787,670.8419921875,670.5854888742041,668.3559936523437,668.4208729935526,664.3548431396484,663.7778794749486,649.612080078125,650.4186765188146,66.36942662924463,85.76536033502094,-14.234639664979062,6.463166878465131,6.4913099896515,-0.028143111186368586,674.7272032705699,653.982483008727,664.3548431396484,3.122536168142664,73984670.0,0.8988605342160748,2560053800,4.795796796506459,0.004148515023913707,0.003320287936951025,0.003790427769362884,29.98834613495846,111.49651818705402,0.4122535356576412,673.1099853515625,0.005963041402874625,669.1199951171875,-0.003707494362329311,671.6099853515625,0.003586263355458641,669.219970703125,0.0011518565068935338
2025-10-10,653.02001953125,673.9500122070312,652.8400268554688,672.1300048828125,159422600,-0.027027764376787222,-0.027399732020099574,667.6039916992188,664.7303324265528,667.4759948730468,665.6207178185886,664.2262237548828,662.7533213850726,650.0658312988281,650.5206899702825,42.4985810159629,0.8526423528187217,-99.14735764718128,4.829209904699383,6.158889972661077,-1.3296800679616947,675.0825247603584,653.3699227494071,664.2262237548828,3.2688564881117697,78316795.0,2.0356119016361687,2400631200,5.961095979010461,0.013086820775538549,0.00954104657291772,0.007362394562069973,29.135496745797415,-68.35322354145643,0.008526423528146827,671.1599731445312,-0.0028970186885769467,673.1099853515625,0.005963041402874625,669.1199951171875,-0.003707494362329311,669.2100219726562,-1.4866158967619114e-05
2025-10-13,663.0399780273438,665.1300048828125,659.77001953125,660.6500244140625,79560500,0.015344029580113494,0.015227500463861956,665.889990234375,664.1668809601498,667.4119934082031,665.1514924019986,664.4240875244141,662.7806220176698,650.9266101074219,651.0116424431085,52.632830770668626,48.31813476895676,-51.68186523104324,4.293323381868163,5.785776654502495,-1.4924532726343323,675.0397808660165,653.8083941828116,664.4240875244141,3.195457100646536,79106200.0,1.0057429126920518,2480191700,6.400302362764179,0.015757960231916685,0.010870990484175747,0.008063511743645885,28.343565170147876,-30.018872036144728,0.6100685508551831,653.02001953125,-0.027027764376787222,671.1599731445312,-0.0028970186885769467,673.1099853515625,0.005963041402874625,671.6099853515625,0.003586263355458641
2025-10-14,662.22998046875,665.8300170898438,653.1699829101562,657.1699829101562,88779600,-0.0012216421112398734,-0.0012223889242512932,664.5119873046875,663.5212474630166,667.0169921875,664.6203084141353,664.6268249511719,662.7281799653917,651.5827111816407,651.4515772676434,51.83747876223721,44.48109961661453,-55.51890038338547,3.7599273164930764,5.3806067869006124,-1.620679470407536,674.9069862914168,654.346663610927,664.6268249511719,3.0935138198793575,80486730.0,1.103034003245007,2391412100,6.847426063972987,0.015748172134214162,0.010790911067226249,0.008061856373418741,28.500275717496255,-70.01600381301385,0.7156376854857609,663.0399780273438,0.015344029580113494,653.02001953125,-0.027027764376787222,671.1599731445312,-0.0028970186885769467,669.1199951171875,-0.003707494362329311
2025-10-15,665.1699829101562,670.22998046875,658.9299926757812,666.8200073242188,81702600,0.00443954899070742,0.004429723263551478,662.9239868164062,664.0708259453966,666.6889892578125,664.7202492315935,665.017446899414,662.9607326267978,652.361435546875,651.9895539595067,54.523668828170386,58.40816963795227,-41.59183036204773,3.5337063510093003,5.01122669972235,-1.4775203487130497,674.7417407041551,655.293153094673,665.017446899414,2.924522912918961,79474250.0,1.028038641446758,2473114700,7.165466187472684,0.015570092776987765,0.010837710313788676,0.008103231367221674,27.726243659624494,-3.5748446287957685,0.552212121698266,662.22998046875,-0.0012216421112398734,663.0399780273438,0.015344029580113494,653.02001953125,-0.027027764376787222,673.1099853515625,0.005963041402874625
2025-10-16,660.6400146484375,668.7100219726562,657.1099853515625,666.8200073242188,110563300,-0.006810241559458086,-0.006833537080165666,660.8199951171875,662.9272221797436,665.8309936523438,663.9783883982923,665.0279968261718,662.7397118669539,652.9536254882812,652.3287877120138,49.90512738336757,36.949280935391165,-63.050719064608835,2.9548325554532084,4.5999478708685215,-1.645115315415313,674.7327939906497,655.3231996616939,665.0279968261718,2.9186131142730165,80479455.0,1.3738077624904392,2362551400,7.482221218445617,0.01570707663776402,0.010999169459142501,0.008207291038708821,27.254994908157865,-54.49794233665459,0.30431190970772365,665.1699829101562,0.00443954899070742,662.22998046875,-0.0012216421112398734,663.0399780273438,0.015344029580113494,671.1599731445312,-0.0028970186885769467
2025-10-17,664.3900146484375,665.760009765625,658.1400146484375,659.5,96500900,0.0056763137515907225,0.005660264188947027,663.093994140625,663.4148196693083,665.3489929199219,664.0532295346823,665.0624969482421,662.8968835604286,653.63138671875,652.8017770036382,53.42248766566301,54.713386109071145,-45.286613890928855,2.7667709486163403,4.233312486418085,-1.4665415378017448,674.7530605330938,655.3719333633904,665.0624969482421,2.9141813376392687,80407220.0,1.200152175389225,2459052300,7.492062211212895,0.008283931422278797,0.011214423987309041,0.00823160431871929,26.817406781795995,-42.845145443651816,0.820210499324417,660.6400146484375,-0.006810241559458086,665.1699829101562,0.00443954899070742,662.22998046875,-0.0012216421112398734,653.02001953125,-0.027027764376787222
2025-10-20,671.2999877929688,672.2100219726562,667.27001953125,667.3200073242188,60493400,0.010400477117627371,0.010346764260710732,664.74599609375,666.0432090438618,665.3179931640625,665.3708219452798,665.2854949951172,663.6971792016229,654.3490197753906,653.5271970345923,59.118606541546406,87.44658335887308,-12.55341664112691,3.139122009505968,4.014474391035662,-0.8753523815296944,675.3282757838135,655.2427142064209,665.2854949951172,3.0190890570280655,79959280.0,0.7565525852659003,2519545700,7.515486862141884,0.006648299173466428,0.011698075370111487,0.008493494270915105,25.135238953925846,86.63215162264571,0.8157826457450044,664.3900146484375,0.0056763137515907225,660.6400146484375,-0.006810241559458086,665.1699829101562,0.00443954899070742,663.0399780273438,0.015344029580113494
2025-10-21,671.2899780273438,672.989990234375,669.97998046875,671.4400024414062,56249000,-1.4911017141350236e-05,-1.491112831167144e-05,666.5579956054687,667.7921320383558,665.5349914550782,666.4470321420187,665.6894927978516,664.4203028993106,655.0915832519531,654.2237766813669,59.107329989489166,87.39916615105273,-12.60083384894728,3.394278078648881,3.8904351285583063,-0.4961570499094252,676.0119844890479,655.3670011066553,665.6894927978516,3.1012932614608433,78686285.0,0.714851387379643,2463296700,7.193667069533535,0.006499806687757367,0.011625538402863202,0.008384036159169541,23.434246831609357,93.48774498419544,0.4352137237263149,671.2999877929688,0.010400477117627371,664.3900146484375,0.0056763137515907225,660.6400146484375,-0.006810241559458086,662.22998046875,-0.0012216421112398734
2025-10-22,667.7999877929688,672.0,663.2999877929688,672.0,80564000,-0.005198930936866852,-0.005212492402144877,667.0839965820312,667.7947506232268,665.0039916992188,666.693024078555,666.0244934082032,664.7421776510876,655.6293200683593,654.756177117116,55.15696275821388,70.86675186343844,-29.13324813656156,3.2771016687834162,3.767768436603329,-0.4906667678199126,676.162690351263,655.8862964651433,666.0244934082032,3.0443916232510606,79310375.0,1.0158065700735874,2382732700,7.301263150783371,0.007254551502702123,0.01156618229894353,0.008444343174437192,22.89829170067123,29.14088299188625,0.5172406535603971,671.2899780273438,-1.4911017141350236e-05,671.2999877929688,0.010400477117627371,664.3900146484375,0.0056763137515907225,665.1699829101562,0.00443954899070742
2025-10-23,671.760009765625,672.7100219726562,667.7999877929688,668.1199951171875,65604500,0.005929952148911788,0.005912439182597331,669.3079956054687,669.116503670693,665.0639953613281,667.6142942034768,666.709994506836,665.4105426143768,656.2023791503906,655.4229940837242,58.54271412143289,89.62575101339826,-10.374248986601748,3.4638500899976634,3.7069847672821963,-0.24313467728453286,676.4446784692012,656.9753105444707,666.709994506836,2.920215398770485,78109495.0,0.8399042907651624,2448337200,7.130461081419381,0.0060453203919238465,0.011718335621945375,0.008434887131573508,22.262623189447073,73.2760577598439,0.806516172322783,667.7999877929688,-0.005198930936866852,671.2899780273438,-1.4911017141350236e-05,671.2999877929688,0.010400477117627371,660.6400146484375,-0.006810241559458086
2025-10-24,677.25,678.469970703125,675.6500244140625,676.4600219726562,74356500,0.008172546972973871,0.008139332552524787,671.8799926757813,671.8276691137953,667.4869934082031,669.3662407119355,667.481494140625,666.5381099844362,656.8840417480469,656.2789551000487,62.74254573867444,95.24005705835145,-4.759942941648548,4.008636819446224,3.767315177715002,0.24132164173122206,677.9609585037182,657.0020297775319,667.481494140625,3.1400014697292353,78368360.0,0.9488076565593564,2522693700,7.1004253568537115,0.006378474459383604,0.006972805937788913,0.008523222520559886,20.707346211609032,166.34271241233782,0.567378035562755,671.760009765625,0.005929952148911788,667.7999877929688,-0.005198930936866852,671.2899780273438,-1.4911017141350236e-05,664.3900146484375,0.0056763137515907225
2025-10-27,685.239990234375,685.5399780273438,682.1199951171875,682.72998046875,63339800,0.011797696913067535,0.011728646645659485,674.6679931640625,676.2984428206553,669.7069946289063,672.2523769887426,668.5594940185547,668.3192414368114,657.7556201171875,657.4146819680615,67.84763455041603,99.08260476784207,-0.9173952321579226,5.02715969660585,4.019284081493172,1.0078756151126775,681.4184750207563,655.700513016353,668.5594940185547,3.8467723866755086,77860400.0,0.8135046827398781,2586033500,7.185393404745858,0.006756192810280621,0.006378010885160386,0.008844146556042636,20.28548525496902,239.58487612150782,0.9122838327147451,677.25,0.008172546972973871,671.760009765625,0.005929952148911788,667.7999877929688,-0.005198930936866852,671.2999877929688,0.010400477117627371
2025-10-28,687.0599975585938,688.9099731445312,684.8300170898438,687.0499877929688,61738100,0.002656014462314449,0.0026524934890284567,677.8219970703125,679.8856277333015,672.1899963378906,674.9446716378064,669.6034942626953,670.1040753531717,658.6663916015625,658.5772433637686,68.89321352966442,94.87114405130548,-5.128855948694519,5.9130439060377284,4.398036046402083,1.515007859635645,684.7135891431012,654.4933993822895,669.6034942626953,4.513146962306014,76632905.0,0.8056343420623295,2647771600,6.963576451170261,0.0064442086982081075,0.006186406108809089,0.008833549439810118,20.312172808405332,231.62161319896123,0.5465697274198082,685.239990234375,0.011797696913067535,677.25,0.008172546972973871,671.760009765625,0.005929952148911788,671.2899780273438,-1.4911017141350236e-05
2025-10-29,687.3900146484375,689.7000122070312,682.8699951171875,688.719970703125,85657100,0.00048033227231458753,0.0004802169496959799,681.7400024414062,682.3870900383469,674.4119995117187,677.2074612761029,670.5504943847657,671.7503552860541,659.6533703613281,659.7071559631673,69.08950339377131,93.7330480830052,-6.266951916994804,6.566053764970093,4.831639590115685,1.7344141748544075,687.5132090167461,653.5877797527852,670.5504943847657,5.059339982306291,77288490.0,1.1082775714728028,2733428700,6.954036496789796,0.0044665836407803755,0.006260411336328826,0.008825951059884022,19.981126072597004,189.23421658031563,0.6617874408989547,687.0599975585938,0.002656014462314449,685.239990234375,0.011797696913067535,677.25,0.008172546972973871,667.7999877929688,-0.005198930936866852
2025-10-30,679.8300170898438,685.9400024414062,679.8300170898438,683.9000244140625,76335800,-0.010998119550020391,-0.011059045996237981,683.35400390625,681.5347323888459,676.3309997558594,677.6842896058739,671.0809967041016,672.519846886415,660.5230554199219,660.4962877720566,59.78292954943452,72.9811464508411,-27.01885354915891,6.399767623961225,5.145265196884793,1.2545024270764316,688.5015537134527,653.6604396947505,671.0809967041016,5.191789693020416,78260480.0,0.9754067442469047,2657092900,6.997319429775793,0.00873064899787963,0.007096751296638929,0.00925424041889586,19.1406835497281,114.64692531972906,0.0,687.3900146484375,0.00048033227231458753,687.0599975585938,0.002656014462314449,685.239990234375,0.011797696913067535,671.760009765625,0.005929952148911788
2025-10-31,682.0599975585938,685.0800170898438,679.239990234375,685.0399780273438,87164100,0.0032802030105936186,0.0032748348805325895,684.3160034179688,681.7098207787619,678.097998046875,678.4798728700047,671.7234954833984,673.4284326647178,661.4883984375,661.3419234499601,61.4332011893287,79.08565967372199,-20.914340326278012,6.374444814422077,5.39110112039225,0.983343694029827,689.7576899609433,653.6893010058536,671.7234954833984,5.369529158591276,79093965.0,1.1020322473402364,2744257000,6.914655674468146,0.008181910713689712,0.007032386568610422,0.009267770763083823,18.257431075662776,100.78098671703052,0.4828757459445132,679.8300170898438,-0.010998119550020391,687.3900146484375,0.00048033227231458753,687.0599975585938,0.002656014462314449,677.25,0.008172546972973871
2025-11-03,683.3400268554688,685.7999877929688,679.9400024414062,685.6699829101562,57315000,0.0018767107020742912,0.0018749518807334039,683.9360107421875,682.2532228043309,679.302001953125,679.3635372309981,672.3099975585938,674.3723940162179,662.2846813964844,662.2045941717447,62.38727791876346,80.48487232070119,-19.515127679298818,6.384072359811057,5.589695368276011,0.7943769915350458,691.0407854499433,653.5792096672442,672.3099975585938,5.572068825205035,79228550.0,0.7234134664839884,2801572000,6.8393220799748855,0.0059384822945190065,0.006483840926388472,0.00925045679091231,17.551691074375647,94.1698629908642,0.5802103947406456,682.0599975585938,0.0032802030105936186,679.8300170898438,-0.010998119550020391,687.3900146484375,0.00048033227231458753,685.239990234375,0.011797696913067535
2025-11-04,675.239990234375,679.9600219726562,674.5800170898438,676.1099853515625,78427000,-0.011853596017736279,-0.011924410043879145,681.5720092773438,679.9154786143456,679.6970031738281,678.6138014134302,672.6159973144531,674.455022227471,662.9756079101562,662.7157861742008,53.38698113421502,55.630530662696295,-44.369469337303705,5.672705579617514,5.606297410544313,0.0664081690732008,691.3282825818696,653.9037120470366,672.6159973144531,5.564032179469077,79548895.0,0.9858967871269614,2723145000,6.976514057521322,0.0073605582927995065,0.0077990687433017,0.009635651936340599,16.636981611095464,33.49216536900454,0.12267147686564353,683.3400268554688,0.0018767107020742912,682.0599975585938,0.0032802030105936186,679.8300170898438,-0.010998119550020391,687.0599975585938,0.002656014462314449
2025-11-05,677.5800170898438,680.8599853515625,674.1699829101562,674.97998046875,74402400,0.0034654743340312155,0.003459483414779496,679.610009765625,679.1369914395117,680.6750061035157,678.4258406273236,672.8394989013672,674.7526407857922,663.6596826171875,663.2986971905007,55.389234409428525,61.59697067566078,-38.40302932433922,5.2373895257186405,5.532515833579179,-0.2951263078605386,691.6764121761502,654.0025856265842,672.8394989013672,5.599229327511386,80233905.0,0.927318694010967,2797547400,6.95604894208453,0.007862297804359533,0.00755908532046582,0.009577127256319524,15.62730676438627,38.12083271100284,0.509720917070358,675.239990234375,-0.011853596017736279,683.3400268554688,0.0018767107020742912,682.0599975585938,0.0032802030105936186,687.3900146484375,0.00048033227231458753
2025-11-06,670.3099975585938,677.3800048828125,668.719970703125,676.469970703125,85035300,-0.010729388925125316,-0.01078736388196981,677.706005859375,676.1946601458724,680.5300048828125,676.9502327966454,672.7970001220704,674.3295319070113,664.1690380859375,663.5736501461122,48.42910037619905,26.553042738441476,-73.44695726155852,4.2567000106186015,5.277352668987064,-1.020652658368462,691.6527045955652,653.9412956485755,672.7970001220704,5.6051690093962065,81160575.0,1.0477414680711663,2712512100,7.092048759558403,0.007793252840256834,0.008271743854104337,0.00987350979810097,15.543549883174895,-7.792098741297462,0.1836051477925883,677.5800170898438,0.0034654743340312155,675.239990234375,-0.011853596017736279,683.3400268554688,0.0018767107020742912,679.8300170898438,-0.010998119550020391
2025-11-07,670.969970703125,671.0800170898438,661.2100219726562,667.9099731445312,100592400,0.0009845789961884233,0.0009840946162027228,675.4880004882813,674.45309699829,679.902001953125,675.8629124160053,673.6944976806641,674.0095736971173,664.6459204101562,663.8637019326617,49.05494944111558,34.257466043960754,-65.74253395603925,3.4924915529315967,4.920380445775971,-1.4278888928443738,690.2703053159695,657.1186900453587,673.6944976806641,4.9208677501066544,78219065.0,1.2860342935574594,2813104500,7.290473499389052,0.00740397752594012,0.0077613379192951965,0.007554753596573246,16.40633283234644,-50.515564617837036,0.9888504112199609,670.3099975585938,-0.010729388925125316,677.5800170898438,0.0034654743340312155,675.239990234375,-0.011853596017736279,682.0599975585938,0.0032802030105936186
2025-11-10,681.4400024414062,682.1799926757812,675.030029296875,677.239990234375,75842900,0.01560432239211762,0.015483826837869972,675.1079956054688,676.7820654793288,679.5220031738281,676.87692878426,674.6144989013671,674.7172335775258,665.4093884277344,664.5529686192791,57.80369424580171,71.00732679206479,-28.992673207935216,3.6891684663113438,4.674138049883045,-0.9849695835717016,690.7596715783443,658.46932622439,674.6144989013671,4.7864884918038735,78033185.0,0.9719313648417657,2888947400,7.570441247479566,0.011300691768836324,0.008510698705278983,0.007580249851608515,15.413528712500412,48.1568572646403,0.8965043322252864,670.969970703125,0.0009845789961884233,670.3099975585938,-0.010729388925125316,677.5800170898438,0.0034654743340312155,683.3400268554688,0.0018767107020742912
2025-11-11,683.0,683.5700073242188,678.72998046875,679.9500122070312,58953400,0.0022892661907207845,0.002286649813170406,676.6599975585938,678.8547103195526,679.1160034179687,677.9902144598491,675.6529998779297,675.5060684749043,666.2993920898438,665.2763816146015,58.935243865513456,76.48292557521745,-23.517074424782553,3.925662508917526,4.524442941689942,-0.5987804327724158,691.1365630992814,660.169436656578,675.6529998779297,4.583288529511186,76541875.0,0.7702110772697951,2947900800,7.375411648050223,0.009352220824244735,0.008496253654238306,0.007557035865075023,14.322783369049187,62.33671785014187,0.8822305451336656,681.4400024414062,0.01560432239211762,670.969970703125,0.0009845789961884233,670.3099975585938,-0.010729388925125316,675.239990234375,-0.011853596017736279
2025-11-12,683.3800048828125,684.9600219726562,680.9500122070312,684.7899780273438,62312500,0.0005563761095350728,0.0005562213897330497,677.8199951171875,680.3631418406393,678.7150024414062,678.9701763549333,676.5635009765625,676.2559671804192,667.1277880859375,665.9863276251195,59.22210644680505,77.81674450490596,-22.18325549509405,4.096526749372742,4.438859703226502,-0.3423329538537594,691.6096723615668,661.5173295915582,676.5635009765625,4.447822373889935,75572370.0,0.824540768008202,3010213300,7.135025799305565,0.0093538549539701,0.008497322224109873,0.0075293284004001385,13.503157705408253,69.67509666002533,0.6059817351447057,683.0,0.0022892661907207845,681.4400024414062,0.01560432239211762,670.969970703125,0.0009845789961884233,677.5800170898438,0.0034654743340312155
2025-11-13,672.0399780273438,680.8599853515625,670.52001953125,680.5,103457800,-0.016594027882646856,-0.01673325109478097,678.1659912109375,677.5887539028741,677.9359985351563,677.7101402953715,677.1334991455078,675.8544444039359,667.6220812988281,666.2237256801087,48.36436014637208,38.013196795064054,-61.986803204935946,3.279093151579559,4.206906392897114,-0.9278132413175548,690.4927150769367,663.7742832140789,677.1334991455078,3.9458145102220676,75217095.0,1.3754559385735383,2906755500,7.543951481609631,0.011442930378026527,0.009398164836681449,0.008361220847920027,13.654476238745573,-27.717763635609796,0.1469984062319766,683.3800048828125,0.0005563761095350728,683.0,0.0022892661907207845,681.4400024414062,0.01560432239211762,670.3099975585938,-0.010729388925125316
2025-11-14,671.9299926757812,675.6599731445312,663.27001953125,665.3800048828125,96846700,-0.00016365894166792128,-0.0001636723352538552,678.3579956054688,675.7025001605099,676.922998046875,676.6592043645369,677.510498046875,675.4806870964925,668.1516711425782,666.4475008564095,48.27192101218355,37.627147692703204,-62.372852307296796,2.592511379946586,3.8840273903070086,-1.2915160103604224,689.7920351700002,665.2289609237498,677.510498046875,3.6254898362550443,75234385.0,1.2872664540289656,2809908800,7.8900944910147475,0.01144400450156203,0.009281710509181331,0.008286880801957035,14.509196526306878,-85.90827455483223,0.6989512160221818,672.0399780273438,-0.016594027882646856,683.3800048828125,0.0005563761095350728,683.0,0.0022892661907207845,670.969970703125,0.0009845789961884233
2025-11-17,665.6699829101562,673.7100219726562,662.1699829101562,669.7000122070312,90456100,-0.009316461288915168,-0.009360130957200695,675.2039916992187,672.3583277437253,675.1559936523438,674.661164100104,677.2289978027344,674.5463343168414,668.5243481445312,666.4170099565565,43.20974780497487,15.654483911050173,-84.34551608894982,1.5256729008684715,3.4123564924193013,-1.8866835915508298,690.2997535871065,664.1582420183623,677.2289978027344,3.860069733215813,76732520.0,1.1788495933666716,2719452700,8.150804817549409,0.008059506718367903,0.009507270340139444,0.0082318660115199,15.403784296114802,-118.8094025867405,0.3032918676456751,671.9299926757812,-0.00016365894166792128,672.0399780273438,-0.016594027882646856,683.3800048828125,0.0005563761095350728,681.4400024414062,0.01560432239211762
2025-11-18,660.0800170898438,665.1199951171875,655.8599853515625,662.0999755859375,114467500,-0.008397503213040225,-0.008432960886635697,670.6199951171875,668.2655575257648,673.6399963378906,672.0100464618748,676.6684997558593,673.168589819032,668.7553088378907,666.1685004323717,39.25137976506287,14.029352861325687,-85.97064713867431,0.22652100252469154,2.7751893944403796,-2.548668391915688,691.546373974047,661.7906255376716,676.6684997558593,4.397389334232521,79643445.0,1.4372494811092111,2604985200,8.26931858476686,0.007123261762528632,0.009190051165289303,0.008423011096426023,16.78182177684066,-174.71561899287636,0.4557264889613049,665.6699829101562,-0.009316461288915168,671.9299926757812,-0.00016365894166792128,672.0399780273438,-0.016594027882646856,683.0,0.0022892661907207845
2025-11-19,662.6300048828125,667.3400268554688,658.75,660.780029296875,94703000,0.003863149507556951,0.003855706707772104,666.4699951171875,666.3870399781141,672.1449951171875,670.3045843565907,676.4100006103515,672.1649150632016,668.9997729492187,666.0297359010165,41.867554028219224,22.61195383834451,-77.3880461616555,-0.5904966551719326,2.1020521845179174,-2.69254883968985,692.0551155281853,660.7648856925177,676.4100006103515,4.625926554520652,80350395.0,1.1786251953086229,2699688200,8.292226318388424,0.008066146914429301,0.00921825286872729,0.008418109803894255,17.693244247766692,-138.18114827515484,0.4516871655991584,660.0800170898438,-0.008397503213040225,665.6699829101562,-0.009316461288915168,671.9299926757812,-0.00016365894166792128,683.3800048828125,0.0005563761095350728
2025-11-20,652.530029296875,675.5599975585938,651.8900146484375,672.9099731445312,165293500,-0.015242255122032589,-0.015359612345631516,662.5680053710937,661.7680364177011,670.3669982910156,667.072847073006,675.4485015869141,670.2949259425991,668.9341369628906,665.5003356420306,35.370223499120456,1.8873935573750722,-98.11260644262492,-2.0295769561752195,1.27572635637929,-3.3053033125545097,694.1780990817675,656.7189040920606,675.4485015869141,5.545825462888651,85334845.0,1.9369988894923287,2534394700,9.390637503514698,0.007638722434038438,0.009776310693761623,0.008903434269619004,17.314557780445647,-147.89026684740583,0.027039083672518432,662.6300048828125,0.003863149507556951,660.0800170898438,-0.008397503213040225,665.6699829101562,-0.009316461288915168,672.0399780273438,-0.016594027882646856
2025-11-21,659.030029296875,664.5499877929688,650.8499755859375,655.0499877929688,123956200,0.009961227389035265,0.00991194139257471,659.9880126953125,660.8553673774258,669.1730041503906,665.6105165682548,674.5375030517578,669.2220786430063,669.0028894042969,665.246598138299,41.646499071263165,23.981362025126195,-76.01863797487381,-2.615413921848244,0.4974983007337832,-3.112912222582027,694.5560523537496,654.518953749766,674.5375030517578,5.935488897629395,87814830.0,1.411563399940534,2658350900,9.698449982337308,0.010375275253585422,0.010529380599779599,0.009013100274817653,17.07380566614488,-138.6106916453521,0.5970836804568355,652.530029296875,-0.015242255122032589,662.6300048828125,0.003863149507556951,660.0800170898438,-0.008397503213040225,671.9299926757812,-0.00016365894166792128
2025-11-24,668.72998046875,670.0599975585938,661.5900268554688,662.6900024414062,80437900,0.014718526835907575,0.01461126057310228,660.6000122070312,663.4802384078672,667.902001953125,666.1776918228902,673.7120025634765,669.17521215022,669.1958349609375,665.3832013669441,49.524105017770815,52.41858858853485,-47.58141141146515,-2.270812431991203,-0.05616384581121403,-2.214648586179989,693.2530703250723,654.1709348018808,673.7120025634765,5.801015177773859,88669735.0,0.9071629682890109,2738788800,9.793558430864554,0.01253815418924995,0.01036973596604645,0.00925726067827676,16.10297359989136,-59.65294582262852,0.8429726457687349,659.030029296875,0.009961227389035265,652.530029296875,-0.015242255122032589,662.6300048828125,0.003863149507556951,665.6699829101562,-0.009316461288915168
2025-11-25,675.02001953125,676.2100219726562,664.47998046875,668.6300048828125,81077100,0.009405947461920139,0.0093619869830687,663.5880126953125,667.3268321156615,667.10400390625,667.7853877698648,673.1100036621094,669.7318604722228,669.5327307128906,665.76111580476,53.872744726336194,70.85901810653492,-29.140981893465078,-1.47317780752212,-0.3395666381533952,-1.1336111693687247,691.6871968342209,654.5328104899979,673.1100036621094,5.519808967639991,89636685.0,0.9045080147709612,2819865900,9.931878650367533,0.011709667963436837,0.010913968412767377,0.00952360512415788,15.43871716870762,-11.648868214382796,0.8985508754508823,668.72998046875,0.014718526835907575,659.030029296875,0.009961227389035265,652.530029296875,-0.015242255122032589,660.0800170898438,-0.008397503213040225
2025-11-26,679.6799926757812,681.7000122070312,676.719970703125,677.6300048828125,71879600,0.006903459171132775,0.006879739399945471,666.9980102539063,671.4445523023682,666.7340026855469,669.9480432073042,672.7245025634766,670.6793016344665,669.9791796875,666.3069541134275,56.83942903825895,84.52060358695127,-15.479396413048729,-0.45972629468451487,-0.36359856945961916,-0.09612772522489571,690.3984062109388,655.0505989160143,672.7245025634766,5.2544254238144275,88947810.0,0.8081098342949646,2891745500,9.699601080754226,0.01174453478973425,0.011203077404371757,0.009677545374870236,15.402511669905405,61.27812589145543,0.5943769686005683,675.02001953125,0.009405947461920139,668.72998046875,0.014718526835907575,659.030029296875,0.009961227389035265,662.6300048828125,0.003863149507556951
2025-11-28,683.3900146484375,683.6699829101562,680.5,680.8599853515625,49212000,0.0054584834225450685,0.005443639892849564,673.1700073242188,675.4263730843913,667.8690063476563,672.3920380147829,672.9025024414062,671.889845731035,670.4383996582031,666.976878055977,59.09505599118691,95.39722899693841,-4.602771003061595,0.6354836382027997,-0.16378212792713537,0.7992657661299352,690.9272936075644,654.8777112752481,672.9025024414062,5.357326239911753,87591620.0,0.5618345681927107,2940957500,9.291771734584282,0.003546441488702678,0.009757188375118374,0.009436295189531922,15.567010149049453,90.17552404761722,0.9116814602019042,679.6799926757812,0.006903459171132775,675.02001953125,0.009405947461920139,668.72998046875,0.014718526835907575,652.530029296875,-0.015242255122032589
2025-12-01,680.27001953125,682.989990234375,678.739990234375,678.8099975585938,61201200,-0.004565467815318525,-0.004575921392619874,677.4180053710937,677.040921900011,668.7030090332031,673.8243982905041,672.8130035400391,672.6879575215316,670.7697998046875,667.498177721674,56.42445161070235,86.25037800232259,-13.74962199767741,1.2374236202823568,0.11645902171476308,1.1209645985675936,690.67203975759,654.9539673224881,672.8130035400391,5.308766662827489,86293475.0,0.7092216416131115,2879756300,8.960218354547012,0.007064236831838873,0.009948969067250003,0.00946905954549438,15.4640305934514,74.29011055940506,0.3600068933738822,683.3900146484375,0.0054584834225450685,679.6799926757812,0.006903459171132775,675.02001953125,0.009405947461920139,659.030029296875,0.009961227389035265
2025-12-02,681.530029296875,683.8200073242188,679.3300170898438,681.9199829101562,62953800,0.0018522200441719594,0.0018505067998367275,679.9780151367188,678.537291032299,670.289013671875,675.2254221098442,672.7225036621094,673.5300595953738,671.0635998535156,668.0484464108976,57.26440055540446,89.94433300707334,-10.055666992926659,1.7954409252062078,0.45225540241305207,1.3431855227931557,690.3844989440848,655.0605083801339,672.7225036621094,5.2509006866363475,86575415.0,0.7271556249542668,2942710100,8.640916345963296,0.0054217841714043,0.009228161624512503,0.009468793576790615,15.461720567671973,84.2980081145215,0.4899815126855148,680.27001953125,-0.004565467815318525,683.3900146484375,0.0054584834225450685,679.6799926757812,0.006903459171132775,668.72998046875,0.014718526835907575
2025-12-03,683.8900146484375,684.9099731445312,679.6900024414062,680.5700073242188,57238500,0.00346277529986061,0.0034567936981231085,681.7520141601562,680.3215322376785,672.6700134277344,676.8008025714066,673.1550048828125,674.51672198138,671.4771997070312,668.6696843809972,58.86379055981484,97.00540643216692,-2.9945935678330726,2.400434044855615,0.8418911309015646,1.5585429139540503,691.4545393226426,654.8554704429823,673.1550048828125,5.4369452227472825,85515990.0,0.6693309637180135,2999948600,8.39656308576056,0.004453529170491908,0.008413003346309074,0.009078640094924347,15.58679535208766,89.45031826849363,0.8046045554310104,681.530029296875,0.0018522200441719594,680.27001953125,-0.004565467815318525,683.3900146484375,0.0054584834225450685,675.02001953125,0.009405947461920139
2025-12-04,684.3900146484375,685.3699951171875,681.3400268554688,685.2999877929688,61970300,0.0007311117128343536,0.0007308445808603122,682.6940185546875,681.6776930412649,674.8460144042969,678.180659312685,673.4955047607422,675.4570355687188,671.9430004882812,669.2861679208968,59.212080961664356,97.16112423440882,-2.838875765591185,2.886962169425942,1.2509053386064402,1.636056830819502,692.3565265338941,654.6344829875902,673.4955047607422,5.60093471740462,84894385.0,0.7299693613423314,3061918900,8.084663455471858,0.003773735191539133,0.008459537479479088,0.00905497722539715,15.75900528879549,90.75108923812712,0.7568267526733006,683.8900146484375,0.00346277529986061,681.530029296875,0.0018522200441719594,680.27001953125,-0.004565467815318525,679.6799926757812,0.006903459171132775
2025-12-05,685.6900024414062,688.3900146484375,684.5800170898438,685.469970703125,79205800,0.0018994838690575833,0.0018976821307942363,683.1540161132813,683.0151295079787,678.16201171875,679.5459944269978,674.2645050048828,676.431603842308,672.49580078125,669.9294555491522,60.156635828613815,92.80764678338232,-7.192353216617674,3.338948049147575,1.6685138807146673,1.6704341684329078,693.7858871366664,654.7431228730993,674.2645050048828,5.790422597328376,84602910.0,0.9362065678355508,3141124700,7.792901780081011,0.0030871728611688884,0.005516769102799127,0.008659513047717012,16.28689336571244,99.9357186967554,0.29133492461949406,684.3900146484375,0.0007311117128343536,683.8900146484375,0.00346277529986061,681.530029296875,0.0018522200441719594,683.3900146484375,0.0054584834225450685
