Date,Open,High,Low,Close,Volume,SMA_5,SMA_10,SMA_20,SMA_50,EMA_5,EMA_10,EMA_20,MACD,MACD_Signal,MACD_Hist,RSI,BB_Middle,BB_Upper,BB_Lower,BB_Width,BB_Position,Momentum,ROC,Daily_Return,Volatility_10,Volatility_20,Volatility_50,Volume_SMA_20,Volume_Ratio,Price_Change,Price_Change_Pct,High_Low_Pct,Open_Close_Pct,Close_Lag1,Close_Lag2,Close_Lag3,Close_Lag5,sentiment_mean,sentiment_median,sentiment_std,sentiment_min,sentiment_max,article_count,positive_ratio
2024-04-16,504.9400024414063,506.5,502.2099914550781,503.5299987792969,73484000.0,510.1900024414063,513.9899963378906,517.266000366211,510.229599609375,508.9330888209363,512.4021445713341,514.1020177986713,-0.6811874394236384,1.615635474153043,-2.2968229135766816,33.171760002097244,517.266000366211,528.4175478094792,506.1144529229428,22.30309488653637,-0.1158787225178365,-15.310028076171877,-2.950818611463207,-0.0018237950351299,0.0087024462946473,0.0072880150916864,0.0072631884560431,72878240.0,1.0083119460623635,-0.9200134277344318,-0.1823795035129971,0.8519866850678416,-0.2792418218584395,504.4500122070313,510.8500061035156,518.0,519.3200073242188,,,0.0,,,0.0,
2024-04-17,506.0499877929688,506.2200012207031,499.1199951171875,500.5499877929688,75910300.0,507.4760009765625,512.1039978027344,516.5079986572266,510.389599609375,506.1387218116138,510.24720697526766,512.8113482743187,-1.6335889460607405,0.9657905901102865,-2.599379536171027,24.307078819004445,516.5079986572266,529.9338846914875,503.0821126229657,26.85177206852177,-0.0943001014434096,-18.859985351562443,-3.63104028160708,-0.0059182392182243,0.0086216612253938,0.0072047836244319,0.0072960695177388,73635990.0,1.0308858480751055,-2.980010986328068,-0.5918239218224319,1.418440970265739,-1.0868491517976513,503.5299987792969,504.4500122070313,510.8500061035156,514.1199951171875,,,0.0,,,0.0,
2024-04-18,501.9800109863281,504.1300048828125,498.55999755859375,499.5199890136719,74548100.0,503.7799987792969,510.7489959716797,515.4599990844727,510.5003991699219,503.9324775456332,508.296803709523,511.54550453520943,-2.4433212091983023,0.2839682302485686,-2.7272894394468707,23.8041603102411,515.4599990844727,530.7264621231051,500.1935360458402,30.532926077264847,-0.0220596948508609,-13.550018310546877,-2.640968701564416,-0.00205773410132,0.008084241585835,0.0067489111245307,0.0072943479383708,73883665.0,1.008992989181032,-1.0299987792969318,-0.2057734101320041,1.115071958424931,-0.4900637313869557,500.5499877929688,503.5299987792969,504.4500122070313,518.0,,,0.0,,,0.0,
2024-04-19,499.4400024414063,500.4599914550781,493.8599853515625,495.1600036621094,102212600.0,500.6419982910156,508.4219970703125,514.1079986572265,510.44159912109376,501.0083195844586,505.9082946099932,509.9849806425332,-3.3976878113913926,-0.4523629780794236,-2.945324833311969,22.107395677211443,514.1079986572265,531.5022637694465,496.7137335450065,34.78853022443997,-0.0446621306756325,-23.269989013671875,-4.488549918489109,-0.0087283501110165,0.006807641288344,0.0067844395290539,0.0073073453646102,75981490.0,1.3452302659502993,-4.3599853515625,-0.8728350111016581,1.3329037189399855,-0.8569595463669444,499.5199890136719,500.5499877929688,503.5299987792969,510.8500061035156,,,0.0,,,0.0,
2024-04-22,497.8299865722656,502.3800048828125,495.4299926757813,499.7200012207031,67961000.0,499.69599609375,506.5220001220703,513.0334976196289,510.46959899902345,500.5788801298735,504.783150357395,509.0073635547399,-3.742930354744431,-1.1104764534124252,-2.6324539013320054,30.741281973882963,513.0334976196289,531.2176252544472,494.8493699848106,36.36825526963656,0.1339253478007495,-18.999969482421875,-3.6628567542266426,0.0092091395202942,0.0079792218901359,0.007283982626633,0.0074246704984653,75426000.0,0.9010288229522976,4.55999755859375,0.9209139520294228,1.3907812755250706,0.3796506235895742,495.1600036621094,499.5199890136719,500.5499877929688,504.4500122070313,,,0.0,,,0.0,
2024-04-23,501.7799987792969,506.0899963378906,499.5299987792969,505.6499938964844,64633600.0,500.1199951171875,505.1549987792969,512.3274963378906,510.5585986328125,502.2692513854105,504.940758273593,508.68761406347744,-3.497717201129717,-1.5879246029558836,-1.9097925981738333,37.49092101547021,512.3274963378906,530.5067992502663,494.1481934255148,36.35860582475158,0.3163432758232885,-13.670013427734377,-2.632290925621896,0.0118666306357473,0.0093106099503862,0.0079184945224705,0.0075684943105554,76232075.0,0.8478530854630416,5.92999267578125,1.1866630635747333,1.2973395901863096,0.7712533633469277,499.7200012207031,495.1600036621094,499.5199890136719,503.5299987792969,,,0.0,,,0.0,
2024-04-24,506.55999755859375,507.3699951171875,503.1300048828125,505.4100036621094,55928100.0,501.0919982910156,504.28399963378905,511.6574966430664,510.64719848632814,503.3161688109768,505.0260756169596,508.3754606919186,-3.284883128519766,-1.92731630806866,-1.357566820451106,42.16768443946566,511.6574966430664,529.8185561955461,493.4964370905867,36.32211910495937,0.3279975636084515,-8.709991455078125,-1.694155360188391,-0.0004746172990642,0.0089512772252298,0.0079198736579169,0.0075685579103838,75755295.0,0.7382731464513471,-0.239990234375,-0.0474617299064283,0.8389209164149499,-0.2270202744051765,505.6499938964844,499.7200012207031,495.1600036621094,500.5499877929688,,,0.0,,,0.0,
2024-04-25,499.1799926757813,504.2699890136719,497.489990234375,503.489990234375,69122400.0,501.88599853515626,502.83299865722654,510.67349700927736,510.8353985595703,503.37410928544296,504.7467873655805,507.91017779120017,-3.2338616854848965,-2.188625383551908,-1.0452363019329889,33.56797710041528,510.67349700927736,528.3338606857291,493.0131333328256,35.320727352903475,0.2966206442146832,-14.510009765625,-2.8011601864140925,-0.0037989224863423,0.0083520540455604,0.0075982780980799,0.0073200081295547,75061425.0,0.9208778010809148,-1.920013427734375,-0.3798922486342393,1.346600510596205,0.8634155258287861,505.4100036621094,505.6499938964844,499.7200012207031,499.5199890136719,,,0.0,,,0.0,
2024-04-26,506.3500061035156,509.8800048828125,505.7000122070313,508.260009765625,64306100.0,504.50599975585936,502.5739990234375,509.9329971313476,511.0291986083984,505.002742778837,505.3855550746795,507.9434951220978,-2.776520117246946,-2.306204330290915,-0.4703157869560308,39.52748534009274,509.9329971313476,526.6199271944971,493.2460670681981,33.37386012629901,0.4498713256605198,-2.589996337890625,-0.5069974174309403,0.0094739113463397,0.0081885857271485,0.0080081626671173,0.0073295577777216,73461985.0,0.8753656738243596,4.77001953125,0.9473911346339792,0.8224122684192136,0.3772101588004925,503.489990234375,505.4100036621094,505.6499938964844,495.1600036621094,,,0.0,,,0.0,
2024-04-29,510.0899963378906,510.75,507.25,510.05999755859375,46415400.0,506.5739990234375,503.13499755859374,509.3279983520508,511.1901983642578,506.6884943720893,506.2354537081184,508.14506678271647,-2.242974049048712,-2.2935582740424745,0.0505842249937624,40.94641463315661,509.3279983520508,524.9946003223278,493.6613963817738,31.33320394055397,0.5233617732783327,5.609985351562443,1.1120993588677026,0.0035414704253415,0.0070600923685981,0.0080832488834407,0.0072841332961224,72658880.0,0.6388124892649047,1.79998779296875,0.3541470425341586,0.6861937844082614,-0.0058810757929476,508.260009765625,503.489990234375,505.4100036621094,499.7200012207031,,,0.0,,,0.0,
2024-04-30,508.55999755859375,509.55999755859375,501.9800109863281,501.9800109863281,77483600.0,505.8400024414062,502.97999877929686,508.48499755859376,511.2395983886719,505.1189999101689,505.46173684961104,507.5579186116319,-2.443950000822952,-2.32363661939857,-0.1203133814243817,38.76343335817148,508.48499755859376,523.8071707415011,493.1628243756864,30.64434636581467,0.2877263722771959,-1.54998779296875,-0.3078243196485554,-0.0158412473256882,0.0088708268292396,0.0086627782960755,0.0076011991861461,72821545.0,1.0640202703746535,-8.079986572265625,-1.5841247325688257,1.510017611532359,-1.2938466658513603,510.05999755859375,508.260009765625,503.489990234375,505.6499938964844,,,0.0,,,0.0,
2024-05-01,501.3800048828125,508.1900024414063,499.8699951171875,500.3500061035156,80242800.0,504.8280029296875,502.9600006103516,507.531999206543,511.3113983154297,503.5293353079512,504.5323312594118,506.871450753716,-2.7035873895789564,-2.3996267734346475,-0.3039606161443089,32.953450220142784,507.531999206543,522.3559597875819,492.7080386255041,29.647921162077807,0.2577572787054706,-0.1999816894531818,-0.0399523912356772,-0.0032471509764099,0.0087208970239732,0.0086456259770166,0.0075737091936372,73875895.0,1.0861837951337172,-1.6300048828125,-0.3247150976409929,1.6628374583246257,-0.2054327594371491,501.9800109863281,510.05999755859375,508.260009765625,505.4100036621094,,,0.0,,,0.0,
2024-05-02,504.1499938964844,505.8900146484375,499.5499877929688,505.0299987792969,62550200.0,505.1360046386719,503.51100158691406,507.1299987792969,511.4677984619141,504.0295564650664,504.6228162630273,506.6960743752,-2.5028641343872664,-2.420274245625172,-0.082589888762095,44.0973541934134,507.1299987792969,521.7563626478325,492.5036349107614,29.252727737071098,0.428211822881092,5.510009765625,1.103060915841386,0.0093534378309032,0.00915816114962,0.0086281073387025,0.0076838335272802,72160500.0,0.8668204904345175,4.67999267578125,0.9353437830903256,1.255376288694357,0.174552195470856,500.3500061035156,501.9800109863281,510.05999755859375,503.489990234375,,,0.0,,,0.0,
2024-05-03,511.1600036621094,512.5499877929688,508.55999755859375,511.2900085449219,72756700.0,505.7420043945313,505.12400207519534,506.7729995727539,511.5435986328125,506.44970715835166,505.8350330415535,507.13359191517344,-1.8177056581685065,-2.2997605281338385,0.482054869965332,56.95687126561645,506.7729995727539,520.5626739751569,492.9833251703509,27.579348804806106,0.6637822924731577,16.1300048828125,3.2575338806684804,0.0123953226159951,0.0090659148149546,0.008771051144272,0.0073159706901715,72071010.0,1.0095140889519931,6.260009765625,1.2395322615995186,0.7803771182093108,0.0254333050084326,505.0299987792969,500.3500061035156,501.9800109863281,508.260009765625,,,0.0,,,0.0,
2024-05-06,513.75,516.6099853515625,513.2999877929688,516.5700073242188,47264700.0,507.04400634765625,506.8090026855469,506.6655014038086,511.7179986572266,509.82314054697406,507.7868465474926,508.03229814460633,-0.8389895059943342,-2.0076063237059376,1.1686168177116034,62.18237221759402,506.6655014038086,520.0917674533431,493.2392353542741,26.85253209906898,0.8688481177070653,16.850006103515625,3.371889470574495,0.010326817835387,0.0091540356175828,0.0091077806311923,0.0074554236358385,72014155.0,0.6563251349682573,5.279998779296875,1.0326817835387023,0.640764564659727,0.5489065351277372,511.2900085449219,505.0299987792969,500.3500061035156,510.05999755859375,,,0.0,,,0.0,
2024-05-07,517.5599975585938,518.5700073242188,516.4500122070312,517.1400146484375,52561300.0,510.0760070800781,507.9580047607422,506.5565017700195,511.9409991455078,512.2620985807953,509.48742256584615,508.89969971639977,-0.0171572981595886,-1.609516518596668,1.5923592204370791,66.22973156943146,506.5565017700195,519.5795439756446,493.5334595643945,26.04608441125009,0.9063379627936176,11.490020751953123,2.2723268843359934,0.0011034464179817,0.008662195066097,0.0091073801918135,0.0074332773587998,71239760.0,0.7378084934592705,0.57000732421875,0.1103446417981768,0.4099460604743024,-0.0811467099732148,516.5700073242188,511.2900085449219,505.0299987792969,501.9800109863281,,,0.0,,,0.0,
2024-05-08,515.260009765625,517.739990234375,515.1400146484375,517.1900024414062,42047200.0,513.4440063476562,509.1360046386719,506.71000213623046,512.1461993408203,513.904733200999,510.88789163412974,509.6892523568766,0.6309114897330801,-1.1614309169307184,1.7923424066637983,67.62419954476249,506.71000213623046,520.1733394251892,493.2466648472717,26.92667457791748,0.8892051458062501,11.779998779296877,2.3307806917039904,9.666200942248793e-05,0.0086438501765819,0.0088079939093023,0.0074307061435633,69209480.0,0.6075352682898354,0.04998779296875,0.0096662009422487,0.5027118802885324,0.3745667506118204,517.1400146484375,516.5700073242188,511.2900085449219,500.3500061035156,,,0.0,,,0.0,
2024-05-09,517.3800048828125,520.2100219726562,516.7100219726562,520.1699829101562,43643700.0,516.4720031738282,510.80400390625,506.8185012817383,512.4243988037109,515.9931497707181,512.5755445934072,510.6874171714746,1.369187056218948,-0.6553073223007853,2.024494378519733,75.65127682496797,506.8185012817383,520.6936094855556,492.943393077921,27.75021640763464,0.9811307210110513,16.67999267578125,3.312874734216007,0.0057618678912643,0.0084150664221512,0.0087398461875134,0.0074641196273114,67886715.0,0.6428901442646032,2.97998046875,0.5761867891264316,0.6728569727185738,0.5392512275335583,517.1900024414062,517.1400146484375,516.5700073242188,505.0299987792969,,,0.0,,,0.0,
2024-05-10,521.8099975585938,522.6400146484375,519.5900268554688,520.8400268554688,52233200.0,518.3820068359375,512.0620056152344,507.318002319336,512.679599609375,517.6087754656351,514.0781777319638,511.6543323794741,1.9854556118527853,-0.1271547354700711,2.1126103473228564,73.53992216183562,507.318002319336,522.4651653608314,492.1708392778405,30.29432608299089,0.9463550203787134,12.58001708984375,2.475114478442795,0.0012881249732326,0.0081410603950551,0.0080904573505734,0.0074521576514564,65870320.0,0.7929701874835282,0.6700439453125,0.1288124973232607,0.5855901305018385,-0.185885802813903,520.1699829101562,517.1900024414062,517.1400146484375,511.2900085449219,,,0.0,,,0.0,
2024-05-13,522.5599975585938,522.6699829101562,519.739990234375,520.9099731445312,36716400.0,519.25,513.1470031738281,508.14100036621096,512.8407995605469,518.7091746919339,515.3203223524306,512.5358219761463,2.4512405874814363,0.3885243291202303,2.0627162583612058,69.56409126797506,508.14100036621096,524.3812582841932,491.9007424482287,32.480515835964525,0.8931271548397535,10.8499755859375,2.127195945157628,0.0001342951490974,0.0081628700515916,0.0074458698732363,0.0073415946742439,63101070.0,0.5818665198545762,0.0699462890625,0.0134295149097463,0.5624758263110269,-0.3157578884283972,520.8400268554688,520.1699829101562,517.1900024414062,516.5700073242188,,,0.0,,,0.0,
2024-05-14,521.1099853515625,523.8300170898438,520.5599975585938,523.2999877929688,57535900.0,520.4819946289062,515.2790008544922,509.1294998168945,513.0607995605469,520.2394457256122,516.7711706143466,513.5609806253675,2.97889390971568,0.9065982452393204,2.07229566447636,71.73752950712806,509.1294998168945,526.5517139054009,491.7072857283881,34.84442817701279,0.9066787350932236,21.319976806640625,4.247176449267279,0.0045881529854572,0.0051719362438264,0.0074272107906799,0.0073630090832124,62303665.0,0.9234753685838546,2.3900146484375,0.4588152985457228,0.6248843125415294,0.4202572399238873,520.9099731445312,520.8400268554688,520.1699829101562,517.1400146484375,,,0.0,,,0.0,
2024-05-15,525.8300170898438,530.0800170898438,525.1799926757812,529.780029296875,59504900.0,523.0,518.2220031738282,510.5910018920898,513.5128002929688,523.4196402493665,519.1364176475336,515.1056519274158,3.8752763885900094,1.5003338739094585,2.3749425146805514,78.75741240971915,510.5910018920898,529.7957212008603,491.3862825833193,38.40943861754096,0.9995914570858084,29.43002319335937,5.881887245799434,0.0123830339290393,0.005038013202832,0.0075329601668459,0.0073951356904558,61483395.0,0.9678206611720124,6.48004150390625,1.2383033929039389,0.9249167849089784,0.7511956485276776,523.2999877929688,520.9099731445312,520.8400268554688,517.1900024414062,,,0.0,,,0.0,
2024-05-16,529.8800048828125,531.52001953125,528.5399780273438,528.6900024414062,50244800.0,524.70400390625,520.588003540039,512.0495025634766,513.8916003417969,525.1764276467131,520.8734330646013,516.3993995954149,4.446453950364912,2.0895578892005493,2.356896061164363,74.30404286834539,512.0495025634766,532.1249545451354,491.9740505818178,40.15090396331766,0.9144489472299951,23.66000366210937,4.684870942181205,-0.0020575083906342,0.0054081065162391,0.0075329523979807,0.0073818124221574,60268230.0,0.8336863385568151,-1.09002685546875,-0.2057508390634232,0.5636651894578851,-0.2245796086737466,529.780029296875,523.2999877929688,520.9099731445312,520.1699829101562,,,0.0,,,0.0,
2024-05-17,528.8099975585938,529.52001953125,527.3200073242188,529.4500122070312,59187600.0,526.4260009765625,522.40400390625,513.7640029907227,514.1844006347657,526.6009558334858,522.4328110904976,517.6423150822355,4.903913457841099,2.65242900292866,2.25148445491244,73.65209855549814,513.7640029907227,533.6218941528782,493.90611182856713,39.71578232431108,0.8949565713755752,18.16000366210937,3.551801005028605,0.0014375338328991,0.0047199302271242,0.0070358141889413,0.0072632757467963,58116980.0,1.018421810630903,0.760009765625,0.1437533832899129,0.4155278414028966,0.1210292262612876,528.6900024414062,529.780029296875,523.2999877929688,520.8400268554688,,,0.0,,,0.0,
2024-05-20,529.5700073242188,531.5599975585938,529.1699829101562,530.0599975585938,37764200.0,528.256005859375,523.7530029296875,515.2810028076171,514.5512005615234,527.7539697418551,523.819572266515,518.8249515085554,5.255096650343489,3.172962532411625,2.082134117931864,91.885358958835,515.2810028076171,535.2567508986804,495.3052547165539,39.95149618212645,0.8699234362488896,13.489990234375,2.61145440949075,0.0011521113183465,0.0040974766880819,0.0069139133592179,0.0072010257918472,56607140.0,0.667127857015917,0.6099853515625,0.1152111318346582,0.4508951174292875,0.0925260546477688,529.4500122070312,528.6900024414062,529.780029296875,520.9099731445312,,,0.0,,,0.0,
2024-05-21,529.280029296875,531.52001953125,529.0700073242188,531.3599853515625,33437000.0,529.8680053710938,525.175,516.566502380371,514.9528002929687,528.9559749450909,525.1905564637964,520.0187642555085,5.574055765841877,3.653181179097676,1.9208745867442008,96.71580062359148,516.566502380371,537.2298291365748,495.9031756241672,41.32665351240763,0.8579646962401634,14.219970703125,2.749733205772528,0.0024525295229904,0.0040652211127313,0.0065894921248042,0.0072013382874056,55047310.0,0.6074229603590076,1.29998779296875,0.2452529522990465,0.4610833097283857,0.3929783743117285,530.0599975585938,529.4500122070312,528.6900024414062,523.2999877929688,,,0.0,,,0.0,
2024-05-22,530.6500244140625,531.3800048828125,527.5999755859375,529.8300170898438,48390000.0,529.8780029296875,526.4390014648437,517.7875030517578,515.2138000488281,529.2473223266752,526.0340947594414,520.95316928735,5.638381755501541,4.050221294378449,1.588160461123092,91.27831434112426,517.7875030517578,538.5607581296197,497.0142479738958,41.546510155723865,0.789856211579468,12.6400146484375,2.443978922401834,-0.0028793441431358,0.0043759595892345,0.0066681617466013,0.007073476045601,54670405.0,0.8851223984896399,-1.52996826171875,-0.2879344143135842,0.7134418917292141,-0.1545288394406826,531.3599853515625,530.0599975585938,529.4500122070312,529.780029296875,,,0.0,,,0.0,
2024-05-23,532.9600219726562,533.0700073242188,524.719970703125,525.9600219726562,57211200.0,529.3320068359375,527.0180053710938,518.9110046386719,515.4136010742187,528.1515555420023,526.0206269800259,521.4300124002364,5.315806988701411,4.3033384332430415,1.0124685554583692,76.5280590705657,518.9110046386719,538.8418570906678,498.980152186676,39.86170490399178,0.6768368249918605,5.7900390625,1.1131051872902968,-0.0073042202071599,0.0051512694090917,0.0068818470121778,0.0071541497798051,54074845.0,1.0580002587154895,-3.8699951171875,-0.7304220207159928,1.5875800958742552,-1.313419339426389,529.8300170898438,531.3599853515625,530.0599975585938,528.6900024414062,,,0.0,,,0.0,
2024-05-24,527.8499755859375,530.27001953125,526.8800048828125,529.4400024414062,41291100.0,529.3300048828125,527.8780029296875,519.970004272461,515.7034008789062,528.5810378418037,526.6423316093677,522.1928685946334,5.280103753089293,4.498691497212292,0.7814122558770009,74.89363108758377,519.970004272461,539.7683092286533,500.17169931626864,39.59660991238462,0.7391618421349593,8.5999755859375,1.651174092332954,0.0066164353246811,0.005438231670588,0.0067514868085067,0.0071987521556241,52924095.0,0.7801947298295795,3.47998046875,0.6616435324681147,0.6403019478704155,0.3012270396912963,525.9600219726562,529.8300170898438,531.3599853515625,529.4500122070312,,,0.0,,,0.0,
2024-05-28,530.27001953125,530.510009765625,527.1099853515625,529.8099975585938,36269600.0,529.2800048828125,528.7680053710938,520.9575042724609,516.1030010986328,528.9906910807338,527.2182708728633,522.918309448344,5.221474290056676,4.643248055781169,0.5782262342755073,74.6978576986501,520.9575042724609,540.6444504455745,501.27055809934734,39.3738923462272,0.724831551025995,8.9000244140625,1.7085532765549694,0.0006988423909817,0.0054236328791614,0.006748691127708,0.0070367666852229,52416805.0,0.6919460276146171,0.3699951171875,0.0698842390981724,0.6417441025518734,-0.0867524007981635,529.4400024414062,525.9600219726562,529.8300170898438,530.0599975585938,,,0.0,,,0.0,
2024-05-29,525.6799926757812,527.3099975585938,525.3699951171875,526.0999755859375,45190300.0,528.2280029296875,529.0480041503906,522.1635025024414,516.3678009033204,528.027119249135,527.0149444570586,523.2213252709719,4.8200793763001,4.678614319884956,0.1414650564151447,65.19954603667108,522.1635025024414,539.8043427430814,504.5226622618013,35.28168048128009,0.6115727207377429,2.79998779296875,0.5350636075452191,-0.0070025518388711,0.0059526247349624,0.0057378862327579,0.007081440673603,50802140.0,0.8895353620930142,-3.71002197265625,-0.7002551838871107,0.3687516691567217,0.0798932651057311,529.8099975585938,529.4400024414062,525.9600219726562,531.3599853515625,,,0.0,,,0.0,
2024-05-30,524.52001953125,525.2000122070312,521.3300170898438,522.6099853515625,46377600.0,526.7839965820312,528.3309997558594,523.2765014648437,516.5058001708984,526.2214079499443,526.2140428015139,523.1631024215043,4.172262722879168,4.577344000483798,-0.40508127760463,54.09121703907928,523.2765014648437,537.6240066494973,508.92899628019,28.69501036930734,0.4767724038185366,-7.1700439453125,-1.3534001941954277,-0.0066337015706721,0.0046465397950913,0.0059579652703817,0.0071147688258034,49108880.0,0.944383174692642,-3.489990234375,-0.6633701570672113,0.7405130452270509,-0.3641489568681188,526.0999755859375,529.8099975585938,529.4400024414062,529.8300170898438,,,0.0,,,0.0,
2024-05-31,523.5900268554688,527.5,518.3599853515625,527.3699951171875,90785800.0,527.0659912109375,528.1989990234375,524.3935012817383,516.6436004638672,526.6042703390253,526.4242159498182,523.5637588687123,3.9968827879937407,4.461251757985787,-0.4643689699920461,59.6283890197829,524.3935012817383,535.9707917298678,512.8162108336088,23.15458089625895,0.6285488106558701,-1.32000732421875,-0.2496751060400549,0.0091081492873177,0.0056839197799353,0.0059426882209789,0.007111168660136,50520660.0,1.7970034437396505,4.760009765625,0.9108149287317736,1.7331313372135413,0.7219328229798709,522.6099853515625,526.0999755859375,529.8099975585938,525.9600219726562,,,0.0,,,0.0,
2024-06-03,529.02001953125,529.3099975585938,522.5999755859375,527.7999877929688,46835700.0,526.73798828125,528.0339965820312,525.2190002441406,516.7555999755859,527.0028428236732,526.6743562849365,523.967209242451,3.848229744336777,4.3386473552559846,-0.4904176109192075,60.05253971646364,525.2190002441406,535.0911675503713,515.3468329379099,19.744334612461444,0.6307204116769366,-1.6500244140625,-0.3116487630596729,0.0008153529396106,0.0056669522763181,0.0054380550419048,0.0070983185366852,49224610.0,0.9514691939661888,0.42999267578125,0.0815352939610658,1.271319084472635,-0.2306210905519768,527.3699951171875,522.6099853515625,526.0999755859375,529.4400024414062,,,0.0,,,0.0,
2024-06-04,526.4600219726562,529.1500244140625,524.9600219726562,528.3900146484375,34632700.0,526.4539916992187,527.8669982910156,525.8100006103516,516.8991998291016,527.465233431928,526.9862941692094,524.3884288049259,3.7349768838527098,4.21791326097533,-0.4829363771226198,57.83803800454521,525.8100006103516,534.8851040889168,516.7348971317864,18.150206957130425,0.6421479129235117,-1.66998291015625,-0.3150554499203927,0.0011178985773303,0.0056659900230037,0.005035612630415,0.007092622282085,48593010.0,0.7127095028688283,0.59002685546875,0.1117898577330356,0.7929753260371609,0.3665981452018956,527.7999877929688,527.3699951171875,522.6099853515625,529.8099975585938,,,0.0,,,0.0,
2024-06-05,530.77001953125,534.6900024414062,528.72998046875,534.6699829101562,47610400.0,528.1679931640625,528.197998046875,526.6864990234375,517.1971990966797,529.8668165913375,528.3833284857451,525.3676244339954,4.104648300261829,4.19526026883263,-0.0906119685708013,57.576634494080885,526.6864990234375,535.6209242293107,517.7520738175642,17.868850411746507,0.9467821769592208,3.30999755859375,0.622929398118634,0.0118851001866435,0.0068390537901334,0.0055788651831476,0.0072640441928304,48345465.0,0.984795574931382,6.27996826171875,1.1885100186643571,1.1147104126205918,0.7347746171403023,528.3900146484375,527.7999877929688,527.3699951171875,526.0999755859375,,,0.0,,,0.0,
2024-06-06,534.97998046875,535.4199829101562,532.6799926757812,534.6599731445312,30808500.0,530.5779907226563,528.6809936523438,527.5599975585938,517.5141986083985,531.4645354424022,529.5245366055244,526.2526100254751,4.3467017842332325,4.225548571912751,0.1211532123204817,59.57034613397623,527.5599975585938,535.9867298186249,519.1332652985626,16.85346452006229,0.921276917721322,4.8299560546875,0.9116048353048446,-1.872139066139145e-05,0.0067344154305557,0.0055806512798955,0.0072561170411795,47783530.0,0.6447514446923448,-0.010009765625,-0.0018721390661391,0.5124734171253018,-0.0598166914467265,534.6699829101562,528.3900146484375,527.7999877929688,522.6099853515625,,,0.0,,,0.0,
2024-06-07,533.6599731445312,536.8900146484375,532.5399780273438,534.010009765625,43224500.0,531.9059936523438,529.4859924316406,528.2519989013672,517.7309991455078,532.3130268834765,530.3400771800881,526.9914100007275,4.434960833651644,4.26743102426053,0.1675298093911141,57.33592818722224,528.2519989013672,536.391695683052,520.1123021196823,16.279393563369695,0.8536993464679131,8.04998779296875,1.5305322565727733,-0.0012156574487586,0.0061579828280134,0.0055297239524738,0.007172784169703,47762570.0,0.9049868966431244,-0.64996337890625,-0.1215657448758622,0.8145983299082661,0.0655916948447901,534.6599731445312,534.6699829101562,528.3900146484375,527.3699951171875,,,0.0,,,0.0,
2024-06-10,533.1799926757812,535.989990234375,532.5700073242188,535.6599731445312,35686100.0,533.4779907226563,530.1079895019532,528.9929962158203,517.9827984619141,533.4286756371614,531.307330991805,527.8169874429944,4.585189807625397,4.330982780933503,0.2542070266918941,58.71730653755235,528.9929962158203,536.9886379884503,520.9973544431904,15.991283545259876,0.9169131833502608,6.219970703125,1.1748206925133828,0.003089761144422,0.0059315937721857,0.005543692269281,0.0071819362457428,46935215.0,0.7603267610471157,1.64996337890625,0.3089761144422054,0.6384615393380296,0.4651300691731017,534.010009765625,534.6599731445312,534.6699829101562,527.7999877929688,,,0.0,,,0.0,
2024-06-11,534.0700073242188,537.010009765625,532.0499877929688,536.9500122070312,36383400.0,535.189990234375,530.8219909667969,529.7949981689453,518.2785992431641,534.6024544937848,532.333273030937,528.6867993252837,4.753546794412614,4.415495583629325,0.3380512107832887,58.70451577584781,529.7949981689453,537.5922117576054,521.9977845802853,15.594427177320084,0.9588186508377752,7.1400146484375,1.347655703240643,0.0024083170801936,0.0059406701557154,0.0055392880168329,0.0071794804647083,46918565.0,0.7754584992102806,1.2900390625,0.2408317080193622,0.9237399869438536,0.5392560606879635,535.6599731445312,534.010009765625,534.6599731445312,528.3900146484375,,,0.0,,,0.0,
2024-06-12,541.6300048828125,544.1199951171875,540.2999877929688,541.3599853515625,63251300.0,536.5279907226562,532.3479919433594,530.697998046875,518.728998413086,536.8549647797107,533.9744934528688,529.8937694230245,5.183071672577057,4.569010801418871,0.6140608711581859,66.47612402424664,530.697998046875,539.4524153614396,521.9435807323104,17.508834629129296,1.1089489980646252,15.260009765625,2.900591232422953,0.0082130050177386,0.0054938783009465,0.0057014714336538,0.0071876640605479,47204335.0,1.33994685022043,4.40997314453125,0.8213005017738695,0.705631636541813,-0.0498531338396626,536.9500122070312,535.6599731445312,534.010009765625,534.6699829101562,,,0.0,,,0.0,
2024-06-13,543.1500244140625,543.3300170898438,539.5900268554688,542.4500122070312,44760900.0,538.0859985351562,534.3319946289063,531.3314971923828,519.1897991943359,538.7199805888176,535.5154968627165,531.0896020691204,5.547481378440352,4.764704916823168,0.7827764616171846,75.59765636843223,531.3314971923828,541.522100746697,521.1408936380686,20.38120710862836,1.045527797023437,19.84002685546875,3.796335204372772,0.0020134972753127,0.0044027760810578,0.005122189419342,0.0071894080745256,46467135.0,0.9632808220261482,1.09002685546875,0.2013497275312747,0.6894626509746666,-0.1288800838748754,541.3599853515625,536.9500122070312,535.6599731445312,534.6599731445312,,,0.0,,,0.0,
2024-06-14,540.8800048828125,542.8099975585938,539.8499755859375,542.780029296875,40089900.0,539.8400024414062,535.872998046875,532.0359985351563,519.7839996337891,540.0733301581702,536.8363209416544,532.2029760908113,5.796094546857148,4.970982842829964,0.8251117040271838,72.95256017928291,532.0359985351563,543.344540753967,520.7274563163456,22.617084437621315,0.9750404850523996,15.4100341796875,2.922053647792992,0.0006083824913212,0.0040586495650789,0.0050674942964357,0.0069368619920419,45959390.0,0.8722896452716191,0.33001708984375,0.0608382491321224,0.5453446724063714,0.351283907134663,542.4500122070312,541.3599853515625,536.9500122070312,534.010009765625,,,0.0,,,0.0,
2024-06-17,542.0800170898438,548.530029296875,541.6099853515625,547.0999755859375,55839500.0,542.1280029296875,537.8029968261719,532.9184967041016,520.3573992919922,542.4155453007593,538.7024399678877,533.6217379474899,6.269435684238715,5.230673411111715,1.0387622731270003,76.18904101990441,532.9184967041016,545.9940252551801,519.8429681530231,26.151057102156983,1.0422908460807958,19.29998779296875,3.6566859112052943,0.0079589263714412,0.0042754638487102,0.0052802484770701,0.0068774824800939,45791985.0,1.2194164546481223,4.3199462890625,0.7958926371441244,1.264859121571193,0.9260548881774676,542.780029296875,542.4500122070312,541.3599853515625,535.6599731445312,,,0.0,,,0.0,
2024-06-18,547.1599731445312,548.6199951171875,546.72998046875,548.489990234375,41376400.0,544.4359985351563,539.8129943847656,533.8399963378906,520.9527996826172,544.4403602786313,540.4819945617944,535.0377619748123,6.6797248016152935,5.520483689212431,1.1592411124028628,86.47777353507391,533.8399963378906,548.5614238618119,519.1185688139693,29.442855047842613,0.9975738213117968,20.0999755859375,3.8040036769640606,0.0025406958699802,0.0042065816704759,0.0052824277390379,0.0068800096090434,45972595.0,0.9000231550992499,1.3900146484375,0.2540695869980292,0.3445850757695466,0.2430764593762469,547.0999755859375,542.780029296875,542.4500122070312,536.9500122070312,,,0.0,,,0.0,
2024-06-20,549.4400024414062,550.1199951171875,545.1799926757812,547.0,70328200.0,545.5640014648437,541.04599609375,534.6219970703125,521.5063995361328,545.2935735190875,541.6670864596499,536.1770227391158,6.806194549506017,5.777625861271148,1.028568688234869,92.50621202580118,534.6219970703125,550.4115790694401,518.832415071185,31.57916399825513,0.8919674038987032,12.33001708984375,2.3060986185782637,-0.0027165313148892,0.003551597792552,0.0053706053864068,0.0069015881466753,47817155.0,1.4707734075772596,-1.489990234375,-0.2716531314889248,0.903108307386883,-0.4440889688708929,548.489990234375,547.0999755859375,542.780029296875,541.3599853515625,,,0.0,,,0.0,
2024-06-21,544.4000244140625,545.6500244140625,543.02001953125,544.510009765625,64338600.0,545.9760009765625,542.0309997558594,535.3559967041016,522.1141998291016,545.0323856012667,542.1839816061907,536.9706405511643,6.629085364062689,5.947917761829457,0.6811676022332325,82.43767095438753,535.3559967041016,551.5668532825961,519.1451401256071,32.42171315698897,0.7823420532159675,9.85003662109375,1.8422992398630615,-0.0045520845235375,0.0041222539043838,0.0054541984187919,0.0067645870185348,48614585.0,1.323442337315026,-2.489990234375,-0.4552084523537503,0.4830039550502553,0.0202030394250766,547.0,548.489990234375,547.0999755859375,542.4500122070312,,,0.0,,,0.0,
2024-06-24,544.3300170898438,546.9500122070312,542.6199951171875,542.739990234375,45528700.0,545.9679931640625,542.9039978027344,536.1949951171875,522.608999633789,544.2682538123029,542.2850740840424,537.5201024257558,6.273581334637811,6.013050476391127,0.2605308582466836,76.90927599770458,536.1949951171875,552.0921781834344,520.2978120509407,31.79436613249368,0.7058539267590085,8.72998046875,1.6347971590610362,-0.0032506648170009,0.0043343519123234,0.0051830219501932,0.0067291695964697,48030460.0,0.947913053508128,-1.77001953125,-0.3250664817000981,0.7978068997594759,-0.2921071419080513,544.510009765625,547.0,548.489990234375,542.780029296875,,,0.0,,,0.0,
2024-06-25,543.989990234375,545.2000122070312,542.4400024414062,544.8300170898438,37936200.0,545.5140014648438,543.8210021972657,536.9644958496094,523.2885998535156,544.4555082381498,542.7477909941881,538.2162847747165,6.090284521312242,6.028497285375351,0.0617872359368911,78.09301306855517,536.9644958496094,552.9744472991089,520.95454440011,32.01990289899891,0.7456447561707079,9.1700439453125,1.7119150963400898,0.0038508805193555,0.0043693491841075,0.0050775189365703,0.0063937639298415,47862715.0,0.7926044312362974,2.09002685546875,0.3850880519355559,0.5065818106658885,0.1544195427395326,542.739990234375,544.510009765625,547.0,547.0999755859375,,,0.0,,,0.0,
2024-06-26,543.6900024414062,546.239990234375,543.030029296875,545.510009765625,38550600.0,544.9180053710937,544.677001953125,537.7494964599609,524.1097998046876,544.8070087473083,543.2500125889948,538.9109252500411,5.9315153850504885,6.009100905310379,-0.0775855202598903,72.90794412413419,537.7494964599609,553.8218822839067,521.6771106360152,32.1447716478915,0.7414238119552206,8.55999755859375,1.5941889121874684,0.001248082254009,0.0043640715261498,0.0050747500680794,0.006074163725304,47976765.0,0.803526457025604,0.67999267578125,0.1248082254009075,0.5884330039844987,0.3347509271912524,544.8300170898438,542.739990234375,544.510009765625,548.489990234375,,,0.0,,,0.0,
2024-06-27,545.3699951171875,546.9600219726562,544.6099853515625,546.3699951171875,35041500.0,544.7920043945312,545.1780029296875,538.7629974365234,524.9665997314453,545.3280042039347,543.8172821395752,539.621312856436,5.808130814769925,5.968906887202289,-0.1607760724323643,73.88830368726825,538.7629974365234,554.2894469223149,523.2365479507318,31.05289897158309,0.7449690023345443,5.010009765625,0.9254488512614152,0.0015764795075565,0.003699197452677,0.0046667775251429,0.0060542298488356,47469325.0,0.7381925064238853,0.8599853515625,0.1576479507556571,0.4301181693899031,0.1833617560469425,545.510009765625,544.8300170898438,542.739990234375,547.0,,,0.0,,,0.0,
2024-06-28,547.1599731445312,550.280029296875,542.9500122070312,544.219970703125,76144500.0,544.7339965820313,545.3549987792969,539.8434967041015,525.8399993896485,544.9586597036648,543.8904982420388,540.0592802704064,5.473760547875372,5.869877619336906,-0.3961170714615338,69.62698405248881,539.8434967041015,553.5363276692162,526.1506657389868,27.38566193022939,0.6598089544146651,1.76995849609375,0.3262896960574182,-0.0039351070396926,0.0039733374291962,0.0044405132430691,0.0060099551575087,48957670.0,1.5553129877300125,-2.1500244140625,-0.3935107039692687,1.346884988504458,-0.5373204520992354,546.3699951171875,545.510009765625,544.8300170898438,544.510009765625,,,0.0,,,0.0,
2024-07-01,545.6300048828125,545.8800048828125,542.52001953125,545.3400268554688,40297800.0,545.25400390625,545.6109985351562,540.7419982910156,526.7564001464843,545.0857820875995,544.1540488990261,540.5622085166028,5.23875971220059,5.743654037909643,-0.5048943257090528,68.99531937930274,540.7419982910156,553.299840831739,528.1841557502923,25.1156850814466,0.6830739854215543,2.55999755859375,0.4716454954892145,0.0020580945438233,0.0040107759687677,0.0041177612130762,0.0059856856080003,46433270.0,0.8678647874681236,1.12005615234375,0.205809454382333,0.6161266707189633,-0.0531455427210294,544.219970703125,546.3699951171875,545.510009765625,542.739990234375,,,0.0,,,0.0,
2024-07-02,543.7000122070312,549.010009765625,543.6500244140625,549.010009765625,40434800.0,546.0900024414062,545.802001953125,541.8024993896485,527.8334002685547,546.3938579802747,545.0369508747713,541.3667610165097,5.28770345244277,5.652463920816269,-0.3647604683734986,71.64389353698799,541.8024993896485,553.2956856592081,530.3093131200889,22.9863725391192,0.8135557976235914,1.9100341796875,0.3491197705943738,0.0067297149107465,0.0037674806888048,0.0042618849813219,0.0058293136719929,46113225.0,0.8768590789301768,3.66998291015625,0.6729714910746587,0.9763001140636222,0.9766410592927848,545.3400268554688,544.219970703125,546.3699951171875,544.8300170898438,,,0.0,,,0.0,
2024-07-03,548.6900024414062,551.8300170898438,548.6500244140625,551.4600219726562,32789900.0,547.2800048828125,546.0990051269531,542.9559997558594,528.8682006835937,548.0825793110686,546.2047819834776,542.3280239647141,5.46123352809434,5.6142178422718825,-0.1529843141775426,69.49807586715589,542.9559997558594,553.3605033767703,532.5514961349484,20.809007241821973,0.9086702512028302,2.97003173828125,0.5414924230453371,0.0044626002503618,0.0039365962110925,0.0042917728768953,0.0057489992158238,46021085.0,0.7124973259539622,2.45001220703125,0.4462600250361825,0.5766497205737477,0.5048423552324167,549.010009765625,545.3400268554688,544.219970703125,545.510009765625,,,0.0,,,0.0,
2024-07-05,551.77001953125,555.0499877929688,551.1199951171875,554.6400146484375,41488400.0,548.9340087890625,546.8630065917969,543.9545013427735,529.8480010986328,550.2683910901916,547.7384606498339,543.5005945060211,5.788628489956636,5.649099971808833,0.1395285181478032,71.77559862970983,543.9545013427735,554.8329984772673,533.0760042082796,21.756994268987683,0.991130032648632,7.6400146484375,1.3967120015425043,0.0057664972057374,0.0040670076412783,0.0037442890652983,0.0055978326544764,45714985.0,0.9075448673996064,3.17999267578125,0.5766497205737409,0.7085663803525434,0.5201433596601845,551.4600219726562,549.010009765625,545.3400268554688,546.3699951171875,,,0.0,,,0.0,
2024-07-08,555.4400024414062,556.25,554.1900024414062,555.280029296875,36110500.0,551.1460205078125,547.9400085449219,544.9855041503906,530.8454016113282,551.9389371590861,549.1096549492959,544.6224454384834,6.030222537559439,5.725324484958954,0.3048980526004845,72.08476754919468,544.9855041503906,556.0617287377866,533.9092795629947,22.15244917479185,0.9647127306446514,10.77001953125,1.9779286584439049,0.0011539280101222,0.0035007027334385,0.0037227406747305,0.0055886629411413,45980085.0,0.7853508752756764,0.6400146484375,0.1153928010122262,0.3709835488235058,-0.0288011565296155,554.6400146484375,551.4600219726562,549.010009765625,544.219970703125,,,0.0,,,0.0,
2024-07-09,556.260009765625,557.1799926757812,555.52001953125,555.8200073242188,27289700.0,553.2420166015625,549.2480102539063,546.0760040283203,531.892001953125,553.2326272141304,550.3297190174636,545.6888799037915,6.193860308801959,5.819031649727556,0.374828659074403,67.78140923041691,546.0760040283203,556.8939642420518,535.2580438145889,21.635920427462903,0.9503623189300594,13.08001708984375,2.409996927662419,0.0009724427295314,0.0030236833742174,0.0036579321683135,0.0055298083784784,45183345.0,0.6039769742589886,0.53997802734375,0.0972442729531453,0.2986530032487587,-0.0791001390863314,555.280029296875,554.6400146484375,551.4600219726562,545.3400268554688,,,0.0,,,0.0,
2024-07-10,557.0700073242188,561.6699829101562,556.77001953125,561.3200073242188,38701200.0,555.7040161132812,550.8970092773437,547.3590057373046,532.9532019042969,555.9284205841599,552.3279532550555,547.177558705737,6.690227675914457,5.993270854964937,0.69695682094952,72.40654479560838,547.3590057373046,559.0285641517261,535.6894473228832,23.33911682884286,1.0981803720036605,16.489990234375,3.0266302731363206,0.0098952897116417,0.0038419536974612,0.0040583061917801,0.0055417479528357,45334100.0,0.8536885037973623,5.5,0.9895289711641776,0.872935814681558,0.7629202692878904,555.8200073242188,555.280029296875,554.6400146484375,549.010009765625,,,0.0,,,0.0,
2024-07-11,561.4400024414062,562.3300170898438,555.8300170898438,556.47998046875,53054200.0,556.7080078125,551.9940063476563,548.3355041503906,533.8816015625,556.1122738790233,553.082867293909,548.0635036355478,6.616778568504742,6.117972397672898,0.4988061708318438,64.8216855420813,548.3355041503906,559.5990678592731,537.0719404415082,22.52712741776486,0.861540828855819,10.969970703125,2.010956812293541,-0.0086225803326357,0.0053226511750986,0.0047419733588402,0.0057364101945585,46167640.0,1.1491642197868464,-4.84002685546875,-0.8622580332635743,1.1680563952228318,-0.8834464860159112,561.3200073242188,555.8200073242188,555.280029296875,551.4600219726562,,,0.0,,,0.0,
2024-07-12,557.6300048828125,563.6699829101562,557.1500244140625,559.989990234375,53084400.0,557.7780029296875,553.356005859375,549.2670043945312,535.0418011474609,557.4048459974739,554.3387078285391,549.1993595021028,6.763828866583936,6.247143691455106,0.5166851751288295,73.45442910145485,549.2670043945312,561.1651484296896,537.3688603593729,23.79628807031668,0.9506159031256456,13.6199951171875,2.4928153520337863,0.0063075220831274,0.0054879500953884,0.0046239882121548,0.0051774471557778,45659295.0,1.1626197907786355,3.510009765625,0.6307522083127459,1.1642991142332604,0.4232170670332665,556.47998046875,561.3200073242188,555.8200073242188,554.6400146484375,,,0.0,,,0.0,
2024-07-15,562.030029296875,564.8400268554688,559.6300048828125,561.530029296875,40584300.0,559.0280029296875,555.08701171875,550.2210052490234,536.2654016113281,558.7799070972743,555.646220822782,550.3737090063668,6.924810662183404,6.382677085600766,0.5421335765826383,78.66945051834027,550.2210052490234,562.8546757512141,537.5873347468327,25.26734100438148,0.9475747584951882,17.31005859375,3.1807099198115854,0.0027501189116887,0.0050058189971686,0.0046295193839966,0.0051177398995168,45450465.0,0.8929347587532933,1.5400390625,0.2750118911688748,0.9278260646505452,-0.0889632179663998,559.989990234375,556.47998046875,561.3200073242188,555.280029296875,,,0.0,,,0.0,
2024-07-16,562.8699951171875,565.1599731445312,562.0999755859375,564.8599853515625,36475300.0,560.8359985351562,557.0390075683594,551.3250030517578,537.4620013427734,560.8065998487037,557.3214507371057,551.7533543725759,7.237658299426698,6.553673328365953,0.6839849710607453,79.44711344331961,551.3250030517578,565.034017654553,537.6159884489625,27.41802920559053,0.9936526326642372,19.51995849609375,3.579410557601912,0.0059301477765261,0.0050616435817826,0.0047132279450843,0.0050441302665698,45269735.0,0.8057325716618399,3.3299560546875,0.5930147776526118,0.5417267354651156,0.3535434916833133,561.530029296875,559.989990234375,556.47998046875,555.8200073242188,,,0.0,,,0.0,
2024-07-17,558.7999877929688,560.510009765625,556.6099853515625,556.9400024414062,57119000.0,559.9599975585937,557.8320068359375,551.8170043945313,538.3750012207031,559.5177340462712,557.252096501524,552.2473208553216,6.768492902161256,6.596637243125014,0.1718556590362423,63.854516077006274,551.8170043945313,565.5936986064114,538.0403101826512,27.553388423760225,0.6859298743256281,7.92999267578125,1.4444167746898826,-0.0140211434966966,0.0073448119018844,0.0057094632672472,0.0053352970603337,45333710.0,1.25996747232909,-7.91998291015625,-1.4021143496696695,0.7002593451657854,-0.3328535061191896,564.8599853515625,561.530029296875,559.989990234375,561.3200073242188,,,0.0,,,0.0,
2024-07-18,558.510009765625,559.52001953125,550.4299926757812,552.6599731445312,56270400.0,559.19599609375,557.952001953125,552.025503540039,539.0968005371094,557.2318137456913,556.4171649820707,552.2866210733416,5.982352514214995,6.47378029734301,-0.4914277831280156,57.0404782237404,552.025503540039,565.7161405741921,538.334866505886,27.381274068306084,0.5231716611473025,1.199951171875,0.2175953149935678,-0.0076849019250063,0.0077843234275433,0.0060056534804378,0.0053507588006469,46078410.0,1.2211879706786757,-4.280029296875,-0.7684901925006371,1.6447774937902973,-1.047436307103731,556.9400024414062,564.8599853515625,561.530029296875,556.47998046875,,,0.0,,,0.0,
2024-07-19,552.4199829101562,554.0800170898438,547.9099731445312,548.989990234375,65509100.0,556.99599609375,557.3869995117187,552.1250030517579,539.7338000488281,554.4845392419193,555.0667695733988,551.9726562315353,5.005493430948718,6.180122924064152,-1.1746294931154342,55.16346933975353,552.1250030517579,565.6902060478578,538.5598000556579,27.13040599219994,0.3844465203254171,-5.6500244140625,-1.0186831575150248,-0.0066405802636198,0.0077951929599177,0.0061744159180044,0.0054692664865036,45837455.0,1.4291609340003717,-3.66998291015625,-0.66405802636198,1.123890062672797,-0.6209030777112733,552.6599731445312,556.9400024414062,564.8599853515625,559.989990234375,,,0.0,,,0.0,
2024-07-22,553.0,555.27001953125,551.02001953125,554.6500244140625,43346700.0,555.6199951171875,557.3239990234375,552.6320037841797,540.4830004882813,554.5397009659671,554.9909977262466,552.2276436774903,4.634618033254128,5.871021945902148,-1.2364039126480204,59.1760200490639,552.6320037841797,565.7494216448505,539.5145859235089,26.2348357213416,0.5769214128617999,-0.6300048828125,-0.1134571476684017,0.0103099041519338,0.0085745290931208,0.0064601473392094,0.0056155743282428,44787860.0,0.9678225304803578,5.6600341796875,1.030990415193389,0.7662489521189041,0.2983769284018987,548.989990234375,552.6599731445312,556.9400024414062,561.530029296875,,,0.0,,,0.0,
2024-07-23,554.5399780273438,556.739990234375,553.280029296875,553.780029296875,34439600.0,553.40400390625,557.1200012207031,553.1840057373047,541.1552014160156,554.2864770762698,554.770821648179,552.3754899269554,4.221828660660776,5.541183288853874,-1.319354628193098,54.97602147497855,553.1840057373047,565.4502495428194,540.91776193179,24.53248761102941,0.5242952760853469,-2.03997802734375,-0.3670213379263618,-0.0015685478750434,0.0085775125696987,0.0064134590898554,0.0055954248991135,44233405.0,0.7785880377058921,-0.8699951171875,-0.1568547875043457,0.6247897638874866,-0.1370412883796229,554.6500244140625,548.989990234375,552.6599731445312,564.8599853515625,,,0.0,,,0.0,
2024-07-24,548.8599853515625,549.1699829101562,540.2899780273438,541.22998046875,74515300.0,550.2619995117187,555.1109985351562,553.00400390625,541.5630004882812,549.9343115404299,552.3088505246465,551.3140128356978,2.849162679768142,5.002779167036728,-2.153616487268586,41.185571618643934,553.00400390625,565.8770690695912,540.1309387429087,25.746130326682533,0.0426876471103028,-20.09002685546875,-3.579068373357435,-0.0226625160969773,0.0102743240912714,0.0082703798771634,0.0065392753574503,46062360.0,1.6177047810837308,-12.550048828125,-2.2662516096977336,1.640708239244559,-1.39015506439684,553.780029296875,554.6500244140625,548.989990234375,556.9400024414062,,,0.0,,,0.0,
2024-07-25,541.3499755859375,547.4600219726562,537.4500122070312,538.4099731445312,61158300.0,547.4119995117187,553.3039978027343,552.6490020751953,541.9130004882812,546.0928654084637,549.78178191008,550.0850566746343,1.5162851853446,4.305480370698303,-2.7891951853537025,35.92854867404618,552.6490020751953,566.7273941897013,538.5706099606894,28.15678422901192,-0.005705083892094,-18.07000732421875,-3.2471980948887884,-0.0052103679137959,0.0101444663980179,0.0083326576664284,0.006593658313408,47192745.0,1.295925888608514,-2.82000732421875,-0.5210367913795921,1.8591798564136,-0.5430872031025953,541.22998046875,553.780029296875,554.6500244140625,552.6599731445312,,,0.0,,,0.0,
2024-07-26,542.280029296875,547.1900024414062,541.489990234375,544.4400024414062,53763800.0,546.502001953125,551.7489990234375,552.5525024414062,542.33580078125,545.5419110861112,548.810549279412,549.5474324619458,0.9357563209704268,3.6315355607527273,-2.6957792397823006,41.40500611221505,552.5525024414062,566.8370604972332,538.2679443855792,28.56911611165401,0.2160395173482222,-15.54998779296875,-2.776833169189425,0.0111996983667617,0.0107560658575021,0.0087344227770123,0.0067382912238577,48128860.0,1.1170802715875672,6.030029296875,1.1199698366761712,1.0469495594502531,0.3983132381496493,538.4099731445312,541.22998046875,553.780029296875,548.989990234375,,,0.0,,,0.0,
2024-07-29,546.02001953125,547.0499877929688,542.719970703125,544.760009765625,39515800.0,544.5239990234375,550.0719970703125,552.5795043945312,542.635400390625,545.2812773126159,548.0740875496325,549.0914874432486,0.4957897742220893,3.0043864034466,-2.5085966292245105,41.19989549065487,552.5795043945312,566.799639262217,538.3593695268454,28.440269735371658,0.2250555391469798,-16.77001953125,-2.986486680373752,0.0005877733502015,0.0106542425571822,0.0086894403677297,0.0065282214464193,46297425.0,0.8535204711709129,0.32000732421875,0.0587773350201548,0.7948485594063112,-0.230762558249549,544.4400024414062,538.4099731445312,541.22998046875,554.6500244140625,,,0.0,,,0.0,
2024-07-30,546.260009765625,547.3400268554688,538.52001953125,542.0,46853600.0,542.1679931640625,547.7859985351563,552.4125030517578,542.9016003417969,544.1875182084107,546.9697079951538,548.4161076867488,-0.0747351058068943,2.3885621015959013,-2.463297207402796,33.92682503267555,552.4125030517578,567.062570115284,537.7624359882316,29.300134127052388,0.1446260960237702,-22.8599853515625,-4.047018012319407,-0.0050664691169465,0.0101902612578631,0.0087501488551917,0.0065667744847031,46625215.0,1.0048983152142033,-2.760009765625,-0.5066469116946526,1.6273076243946034,-0.7798501976106166,544.760009765625,544.4400024414062,538.4099731445312,553.780029296875,,,0.0,,,0.0,
2024-07-31,548.97998046875,553.5,547.5800170898438,550.8099975585938,65663400.0,544.0839965820312,547.172998046875,552.5025024414062,543.3288000488282,546.3950113251384,547.6679424612338,548.644097198353,0.1819159769733005,1.947232876671381,-1.7653168996980806,45.575174450451314,552.5025024414062,567.0865259572686,537.9184789255439,29.16804703172465,0.4419740073453788,-6.1300048828125,-1.100658034248028,0.0162546080416858,0.0113398079513763,0.0093872208825268,0.0069331949413591,47886645.0,1.3712257352754615,8.80999755859375,1.625460804168588,1.074777679489468,0.3333486019437682,542.0,544.760009765625,544.4400024414062,541.22998046875,,,0.0,,,0.0,
2024-08-01,552.5700073242188,554.8699951171875,539.4299926757812,543.010009765625,76428700.0,545.00400390625,546.2080017089844,552.0800018310547,543.5878002929687,545.2666774719673,546.8210456074867,548.1075174428552,-0.2412984798542083,1.5095266053662633,-1.7508250852204716,37.58049020903348,552.0800018310547,567.2682645461316,536.8917391159778,30.376525430153837,0.2014144331192603,-9.64996337890625,-1.7460941352419237,-0.0141609408462833,0.0119304755864618,0.0098547735797266,0.0072490168265467,50068585.0,1.5264801272095068,-7.79998779296875,-1.4160940846283387,2.8434102804238344,-1.7300970794429045,550.8099975585938,542.0,544.760009765625,538.4099731445312,,,0.0,,,0.0,
2024-08-02,535.75,536.989990234375,528.5999755859375,532.9000244140625,82789100.0,542.6960083007813,544.5990051269531,550.9930023193359,543.6186010742188,541.1444597859991,544.2899508450458,546.6591847734463,-1.376621475728598,0.9322969891472912,-2.308918464875889,31.392184522326644,550.9930023193359,568.3646810235225,533.6213236151493,34.743357408373186,-0.0207607800423164,-16.0899658203125,-2.9308304534739085,-0.018618414338119,0.0130324584044203,0.0104968505489595,0.0077302104583092,52133620.0,1.5880174827683171,-10.1099853515625,-1.861841433811906,1.574406880101486,-0.5319599787097526,543.010009765625,550.8099975585938,542.0,544.4400024414062,,,0.0,,,0.0,
2024-08-05,511.6400146484375,523.5800170898438,510.2699890136719,517.3800048828125,146267400.0,537.2200073242187,540.8720031738281,549.0980010986328,543.3696008300781,533.2229748182702,539.397233397367,543.8706914505289,-3.488495791505102,0.0481384330168126,-3.5366342245219142,23.36180541097316,549.0980010986328,571.9156614039377,526.2803407933279,45.635320610609824,-0.1950317383865639,-37.27001953125,-6.719556096769742,-0.0291236982927795,0.0144790850013991,0.012089034094971,0.0087583845067694,57641465.0,2.5375378644522653,-15.52001953125,-2.91236982927795,2.5725826182994105,1.1218806328740945,532.9000244140625,543.010009765625,550.8099975585938,544.760009765625,,,0.0,,,0.0,
2024-08-06,519.219970703125,529.75,517.8699951171875,522.1500244140625,84826300.0,533.2500122070312,537.7090026855469,547.414501953125,543.2934008789063,529.531991350201,536.2613772185844,541.8020564946748,-4.722828859304286,-0.9060550254474072,-3.816773833856879,29.76624649014757,547.414501953125,572.9504060710783,521.8785978351716,51.0718082359067,0.005314606791229,-31.6300048828125,-5.711655027172535,0.0092195668294727,0.0152941931719965,0.012385160313483,0.0088056176128822,60518295.0,1.40166374482295,4.77001953125,0.921956682947278,2.275209102239113,0.5643183768470301,517.3800048828125,532.9000244140625,543.010009765625,542.0,,,0.0,,,0.0,
2024-08-07,528.469970703125,531.5900268554688,518.0499877929688,518.6599731445312,70698300.0,526.8200073242188,535.452001953125,545.2815002441406,543.0778002929687,525.9079852816444,533.0611219323928,539.5980485565659,-5.914486163448032,-1.9077412530475324,-4.006744910400499,30.04230462771355,545.2815002441406,572.9633670711881,517.5996334170931,55.363733654095086,0.0191522438508762,-22.57000732421875,-4.170132501653226,-0.0066840009697359,0.0141216030353217,0.0120229101062616,0.0087992538296812,62118150.0,1.1381262964206114,-3.49005126953125,-0.6684000969735981,2.610581067285656,-1.8563017962102235,522.1500244140625,517.3800048828125,532.9000244140625,550.8099975585938,,,0.0,,,0.0,
2024-08-08,523.9099731445312,531.2899780273438,521.8400268554688,530.6500244140625,63276600.0,524.3480102539063,534.6760070800781,543.9900024414062,543.0946008300781,527.4886649924505,532.6227405654237,538.7458557810894,-5.82424792538211,-2.691042587514448,-3.133205337867662,40.19255725539654,543.9900024414062,571.8814163684282,516.0985885143842,55.78282785404394,0.2608586989844289,-7.75994873046875,-1.4412713577996192,0.0231173637650077,0.0165243760417355,0.0133813485001079,0.0094052961189717,62629270.0,1.010335902047078,11.99005126953125,2.311736376500773,1.7808255417135852,1.2864903542639508,518.6599731445312,522.1500244140625,517.3800048828125,543.010009765625,,,0.0,,,0.0,
2024-08-09,529.8099975585938,534.510009765625,528.5599975585938,532.989990234375,45619600.0,524.3660034179687,533.531005859375,542.6400024414063,543.2324011230469,529.322440073092,532.6895132325056,538.1976781099737,-5.5005113153010825,-3.2529363330717755,-2.247574982229307,37.99068975412721,542.6400024414063,569.8766757474664,515.4033291353462,54.47334661212017,0.3228489195689659,-11.45001220703125,-2.103080625172013,0.0044096216200051,0.016086119083529,0.0133237883311081,0.0093684313181955,62256030.0,0.7327739979565032,2.3399658203125,0.4409621620005133,1.1163459569690632,0.6002137918187477,530.6500244140625,518.6599731445312,522.1500244140625,532.9000244140625,,,0.0,,,0.0,
2024-08-12,534.2100219726562,535.72998046875,530.9500122070312,533.27001953125,42542100.0,527.5440063476562,532.3820068359375,541.227001953125,543.4456018066406,530.638299892478,532.7950598322773,537.7283772929524,-5.16184911203618,-3.634718888864657,-1.5271302231715227,38.55343135451539,541.227001953125,567.2421992454309,515.211804660819,52.03039458461194,0.347070496285872,-11.489990234375,-2.1091838659960374,0.0005253931631095,0.0160850133467498,0.0132879152201258,0.0093147982040618,62353920.0,0.682268251939894,0.280029296875,0.0525393163109511,0.8963504578638029,-0.1759612142683396,532.989990234375,530.6500244140625,518.6599731445312,517.3800048828125,,,0.0,,,0.0,
2024-08-13,536.530029296875,542.280029296875,536.280029296875,542.0399780273438,52333100.0,531.5219970703125,532.3860046386719,540.0860015869141,543.7390014648438,534.4388592707667,534.475954049562,538.139005934323,-4.13809315694607,-3.73539374248094,-0.4026994144651303,50.47197088297783,540.0860015869141,563.6203447668231,516.5516584070051,47.068686359818,0.5415132987883369,0.03997802734375,0.0073760198051199,0.0164456244958279,0.0170413092254242,0.0138355517754385,0.0095097982101899,63146810.0,0.8287528697015732,8.76995849609375,1.6445624495827982,1.1069294227772484,1.0269599891155323,533.27001953125,532.989990234375,530.6500244140625,522.1500244140625,,,0.0,,,0.0,
2024-08-14,542.8499755859375,544.9600219726562,540.1199951171875,543.75,42446900.0,536.5400024414063,531.6800048828125,539.4265014648438,544.0580017089844,537.5425728471778,536.1621442223689,538.6733863215303,-3.152435391954896,-3.618802072375731,0.466366680420835,53.15231309904613,539.4265014648438,561.6764166564924,517.1765862731952,44.4998303832972,0.5971576407801098,-7.05999755859375,-1.2817482598148966,0.0031547893918812,0.0161447096355619,0.0135787413052347,0.0095166651796764,62413205.0,0.6800948613358343,1.71002197265625,0.3154789391881296,0.8901198814655172,0.1657961599963301,542.0399780273438,533.27001953125,532.989990234375,518.6599731445312,,,0.0,,,0.0,
2024-08-15,549.5,553.3599853515625,548.8800048828125,553.0700073242188,60846800.0,541.0239990234375,532.6860046386719,539.4470031738281,544.5516015625,542.7183843395248,539.2363011499779,540.0444930836911,-1.6007948448934712,-3.215200626879279,1.6144057819858078,54.90396287535637,539.4470031738281,561.748955043588,517.1450513040681,44.603903739519865,0.8054217906564183,10.05999755859375,1.852635748452568,0.017140243354885,0.0163791225265942,0.0140717710196919,0.0097986552447931,62642025.0,0.9713415235219488,9.32000732421875,1.7140243354885063,0.8100205054373455,0.649682861550273,543.75,542.0399780273438,533.27001953125,530.6500244140625,,,0.0,,,0.0,
2024-08-16,551.4199829101562,555.02001953125,551.260009765625,554.3099975585938,44430700.0,545.2880004882812,534.827001953125,539.713003540039,544.9444018554688,546.5822554125479,541.9769732242717,541.4031125574913,-0.2679627754234843,-2.6257530565881204,2.357790281164636,55.370586866368775,539.713003540039,562.6130881082694,516.8129189718087,45.80016913646068,0.8187104828164119,21.40997314453125,4.017634108399991,0.0022420131591913,0.0147106534066297,0.0139867024583406,0.0096733449875504,61588105.0,0.721416903475111,1.239990234375,0.2242013159191369,0.6783225599728689,0.5241040836397064,553.0700073242188,543.75,542.0399780273438,532.989990234375,,,0.0,,,0.0,
2024-08-19,554.72998046875,559.6099853515625,553.8599853515625,559.6099853515625,39121800.0,550.5559936523438,539.05,539.9610015869141,545.4434020996093,550.9248320588861,545.1829754292336,543.137100442641,1.2021236303003209,-1.8601777192104323,3.062301349510753,59.62819641758291,539.9610015869141,563.6364880426266,516.2855151312016,47.35097291142506,0.9149647315885964,42.22998046875,8.162275323785497,0.0095614147612563,0.0089954819400818,0.0139602616825487,0.0097520074007369,61376860.0,0.6374030864400688,5.29998779296875,0.9561414761256382,1.0275013224411444,0.879708156153534,554.3099975585938,553.0700073242188,543.75,533.27001953125,,,0.0,,,0.0,
2024-08-20,559.1500244140625,560.8400268554688,557.3300170898438,558.7000122070312,33732300.0,553.8880004882812,542.7049987792968,540.2070007324219,545.9372021484374,553.5165587749345,547.6406184797422,544.6192825154401,2.2676108639356016,-1.0346200025812256,3.302230866516827,54.7217295256574,540.2070007324219,564.5790546614821,515.8349468033616,48.74410785812052,0.8793896798447309,36.54998779296875,6.999901576943102,-0.0016260845380726,0.0094621870974169,0.0139607245876388,0.0097540480613262,61341495.0,0.5499099752948636,-0.90997314453125,-0.1626084538072669,0.6282458723706515,-0.0804814785625416,559.6099853515625,554.3099975585938,553.0700073242188,542.0399780273438,,,0.0,,,0.0,
2024-08-21,559.77001953125,562.1099853515625,554.72998046875,560.6199951171875,41514600.0,557.2619995117187,546.9010009765625,541.1765014648438,546.4364025878906,555.8843708890189,550.0005051410958,546.1431599060827,3.229713619714289,-0.1817532781221226,3.411466897836412,61.33640748546615,541.1765014648438,567.2061648237,515.1468381059876,52.05932671771234,0.8734872284802019,41.96002197265625,8.090082933961737,0.0034365184682416,0.0083297954974041,0.0128541539515479,0.0097557227745774,59691460.0,0.6954864230159558,1.91998291015625,0.3436518468241667,1.316400582763703,0.1518437137182279,558.7000122070312,559.6099853515625,554.3099975585938,543.75,,,0.0,,,0.0,
2024-08-22,562.5599975585938,563.1799926757812,554.97998046875,556.219970703125,56121500.0,557.8919921875,549.4579956054688,542.0670013427734,546.8218017578125,555.996237493721,551.1313170614648,547.1028561724677,3.595692878308455,0.573735953163993,3.021956925144462,66.20339034804249,542.0670013427734,568.9042241826913,515.2297785028555,53.6744456798358,0.7636817051595279,25.5699462890625,4.818608331790154,-0.0078484971145967,0.0077556774877246,0.0129435387908682,0.0098321432443144,59439620.0,0.9441766283162644,-4.4000244140625,-0.7848497114596786,1.4742390850629663,-1.1269956774358811,560.6199951171875,558.7000122070312,559.6099853515625,553.0700073242188,,,0.0,,,0.0,
2024-08-23,559.530029296875,563.0900268554688,557.2899780273438,562.1300048828125,50639400.0,559.4559936523438,552.3719970703125,542.9515014648438,547.2372021484375,558.0408266234182,553.131078483528,548.5340131925005,4.31290792569132,1.3215703476694585,2.9913375780218616,85.88607049720815,542.9515014648438,571.2445903880265,514.658412541661,56.586177846365445,0.8389255847963333,29.1400146484375,5.467272403300403,0.0106253541601832,0.0079719542811803,0.0129219916190008,0.0098753212631793,59283400.0,0.8541918985753179,5.9100341796875,1.062535416018329,1.0317984768192794,0.4646713223246874,556.219970703125,560.6199951171875,558.7000122070312,554.3099975585938,,,0.0,,,0.0,
2024-08-26,563.1799926757812,563.9099731445312,559.0499877929688,560.7899780273438,35788600.0,559.6919921875,555.1239929199219,543.7529998779297,547.6040014648438,558.9572104247268,554.5236056733127,549.701247938676,4.718781869778013,2.0010126520911693,2.717769217686844,82.79012624475966,543.7529998779297,573.1485320609892,514.3574676948703,58.79106436611892,0.7897885645226111,27.51995849609375,5.160604850856624,-0.002383837980234,0.0082175203570551,0.0129522553472242,0.009883881553456,59097040.0,0.6055903984361992,-1.34002685546875,-0.2383837980234004,0.8666319909385989,-0.424378472161637,562.1300048828125,556.219970703125,560.6199951171875,559.6099853515625,,,0.0,,,0.0,
2024-08-27,559.489990234375,562.0599975585938,558.3200073242188,561.5599975585938,32693900.0,560.2639892578125,557.0759948730469,544.7309997558593,547.9796008300781,559.8248061360158,555.8029496524547,550.8306526643825,5.044425043623278,2.6096951303975917,2.4347299132256865,88.16723176604233,544.7309997558593,575.164183570303,514.2978159414157,60.86636762888725,0.7764909170421295,19.52001953125,3.601213992054529,0.0013730978823098,0.0072221589427242,0.0128593239169313,0.0098843076136298,58389055.0,0.559931994104032,0.77001953125,0.1373097882309881,0.6660001158620216,0.3699811185811576,560.7899780273438,562.1300048828125,556.219970703125,558.7000122070312,,,0.0,,,0.0,
2024-08-28,561.2100219726562,561.6500244140625,555.0399780273438,558.2999877929688,41066000.0,559.7999877929688,558.5309936523438,545.1054992675781,548.2036010742188,559.3165333550002,556.2569565870936,551.542017914724,4.982014500020682,3.0841590043222094,1.8978554956984728,79.12359900173449,545.1054992675781,576.0339632161215,514.1770353190348,61.856927897086734,0.7133065603798284,14.54998779296875,2.675859823994253,-0.0058052742000819,0.0078108651607664,0.0125000910471621,0.0098704886156951,57159185.0,0.7184497119754244,-3.260009765625,-0.5805274200081922,1.1839596151253933,-0.5185285482712362,561.5599975585938,560.7899780273438,562.1300048828125,560.6199951171875,,,0.0,,,0.0,
2024-08-29,560.3099975585938,563.6799926757812,557.1799926757812,558.3499755859375,38715200.0,560.2259887695312,559.0589904785156,545.8724975585938,548.40080078125,558.9943474319793,556.6375054959742,552.190394835792,4.880329886665436,3.4433931807908547,1.4369367058745812,78.06546613890278,545.8724975585938,577.3383229290325,514.406672188155,62.93165074087756,0.6982703120043686,5.27996826171875,0.9546654477366272,8.953572284031708e-05,0.0059379728652253,0.0120016208102025,0.0098659955034146,55273510.0,0.7004295547722589,0.04998779296875,0.0089535722840317,1.164144404802533,-0.349810280237108,558.2999877929688,561.5599975585938,560.7899780273438,556.219970703125,,,0.0,,,0.0,
2024-08-30,560.77001953125,564.2000122070312,557.1400146484375,563.6799926757812,62700100.0,560.535986328125,559.9959899902344,547.4114959716796,548.7344006347656,560.5562291799133,557.9179577104845,553.2846422491243,5.170232708022354,3.7887610862371535,1.3814716217851997,80.27070278467355,547.4114959716796,579.214897942,515.6080940013593,63.6068039406407,0.755766611372012,9.3699951171875,1.69038898061676,0.0095460147271437,0.0065318289145127,0.0111430304431447,0.0099389779890981,54269060.0,1.1553562932543884,5.33001708984375,0.954601472714378,1.2524832618379869,0.5189245222067522,558.3499755859375,558.2999877929688,561.5599975585938,562.1300048828125,,,0.0,,,0.0,
2024-09-03,560.469970703125,560.8099975585938,549.510009765625,552.0800170898438,60600100.0,558.793994140625,559.2429931640625,549.1464965820312,548.88580078125,557.7308251498902,556.8565139612771,553.1699160434786,4.413090339460496,3.913626936881823,0.499463402578673,59.46101392327018,549.1464965820312,577.6683916997678,520.6246014642946,57.043790235473125,0.5514257642366183,-7.52996826171875,-1.345574321192324,-0.0205790088998415,0.0089907331415046,0.0099519137841806,0.0103596908295832,49985695.0,1.2123488530068454,-11.5999755859375,-2.0579008899841544,2.046802536439175,-1.4969497121774111,563.6799926757812,558.3499755859375,558.2999877929688,560.7899780273438,,,0.0,,,0.0,
2024-09-04,550.2000122070312,554.4299926757812,549.4600219726562,550.9500122070312,47224900.0,556.6719970703125,558.4679931640625,550.5864959716797,549.0500012207032,555.4705541689373,555.7826045514141,552.9584966304835,3.6794531615942105,3.8667921818243,-0.1873390202300897,56.85976230267971,550.5864959716797,576.1211538414888,525.0518381018707,51.069315739618105,0.5071180948890125,-7.75,-1.387148707834316,-0.0020468135919301,0.0089933231501201,0.009917890565561,0.0103525981416781,48105625.0,0.9816918499655706,-1.1300048828125,-0.2046813591930152,0.9020728910080188,0.1363140645874408,552.0800170898438,563.6799926757812,558.3499755859375,561.5599975585938,,,0.0,,,0.0,
2024-09-05,550.8900146484375,553.7999877929688,547.0999755859375,549.6099853515625,44264300.0,554.9339965820312,557.3669921875,552.1339965820313,549.1456005859375,553.5170312298123,554.6603101514411,552.6395907943958,2.955838379506531,3.684601421360747,-0.7287630418542159,46.11234019440699,552.1339965820313,572.8111878037206,531.456805360342,41.354382443378654,0.4389662937434845,-11.010009765625,-1.9638988729475404,-0.0024322113182296,0.0088356973012625,0.0097495152307273,0.0103474054761138,46783925.0,0.9461433601391932,-1.34002685546875,-0.2432211318229682,1.2190484863089837,-0.2323565980210911,550.9500122070312,552.0800170898438,563.6799926757812,558.2999877929688,,,0.0,,,0.0,
2024-09-06,549.9400024414062,551.5999755859375,539.4400024414062,540.3599853515625,68493800.0,551.3359985351562,555.7809936523438,552.6194946289063,549.0426000976563,549.1313492703957,552.0602510969177,551.470104561745,1.617327215426485,3.2711465801738946,-1.6538193647474095,36.71682213117137,552.6194946289063,571.5553794603312,533.6836097974814,37.87176966284983,0.1762889776083076,-15.8599853515625,-2.851387254491004,-0.016830116348929,0.0098953045712385,0.0094883019285214,0.0106231848245692,47044785.0,1.455927580495904,-9.25,-1.6830116348929058,2.2503467085224447,-1.7420113189282789,549.6099853515625,550.9500122070312,552.0800170898438,558.3499755859375,,,0.0,,,0.0,
2024-09-09,544.6500244140625,547.7100219726562,542.6799926757812,546.4099731445312,40445800.0,547.8819946289062,554.2089904785156,553.290493774414,549.0433996582032,548.2242238951076,551.0329278328473,550.9881872839151,1.0328251619205275,2.8234822965232214,-1.7906571346026938,37.60796595970952,553.290493774414,570.1330004973472,536.4479870514808,33.68501344586639,0.2957394126934184,-15.72003173828125,-2.7965117680488185,0.011196217256969,0.0099829045865994,0.0097366486109069,0.0107412534700586,46786095.0,0.8644833470286417,6.04998779296875,1.1196217256969063,0.9205595695714917,0.3231338752554197,540.3599853515625,549.6099853515625,550.9500122070312,563.6799926757812,,,0.0,,,0.0,
2024-09-10,548.3599853515625,549.1500244140625,543.3800048828125,548.7899780273438,36394600.0,547.2239868164063,553.0089904785157,554.0664916992188,549.1347998046875,548.412808605853,550.6251187773012,550.7788340213845,0.7529698096610673,2.409379799150791,-1.6564099894897235,40.94645019839456,554.0664916992188,568.2444913566914,539.8884920417462,28.35599931494517,0.3139189660265646,-12.0,-2.139838526039937,0.0043557127427886,0.0102374168713865,0.009758479677446,0.0107423433970321,46478720.0,0.7830379149856106,2.3800048828125,0.4355712742788675,1.0514075989489928,0.0784143057968707,546.4099731445312,540.3599853515625,549.6099853515625,552.0800170898438,,,0.0,,,0.0,
2024-09-11,548.7000122070312,555.3599853515625,539.9600219726562,554.4199829101562,75248600.0,547.9179809570312,552.2949890136719,554.6854919433594,549.3163989257813,550.4152000406208,551.3150940741839,551.1256101060294,0.9742462643868066,2.122353092197994,-1.1481068278111874,44.69541495775904,554.6854919433594,567.6846753327404,541.6863085539783,25.998366778762147,0.4897874725953942,-7.1400146484375,-1.2714606951134375,0.0102589425977672,0.0109354858512416,0.0093485879631245,0.0108331407298775,47624495.0,1.5800398513412055,5.6300048828125,1.025894259776727,2.7776710532819693,1.0424586433154268,548.7899780273438,546.4099731445312,540.3599853515625,550.9500122070312,,,0.0,,,0.0,
2024-09-12,555.010009765625,559.4000244140625,552.739990234375,559.0900268554688,51819600.0,549.8139892578125,552.3739929199219,555.4524932861328,549.5179992675781,553.3068089789035,552.7287182162356,551.8841259869284,1.5090476047308812,1.9996919947045717,-0.4906443899736903,52.444259164347486,555.4524932861328,567.5111069300106,543.3938796422551,24.11722728775544,0.6508271877995995,0.7900390625,0.1415079849138319,0.0084232965788848,0.0111958356161716,0.0094807121315408,0.0108559972436786,48093130.0,1.0774844556800525,4.6700439453125,0.8423296578884854,1.1912275053708292,0.735124955956506,554.4199829101562,548.7899780273438,546.4099731445312,549.6099853515625,,,0.0,,,0.0,
2024-09-13,559.7100219726562,563.030029296875,559.4500122070312,562.010009765625,39310500.0,554.143994140625,552.7399963378906,555.8994934082032,549.7289990234375,556.2078759078107,554.41622577067,552.8484958706138,2.143787489802321,2.0285110937241217,0.1152763960781992,49.89232329738268,555.8994934082032,568.2456146840146,543.5533721323917,24.69224255162294,0.7474670473792266,3.6600341796875,0.6555089710260356,0.0052227419018351,0.011307422788849,0.0087910869197212,0.0108623017745758,47016315.0,0.8361033824109779,2.91998291015625,0.5222741901835137,0.6370023714233709,0.4109248901534074,559.0900268554688,554.4199829101562,548.7899780273438,540.3599853515625,,,0.0,,,0.0,
2024-09-16,561.739990234375,563.1099853515625,559.9000244140625,562.8400268554688,36656100.0,557.4300048828125,552.6559997558594,556.3259948730469,549.8929992675781,558.4185928903635,555.9478259679062,553.8000702501238,2.6828723814007844,2.1593833512594545,0.52348903014133,51.85658915585664,556.3259948730469,569.0252141829296,543.6267755631641,25.39843861976556,0.756473717929753,-0.8399658203125,-0.1490146592440142,0.001476872431845,0.0108870257535239,0.0087863232936112,0.0108362591380648,46627585.0,0.7861462265309258,0.83001708984375,0.1476872431845022,0.5703149712776706,0.1958266529386275,562.010009765625,559.0900268554688,554.4199829101562,546.4099731445312,,,0.0,,,0.0,
2024-09-17,565.0999755859375,566.5800170898438,560.7899780273438,563.0700073242188,49321000.0,560.2860107421875,553.7549987792969,556.4989959716797,550.048798828125,559.9690643683152,557.2427680326903,554.6829214000376,3.093004315272537,2.346107544062072,0.7468967712104662,51.38102117416943,556.4989959716797,569.4777789452659,543.5202129980936,25.95756594717227,0.7531443574452266,10.989990234375,1.9906516979741584,0.0004086071668265,0.008187899565717,0.0085409381603072,0.0108356451436919,47137545.0,1.04632093164801,0.22998046875,0.0408607166826557,1.0282982554895814,-0.3592228542593598,562.8400268554688,562.010009765625,559.0900268554688,548.7899780273438,,,0.0,,,0.0,
2024-09-18,563.739990234375,568.6900024414062,560.8300170898438,561.4000244140625,59044900.0,561.6820190429687,554.8,556.6339965820313,550.1603991699219,560.4460510502311,557.9986328293033,555.3226454966114,3.2458668311394376,2.5260594014775446,0.719807429661893,52.92015412866823,556.6339965820313,569.7644588702593,543.5035342938032,26.26092457645609,0.6814874346162264,10.45001220703125,1.896726014247629,-0.0029658530705484,0.0082433807675146,0.0085624224231102,0.0108452371465089,48403175.0,1.2198559288724344,-1.66998291015625,-0.2965853070548419,1.4000685802901465,-0.4150789124148633,563.0700073242188,562.8400268554688,562.010009765625,554.4199829101562,,,0.0,,,0.0,
2024-09-19,571.010009765625,572.8800048828125,568.0800170898438,570.97998046875,75315500.0,564.060009765625,556.9369995117188,557.1519958496094,550.3535986328125,563.9573608564041,560.3588778546573,556.8138202558627,4.092853993732319,2.8394183199284995,1.25343567380382,60.08625446236213,557.1519958496094,571.6868580713143,542.6171336279045,29.06972444340977,0.9756833745039316,21.3699951171875,3.888210856197966,0.0170644026328394,0.0093352013227984,0.0093345998462466,0.0110212172761785,50093220.0,1.5035068618068472,9.5799560546875,1.7064402632839482,0.8406578088829256,-0.0052589790654152,561.4000244140625,563.0700073242188,562.8400268554688,559.0900268554688,,,0.0,,,0.0,
2024-09-20,567.8400268554688,569.3099975585938,565.1699829101562,568.25,77503100.0,565.3080078125,559.7260009765625,557.7534973144532,550.5889990234375,565.3882405709361,561.7936273356287,557.9029802314948,4.492029494054577,3.169940554753715,1.3220889393008624,53.80770807249367,557.7534973144532,573.0990366222435,542.4079580066629,30.69107861558064,0.842005011196256,27.8900146484375,5.16137674966662,-0.0047812192408371,0.0068016332493699,0.0092066265771137,0.0109703025481344,51162300.0,1.5148478469498048,-2.72998046875,-0.4781219240837187,0.7285551515068192,0.0721987047657701,570.97998046875,561.4000244140625,563.0700073242188,562.010009765625,,,0.0,,,0.0,
2024-09-23,569.3400268554688,570.3300170898438,568.0999755859375,569.6699829101562,44116900.0,566.6739990234375,562.052001953125,558.1304962158204,550.7825988769531,566.8154880173429,563.2256919855428,559.0236471532721,4.866857602592404,3.509323964321453,1.3575336382709509,67.64999130343185,558.1304962158204,574.2782530168325,541.9827394148082,32.29551360202436,0.8573092794416055,23.260009765625,4.256878700761284,0.0024988700574681,0.0064790744890243,0.0089400808628623,0.0109421845271122,50836175.0,0.8678249297867119,1.41998291015625,0.2498870057468183,0.391461999193655,0.0579541291888233,568.25,570.97998046875,561.4000244140625,562.8400268554688,,,0.0,,,0.0,
2024-09-24,570.47998046875,571.3599853515625,567.5999755859375,571.2999877929688,46805700.0,568.3199951171875,564.3030029296875,558.6559967041015,550.977998046875,568.3103212758849,564.6937457687111,560.1928224522909,5.235092463436445,3.854477664144452,1.380614799291993,70.21656403179216,558.6559967041015,575.8202336103649,541.4917597978382,34.32847381252668,0.8683237174457006,22.510009765625,4.101753068913264,0.0028613143253319,0.0064922083267058,0.0089216304808871,0.0109426828572371,51387030.0,0.910846569649968,1.6300048828125,0.2861314325331987,0.6581498067504906,0.1437398948767613,569.6699829101562,568.25,570.97998046875,563.0700073242188,,,0.0,,,0.0,
2024-09-25,571.1400146484375,571.8900146484375,568.9099731445312,570.0399780273438,38428600.0,570.0479858398437,565.8650024414062,559.0799957275391,551.0815979003906,568.8868735263712,565.6657879975534,561.1306467927722,5.363422786629826,4.156266688641527,1.2071560979882996,70.32837561262974,559.0799957275391,576.9506932493166,541.2092982057616,35.74139504355503,0.8066467407455321,15.6199951171875,2.817357887282126,-0.0022055133774685,0.0063622436633269,0.0089488963683281,0.0109192948441839,51673765.0,0.7436771831895741,-1.260009765625,-0.2205513377468548,0.5227776329335454,-0.1926036686067027,571.2999877929688,569.6699829101562,568.25,561.4000244140625,,,0.0,,,0.0,
2024-09-26,574.3800048828125,574.7100219726562,569.9000244140625,572.2999877929688,48336000.0,570.3119873046875,567.1859985351563,559.779995727539,551.3887976074219,570.0245782819038,566.8720061421743,562.1943935546956,5.583130539248487,4.441639458762919,1.1414910804855678,86.91636649919367,559.779995727539,578.5939237705028,540.9660676845753,37.62785608592753,0.8327320067568796,13.2099609375,2.3627609692481477,0.0039646513450615,0.0060741111361613,0.0088359995015569,0.0107345515238255,52037265.0,0.9288727991373106,2.260009765625,0.396465134506152,0.840467877195514,-0.3621325728892885,570.0399780273438,571.2999877929688,569.6699829101562,570.97998046875,,,0.0,,,0.0,
2024-09-27,573.3900146484375,574.219970703125,570.4199829101562,571.469970703125,42100900.0,570.9559814453125,568.1319946289062,560.4359954833984,551.7649975585938,570.5063757556443,567.7079996987108,563.077781854546,5.625428634113291,4.678397293832993,0.947031340280298,82.93902738400666,560.4359954833984,579.9421743352841,540.9298166315127,39.012357703771386,0.782832821935802,9.4599609375,1.6832370906427605,-0.0014503182029491,0.0060905219969018,0.0088535761576959,0.0106723701365628,52206550.0,0.8064294614373101,-0.83001708984375,-0.1450318202949163,0.664949689008737,-0.3348582807968388,572.2999877929688,570.0399780273438,571.2999877929688,568.25,,,0.0,,,0.0,
2024-09-30,570.4199829101562,574.3800048828125,568.0800170898438,573.760009765625,63557400.0,571.7739868164062,569.2239929199219,560.9399963378906,552.2603979492187,571.5909204256379,568.8083651654224,564.0951368936963,5.777141897080128,4.89814621448242,0.8789956825977079,82.89858195836744,560.9399963378906,581.3012485754672,540.5787441003141,40.72250447515307,0.8148139730835198,10.91998291015625,1.9401574850966288,0.0040072780371684,0.0061332286857873,0.0086633345505619,0.0106285292283536,52249415.0,1.2164231886615382,2.2900390625,0.4007278037168493,1.0980179318426584,0.5855381921279604,571.469970703125,572.2999877929688,570.0399780273438,569.6699829101562,,,0.0,,,0.0,
2024-10-01,573.4000244140625,574.0599975585938,566.0,568.6199951171875,72668800.0,571.23798828125,569.7789916992188,561.7669952392578,552.5397973632812,570.6006119894878,568.7741160657433,564.526075772124,5.420139531186351,5.0025448778232064,0.4175946533631443,68.95355562978109,561.7669952392578,581.9559052776528,541.5780852008627,40.37782007679016,0.6697218885243622,5.54998779296875,0.9856656758087696,-0.0089584749040581,0.0070412275914686,0.0074501267372909,0.0106311245429576,52852850.0,1.3749268014875262,-5.1400146484375,-0.89584749040581,1.4174664323811998,-0.8336290710415553,573.760009765625,571.469970703125,572.2999877929688,571.2999877929688,,,0.0,,,0.0,
2024-10-02,567.7100219726562,569.9000244140625,565.27001953125,568.8599853515625,38097800.0,571.0019897460937,570.5249877929688,562.6624938964844,552.841396484375,570.0204031101794,568.789728663165,564.9388290654039,5.097813371120765,5.021598576482719,0.0762147946380462,64.78953660911776,562.6624938964844,582.415321544667,542.9096662483018,39.50565529636515,0.6568760575817686,7.4599609375,1.328813789291516,0.0004220573255175,0.0069092884246654,0.00740854344422,0.0106267431496588,52396495.0,0.7271058875216748,0.239990234375,0.0422057325517588,0.8139093981010284,0.2025617541346906,568.6199951171875,573.760009765625,571.469970703125,570.0399780273438,,,0.0,,,0.0,
2024-10-03,567.3599853515625,569.7999877929688,565.489990234375,567.8200073242188,40846500.0,570.1059936523437,570.2089904785156,563.5729949951171,553.3731970214844,569.2869378481926,568.6134156924475,565.2132269948148,4.7042226808981695,4.958123397365809,-0.2539007164676397,59.32584974165345,563.5729949951171,582.4519956984834,544.6939942917509,37.75800140673255,0.6124797968873514,-3.15997314453125,-0.553429761571859,-0.0018281792604923,0.0041742470067799,0.0073923388273271,0.0100912343712489,52225605.0,0.7821163584414197,-1.03997802734375,-0.182817926049239,0.759042919058819,0.0810811450460678,568.8599853515625,568.6199951171875,573.760009765625,572.2999877929688,,,0.0,,,0.0,
2024-10-04,572.3499755859375,573.3599853515625,568.0999755859375,572.97998046875,42939100.0,570.4079956054687,570.6819885253906,565.2039947509766,554.0645971679687,570.517952055045,569.407336560866,565.9529178018563,4.753866320533689,4.917271981999385,-0.1634056614656964,64.28970777718334,565.2039947509766,581.0281836023336,549.3798058996196,31.64837770271401,0.7456993464504377,4.72998046875,0.8323766772987242,0.0090873394349857,0.0048588515060074,0.0061478888014631,0.0101139310571741,50947870.0,0.8428046157768715,5.15997314453125,0.9087339434985742,0.9180093449899996,0.1100733658925273,567.8200073242188,568.8599853515625,568.6199951171875,571.469970703125,,,0.0,,,0.0,
2024-10-07,571.2999877929688,571.9600219726562,566.6300048828125,567.7999877929688,49964700.0,569.2159912109375,570.4949890136719,566.2734954833984,554.531796875,569.6119639676863,569.1150913303392,566.1288292295812,4.325367006276679,4.798890986854844,-0.4735239805781654,55.84960235747369,566.2734954833984,579.4129965651204,553.1339944016764,26.27900216344392,0.558087909886237,-1.8699951171875,-0.3282593735472315,-0.0090404426897141,0.005715761978501,0.0063806763211047,0.0101144869277287,51423815.0,0.9716256952153396,-5.17999267578125,-0.9040442689714157,0.9387138436831354,-0.6126378566050926,572.97998046875,567.8200073242188,568.8599853515625,573.760009765625,,,0.0,,,0.0,
2024-10-08,570.4199829101562,573.780029296875,569.530029296875,573.1699829101562,37398700.0,570.1259887695312,570.6819885253906,567.4924957275391,555.0999963378906,570.7979702818429,569.8523443448513,566.7994152943979,4.368731917488731,4.712859172981622,-0.3441272554928911,63.33556930949829,567.4924957275391,578.0778853158813,556.9071061391969,21.17077917668439,0.7681756365807179,1.8699951171875,0.3273228001302112,0.009457547081078,0.0064556545196107,0.0065811241982117,0.0101865884763387,51474020.0,0.7265548717586076,5.3699951171875,0.9457547081078044,0.7414903303940434,0.4821009225465963,567.7999877929688,572.97998046875,567.8200073242188,568.6199951171875,,,0.0,,,0.0,
2024-10-09,573.1599731445312,577.7100219726562,572.5499877929688,577.1400146484375,37912200.0,571.7819946289062,571.3919921875,568.6284973144532,555.8027966308593,572.9119850707078,571.1773753091396,567.7842342804969,4.669618845082027,4.704211107401704,-0.0345922623196761,57.995886625511794,568.6284973144532,578.1276804744572,559.1293141544492,18.998366320008017,0.9480131181079752,7.10003662109375,1.2455331020227451,0.0069264474006893,0.0066960973758925,0.0064061025099521,0.0101803834610215,49607200.0,0.7642479317518425,3.97003173828125,0.6926447400689373,0.8940697315591112,0.6944032539590165,573.1699829101562,567.7999877929688,572.97998046875,568.8599853515625,,,0.0,,,0.0,
2024-10-10,575.77001953125,577.5800170898438,574.489990234375,576.1300048828125,44138100.0,573.443994140625,571.7749938964844,569.4804962158203,556.3091967773438,573.9846583414094,572.0778534134438,568.5790695759555,4.771570857248207,4.717683057371004,0.0538877998772031,60.70651416743513,569.4804962158203,578.4175384429167,560.5434539887239,17.874084454192825,0.8720195394641553,3.83001708984375,0.669232425570009,-0.0017500255397128,0.0066833542735627,0.0062742399083808,0.0099568872051535,49223125.0,0.8966943890701778,-1.010009765625,-0.1750025539712818,0.5363419417978892,0.0625224202982249,577.1400146484375,573.1699829101562,567.7999877929688,567.8200073242188,,,0.0,,,0.0,
2024-10-11,576.0499877929688,580.3300170898438,575.9099731445312,579.5800170898438,42268000.0,574.7640014648438,572.5859985351562,570.3589965820313,557.0405969238282,575.8497779242209,573.4418831727892,569.6267788629925,5.072285562984916,4.7886035584937865,0.2836820044911299,62.76077033348423,570.3589965820313,579.6512438782389,561.0667492858237,18.58449459241524,0.9961674078333972,8.11004638671875,1.4191553016758367,0.0059882529599077,0.0068313178776248,0.0063002921523738,0.009738252844331,49371000.0,0.8561301168702274,3.45001220703125,0.5988252959907792,0.7626287682425955,0.6127991271034773,576.1300048828125,577.1400146484375,573.1699829101562,572.97998046875,,,0.0,,,0.0,
2024-10-14,581.219970703125,585.27001953125,580.72998046875,584.3200073242188,36217200.0,578.0680053710937,573.6419982910156,571.4329956054687,558.0689965820312,578.6731877242203,575.4197239275945,571.0261339545378,5.628203307680337,4.956523508331097,0.6716797993492403,65.52217432685339,571.4329956054687,581.9506326350993,560.9153585758381,21.035274059261155,1.1126381658943163,10.55999755859375,1.8404903407101163,0.0081783189458035,0.0071270219763791,0.0064715600094219,0.0093463070035835,49349055.0,0.7338985518567681,4.739990234375,0.8178318945803564,0.776978197835504,0.5333671892491085,579.5800170898438,576.1300048828125,577.1400146484375,567.7999877929688,,,0.0,,,0.0,
2024-10-15,584.5900268554688,584.9000244140625,578.5399780273438,579.780029296875,54203600.0,579.3900146484375,574.7580017089844,572.2684967041016,559.3169970703125,579.0421349151052,576.2125067220092,571.8598382728557,5.637448839859644,5.092708574636807,0.5447402652228375,60.76962011648232,572.2684967041016,582.6427606906805,561.8942327175228,20.748527973157707,0.862027253330503,11.1600341796875,1.9626524349337235,-0.0077696775233381,0.0069340368394655,0.0068194029801163,0.0083333494585065,49593185.0,1.0929646885958222,-4.53997802734375,-0.7769677523338125,1.0969757606918369,-0.8227984292627952,584.3200073242188,579.5800170898438,576.1300048828125,573.1699829101562,,,0.0,,,0.0,
2024-10-16,579.780029296875,582.8300170898438,578.9600219726562,582.2999877929688,30725400.0,580.4220092773437,576.102001953125,573.3134948730469,560.5199963378906,580.128085874393,577.3193214621836,572.8541382271521,5.781470389376636,5.230460937584773,0.5510094517918631,60.99384816894453,573.3134948730469,583.280673939574,563.3463158065199,19.934358133054047,0.9508042275522745,13.44000244140625,2.362620466809625,0.0043464044443715,0.0069479108283574,0.0067639914070816,0.008279258300451,48177210.0,0.6377579772676749,2.51995849609375,0.434640444437151,0.6646050486546533,0.4346404444371455,579.780029296875,584.3200073242188,579.5800170898438,577.1400146484375,,,0.0,,,0.0,
2024-10-17,585.9099731445312,586.1199951171875,582.1599731445312,582.3499755859375,34393700.0,581.6660034179688,577.5549987792969,573.8819946289062,561.7937963867188,580.8687157782413,578.2339858483206,573.7585036898936,5.832409713487209,5.350850692765261,0.4815590207219484,62.17004112708981,573.8819946289062,584.5604134240981,563.2035758337144,21.356837590383748,0.8964997589738715,14.52996826171875,2.5589038910744657,8.584543021927793e-05,0.006845333408093,0.005742422717668,0.0081855565604853,46131120.0,0.7455639490218317,0.04998779296875,0.0085845430219277,0.6800072359704029,-0.6076014612769829,582.2999877929688,579.780029296875,584.3200073242188,576.1300048828125,,,0.0,,,0.0,
2024-10-18,584.0700073242188,585.3900146484375,582.5800170898438,584.5900268554688,37416800.0,582.6680053710937,578.7160034179688,574.6989959716797,562.8725964355468,582.1091528039838,579.3896296678021,574.7900773247103,5.984546781359995,5.477589910484208,0.5069568708757872,62.127688658934176,574.6989959716797,586.0427050988553,563.355286844504,22.687418254351314,0.9359698742668546,11.61004638671875,2.0262568994506003,0.0038465722734466,0.0064801879764998,0.0056075915239254,0.0076221575042172,44126805.0,0.8479381183387286,2.24005126953125,0.3846572273446647,0.4806783266058831,0.0890337673102491,582.3499755859375,582.2999877929688,579.780029296875,579.5800170898438,,,0.0,,,0.0,
2024-10-21,583.8499755859375,584.8499755859375,580.5999755859375,583.6300048828125,36439000.0,582.5300048828125,580.2990051269531,575.3969970703125,563.8853967285156,582.6161034969267,580.1606069796221,575.6319751873867,5.958959577101382,5.573863843807644,0.3850957332937383,68.54462642898079,575.3969970703125,587.1484277715036,563.6455663691214,23.502861402382223,0.8502981050496894,15.83001708984375,2.787956574528087,-0.0016422140791901,0.0054102588962665,0.0056425238320716,0.0076306158723622,43742910.0,0.8330264264540242,-0.96002197265625,-0.1642214079190185,0.7282010802123446,-0.0376758948913619,584.5900268554688,582.3499755859375,582.2999877929688,584.3200073242188,,,0.0,,,0.0,
2024-10-22,581.0499877929688,584.5,580.3800048828125,583.3200073242188,34183800.0,583.2380004882813,581.3140075683593,575.997998046875,564.886396484375,582.8507381060241,580.7350434059124,576.364168724228,5.8462751009756175,5.628346095241239,0.217929005734379,67.83427455597428,575.997998046875,588.0916775594967,563.9043185342532,24.18735902524349,0.8027204941929407,10.1500244140625,1.7708576367743083,-0.000531154251838,0.0049392987155756,0.0056417791223351,0.0076358072469008,43111815.0,0.7929102497772362,-0.30999755859375,-0.0531154251838028,0.7063010123871063,0.3906754287823546,583.6300048828125,584.5900268554688,582.3499755859375,579.780029296875,,,0.0,,,0.0,
2024-10-23,581.260009765625,581.7100219726562,574.4199829101562,577.989990234375,49314600.0,582.3760009765625,581.3990051269532,576.3954986572265,565.6053967285156,581.2304888154745,580.2359428292692,576.5190088680515,5.266178776604761,5.555912631513944,-0.2897338549091826,61.34282738480181,576.3954986572265,588.1833697238768,564.6076275905763,23.575742133300537,0.5676327204519367,0.8499755859375,0.1472737229033164,-0.009137380893711,0.0056379585510614,0.0060508327697736,0.0074918459291869,43656115.0,1.129614946268123,-5.33001708984375,-0.9137380893711078,1.2612742756226434,-0.5625743172265598,583.3200073242188,583.6300048828125,584.5900268554688,582.2999877929688,,,0.0,,,0.0,
2024-10-24,579.97998046875,580.0599975585938,576.5700073242188,579.239990234375,34979900.0,581.75400390625,581.7100036621093,576.7424987792969,566.3151965332031,580.5669892884414,580.0548605392885,576.7781499505586,4.851389020740385,5.4150079093592325,-0.5636188886188478,57.64907507674134,576.7424987792969,588.4309166790608,565.0540808795329,23.376835799527957,0.6068361636491701,3.1099853515625,0.5398061765929176,0.0021626672107126,0.0056263177127387,0.0060131199071549,0.0074881804225405,42988310.0,0.813707261346166,1.25,0.2162667210712676,0.6025119627812408,-0.1275889270827808,577.989990234375,583.3200073242188,583.6300048828125,582.3499755859375,,,0.0,,,0.0,
2024-10-25,581.510009765625,584.4600219726562,578.0800170898438,579.0399780273438,47268200.0,580.643994140625,581.6559997558594,577.1209991455078,566.8345959472656,580.0579855347422,579.8703364462076,576.9935621483476,4.455169417485308,5.223040210984448,-0.7678707934991396,65.63713186219732,577.1209991455078,588.5785123760614,565.6634859149541,22.915026461107345,0.5837432540212415,-0.5400390625,-0.0931776539176791,-0.0003453011021395,0.0052930734831754,0.0059981534420377,0.0071328473606858,43246675.0,1.0929903859660888,-0.20001220703125,-0.0345301102139594,1.1018245932772572,-0.4247616888446658,579.239990234375,577.989990234375,583.3200073242188,584.5900268554688,,,0.0,,,0.0,
2024-10-28,582.5800170898438,582.7100219726562,580.52001953125,580.8300170898438,30174700.0,580.0839965820312,581.3070007324219,577.4744995117187,567.3649963378906,580.3153293864427,580.0448238359596,577.3589388094424,4.236764930832692,5.025785154954097,-0.7890202241214048,61.83561302783164,577.4744995117187,588.9316573213564,566.017341702081,22.914315619275385,0.6464376084312291,-3.489990234375,-0.5972737867314761,0.0030913911481522,0.0046117461887673,0.0059748266434376,0.0071370141166549,41577540.0,0.7257451980083478,1.7900390625,0.3091391148152267,0.3770470493895801,-0.3003879207429321,579.0399780273438,579.239990234375,577.989990234375,583.6300048828125,,,0.0,,,0.0,
2024-10-29,579.8499755859375,582.9099731445312,578.4299926757812,581.77001953125,42899700.0,579.7739990234375,581.5059997558594,578.1320007324218,567.8081970214844,580.8002261013785,580.3584957805579,577.7790417353287,4.092354032845606,4.839098930532399,-0.746744897686793,57.89292967969634,578.1320007324218,588.9405626034268,567.3234388614169,21.61712374200988,0.6682933790011196,1.989990234375,0.3432319386351319,0.0016183778622804,0.0038861006067237,0.0055332851566751,0.0070292403540093,40089085.0,1.0701092329745117,0.94000244140625,0.1618377862280473,0.7700603878418586,0.3311277099515782,580.8300170898438,579.0399780273438,579.239990234375,583.3200073242188,,,0.0,,,0.0,
2024-10-30,581.2899780273438,583.3200073242188,579.2899780273438,580.010009765625,41435800.0,580.1780029296875,581.277001953125,578.689501953125,568.2343969726562,580.5368206561274,580.2951346869337,577.9915148810712,3.792175438784852,4.62971423218289,-0.8375387933980374,56.44945945068502,578.689501953125,588.5970672990833,568.7819366071668,19.815130691916465,0.5666413879893637,-2.28997802734375,-0.3932643096942551,-0.0030252672130528,0.0037401123327825,0.0056105817252004,0.0070418746567795,40255985.0,1.0293078159682345,-1.760009765625,-0.3025267213052851,0.6948206460270376,-0.220194448571508,581.77001953125,580.8300170898438,579.0399780273438,577.989990234375,,,0.0,,,0.0,
2024-10-31,575.5599975585938,575.6300048828125,568.4400024414062,568.6400146484375,60182500.0,578.0580078125,579.906005859375,578.730502319336,568.3947973632812,576.5712186535641,578.1760219526616,577.1008958112966,2.6067689476078613,4.225125175267884,-1.6183562276600227,35.60528306614434,578.730502319336,588.4537458073012,569.0072588313708,19.446486975930384,-0.018884859943487,-13.7099609375,-2.3542477053777806,-0.0196031015426474,0.007119144942476,0.0072485467604872,0.007596050824482,41222785.0,1.4599328987597515,-11.3699951171875,-1.960310154264744,1.2644207681816904,-1.2023043539351908,580.010009765625,581.77001953125,580.8300170898438,579.239990234375,,,0.0,,,0.0,
2024-11-01,571.3200073242188,575.5499877929688,570.6199951171875,571.0399780273438,45667500.0,576.4580078125,578.5510009765625,578.6335021972657,568.6911975097656,574.7274717781573,576.8785594207856,576.5236655461582,1.8397749696742949,3.7480551341491664,-1.9082801644748717,31.37967390895055,578.6335021972657,588.6330751934937,568.6339292010376,19.99914599245608,0.1203075784942871,-13.550048828125,-2.317872048042149,0.0042205320010586,0.0071562351433485,0.0070085753238673,0.0075228324451581,41359205.0,1.104167742102393,2.39996337890625,0.4220532001058652,0.863335819816311,-0.0490144390683111,568.6400146484375,580.010009765625,581.77001953125,579.0399780273438,,,0.0,,,0.0,
2024-11-04,571.1799926757812,572.5,567.8900146484375,569.8099975585938,38217000.0,574.25400390625,577.1690002441406,578.7340026855469,568.8447973632813,573.0883137049696,575.5933663549325,575.8842685949616,1.1197695652998618,3.222398020379305,-2.102628455079444,34.59038570024319,578.7340026855469,588.306404114495,569.1616012565988,19.14480285789614,0.0338680062055324,-13.82000732421875,-2.3679398263620253,-0.0021539305759273,0.0071526854918748,0.0067114726045619,0.0073895796278586,40771820.0,0.9373385833646868,-1.22998046875,-0.2153930575927387,0.8090390430695196,-0.2398534848480153,571.0399780273438,568.6400146484375,580.010009765625,580.8300170898438,,,0.0,,,0.0,
2024-11-05,570.739990234375,576.739990234375,570.52001953125,576.7000122070312,39478300.0,573.2400024414062,576.5070007324218,578.9105041503906,569.162998046875,574.2922132056568,575.7945746916778,575.9619584627777,1.092532658439609,2.7964249479913663,-1.7038922895517574,42.374780177586594,578.9105041503906,588.1762006381927,569.6448076625885,18.53139297560415,0.3807163635097828,-6.6199951171875,-1.1348822317195095,0.0120917756409302,0.0085002218864617,0.0069251943578168,0.0075638646658883,40875800.0,0.9658110666947192,6.8900146484375,1.2091775640930225,1.0785452698919096,1.0442621990109298,569.8099975585938,571.0399780273438,568.6400146484375,581.77001953125,,,0.0,,,0.0,
2024-11-06,589.2000122070312,591.9299926757812,585.3900146484375,591.0399780273438,68182000.0,575.44599609375,577.8119995117188,579.605502319336,569.75259765625,579.8748014795525,578.5664662072534,577.3979603260698,2.202671584218706,2.6776742752368348,-0.4750026910181288,58.5179282296479,579.605502319336,590.2888038840034,568.9222007546686,21.366603129334862,1.0351564607061488,13.04998779296875,2.257822456004295,0.0248655549103136,0.0112783972304097,0.0087467299480671,0.0083068026401687,42389290.0,1.6084723287415288,14.3399658203125,2.4865554910313614,1.1065204166343523,0.3122820404263635,576.7000122070312,569.8099975585938,571.0399780273438,580.010009765625,,,0.0,,,0.0,
2024-11-07,593.0800170898438,596.6500244140625,593.0,595.6099853515625,47233200.0,580.839990234375,579.4489990234375,580.5795013427735,570.4987976074219,585.1198627702225,581.665287869855,579.1324388999262,3.4118958672115696,2.824518593631782,0.5873772735797878,60.32991464923112,580.5795013427735,593.2885726266791,567.8704300588679,25.418142567811174,1.0913289678303717,16.3699951171875,2.8261161855492385,0.0077321458684938,0.0114080563246687,0.0088334332348357,0.0082991635955896,42544045.0,1.1102188332115577,4.57000732421875,0.77321458684938,0.612821225941679,0.4265812687692517,591.0399780273438,576.7000122070312,569.8099975585938,568.6400146484375,,,0.0,,,0.0,
2024-11-08,596.1699829101562,599.6400146484375,596.1699829101562,598.1900024414062,46444900.0,586.2699951171875,581.3640014648438,581.5100006103515,571.2955981445313,589.4765759939505,584.6697814283189,580.9474449514958,4.526225134646893,3.164859901834804,1.3613652328120889,63.245989572054434,581.5100006103515,596.4416804164828,566.5783208042203,29.863359612262457,1.0585440502215158,19.1500244140625,3.3072024628251464,0.0043317223574095,0.011358301696222,0.0087988164211416,0.0083079197868533,42752890.0,1.0863569690844292,2.58001708984375,0.4331722357409528,0.5800885544925412,0.3388328143241019,595.6099853515625,591.0399780273438,576.7000122070312,571.0399780273438,,,0.0,,,0.0,
2024-11-11,599.8099975585938,600.1699829101562,597.0,598.760009765625,37586800.0,592.0599975585938,583.1570007324219,582.2320007324219,571.9971984863281,592.571053917842,587.2316411260108,582.6438796956986,5.393164887023772,3.610520898872598,1.7826439881511744,63.9804360441018,582.2320007324219,599.017191813946,565.4468096508976,33.57038216304841,0.992339019345328,17.92999267578125,3.0869604097971077,0.0009528867448342,0.0113831240920607,0.0086625657311801,0.0082247113691356,42821370.0,0.877757997934209,0.57000732421875,0.0952886744834291,0.5294246206250629,-0.1750533997836839,598.1900024414062,595.6099853515625,591.0399780273438,569.8099975585938,,,0.0,,,0.0,
2024-11-12,598.6799926757812,599.2899780273438,594.3699951171875,596.9000244140625,43006100.0,596.1,584.6700012207032,583.0880004882813,572.8935986328125,594.0140440832489,588.9895289965657,584.0016077641143,5.86255572039056,4.060927863176191,1.8016278572143696,68.27056442481884,583.0880004882813,601.0514814630366,565.124519513526,35.92696194951054,0.8844473113310205,15.1300048828125,2.600684871146026,-0.003106395419244,0.0115484507134122,0.0084673765948323,0.0076282453553235,42261495.0,1.0176189933650004,-1.8599853515625,-0.3106395419244068,0.8242557729807221,-0.2973154746266429,598.760009765625,598.1900024414062,595.6099853515625,576.7000122070312,,,0.0,,,0.0,
2024-11-13,597.3699951171875,599.22998046875,594.9600219726562,597.1900024414062,47388600.0,597.3300048828125,586.3880004882812,583.8325012207031,573.8183984375,595.0726968693014,590.4805241683548,585.2576453524279,6.186634469849196,4.486069184510792,1.7005652853384037,67.67082100071742,583.8325012207031,602.8611303426385,564.8038720987677,38.05725824387082,0.8509843282747364,17.17999267578125,2.962016583597148,0.000485806693723,0.0114099324155589,0.0084428027437715,0.0076119892141185,43094655.0,1.0996398509281486,0.28997802734375,0.0485806693723001,0.71500836896758,-0.0301308531149008,596.9000244140625,598.760009765625,598.1900024414062,591.0399780273438,,,0.0,,,0.0,
2024-11-14,597.3200073242188,597.8099975585938,592.6500244140625,593.3499755859375,38904100.0,596.8780029296875,588.8589965820313,584.3825012207031,574.6931982421875,594.4984564415134,591.0022426079153,586.0283434699049,6.0637124364263855,4.801597834893912,1.262114601532474,63.14532379586468,584.3825012207031,603.8612663699946,564.9037360714117,38.95753029858293,0.7301859049201725,24.7099609375,4.345448843021884,-0.0064301593123965,0.0090236493147091,0.008615949018615,0.007676379491377,43320175.0,0.8980596223353207,-3.84002685546875,-0.6430159312396544,0.8696340030073715,-0.6646406766224993,597.1900024414062,596.9000244140625,598.760009765625,595.6099853515625,,,0.0,,,0.0,
2024-11-15,589.719970703125,590.2000122070312,583.8599853515625,585.75,75988800.0,594.3900024414063,590.3299987792968,584.4404998779297,575.6009985351562,591.5823042943423,590.047289406476,586.0018345680093,5.292038005248969,4.899685868964923,0.3923521362840461,54.083655953417065,584.4404998779297,603.9287721672536,564.9522275886059,38.97654457864769,0.5335971322298197,14.71002197265625,2.576005628094899,-0.0128085883519797,0.010522464553533,0.0091139076338396,0.0074987585408166,45248775.0,1.6793559604652282,-7.5999755859375,-1.2808588351979733,1.0823776108354672,-0.6731959065913252,593.3499755859375,597.1900024414062,596.9000244140625,598.1900024414062,,,0.0,,,0.0,
2024-11-18,586.219970703125,589.489990234375,585.3400268554688,588.1500244140625,37001700.0,592.2680053710938,592.1640014648438,584.6665008544921,576.4357995605469,590.4382110009158,589.702332135128,586.2064240771572,4.818596589291701,4.883468013030279,-0.0648714237385776,55.17018633048833,584.6665008544921,604.2199242253893,565.113077483595,39.10684674179424,0.589077076005912,18.34002685546875,3.218621458740348,0.0040973528195689,0.0103938212656555,0.0091451964363415,0.0073804411472409,45276910.0,0.8172311228836067,2.4000244140625,0.4097352819568911,0.7055960565572708,0.329237113608148,585.75,593.3499755859375,597.1900024414062,598.760009765625,,,0.0,,,0.0,
2024-11-19,584.7100219726562,591.0399780273438,584.030029296875,590.2999877929688,49412000.0,590.947998046875,593.5239990234375,585.0154998779296,577.2659997558594,590.3921365982668,589.81099680019,586.5962872881868,4.564260973519481,4.81962660512812,-0.2553656316086385,58.28635352473899,585.0154998779296,604.7163406834921,565.3146590723671,39.40168161112501,0.6341183345217185,13.5999755859375,2.358240904814686,0.0036554676352316,0.0099256581278662,0.0091700292681534,0.0073755743618829,46038320.0,1.0732798242855082,2.14996337890625,0.3655467635231613,1.1875231027325202,0.9560236031962376,588.1500244140625,585.75,593.3499755859375,596.9000244140625,,,0.0,,,0.0,
2024-11-20,590.3800048828125,590.7899780273438,584.6300048828125,590.5,50032600.0,589.6099975585937,593.4700012207031,585.641000366211,577.9876000976562,590.4280910655112,589.9362701092463,586.9680694512166,4.328936197352618,4.72148852357302,-0.3925523262204011,71.4650617544398,585.641000366211,605.1964911753744,566.0855095570475,39.11098161832683,0.6242361974242084,-0.53997802734375,-0.0913606604321389,0.0003388314605579,0.0060088789624319,0.0088787204715077,0.0072673976579751,46074220.0,1.085913120178703,0.20001220703125,0.0338831460557909,1.0431791946708298,0.020325064567747,590.2999877929688,588.1500244140625,585.75,597.1900024414062,,,0.0,,,0.0,
2024-11-21,593.4000244140625,595.1199951171875,587.4500122070312,593.6699829101562,46750300.0,589.6739990234375,593.2760009765625,586.3625,578.67919921875,591.5087216803929,590.6151269821389,587.6063469234966,4.348108457321473,4.646812510322711,-0.2987040530012379,71.89014367897526,586.3625,605.9882735712989,566.736726428701,39.25154714259793,0.6861705701334206,-1.94000244140625,-0.3257169102464176,0.0053683029807896,0.0057065113241628,0.0089275509339299,0.0072188605732704,46662740.0,1.0018764436036118,3.16998291015625,0.5368302980789608,1.29196070728693,0.0454935094349403,590.5,590.2999877929688,588.1500244140625,593.3499755859375,,,0.0,,,0.0,
2024-11-22,593.6599731445312,596.1500244140625,593.1500244140625,595.510009765625,38226400.0,591.6260009765625,593.0080017089844,587.186001586914,579.34919921875,592.8424843754703,591.5051056700455,588.359076717985,4.460361134288064,4.609522235115781,-0.1491611008277171,74.56980707984637,587.186001586914,606.9000452261212,567.4719579477069,39.428087278414296,0.7111187418231198,-2.67999267578125,-0.4480169619758498,0.0030994102926493,0.0056075488346194,0.0089279990505331,0.0072010953899114,46210650.0,0.8272205649563467,1.84002685546875,0.3099410292649374,0.5037698696585655,0.3116323661328172,593.6699829101562,590.5,590.2999877929688,585.75,,,0.0,,,0.0,
2024-11-25,599.52001953125,600.8599853515625,595.2000122070312,597.530029296875,42441400.0,593.502001953125,592.8850036621094,588.0210021972656,580.0429992675781,594.404999349272,592.600546329469,589.2325007731173,4.658619221193135,4.619341632331253,0.0392775888618821,71.9586973502528,588.0210021972656,608.0142250166026,568.0277793779286,39.98644563867401,0.7378062602896737,-1.22998046875,-0.2054212787576538,0.0033920832532186,0.0057264045509172,0.0089311769849267,0.0072077756726074,46823985.0,0.9064029898352308,2.02001953125,0.3392083253218603,0.9472282340674072,-0.3319305727156408,595.510009765625,593.6699829101562,590.5,588.1500244140625,,,0.0,,,0.0,
2024-11-26,598.7999877929688,601.3300170898438,598.0700073242188,600.6500244140625,45621300.0,595.5720092773438,593.2600036621094,588.9650024414062,580.794599609375,596.4866743708689,594.064087799395,590.3198839770168,5.009748452803933,4.697422996425789,0.3123254563781437,63.26987096828568,588.9650024414062,609.4912744001226,568.4387304826898,41.05254391743279,0.7846357584114119,3.75,0.6282459116467835,0.0052214867273847,0.005859294458488,0.0089708736787561,0.0072287938917859,46960065.0,0.9714914150991912,3.1199951171875,0.5221486727384761,0.5427469629765117,0.3089573578504127,597.530029296875,595.510009765625,593.6699829101562,590.2999877929688,,,0.0,,,0.0,
2024-11-27,600.4600219726562,600.8499755859375,597.280029296875,598.8300170898438,34000200.0,597.2380126953125,593.4240051269531,589.9060028076171,581.5431994628906,597.2677886105272,594.9306203976583,591.1303728449051,5.082572782728676,4.774452953686367,0.3081198290423081,54.81175974856305,589.9060028076171,610.4292847288712,569.3827208863631,41.04656384250802,0.7174119694030235,1.6400146484375,0.2746219196123283,-0.0030300628489846,0.0059740689208162,0.0089710048982692,0.0072295762118959,46588285.0,0.7298014940880524,-1.82000732421875,-0.303006284898466,0.5961535305814326,-0.2714593516913149,600.6500244140625,597.530029296875,595.510009765625,590.5,,,0.0,,,0.0,
2024-11-29,599.6599731445312,603.3499755859375,599.3800048828125,602.5499877929688,30177400.0,599.014013671875,594.3440063476562,591.6015014648438,582.174599609375,599.0285216713411,596.3159599240784,592.2179552209112,5.378457623999111,4.8952538877489165,0.4832037362501946,56.30056131215095,591.6015014648438,610.2441691013892,572.9588338282983,37.28533527309082,0.7936405492383121,9.20001220703125,1.550520364974511,0.0062120645207517,0.005726379415867,0.0074889973550005,0.0069026810574611,45088030.0,0.669299590157299,3.719970703125,0.6212064520751737,0.6588616353086791,0.4819422302413609,598.8300170898438,600.6500244140625,597.530029296875,593.6699829101562,,,0.0,,,0.0,
2024-12-02,602.969970703125,604.3200073242188,602.469970703125,603.6300048828125,31746000.0,600.6380126953125,596.1320068359375,593.2310028076172,582.8821997070313,600.5623494084982,597.6457862802117,593.3048170934732,5.635138476902171,5.043230805579567,0.5919076713226037,56.93534199519507,593.2310028076172,609.8990382411555,576.5629673740789,33.336070867076614,0.8119444435026558,17.8800048828125,3.052497632575758,0.0017924107737512,0.0027397937889726,0.0074866018004659,0.0068507808861921,44391955.0,0.7151295769695207,1.08001708984375,0.1792410773751251,0.3064851989014218,0.1094638558729271,602.5499877929688,598.8300170898438,600.6500244140625,595.510009765625,,,0.0,,,0.0,
2024-12-03,603.3900146484375,604.1599731445312,602.3400268554688,603.9099731445312,26906600.0,601.9140014648438,597.7080017089844,594.936001586914,583.5669995117188,601.6782239871759,598.7847293464516,594.3148319554787,5.794357257440197,5.193456095951693,0.6009011614885038,60.4532588217091,594.936001586914,608.1310379630737,581.7409652107543,26.390072752319384,0.84005103516922,15.75994873046875,2.679579712024906,0.0004638077289962,0.0028200301796603,0.0074179027652787,0.006849143915517,43826435.0,0.613935402229271,0.27996826171875,0.0463807728996235,0.3013605288858079,0.0861728705266529,603.6300048828125,602.5499877929688,598.8300170898438,597.530029296875,,,0.0,,,0.0,
2024-12-04,605.6300048828125,607.9099731445312,604.9500122070312,607.6599731445312,42787600.0,603.3159912109375,599.4440002441406,596.483999633789,584.29419921875,603.672140372961,600.3984100370116,595.5857977830076,6.152214054073284,5.385207687576012,0.7670063664972719,64.15243777679508,596.483999633789,607.8017998949715,585.1661993726066,22.63560052236494,0.9937343499987936,17.3599853515625,2.940875099196348,0.006209534809425,0.0030289910016716,0.0071474750238841,0.0068820965409054,43991900.0,0.9726245058749452,3.75,0.6209534809425099,0.4871080980013763,0.3351829079392363,603.9099731445312,603.6300048828125,602.5499877929688,600.6500244140625,,,0.0,,,0.0,
2024-12-05,607.6599731445312,608.47998046875,606.2999877929688,606.6599731445312,28762200.0,604.881982421875,601.0599975585938,597.2649993896484,585.0265991210938,604.6680846301512,601.5368760565606,596.6404811507717,6.282703406944506,5.56470683144971,0.7179965754947961,69.48757222799112,597.2649993896484,609.1429197847959,585.3870789945009,23.755840790295,0.895480582557236,16.15997314453125,2.736659296279636,-0.0016456571836139,0.0032712486767917,0.004920455107468,0.0068767998906912,42020910.0,0.6844735156854052,-1.0,-0.164565718361398,0.3593434167877574,-0.1645657183614019,607.6599731445312,603.9099731445312,603.6300048828125,598.8300170898438,,,0.0,,,0.0,
2024-12-06,607.4400024414062,609.0700073242188,607.02001953125,607.8099975585938,31241500.0,605.933984375,602.4739990234375,597.875,585.7367993164063,605.715388939632,602.6774436023848,597.7042446181835,6.4050807345956855,5.732781612078906,0.6722991225167796,89.81947263004119,597.875,610.6167227321,585.1332772679,25.48344546420003,0.8898608440742739,14.1400146484375,2.381797135695405,0.0018956655539701,0.0031391561784921,0.0046874963431626,0.0068664664016997,41221325.0,0.7578965499046914,1.1500244140625,0.1895665553970138,0.3372744445144024,0.0609105616522497,606.6599731445312,607.6599731445312,603.9099731445312,602.5499877929688,,,0.0,,,0.0,
2024-12-09,607.6900024414062,607.8599853515625,604.0800170898438,604.6799926757812,34742700.0,606.1439819335938,603.3909973144531,598.1994995117187,586.4009997558594,605.3702568516818,603.0415434339113,598.36860157605,6.178281035014379,5.821881496666001,0.356399538348378,79.07135511821673,598.1994995117187,611.3005024181286,585.0984966053088,26.202005812819834,0.7473281324474715,9.16998291015625,1.5398536984735625,-0.0051496436310439,0.0039122282566629,0.004813210952153,0.0069156658969923,40636215.0,0.8549688990473153,-3.1300048828125,-0.5149643631043976,0.6251187913448134,-0.4953199416696388,607.8099975585938,606.6599731445312,607.6599731445312,603.6300048828125,,,0.0,,,0.0,
2024-12-10,605.3699951171875,605.7999877929688,602.1300048828125,602.7999877929688,37234500.0,605.9219848632813,603.9179931640625,598.401498413086,586.9817993164063,604.5135004987775,602.9976242264672,598.7906383586137,5.780209302126536,5.813547057758108,-0.0333377556315719,72.19457533367724,598.401498413086,611.6624943750354,585.1405024511365,26.52199192389889,0.6658431007936219,5.26995849609375,0.8819570963312104,-0.0031090906026065,0.0041049734322454,0.0048805768083261,0.0069289576638896,40618600.0,0.916685951756092,-1.8800048828125,-0.3109090602606557,0.6088226583403156,-0.4245349695141808,604.6799926757812,607.8099975585938,606.6599731445312,603.9099731445312,,,0.0,,,0.0,
2024-12-11,605.780029296875,608.4299926757812,605.5,607.4600219726562,28677700.0,605.8819946289062,604.5989929199219,598.9294982910156,587.7585998535156,605.4956743234038,603.8089692712289,599.6162939409035,5.774199026566862,5.805677451519859,-0.0314784249529971,75.9963102047537,598.9294982910156,612.7671533519157,585.0918432301156,27.675310121800067,0.8082358840460125,6.80999755859375,1.1337712947297292,0.0077306474353944,0.0044606946102286,0.00507463827793,0.0068402908861362,39902180.0,0.7187000810482034,4.6600341796875,0.7730647435394422,0.4823350623579206,0.2773271805825634,602.7999877929688,604.6799926757812,607.8099975585938,607.6599731445312,,,0.0,,,0.0,
2024-12-12,606.5800170898438,607.1599731445312,604.3300170898438,604.3300170898438,31543800.0,605.4160034179688,605.1489929199219,599.2864990234375,588.4680004882813,605.1071219122172,603.9037052382497,600.0652199550882,5.454000284105405,5.7353420180369685,-0.2813417339315638,66.35974312091601,599.2864990234375,613.3024604550778,585.2705375917972,28.03192286328067,0.6799205174402364,5.5,0.9184576328903068,-0.0051526104922068,0.0047237496505892,0.005251774022271,0.0069008099869628,39109940.0,0.8065417640630489,-3.1300048828125,-0.5152610492206833,0.4682799090992,-0.3709321007300411,607.4600219726562,602.7999877929688,604.6799926757812,606.6599731445312,,,0.0,,,0.0,
2024-12-13,606.4000244140625,607.1300048828125,602.8099975585938,604.2100219726562,35904700.0,604.6960083007813,605.3149963378906,599.8295013427735,589.19580078125,604.8080885990303,603.95939918996,600.4599630043804,5.1314062140355645,5.614554857236688,-0.4831486432011234,64.09591563474687,599.8295013427735,613.7179730322852,585.9410296532618,27.77694337902335,0.6577034798289166,1.6600341796875,0.2755014875641943,-0.0001985589227643,0.004346394928547,0.0049906235043634,0.0068898930894438,38959970.0,0.9215792517294032,-0.1199951171875,-0.0198558922764324,0.7149843874013486,-0.3611481453224466,604.3300170898438,607.4600219726562,602.7999877929688,607.8099975585938,,,0.0,,,0.0,
2024-12-16,606.0,607.780029296875,605.2100219726562,606.7899780273438,43695200.0,605.1180053710938,605.6309936523437,600.8815002441406,589.8720007324218,605.4687184084681,604.4740498876661,601.0628215779959,5.025992468753202,5.496842379539991,-0.4708499107867885,64.73576347407169,600.8815002441406,613.3993415052322,588.363658983049,25.03568252218315,0.7360022650857572,3.15997314453125,0.5234950414939563,0.0042699656756177,0.0045095067841676,0.0038485383469398,0.0068115304121587,37345290.0,1.170032419081496,2.5799560546875,0.426996567561777,0.4235414916663204,0.130359410452764,604.2100219726562,604.3300170898438,607.4600219726562,604.6799926757812,,,0.0,,,0.0,
2024-12-17,604.1900024414062,605.1699829101562,602.8900146484375,604.2899780273438,55773500.0,605.4160034179688,605.668994140625,601.6884979248047,590.6018005371094,605.0758049480934,604.4405822766984,601.3701698112671,4.6866968851985575,5.334813280671705,-0.6481163954731475,55.90901794791004,601.6884979248047,612.7463363029319,590.6306595466774,22.11567675625452,0.6176305898847686,0.3800048828125,0.0629240946020202,-0.0041200416792106,0.0047440148458035,0.0040220700570517,0.0066955629104837,38283880.0,1.45684032026012,-2.5,-0.4120041679210651,0.3772970501945976,0.0165470440645358,606.7899780273438,604.2100219726562,604.3300170898438,602.7999877929688,,,0.0,,,0.0,
2024-12-18,603.97998046875,606.4099731445312,585.8900146484375,586.280029296875,108248700.0,601.1800048828125,603.5309997558594,601.4875,590.8640014648438,598.8105463976873,601.1386635530941,599.9330135718012,2.930766294111777,4.854003883359719,-1.9232375892479423,36.646087782169495,601.4875,613.5201287953711,589.4548712046288,24.06525759074225,-0.1319263629646404,-21.37994384765625,-3.5184058178159865,-0.0298034873741589,0.0101533041850591,0.0080047020984081,0.0079079780292347,41225715.0,2.6257567637092527,-18.00994873046875,-2.9803487374158943,3.5000268592985018,-2.9305526249625085,604.2899780273438,606.7899780273438,604.2100219726562,607.4600219726562,,,0.0,,,0.0,
2024-12-19,591.3599853515625,593.0,585.8499755859375,586.0999755859375,85919500.0,597.5339965820312,601.475,601.2674987792968,591.0432006835938,594.5736894604374,598.4043566499747,598.6155813826714,1.5072748934520632,4.184658085378188,-2.6773831919261246,31.07018689816473,601.2674987792968,614.2679641985391,588.2670333600546,26.000930838484464,-0.0833453920391801,-20.55999755859375,-3.3890479788907246,-0.0003071121340316,0.0101896393968466,0.0080032462386803,0.0078536774171034,43020060.0,1.9971961917300909,-0.1800537109375,-0.0307112134031672,1.2199325562016032,-0.8894767816422231,586.280029296875,604.2899780273438,606.7899780273438,604.3300170898438,,,0.0,,,0.0,
2024-12-20,581.77001953125,595.75,580.9099731445312,591.1500244140625,125716700.0,594.9219970703125,599.8090026855468,601.1415008544922,591.3436010742188,593.4324677783125,597.0853871525361,597.9045759570896,0.7776798291565683,3.503262434133864,-2.7255826049772955,36.84102814925412,601.1415008544922,614.496027080407,587.7869746285774,26.70905245182962,0.1259142304486646,-16.65997314453125,-2.740983730351557,0.0086163607549656,0.0107817537382997,0.0081567247480936,0.0079338382220952,46968380.0,2.6766241458615347,5.050048828125,0.8616360754965635,2.510365599693229,1.6123218055083446,586.0999755859375,586.280029296875,604.2899780273438,604.2100219726562,,,0.0,,,0.0,
2024-12-23,590.8900146484375,595.2999877929688,587.6599731445312,594.6900024414062,57635800.0,592.502001953125,598.8100036621094,601.1005004882812,591.64580078125,593.8516459993438,596.6498626596034,597.598426098453,0.4795887259308529,2.898527692493262,-2.418938966562409,40.90374809415879,601.1005004882812,614.5326342310955,587.668366745467,26.86426748562849,0.2613745451907674,-9.989990234375,-1.65211191959041,0.0059882904189212,0.0110744662565054,0.0082429897258152,0.0079338387465034,47938850.0,1.2022774847540147,3.53997802734375,0.5988290418921238,1.2847054124119497,0.6430956182648699,591.1500244140625,586.0999755859375,586.280029296875,606.7899780273438,,,0.0,,,0.0,
2024-12-24,596.0599975585938,601.3400268554688,595.469970703125,601.2999877929688,33160100.0,591.90400390625,598.6600036621094,601.2889984130859,591.985400390625,596.3344265972188,597.4953399565788,597.950955783645,0.7678684454547238,2.4723958430855544,-1.7045273976308306,44.06053351573188,601.2889984130859,614.6155562385314,587.9624405876403,26.653115650891092,0.5004123112669753,-1.5,-0.248838757527509,0.0111150100462866,0.0117530112904249,0.0085858048438994,0.0080020713820398,47474785.0,0.6984781500326963,6.6099853515625,1.1115010046286675,0.9762275522222108,0.8791044954933248,594.6900024414062,591.1500244140625,586.0999755859375,604.2899780273438,,,0.0,,,0.0,
2024-12-26,599.5,602.47998046875,598.0800170898438,601.3400268554688,41219100.0,594.9160034179688,598.0480041503906,601.3234985351562,592.4166003417969,598.0029600166355,598.1943739381952,598.2737244571521,0.9881719863016089,2.175551071728765,-1.1873790854271564,44.941100813491325,601.3234985351562,614.6466635018642,588.0003335684482,26.646329933415927,0.5006202850581617,-6.1199951171875,-1.0074729028773817,6.658749927290764e-05,0.0114246994955803,0.0085088950854325,0.0079109292758067,47254675.0,0.8722756002448435,0.0400390625,0.0066587499272907,0.7316930825168196,0.3069269150072977,601.2999877929688,594.6900024414062,591.1500244140625,586.280029296875,,,0.0,,,0.0,
2024-12-27,597.5399780273438,597.780029296875,590.760009765625,595.010009765625,64969300.0,596.6980102539062,597.1160034179687,601.1324981689453,592.67080078125,597.0053099329654,597.6153986340914,597.9628944865304,0.6445546281023553,1.8693517830034831,-1.2247971549011278,38.9196917390243,601.1324981689453,614.7132121289004,587.5517842089902,27.16142791991024,0.2745888610358257,-9.32000732421875,-1.5422049311896375,-0.0105265187866251,0.0117655155472364,0.0088133376703666,0.0080517398584775,48803130.0,1.331252729077008,-6.33001708984375,-1.052651878662514,1.179815367142343,-0.4233973214764515,601.3400268554688,601.2999877929688,594.6900024414062,586.0999755859375,,,0.0,,,0.0,
2024-12-30,587.8900146484375,591.739990234375,584.4099731445312,588.219970703125,56578800.0,596.1119995117188,595.5169982910156,600.4159973144531,592.7882006835938,594.0768635230186,595.9071390102793,597.0349969833491,-0.1736621404650122,1.4607489983097843,-1.6344111387747966,36.60046089314692,600.4159973144531,615.1453209465227,585.6866736823835,29.458647264139245,0.0859950220397726,-15.99005126953125,-2.646439265824506,-0.011411638377604,0.012156594410701,0.0090086739423736,0.008225068223223,50123200.0,1.1287946499824433,-6.7900390625,-1.141163837760406,1.2461353668563582,0.0561254735521943,595.010009765625,601.3400268554688,601.2999877929688,591.1500244140625,,,0.0,,,0.0,
2024-12-31,589.9099731445312,590.6400146484375,584.4199829101562,586.0800170898438,57052700.0,594.3900024414063,593.4460021972657,599.5384979248047,592.8180004882812,591.4112480452936,594.1203895702,595.99166556492,-0.983444658886924,0.9719102668704428,-1.9553549257573668,36.4462093519869,599.5384979248047,615.5010660495469,583.5759298000625,31.925136249484467,0.0784362287513097,-20.7099609375,-3.4130360894930183,-0.003638015912182,0.0119140181578766,0.0089967127350984,0.0082260853224111,51388535.0,1.1102223482339009,-2.13995361328125,-0.3638015912182046,1.0612939456913344,-0.6492441608118293,588.219970703125,595.010009765625,601.3400268554688,594.6900024414062,,,0.0,,,0.0,
2025-01-02,589.3900146484375,591.1300048828125,580.5,584.6400146484375,50204000.0,591.0580078125,591.481005859375,598.575,592.8382006835938,589.1541702463417,592.3966850389704,594.9105559538265,-1.7215542950402778,0.4332173544882985,-2.1547716495285765,30.482382186845182,598.575,615.7097934960198,581.4402065039803,34.26958699203942,0.0933716576508627,-19.64996337890625,-3.251744045640469,-0.0024570065510107,0.0119144893408625,0.0089879642606836,0.008230381077203,52553405.0,0.955294904297828,-1.44000244140625,-0.2457006551010776,1.8182137069773885,-0.8059179629694448,586.0800170898438,588.219970703125,595.010009765625,601.2999877929688,,,0.0,,,0.0,
2025-01-03,587.530029296875,592.5999755859375,586.4299926757812,591.9500122070312,37888500.0,589.1800048828125,592.0480041503906,597.789501953125,593.01080078125,590.0861175665716,592.3154717967997,594.6285994065126,-1.6970927597736818,0.0071553316359025,-1.7042480914095843,40.11813379012252,597.789501953125,614.6081572364118,580.9708466698381,33.63731056657366,0.326398435316747,5.66998291015625,0.9671117259368792,0.0125034164194004,0.0084359353244193,0.0093768720017997,0.0084153703464508,52308450.0,0.7243284784771867,7.30999755859375,1.2503416419400448,1.0423148547885042,0.7522990638360821,584.6400146484375,586.0800170898438,588.219970703125,601.3400268554688,,,0.0,,,0.0,
2025-01-06,596.27001953125,599.7000122070312,593.5999755859375,595.3599853515625,47679400.0,589.25,592.9740051269531,597.2245025634766,593.3582006835937,591.844073494902,592.8690197158475,594.698255210803,-1.386567001128924,-0.2715891349170627,-1.1149778662118612,43.28830759574411,597.2245025634766,613.5401511181572,580.908854008796,32.631297109361185,0.4428610758050689,9.260009765625,1.5799368966646958,0.0057605761875356,0.0085493296673095,0.0095064654268047,0.0083367480578173,53254310.0,0.8953153275293586,3.40997314453125,0.5760576187535671,1.0245963402279468,-0.1526211531485201,591.9500122070312,584.6400146484375,586.0800170898438,595.010009765625,,,0.0,,,0.0,
2025-01-07,597.4199829101562,597.75,586.780029296875,588.6300048828125,60393100.0,589.3320068359375,592.7220031738282,596.2655029296875,593.5460009765625,590.7727172908722,592.0982897462047,594.1203266081372,-1.6643407945567787,-0.550139466845006,-1.1142013277117728,37.04340131563477,596.2655029296875,612.211932472302,580.319073387073,31.89285908522902,0.2605891015769315,-2.52001953125,-0.4262910305633157,-0.011304052395755,0.0090399746745008,0.0097573125992216,0.0085020043824379,54711890.0,1.10383867199616,-6.72998046875,-1.1304052395755049,1.8636444986029823,-1.4713230689951062,595.3599853515625,591.9500122070312,584.6400146484375,588.219970703125,,,0.0,,,0.0,
2025-01-08,588.7000122070312,590.5800170898438,585.2000122070312,589.489990234375,47304700.0,590.0140014648438,592.202001953125,595.5060028076172,593.7550012207031,590.3451416053731,591.6240534713265,593.6793421915884,-1.7944001682624275,-0.7989916071284904,-0.9954085611339372,39.18761888879277,595.5060028076172,611.2100957899356,579.8019098252987,31.408185964636917,0.3084571780103534,-5.20001220703125,-0.8744072013458134,0.0014609947580461,0.0087950819386244,0.0097411373106936,0.0085027958905223,55339990.0,0.8548013832311859,0.8599853515625,0.1460994758046174,0.9126541539193002,0.1341902515649913,588.6300048828125,595.3599853515625,591.9500122070312,586.0800170898438,,,0.0,,,0.0,
2025-01-10,585.8800048828125,585.9500122070312,578.5499877929688,580.489990234375,73105000.0,589.1839965820312,590.1210021972656,594.3905029296875,593.7482006835937,587.0600911483738,589.5996783373353,592.4232134337585,-2.593798251157068,-1.157952935934206,-1.435845315222862,45.12869440547519,594.3905029296875,611.0532863262097,577.7277195331653,33.325566793044345,0.0828874334940406,-20.80999755859375,-3.4608345220453853,-0.0152674348150029,0.0087663799576732,0.010231876091689,0.0087759169541525,57133515.0,1.2795466898894634,-9.0,-1.5267434815002925,1.274789322564324,-0.9199861069700798,589.489990234375,588.6300048828125,595.3599853515625,584.6400146484375,,,0.0,,,0.0,
2025-01-13,575.77001953125,581.75,575.3499755859375,581.3900146484375,47910100.0,587.0719970703125,588.1260009765625,593.0870025634765,593.7406005859375,585.170065648395,588.1070122120811,591.3724325970613,-3.118751516677321,-1.550112652082829,-1.568638864594492,46.084822089948425,593.0870025634765,609.5221879796844,576.6518171472686,32.8703708324158,0.144147978291021,-19.95001220703125,-3.3175925958818984,0.001550456388919,0.0088453105298034,0.0100189297805955,0.0087756707195342,58095135.0,0.8246835126555778,0.9000244140625,0.1550456388919041,1.1008142989749403,0.9760833191285108,580.489990234375,589.489990234375,588.6300048828125,591.9500122070312,,,0.0,,,0.0,
2025-01-14,584.3599853515625,585.0,578.3499755859375,582.1900024414062,48420600.0,584.4380004882812,586.8440002441406,591.9800018310547,593.7842004394531,584.1767112460655,587.0311922537766,590.4979154393799,-3.4306816698062903,-1.9262264556275213,-1.504455214178769,41.98566382600056,591.9800018310547,608.2078401084557,575.7521635536536,32.45567655480204,0.198357870521731,-12.82000732421875,-2.1545868327943865,0.0013759916283606,0.0085661785209361,0.0100220576656703,0.0087665210599432,58938975.0,0.8215378703141681,0.79998779296875,0.1375991628360662,1.1422429767216389,-0.3713435150510426,581.3900146484375,580.489990234375,589.489990234375,595.3599853515625,,,0.0,,,0.0,
2025-01-15,590.3300170898438,593.9400024414062,589.2000122070312,592.780029296875,56900200.0,585.2680053710938,587.3000061035157,591.4085021972656,594.2670007324218,587.0444839296687,588.0764353525217,590.7152596162841,-2.7911868364105885,-2.0992185317841345,-0.691968304626454,48.48294457970104,591.4085021972656,606.5944542004319,576.2225501940994,30.371904006332443,0.5451577582796058,4.56005859375,0.7752301555316395,0.01818998404483,0.0100016234559803,0.0109763356603342,0.0086605380809928,59988750.0,0.94851451313788,10.59002685546875,1.818998404483008,0.7996204325569691,0.4150241620965001,582.1900024414062,581.3900146484375,580.489990234375,588.6300048828125,,,0.0,,,0.0,
2025-01-16,594.1699829101562,594.3499755859375,590.9299926757812,591.6400146484375,43319700.0,585.6980102539062,587.856005859375,590.6510040283204,594.6790014648437,588.5763275025917,588.72435886087,590.8033315241083,-2.3492910632676285,-2.1492330380808333,-0.2000580251867951,41.59710667234402,590.6510040283204,604.0076513892209,577.2943566674198,26.71329472180105,0.537023161329104,5.55999755859375,0.9486755044476162,-0.0019231664227786,0.0099311957222851,0.0109100584334619,0.0086555938520827,59969975.0,0.722356479221477,-1.1400146484375,-0.1923166422778677,0.5780513192956466,-0.4257987334411175,592.780029296875,582.1900024414062,581.3900146484375,589.489990234375,,,0.0,,,0.0,
2025-01-17,596.9600219726562,599.3599853515625,595.6099853515625,597.5800170898438,58070600.0,589.116015625,589.1500061035156,590.3155059814453,595.2344018554687,591.577557365009,590.3344785388651,591.4487301494164,-1.5024575298580205,-2.019877936436271,0.5174204065782506,47.03375711900217,590.3155059814453,602.5167877769909,578.1142241858997,24.40256359109117,0.7976945877543189,12.94000244140625,2.2133282220149577,0.0100398929996914,0.0102311338087752,0.0111674496688251,0.0087435611172673,60084830.0,0.9664768960817564,5.94000244140625,1.0039892999691435,0.6275310239224754,0.1038587333099332,591.6400146484375,592.780029296875,582.1900024414062,580.489990234375,,,0.0,,,0.0,
2025-01-21,600.6699829101562,603.0599975585938,598.6699829101562,603.0499877929688,42532900.0,593.4480102539062,590.2600036621094,591.15400390625,595.7614013671875,595.4017008409957,592.6463893123386,592.5536118297548,-0.3855110013834064,-1.693004549425698,1.3074935480422916,56.42992911443319,591.15400390625,604.4439601253077,577.8640476871922,26.57991243811557,0.9475554204482616,11.0999755859375,1.87515421184844,0.0091535368430879,0.0099074217892755,0.0089678582463918,0.0086770430185382,56799040.0,0.7488313182758018,5.469970703125,0.915353684308795,0.7279686157533963,0.3962250404592772,597.5800170898438,591.6400146484375,592.780029296875,581.3900146484375,,,0.0,,,0.0,
2025-01-22,605.9199829101562,607.8200073242188,605.3599853515625,606.4400024414062,48196000.0,598.2980102539062,591.3680053710938,592.1710052490234,596.0694018554688,599.0811347077993,595.154318972169,593.8761252213407,0.7644113618424626,-1.201521367172066,1.9659327290145283,65.40938096531048,592.1710052490234,606.8707486179,577.4712618801469,29.399486737753023,0.9853485137228412,11.08001708984375,1.8610617714425253,0.0056214488302108,0.0099014997699479,0.0090046523328521,0.0079936085123669,54912865.0,0.877681395789493,3.3900146484375,0.5621448830210873,0.4056496871500384,0.0858231360438737,603.0499877929688,597.5800170898438,591.6400146484375,582.1900024414062,,,0.0,,,0.0,
2025-01-23,605.7999877929688,609.75,605.52001953125,609.75,41152100.0,601.6920043945313,593.4800048828125,593.1010040283203,596.3522021484375,602.6374231385329,597.8080791590473,595.3879228193082,1.9206818350060075,-0.5770807267364513,2.4977625617424586,69.63011406259017,593.1010040283203,609.7526823807523,576.4493256758883,33.30335670486397,0.9999194561444348,21.1199951171875,3.5879915977766337,0.0054580791921186,0.0087744351902972,0.0089049624762703,0.0079582786327872,50684635.0,0.8119245605694901,3.30999755859375,0.5458079192118603,0.6937237341123411,0.6520324012256601,606.4400024414062,603.0499877929688,597.5800170898438,592.780029296875,,,0.0,,,0.0,
2025-01-24,609.8099975585938,610.780029296875,606.7999877929688,607.969970703125,34604700.0,604.9579956054688,595.3280029296875,593.7650024414063,596.5478015136719,604.414938993397,599.655695803425,596.5862130939573,2.6627069987308687,0.0708768183570127,2.591830180373856,69.23961254809424,593.7650024414063,611.6936078584139,575.8363970243987,35.85721083401518,0.8961537423385832,18.47998046875,3.1349099687685205,-0.0029192772396473,0.0089976868755611,0.0088960409686808,0.0079531048028872,49533080.0,0.6986179740892349,-1.780029296875,-0.2919277239647355,0.6546444225367384,-0.3017377318895056,609.75,606.4400024414062,603.0499877929688,591.6400146484375,,,0.0,,,0.0,
2025-01-27,594.8099975585938,599.6900024414062,594.6400146484375,599.3699951171875,70361100.0,605.3159912109375,597.2160034179688,593.6685028076172,596.5600012207032,602.7332910346605,599.603750224109,596.8513351914079,2.5276835674578706,0.5622381681771843,1.9654453992806864,55.99158992091648,593.6685028076172,611.4464870223105,575.8905185929239,35.55596842938667,0.6603526091799002,18.8800048828125,3.252425571574392,-0.0141453953325877,0.0087462861874382,0.0091938562660179,0.0082123644549488,51393130.0,1.3690759835020752,-8.5999755859375,-1.414539533258774,0.8425493157997319,0.7666309539702302,607.969970703125,609.75,606.4400024414062,597.5800170898438,,,0.0,,,0.0,
2025-01-28,600.6199951171875,605.3699951171875,597.25,604.52001953125,44433300.0,605.6099975585937,599.52900390625,593.8275024414063,596.7124011230469,603.3288672001904,600.4976173708619,597.5816860809167,2.8039186265002627,1.0105742598418002,1.7933443666584623,57.19449360789871,593.8275024414063,611.9479587463416,575.707046136471,36.24091260987052,0.7950399512547459,23.1300048828125,3.9783973408623217,0.0085923961092773,0.0088776261174638,0.0093983740695773,0.0082868127484792,51553840.0,0.8618814815734386,5.1500244140625,0.8592396109277312,1.3432136000200314,0.6493330967613828,599.3699951171875,607.969970703125,609.75,603.0499877929688,,,0.0,,,0.0,
2025-01-29,603.719970703125,604.1300048828125,599.219970703125,601.8099975585938,37177400.0,604.6839965820312,601.4910034179687,594.1675018310547,596.8048010253906,602.8225773196582,600.7362319504495,597.984382412124,2.7722045281989267,1.3629003135132254,1.409304214685701,61.04961095765922,594.1675018310547,612.6332702309626,575.7017334311467,36.93153679981583,0.7069368455735965,19.6199951171875,3.3700329849209543,-0.0044829317228528,0.0092514269926784,0.0091249423614072,0.0083141342661489,50164245.0,0.7411135162105998,-2.71002197265625,-0.4482931722852856,0.815877801898671,-0.3163673950203753,604.52001953125,599.3699951171875,607.969970703125,606.4400024414062,,,0.0,,,0.0,
2025-01-30,603.9600219726562,606.5999755859375,600.719970703125,605.0399780273438,39281300.0,603.7419921875,602.7169982910157,595.0085021972657,597.0386010742187,603.5617108888868,601.5187312371575,598.6563438992878,2.973427485405068,1.685005747891594,1.2884217375134743,62.53827611560544,595.0085021972657,613.8617796850396,576.1552247094918,37.70655497554776,0.7660406350191199,12.25994873046875,2.068212173917341,0.0053671100211916,0.0077310196850972,0.0087242299920029,0.0082898409747404,49299370.0,0.7967911151805794,3.22998046875,0.5367110021191612,0.9718374151049508,0.1788125066887943,601.8099975585938,604.52001953125,599.3699951171875,609.75,,,0.0,,,0.0,
2025-01-31,607.5,609.9600219726562,601.0499877929688,601.8200073242188,66566900.0,602.5119995117187,603.7349975585937,595.7955017089844,597.3600012207031,602.9811430339975,601.5735087075323,598.9576451778526,2.840331826153033,1.9160709635438815,0.9242608626091512,68.9667449279421,595.7955017089844,614.3918241145138,577.1991793034549,37.192644811058926,0.6619811026034652,10.17999267578125,1.720639649742145,-0.0053219139562038,0.0079965255628349,0.00878380702677,0.008111647929556,49775080.0,1.337353953022275,-3.219970703125,-0.532191395620385,1.4805147836980093,-0.9349782182355968,605.0399780273438,601.8099975585938,604.52001953125,607.969970703125,,,0.0,,,0.0,
2025-02-03,592.6699829101562,600.2899780273438,590.489990234375,597.77001953125,65857200.0,602.1920043945313,603.7539978027344,596.452001953125,597.5524011230468,601.244101866415,600.8819652209354,598.8445379734142,2.380610197087549,2.008978810252615,0.3716313868349337,63.7925257122652,596.452001953125,614.3022221254994,578.6017817807506,35.70044034474881,0.5369188045132584,0.19000244140625,0.0317953137609157,-0.0067295665542519,0.007818065760806,0.0089322932161466,0.0081600365216773,50557740.0,1.3026136057505735,-4.04998779296875,-0.6729566554251942,1.6394244396287307,0.8605187993580017,601.8200073242188,605.0399780273438,601.8099975585938,599.3699951171875,,,0.0,,,0.0,
2025-02-04,597.8300170898438,602.2999877929688,597.280029296875,601.780029296875,33457800.0,601.6440063476563,603.627001953125,596.9435028076172,597.782001953125,601.4227443432351,601.0452495983789,599.1241085756485,2.313186791549356,2.069820406511963,0.2433663850373926,65.64947950949559,596.9435028076172,614.8131048287097,579.0739007865246,35.739204042185065,0.6353283213456293,-1.26995849609375,-0.2105892582373678,0.0067082818385062,0.0075351435617182,0.0086335792632432,0.008196557358448,50336205.0,0.6646865809609604,4.010009765625,0.6708281838506247,0.8341849599028922,0.660724970997505,597.77001953125,601.8200073242188,605.0399780273438,604.52001953125,,,0.0,,,0.0,
2025-02-05,600.6400146484375,604.3699951171875,598.5800170898438,604.219970703125,30653100.0,602.1260009765625,603.4049987792969,597.3865020751953,598.0564013671875,602.3551531298651,601.6224716174236,599.6094287782654,2.428640283531763,2.1415843819159237,0.2870559016158398,60.5069376552788,597.3865020751953,615.5280345546648,579.2449695957257,36.28306495893912,0.6883376896539211,-2.22003173828125,-0.3660760717208373,0.0040545403427576,0.0074163353950476,0.0085909269239392,0.0082126497904796,49484890.0,0.6194436321875223,2.43994140625,0.4054540342757651,0.9582566462684124,0.5960235694225093,601.780029296875,597.77001953125,601.8200073242188,601.8099975585938,,,0.0,,,0.0,
2025-02-06,605.989990234375,606.4500122070312,602.6300048828125,606.3200073242188,35771500.0,602.3820068359375,603.0619995117188,598.2710021972656,598.3094018554688,603.6767711946497,602.476569018659,600.2485314969276,2.658942775131891,2.2450560605591168,0.413886714572774,63.24909962067837,598.2710021972656,616.3397694751584,580.2022349193728,36.13753455578558,0.7227325473609132,-3.42999267578125,-0.5625244240723657,0.003475616038725,0.0072691055405392,0.0081200708060195,0.008194059399028,48253810.0,0.7413197009728351,2.10003662109375,0.3475616038725038,0.6300315473799085,0.0544591651944797,604.219970703125,601.780029296875,597.77001953125,605.0399780273438,,,0.0,,,0.0,
2025-02-07,606.8900146484375,608.1300048828125,600.0499877929688,600.77001953125,50788500.0,602.1720092773437,602.3420043945313,598.8350036621093,598.4146020507812,602.7078539735165,602.1662872936755,600.298197024006,2.3663437890533032,2.2693136062579544,0.0970301827953488,52.89947774450423,598.8350036621093,616.448148457217,581.2218588670016,35.2262895902154,0.55493101577403,-7.199951171875,-1.1842609863688112,-0.009153562023232,0.007747426068055,0.0084632748659143,0.0082959456788478,48428000.0,1.048742463037912,-5.54998779296875,-0.9153562023232032,1.3449434604190422,-1.0084191483579976,606.3200073242188,604.219970703125,601.780029296875,601.8200073242188,,,0.0,,,0.0,
2025-02-10,604.030029296875,605.5,602.739990234375,604.8499755859375,26048700.0,603.5880004882813,602.8900024414063,600.0530029296875,598.5610009765625,603.4218945109902,602.6542306195413,600.7316997441899,2.435599268265264,2.3025707386594165,0.1330285296058475,51.67846886030764,600.0530029296875,615.5688932953605,584.5371125640146,31.03178073134586,0.6545825777057149,5.47998046875,0.91429009016018,0.006791211149103,0.0065922425005391,0.0076305411386888,0.0083363845419114,46075185.0,0.5653520436217456,4.0799560546875,0.6791211149103082,0.4563131151574058,0.1357459479319205,600.77001953125,606.3200073242188,604.219970703125,597.77001953125,,,0.0,,,0.0,
2025-02-11,602.5499877929688,605.8599853515625,602.4299926757812,605.3099975585938,30056700.0,604.293994140625,602.9690002441406,601.2490020751953,598.6542004394531,604.0512621935247,603.1370973357326,601.1677281074665,2.4988000515833164,2.3418166012441963,0.1569834503391201,48.88537562732992,601.2490020751953,614.1799859801152,588.3180181702754,25.861967809839825,0.6570257728746112,0.78997802734375,0.1306785551876852,0.0007605554951219,0.0060212902410147,0.0076354968760294,0.0083062121137819,45182515.0,0.6652285734868898,0.46002197265625,0.0760555495121995,0.5666505905429438,0.4580549035830894,604.8499755859375,600.77001953125,606.3200073242188,601.780029296875,,,0.0,,,0.0,
2025-02-12,599.2000122070312,604.5499877929688,598.510009765625,603.3599853515625,45076100.0,604.1219970703125,603.1239990234375,602.3075012207031,598.7447998046875,603.8208365795374,603.1776224295198,601.3765145116662,2.364283451609481,2.346309971317253,0.0179734802922273,43.52319041055551,602.3075012207031,611.632639990272,592.9823624511342,18.650277539137733,0.5564326256620445,1.54998779296875,0.2575543442708991,-0.0032215099947072,0.0059259791989398,0.0077253957206813,0.0083077700698942,45015290.0,1.0013508743362534,-1.95001220703125,-0.3221509994707272,1.0010571091857223,0.694254515985211,605.3099975585938,604.8499755859375,600.77001953125,604.219970703125,,,0.0,,,0.0,
2025-02-13,604.47998046875,609.9400024414062,603.2000122070312,609.72998046875,40921300.0,604.8039916992187,603.5929992675781,603.1549987792969,598.8883996582031,605.790551209275,604.3689602548344,602.1720826980552,2.740097310532633,2.4250674391603297,0.3150298713723032,51.63205889810556,603.1549987792969,611.8969959831464,594.4130015754473,17.48399440769913,0.8760571832806017,4.69000244140625,0.775155793291116,0.0105575365815415,0.006609605441292,0.0070312979739076,0.0083943881527971,44216345.0,0.9254790281738574,6.3699951171875,1.0557536581541571,1.1054057452109227,0.8685151154102465,603.3599853515625,605.3099975585938,604.8499755859375,606.3200073242188,,,0.0,,,0.0,
2025-02-14,609.9400024414062,610.989990234375,609.0700073242188,609.7000122070312,26910400.0,606.589990234375,604.3809997558594,604.0579986572266,599.0097998046875,607.0937048751938,605.3382424279611,602.8890283655767,3.000921557352058,2.540238262798676,0.4606832945533821,61.38923545079293,604.0579986572266,611.4127838868645,596.7032134275886,14.709570459275938,0.8835607277197413,7.8800048828125,1.309362398543075,-4.915005441541442e-05,0.0062692201239574,0.0069966040764819,0.0083916189785916,43395880.0,0.6201141675200503,-0.02996826171875,-0.0049150054415414,0.3149061623282854,-0.0393465313661001,609.72998046875,603.3599853515625,605.3099975585938,600.77001953125,,,0.0,,,0.0,
2025-02-18,610.8800048828125,611.489990234375,608.3800048828125,611.489990234375,26749000.0,607.9179931640625,605.7529968261719,604.7534973144532,599.1614001464844,608.5591333282542,606.4567420291272,603.7081675911766,3.3138627721998546,2.694963164678912,0.6188996075209428,58.29958631436038,604.7534973144532,612.1595687696614,597.3474258592449,14.812142910416467,0.9547952960394724,13.719970703125,2.295192173385295,0.002935834002798,0.0055997339159917,0.0067164409106102,0.0084002734306626,41829800.0,0.6394723379026436,1.78997802734375,0.2935834002798065,0.5085913753666661,0.0998535467991812,609.7000122070312,609.72998046875,603.3599853515625,604.8499755859375,,,0.0,,,0.0,
2025-02-19,610.0800170898438,613.22998046875,609.5599975585938,612.9299926757812,31011100.0,609.4419921875,606.8679931640625,605.2474975585938,599.2668005371094,610.0160864440966,607.6336966921551,604.5864366468531,3.636151807395663,2.883200893222262,0.7529509141734012,63.65426872955869,605.2474975585938,613.4503135741381,597.0446815430494,16.40563203108877,0.9682840077498462,11.14996337890625,1.85283040913371,0.0023549076262954,0.0053827461110964,0.0064583401520306,0.0083623872460538,41253710.0,0.7517166334858125,1.44000244140625,0.2354907626295421,0.5987605361151814,0.4671478340713783,611.489990234375,609.7000122070312,609.72998046875,605.3099975585938,,,0.0,,,0.0,
2025-02-20,611.5399780273438,611.6799926757812,607.02001953125,610.3800048828125,36554000.0,610.84599609375,607.4839965820313,605.4444976806641,599.341201171875,610.1373925903353,608.1330254540928,605.1382050502779,3.643802004677923,3.035321115513394,0.6084808891645288,56.66838919350684,605.4444976806641,613.9515076427804,596.9374877185478,17.01401992423257,0.7900847197856466,6.1600341796875,1.019501916250654,-0.0041603247082698,0.0056301867846369,0.0064469789919379,0.0083812983958462,40671610.0,0.8987596015992482,-2.54998779296875,-0.416032470826988,0.7634544230238871,-0.1896806727620649,612.9299926757812,611.489990234375,609.7000122070312,603.3599853515625,,,0.0,,,0.0,
2025-02-21,610.1599731445312,610.2999877929688,599.469970703125,599.9400024414062,76519800.0,608.8880004882812,606.84599609375,604.9539978027344,599.1838012695313,606.7382625406923,606.6433849063316,604.6431381351472,2.7754502322408143,2.9833469388588783,-0.2078967066180639,48.01099306992326,604.9539978027344,613.5465784807757,596.3614171246932,17.185161356082517,0.2082369343274442,-6.3800048828125,-1.0522504297637183,-0.0171041029488026,0.0079286164117763,0.0074073933461383,0.0087245366666109,42439995.0,1.8030115225037135,-10.44000244140625,-1.7104102948802602,1.805183359297912,-1.6749657717557542,610.3800048828125,612.9299926757812,611.489990234375,609.72998046875,,,0.0,,,0.0,
2025-02-24,602.02001953125,603.030029296875,596.489990234375,597.2100219726562,50737200.0,606.3900024414063,606.4899963378906,604.4160003662109,599.0344018554688,603.562182351347,604.9282280092997,603.9352223101481,1.8457123647930305,2.755820024045709,-0.9101076592526788,49.3905104300771,604.4160003662109,613.5441909075237,595.2878098248982,18.256381082625467,0.105289878594143,-3.55999755859375,-0.592572439179211,-0.0045504224716481,0.007528009610306,0.0074410382534805,0.0087180404250348,43246620.0,1.1732061372657565,-2.72998046875,-0.4550422471648163,1.0950986791711008,-0.7989763467233119,599.9400024414062,610.3800048828125,612.9299926757812,609.7000122070312,,,0.0,,,0.0,
2025-02-25,597.1500244140625,597.8900146484375,589.5599975585938,594.239990234375,58266500.0,602.9400024414062,605.4289978027343,604.1595001220703,598.8632019042968,600.4547849790231,602.9849120502224,603.0118668743602,0.8593258927725174,2.376521197791071,-1.5171953050185536,41.60350171279431,604.1595001220703,614.1337988087012,594.1852014354395,19.94859737326169,0.0027464988094335,-10.6099853515625,-1.7541515714345972,-0.0049731779926781,0.0071603306737781,0.0068377160870918,0.0087346559994887,42641890.0,1.366414574963727,-2.97003173828125,-0.4973177992678157,1.4017934213007603,-0.4873204489178231,597.2100219726562,599.9400024414062,610.3800048828125,611.489990234375,,,0.0,,,0.0,
2025-02-26,595.9299926757812,599.5800170898438,591.8599853515625,594.5399780273438,43321600.0,599.2619995117187,604.3519958496094,603.660498046875,598.6048010253907,598.4831826617967,601.4494695006081,602.2050203175014,0.1006537412807802,1.921347706489013,-1.8206939652082328,38.68100528277325,603.660498046875,614.5183032195187,592.8026928742313,21.71561034528736,0.0800016727823388,-10.77001953125,-1.7792568394192871,0.0005048259926943,0.0071508382924629,0.0065086893608575,0.0086593985175341,42586305.0,1.017265996662542,0.29998779296875,0.0504825992694302,1.2984882469797845,-0.2332513324587347,594.239990234375,597.2100219726562,599.9400024414062,612.9299926757812,,,0.0,,,0.0,
2025-02-27,596.8499755859375,598.02001953125,584.6500244140625,585.0499877929688,74196700.0,594.19599609375,602.52099609375,602.8224975585938,598.2192004394532,594.0054510388541,598.4677455537645,600.5712076961173,-1.251930826206035,1.2866919999500035,-2.5386228261560384,28.79355837479432,602.8224975585938,616.5020522299396,589.142942887248,27.35910934269168,-0.1496011819322085,-18.30999755859375,-3.034672169703959,-0.0159619043043368,0.0084542406714557,0.0073066571632662,0.0089118988035399,44437270.0,1.6696952805606644,-9.489990234375,-1.596190430433686,2.285273975925409,-1.977044194629397,594.5399780273438,594.239990234375,597.2100219726562,610.3800048828125,,,0.0,,,0.0,
2025-02-28,585.5599975585938,594.719970703125,582.4400024414062,594.1799926757812,88744100.0,593.043994140625,600.9659973144531,602.2794982910157,598.0185998535156,594.0636315844965,597.688154121404,599.9625205513235,-1.5690615841411957,0.7155412831317636,-2.284602867272959,43.86745138933853,602.2794982910157,616.4420674376559,588.1169291443755,28.32513829328036,0.2140523893874197,-15.54998779296875,-2.550307232885971,0.0156055124746765,0.0094488565782077,0.0081182652994527,0.0092022911895189,46910410.0,1.8917783920456035,9.1300048828125,1.5605512474676564,2.0667084743830157,1.4720942607294387,585.0499877929688,594.5399780273438,594.239990234375,599.9400024414062,,,0.0,,,0.0,
2025-03-03,596.1799926757812,597.3400268554688,579.9000244140625,583.77001953125,74249200.0,590.3559936523437,598.372998046875,601.3769989013672,597.5582006835938,590.6324275667478,595.1575841959213,598.4203775970308,-2.630070017595699,0.0464190229862709,-2.67648904058197,32.45090048799722,601.3769989013672,617.7852561422992,584.9687416604352,32.81651448186403,-0.0365280148764013,-25.92999267578125,-4.25290998140515,-0.0175198984699095,0.0104944711125424,0.0088914054921812,0.0094931478722194,47294525.0,1.5699322490288252,-10.40997314453125,-1.7519898469909534,2.987478263342481,-2.0815816191403336,594.1799926757812,585.0499877929688,594.5399780273438,597.2100219726562,,,0.0,,,0.0,
2025-03-04,579.7100219726562,585.3900146484375,572.25,576.8599853515625,109648200.0,586.8799926757813,594.9099975585938,600.3314971923828,597.0096008300782,586.0416134950194,591.8307480424015,596.3670069069863,-3.982599921187784,-0.7593847658485401,-3.2232151553392443,28.612213097378277,600.3314971923828,620.0402127571269,580.6227816276387,39.41743112948825,-0.0954602105782898,-34.6300048828125,-5.663216967711824,-0.011836911709231,0.01040415216478,0.0091203934628017,0.009611399240868,49484075.0,2.2158280214392208,-6.9100341796875,-1.1836911709231068,2.277851642011437,-0.491631421412304,583.77001953125,594.1799926757812,585.0499877929688,594.239990234375,,,0.0,,,0.0,
2025-03-05,576.6900024414062,584.8800048828125,573.0800170898438,583.0599975585938,71230500.0,584.5839965820312,591.922998046875,599.3954956054688,596.9452001953125,585.0477415162109,590.2360661362546,595.0996726833298,-4.502300724624206,-1.5079679576036735,-2.9943327670205324,35.65573593736387,599.3954956054688,620.5403267702319,578.2506644407057,42.28966232952621,0.1137236112318218,-29.8699951171875,-4.873312690538819,0.0107478631981254,0.0114207450007418,0.0093589250910514,0.0087977042192741,51372710.0,1.3865435559074069,6.20001220703125,1.0747863198125485,2.023803355122631,1.104578732112616,576.8599853515625,583.77001953125,594.1799926757812,594.5399780273438,,,0.0,,,0.0,
2025-03-06,575.47998046875,580.1699829101562,570.1199951171875,572.7100219726562,80094900.0,582.1160034179687,588.1559997558594,597.8199981689453,596.6774011230468,580.935168335026,587.049512651964,592.967324996599,-5.683804526484096,-2.343135271379758,-3.3406692551043378,25.23414934109897,597.8199981689453,621.9378603124618,573.7021360254288,48.23572428703301,-0.0205680347385027,-37.66998291015625,-6.171562405191918,-0.0177511330382382,0.0121076590388847,0.0099261826271725,0.0091461883001174,53844800.0,1.4875141146405966,-10.3499755859375,-1.7751133038238276,1.754812628972744,-0.4813301226981892,583.0599975585938,576.8599853515625,583.77001953125,585.0499877929688,,,0.0,,,0.0,
2025-03-07,570.9000244140625,577.3900146484375,565.6300048828125,575.9199829101562,81158800.0,578.4640014648437,585.7539978027344,596.2999969482422,596.3728002929688,579.2634398600694,585.0259617898172,591.343768607414,-6.288646182197795,-3.132237453543365,-3.156408728654429,28.323881438776795,596.2999969482422,621.9457249879092,570.6542689085752,51.29145607933401,0.1026625953733192,-24.02001953125,-4.003736945945014,0.0056048625209028,0.0119817287942044,0.0100061813432268,0.009095233942569,56114165.0,1.4463157386374723,3.2099609375,0.5604862520902865,2.041952027120331,0.8793060573514486,572.7100219726562,583.0599975585938,576.8599853515625,594.1799926757812,,,0.0,,,0.0,
2025-03-10,567.5900268554688,569.5399780273438,555.5900268554688,560.5800170898438,99326600.0,573.8260009765625,582.0909973144531,594.2904968261719,595.6906005859375,573.0356322699943,580.5812445716401,588.4138875105025,-7.914560465848012,-4.088702056004295,-3.825858409843717,22.171190870674337,594.2904968261719,624.3755168304741,564.2054768218696,60.17004000860448,-0.060253570240396,-36.6300048828125,-6.133521463993389,-0.0266355852818281,0.0139633322555527,0.0112964658932298,0.0097670281824427,58541070.0,1.6966994282817174,-15.3399658203125,-2.663558528182819,2.4884852735732195,-1.2350480864615387,575.9199829101562,572.7100219726562,583.0599975585938,583.77001953125,,,0.0,,,0.0,
2025-03-11,559.4000244140625,564.02001953125,552.02001953125,555.9199829101562,88102100.0,569.6380004882812,578.2589965820313,591.8439971923829,594.7830004882812,567.330415816715,576.0973788150067,585.3192299295171,-9.469971130154704,-5.164955870834377,-4.305015259320327,19.896480598169404,591.8439971923829,625.9964466644352,557.6915477203305,68.3048989441047,-0.0259361310471151,-38.32000732421875,-6.448574305661406,-0.0083128795847544,0.0139700937087012,0.0110824924225458,0.0096556063874163,61643740.0,1.4292140613142552,-4.6600341796875,-0.8312879584754462,2.1585840352746146,-0.622102494105427,560.5800170898438,575.9199829101562,572.7100219726562,576.8599853515625,,,0.0,,,0.0,
2025-03-12,562.1699829101562,563.1099853515625,553.6900024414062,558.8699951171875,69588200.0,564.8,574.6919982910156,589.5219970703125,593.9335998535156,564.5102755835392,572.965127233585,582.8002551854856,-10.345349210971904,-6.201034538861882,-4.1443146721100215,22.91511816138346,589.5219970703125,626.0516376066008,552.9923565340242,73.0592810725766,0.0804502658235093,-35.66998291015625,-5.999593673836301,0.005306541044969,0.0143179222201217,0.0112340946308392,0.0097015309773586,63620315.0,1.093804706877041,2.95001220703125,0.5306541044969082,1.6855410010303034,-0.5870088929127582,555.9199829101562,560.5800170898438,575.9199829101562,583.0599975585938,,,0.0,,,0.0,
2025-03-13,558.489990234375,559.1099853515625,549.6799926757812,551.4199829101562,74079400.0,560.5419921875,571.3289978027344,586.9249969482422,593.0617993164062,560.1468446924116,569.0478282656888,579.8116578259305,-11.507593989255952,-7.262346428940697,-4.245247560315255,23.659048646556656,586.9249969482422,626.565101307956,547.2848925885285,79.28020871942749,0.0521579141682366,-33.6300048828125,-5.748227601828979,-0.0133304923723255,0.0141390978405966,0.0114266376278729,0.0097631683167711,65070480.0,1.1384486482964318,-7.45001220703125,-1.333049237232553,1.710128934032065,-1.2659147787504237,558.8699951171875,555.9199829101562,560.5800170898438,572.7100219726562,,,0.0,,,0.0,
2025-03-14,556.1099853515625,563.8300170898438,551.489990234375,562.8099975585938,62660300.0,557.9199951171875,568.1919982910156,584.5789978027344,592.5535998535156,561.0345623144724,567.9136772280351,578.1924520861842,-11.37843879813022,-8.085564902778602,-3.292873895351617,32.92972356092491,584.5789978027344,624.0898133299195,545.0681822755494,79.02163105437012,0.2245184647079391,-31.3699951171875,-5.279544162353641,0.0206557886936304,0.0150499627205135,0.0123124508975208,0.0101428888322335,66157430.0,0.9471392706760224,11.3900146484375,2.065578869363049,2.1925742095908736,1.204799838793692,551.4199829101562,558.8699951171875,555.9199829101562,575.9199829101562,,,0.0,,,0.0,
2025-03-17,562.7899780273438,569.7100219726562,562.3499755859375,567.1500244140625,49008700.0,559.2339965820313,566.5299987792969,582.4514984130859,592.175,563.0730496810024,567.7748312618583,577.1407923078868,-10.80136704683332,-8.628725331589546,-2.172641715243774,36.73750879998661,582.4514984130859,620.8330325088449,544.0699643173269,76.76306819151796,0.3006662010845187,-16.6199951171875,-2.847010733873052,0.0077113535194741,0.0148891561694758,0.0125607583048559,0.0102056166733471,67262345.0,0.7286201514383717,4.34002685546875,0.7711353519474162,1.2977247764950035,0.7747199767133935,562.8099975585938,551.4199829101562,558.8699951171875,560.5800170898438,,,0.0,,,0.0,
2025-03-18,564.7999877929688,565.02001953125,559.0599975585938,561.02001953125,66041400.0,560.25400390625,564.9460021972657,579.9279998779297,591.7026000976563,562.3887062977517,566.5466836744749,575.6054806148737,-10.715156040920988,-9.046011473455836,-1.6691445674651533,34.475754133977674,579.9279998779297,616.8807111679653,542.975288587894,73.90542258007122,0.2441597695190197,-15.8399658203125,-2.7458943630244983,-0.0108084362495541,0.0148230805595019,0.0125640536247585,0.0103044046358876,69226965.0,0.9539837547406564,-6.1300048828125,-1.0808436249554187,1.0623545979047304,-0.6692578511712579,567.1500244140625,562.8099975585938,551.4199829101562,555.9199829101562,,,0.0,,,0.0,
2025-03-19,562.8300170898438,570.9500122070312,561.6300048828125,567.1300048828125,66556000.0,561.906005859375,563.3530029296875,577.6380004882812,591.2061999511719,563.9691391594387,566.6527420759908,574.7982924499155,-10.038095526296049,-9.244428284023876,-0.7936672422721696,41.43240582244247,577.6380004882812,611.5292005374674,543.7468004390951,67.78240009837236,0.344974571714508,-15.92999267578125,-2.7321360996267607,0.0108908508410583,0.0148375358838072,0.012938649724975,0.0102644517144173,71004210.0,0.9373528696397015,6.1099853515625,1.0890850841058342,1.6433634693943882,0.7639940412563939,561.02001953125,567.1500244140625,562.8099975585938,558.8699951171875,,,0.0,,,0.0,
2025-03-20,563.3300170898438,570.5700073242188,562.5999755859375,565.489990234375,62958200.0,564.7200073242187,562.6309997558594,575.3934997558594,590.6088000488281,564.4760895177508,566.4413326502424,573.9117874770069,-9.524068137490415,-9.300356254717189,-0.2237118827732303,35.225051753196496,575.3934997558594,605.9349072796131,544.8520922321056,61.08281504750744,0.3378674998232833,-7.22003173828125,-1.2606784343344295,-0.0028917790177164,0.0138716700509637,0.0129398783949094,0.0102243687917933,72324420.0,0.8704971294619438,-1.6400146484375,-0.2891779017716422,1.4094027968519764,0.3834294426009191,567.1300048828125,561.02001953125,567.1500244140625,551.4199829101562,,,0.0,,,0.0,
2025-03-21,559.280029296875,564.8900146484375,558.030029296875,563.97998046875,83763000.0,564.95400390625,561.4369995117188,573.5954986572266,590.1157995605469,564.3107198347506,565.9938140717893,572.9659010952681,-9.133260356766757,-9.2669370751271,0.1336767183603449,38.77989294805337,573.5954986572266,602.2266371852037,544.9643601292495,57.2622770559542,0.3320793603949644,-11.94000244140625,-2.073205097186026,-0.0026702678945725,0.0136672018241133,0.0125515340513387,0.0101187706666526,72686580.0,1.1523860387983589,-1.510009765625,-0.2670267894572586,1.21635263469119,0.8403574105415069,565.489990234375,567.1300048828125,561.02001953125,562.8099975585938,,,0.0,,,0.0,
2025-03-24,570.7999877929688,575.1500244140625,570.2000122070312,574.0800170898438,58766800.0,566.3400024414062,562.7869995117187,572.438998413086,589.8076000976563,567.567152253115,567.4640328023446,573.0720073804658,-7.917288258428584,-8.997007311787396,1.0797190533588117,48.4788978680458,572.438998413086,598.8352267484958,546.0427700776762,52.79245667081955,0.5310843400789269,13.5,2.408219984380279,0.0179085020228895,0.0118926068784488,0.0133836194749153,0.0104556725766763,73088060.0,0.8040547252177715,10.10003662109375,1.7908502022889516,0.8622512645752956,0.5746372401929131,563.97998046875,565.489990234375,567.1300048828125,567.1500244140625,,,0.0,,,0.0,
2025-03-25,575.2999877929688,576.4099731445312,573.6900024414062,575.4600219726562,38355700.0,569.2280029296875,564.7410034179687,571.5,589.7070007324219,570.1981088262954,568.9178490151286,573.2994373416268,-6.764292199182364,-8.55046428926639,1.786172090084026,45.60999858976167,571.5,595.8907795894127,547.1092204105873,48.78155917882532,0.5811786674989098,19.5400390625,3.514901364079571,0.002403854587742,0.0112825927273758,0.0133957615364843,0.0102419637959999,72092520.0,0.5320343913626545,1.3800048828125,0.240385458774206,0.4726602369007387,0.0278175183527191,574.0800170898438,563.97998046875,565.489990234375,561.02001953125,,,0.0,,,0.0,
2025-03-26,575.1900024414062,576.3300170898438,567.1900024414062,568.5900268554688,51848300.0,569.5200073242188,565.7130065917969,570.2025024414063,589.4510009765625,569.6620815026865,568.8582449860994,572.8509220572307,-6.331895555854089,-8.106750542583931,1.7748549867298422,47.52046747537438,570.2025024414063,592.0622490117196,548.342755871093,43.71949314062658,0.463117697161975,9.72003173828125,1.7392294850689003,-0.0119382665256874,0.0122547811825652,0.0135844467204997,0.0103737966156385,72518855.0,0.7149630258227326,-6.8699951171875,-1.193826652568741,1.6074876829946263,-1.14744268118774,575.4600219726562,574.0800170898438,563.97998046875,567.1300048828125,,,0.0,,,0.0,
2025-03-27,567.1799926757812,570.9000244140625,564.9400024414062,567.0800170898438,42164200.0,569.8380126953125,567.2790100097657,569.30400390625,589.1488012695313,568.8013933650723,568.5349308231438,572.3013120603367,-6.041421522517339,-7.693684738570613,1.6522632160532735,44.56871956871957,569.30400390625,590.0426612840698,548.5653465284303,41.477314755639554,0.4463806461554045,15.6600341796875,2.8399468037122286,-0.0026557092004866,0.0112115539821036,0.0131921122309811,0.0103754401921474,70917230.0,0.5945550890806085,-1.510009765625,-0.2655709200486633,1.0510019385345384,-0.0176267828958221,568.5900268554688,575.4600219726562,574.0800170898438,565.489990234375,,,0.0,,,0.0,
2025-03-28,565.530029296875,566.27001953125,555.0700073242188,555.6599731445312,71662700.0,568.1740112304688,566.5640075683593,567.3780029296875,588.4064001464844,564.4209199582253,566.1940294270323,570.7164226397839,-6.655994699756775,-7.486146730807846,0.830152031051071,46.82414735388951,567.3780029296875,585.3609874875813,549.3950183717936,35.96596911578763,0.1741911847993981,-7.1500244140625,-1.2704153169059718,-0.0201383289855956,0.0114365670025266,0.0131774158788935,0.0103843288363934,70063160.0,1.022829972270734,-11.4200439453125,-2.0138328985595644,2.015623357509331,-1.745275341897444,567.0800170898438,568.5900268554688,575.4600219726562,563.97998046875,,,0.0,,,0.0,
2025-03-31,549.8300170898438,560.7100219726562,546.8699951171875,559.3900146484375,95328200.0,565.2360107421875,565.7880065917968,566.1590026855469,587.7614001464843,562.7439515216295,564.9569358309241,569.6377171167985,-6.764092941444801,-7.341735972935238,0.577643031490437,52.26709924705173,566.1590026855469,582.711835174953,549.6061701961407,33.10566497881223,0.2955338446926973,-7.760009765625,-1.3682463954122313,0.0067128130226792,0.0113539942695807,0.0129088670995129,0.0104443719146685,71117110.0,1.340439733841828,3.73004150390625,0.6712813022679232,2.474128334980534,1.7387187424202817,555.6599731445312,567.0800170898438,568.5900268554688,574.0800170898438,,,0.0,,,0.0,
2025-04-01,557.4500122070312,562.9400024414062,553.6799926757812,560.969970703125,54609600.0,562.3380004882813,565.7830017089843,565.364501953125,587.02919921875,562.152624582128,564.2320330804151,568.8122174583534,-6.645665235368369,-7.202521825421865,0.5568565900534956,51.39700054570969,565.364501953125,581.2673163076643,549.4616875985857,31.80562870907852,0.3618316496681722,-0.050048828125,-0.0089210413857989,0.0028244266313557,0.0108972114059035,0.0127390962915222,0.0103370764364114,68365180.0,0.7987926017308812,1.5799560546875,0.2824426631355736,1.6507139863508946,0.6314393073842957,559.3900146484375,555.6599731445312,567.0800170898438,575.4600219726562,,,0.0,,,0.0,
2025-04-02,555.0499877929688,567.4199829101562,554.8099975585938,564.52001953125,76014500.0,561.5239990234375,565.5220031738281,564.4375030517579,586.2585998535156,562.9417562318354,564.2843942532942,568.4034367033912,-6.193951140496552,-7.000807688436803,0.8068565479402512,59.191693211377554,564.4375030517579,577.9840597511826,550.8909463523331,27.09311339884948,0.5030456625001852,-2.6099853515625,-0.4602093574826477,0.006328411525621,0.0104801748272213,0.0125557917598005,0.0102868662649807,68604380.0,1.1080123455674404,3.550048828125,0.6328411525621025,2.2337534392550364,1.706158354482035,560.969970703125,559.3900146484375,555.6599731445312,568.5900268554688,,,0.0,,,0.0,
2025-04-03,545.1099853515625,547.969970703125,536.7000122070312,536.7000122070312,125986000.0,555.447998046875,562.6430053710938,562.6370025634766,584.8638000488281,554.1945082235674,559.2690520630645,565.3840629418331,-7.988717591853856,-7.198389669120214,-0.7903279227336419,35.11236737114362,562.6370025634766,580.4534141659683,544.8205909609849,35.632823204983424,-0.2278960246073884,-28.78997802734375,-5.091156081367833,-0.0492808162008481,0.018724191472549,0.0161604368745551,0.0122746515407448,70898935.0,1.7769801478682297,-27.82000732421875,-4.9280816200848125,2.099861792391087,-1.542802988484486,564.52001953125,560.969970703125,559.3900146484375,567.0800170898438,,,0.0,,,0.0,
2025-04-04,523.6699829101562,525.8699951171875,505.05999755859375,505.2799987792969,217965100.0,545.3720031738281,556.7730072021484,559.1050033569336,582.774400024414,537.889671742144,549.4528605569249,559.6598663549249,-11.810273944367736,-8.120766524169719,-3.6895074201980176,23.046121438878917,559.1050033569336,589.4422461614556,528.7677605524116,60.67448560904404,-0.3871110160613154,-58.699981689453125,-10.408167616280428,-0.0585429713305356,0.0251638120771021,0.0201995495329487,0.0145654368342017,77739250.0,2.8037973095958604,-31.42001342773437,-5.854297133053565,4.118508076486009,-3.511750669507911,536.7000122070312,564.52001953125,560.969970703125,555.6599731445312,,,0.0,,,0.0,
2025-04-07,489.1900024414063,523.1699829101562,481.7999877929688,504.3800048828125,256611400.0,534.3700012207031,549.8030059814453,556.295002746582,580.7026007080078,526.7197827890335,541.2577958889044,554.3951176432952,-14.74157517019512,-9.4449282533748,-5.29664691682032,24.146461871749462,556.295002746582,595.2453953627623,517.3446101304016,77.9007852323607,-0.1664245772224067,-69.70001220703125,-12.141166759358422,-0.0017811785518102,0.0233897808736981,0.019640936845528,0.0145674842824319,85603490.0,2.99767451070044,-0.899993896484375,-0.1781178551810258,8.202148125756757,3.105133458492052,505.2799987792969,536.7000122070312,564.52001953125,559.3900146484375,,,0.0,,,0.0,
2025-04-08,521.8599853515625,524.97998046875,489.1600036621094,496.4800109863281,165816600.0,521.4720092773438,541.9050048828125,553.3230041503906,578.6448010253906,516.6398588547984,533.1163804520723,548.8793931997745,-17.500382479378345,-11.05601909857551,-6.444363380802836,18.270059184768257,553.3230041503906,600.5791243105754,506.0668839902058,94.5122403203696,-0.1014352529511615,-78.98001098632812,-13.72467382105667,-0.0156627816725603,0.0227916076931915,0.0197729187454125,0.0145914135428735,89489215.0,1.8529227237047503,-7.899993896484375,-1.56627816725603,7.214787305430313,-4.863368542835603,504.3800048828125,505.2799987792969,536.7000122070312,560.969970703125,,,0.0,,,0.0,
2025-04-09,493.4400024414063,548.6199951171875,493.0499877929688,548.6199951171875,241867300.0,518.2920043945312,539.9080017089843,552.8105041503907,577.5268005371094,527.2999042755948,535.9352194820933,548.8546886204806,-15.303091665827992,-11.905433612026004,-3.3976580538019867,44.78774621194263,552.8105041503907,600.0356430847412,505.5853652160402,94.450277868701,0.455632644733681,-19.97003173828125,-3.5122022538319126,0.105019301839113,0.0441780017165254,0.0316382644680163,0.021143997297808,98103170.0,2.4654381708562525,52.139984130859375,10.501930183911302,10.129052498778996,11.182715710677218,496.4800109863281,504.3800048828125,505.2799987792969,564.52001953125,,,0.0,,,0.0,
2025-04-10,532.1699829101562,533.5,509.3200073242188,524.5800170898438,162331200.0,515.8680053710938,535.6580017089843,551.468505859375,575.9822009277344,526.3932752136778,533.870637228957,546.5428151413723,-15.324892362055834,-12.589325362031971,-2.735567000023863,39.31440105728879,551.468505859375,600.3561815468673,502.58083017188267,97.77535137498468,0.2249972678041376,-42.5,-7.494533173308174,-0.0438189971953332,0.0460496532221233,0.0329962932529974,0.0219645991468404,102515760.0,1.5834755553682671,-24.03997802734375,-4.3818997195333225,4.609400260788038,-1.426229600325631,548.6199951171875,496.4800109863281,504.3800048828125,536.7000122070312,,,0.0,,,0.0,
2025-04-11,523.010009765625,536.4299926757812,520.0700073242188,533.9400024414062,97866300.0,521.6000061035156,533.4860046386718,550.0250061035156,574.5602014160156,528.908850956254,533.8832490857659,545.3425472651851,-14.420664533482295,-12.955593196322036,-1.4650713371602588,39.06981745634186,550.0250061035156,599.2066632090127,500.8433489980185,98.36331421099425,0.336473549197354,-21.719970703125,-3.908860049826816,0.0178428171997246,0.0463954252608512,0.0329005549091596,0.0221261911118427,104276060.0,0.93853085741828,9.3599853515625,1.7842817199724692,3.064011925826408,2.089824758933252,524.5800170898438,548.6199951171875,496.4800109863281,505.2799987792969,,,0.0,,,0.0,
2025-04-14,544.0499877929688,544.280029296875,533.8599853515625,539.1199951171875,68034000.0,528.5480041503906,531.4590026855469,548.6235046386719,573.306201171875,532.3125656765652,534.8353847278426,544.7499232510901,-13.134667080737245,-12.991407973205078,-0.1432591075321667,40.30519199267917,548.6235046386719,597.3457831582439,499.90122611909993,97.44455703914394,0.4024726489580449,-20.27001953125,-3.623593378582061,0.0097014508223696,0.0464747588074523,0.0329348689089915,0.0221857156137139,105227325.0,0.6465430913500843,5.17999267578125,0.9701450822369616,1.9327875129260443,-0.9061653867102548,533.9400024414062,524.5800170898438,548.6199951171875,504.3800048828125,,,0.0,,,0.0,
2025-04-15,539.6699829101562,543.22998046875,536.8099975585938,537.6099853515625,56892900.0,536.7739990234375,529.1230041503907,547.4530029296875,572.1030004882813,534.0783722348976,535.3398575685189,544.0699291654208,-12.097893022645051,-12.812704983093074,0.7148119604480208,41.491807224714975,547.4530029296875,596.045962253463,498.860043605912,97.18591864755103,0.3987197145934162,-23.3599853515625,-4.1642131614073525,-0.0028008788011967,0.0464339898075538,0.0328711192421237,0.0221754386561725,104769900.0,0.5430271480644727,-1.510009765625,-0.2800878801196726,1.1941710691921008,-0.3817143113065631,539.1199951171875,533.9400024414062,524.5800170898438,496.4800109863281,,,0.0,,,0.0,
2025-04-16,531.6799926757812,537.8900146484375,520.2899780273438,525.6599731445312,83484800.0,532.1819946289063,525.2369995117188,545.3795013427734,570.5805993652343,531.2722392047756,533.5798785823393,542.3166000205742,-12.10101525549669,-12.6703670375738,0.5693517820771081,39.2415504383274,545.3795013427734,593.9762807898559,496.782721895691,97.19355889416488,0.2971107507266505,-38.86004638671875,-6.8837322047473615,-0.022228032463379,0.0466536656030844,0.0330410672962786,0.0223237427756406,105616340.0,0.79045344688142,-11.95001220703125,-2.222803246337901,3.348178959833905,-1.1322636951135026,537.6099853515625,539.1199951171875,533.9400024414062,548.6199951171875,,,0.0,,,0.0,
2025-04-17,527.6400146484375,531.1699829101562,523.9099731445312,526.4099731445312,79868100.0,532.5479858398437,524.2079956054688,543.4255004882813,569.0243994140625,529.6514838513608,532.2762594118287,540.8016831752368,-11.90572908174238,-12.517439446407517,0.6117103646651358,41.95677356573438,543.4255004882813,591.7595834173075,495.0914175592552,96.6681658580523,0.3239800332124261,-10.2900390625,-1.917279453783696,0.0014267778379879,0.0441331610136581,0.0330578683450481,0.0223111788425437,106461835.0,0.7502040519966615,0.75,0.1426777837987947,1.3791550570854572,-0.2331213459475429,525.6599731445312,537.6099853515625,539.1199951171875,524.5800170898438,,,0.0,,,0.0,
2025-04-21,521.1599731445312,521.7000122070312,508.4599914550781,513.8800048828125,69368100.0,528.535986328125,525.0679962158204,540.9205017089844,567.1755993652343,524.3943241951781,528.9314858610985,538.2377138140536,-12.616590897180233,-12.53726973656206,-0.0793211606181714,38.0632578368709,540.9205017089844,589.9571609397061,491.8838424782626,98.07331846144352,0.2242828401202461,8.600006103515625,1.7020278111724847,-0.0238026802320451,0.0403093187253953,0.0333806528915689,0.0224944837046248,105742090.0,0.6560121896588199,-12.52996826171875,-2.3802680232045126,2.5764810123274677,-1.3968778564849271,526.4099731445312,525.6599731445312,537.6099853515625,533.9400024414062,,,0.0,,,0.0,
2025-04-22,520.1400146484375,529.2999877929688,519.1900024414062,527.25,75948100.0,526.1619873046875,527.3549957275391,538.5790008544922,565.7051989746094,525.3462161301188,528.6257611590805,537.1912648793818,-11.96320278428982,-12.422456346107612,0.4592535618177926,41.67079005285473,538.5790008544922,585.3696834336741,491.7883182753102,93.58136515836397,0.3789395641394998,22.8699951171875,4.534278697765013,0.0260177375849377,0.0409433039184674,0.0337099851126175,0.0228471904835383,106601155.0,0.7124510048695063,13.3699951171875,2.601773758493775,1.9174936655405408,1.366936815343487,513.8800048828125,526.4099731445312,525.6599731445312,539.1199951171875,,,0.0,,,0.0,
2025-04-23,540.4299926757812,545.4299926757812,533.8800048828125,535.4199829101562,90590700.0,525.7239868164063,531.2489929199219,536.5769989013672,564.3165991210938,528.7041383901313,529.8610742047306,537.0225713585032,-10.663219696921146,-12.07060901627032,1.407389319349173,42.97236082687576,536.5769989013672,580.0308033531134,493.1231944496212,86.90760890349219,0.4866868274733477,38.939971923828125,7.843210413742203,0.0154954630823258,0.0403632766683238,0.0339612987660251,0.022951236994823,109212905.0,0.8294871379897825,8.16998291015625,1.5495463082325855,2.157182802590101,-0.9270413991679848,527.25,513.8800048828125,526.4099731445312,537.6099853515625,,,0.0,,,0.0,
2025-04-24,536.719970703125,547.4299926757812,535.4500122070312,546.6900024414062,64150400.0,529.9299926757812,531.0559936523438,535.4819976806641,563.14419921875,534.699426407223,532.9208793386715,537.9432790806844,-8.624163358775604,-11.381319884771376,2.7571565259957715,52.622183302910265,535.4819976806641,576.5789706890941,494.385024672234,82.19394601686014,0.636360465750642,-1.92999267578125,-0.3517904365423275,0.0210489333438663,0.0230050409915545,0.0343069000267194,0.0231825050994416,109828010.0,0.5840987194432459,11.27001953125,2.104893334386637,2.1913662981305397,1.8575853857683184,535.4199829101562,527.25,513.8800048828125,525.6599731445312,,,0.0,,,0.0,
2025-04-25,546.6500244140625,551.0499877929688,543.6900024414062,550.6400146484375,61119600.0,534.7760009765625,533.6619934082031,534.6599975585938,562.0897998046875,540.0129558209612,536.1425403040835,539.1524919918991,-6.613230343898067,-10.427701976596715,3.814471632698648,63.91241439976547,534.6599975585938,573.7021680614124,495.6178270557752,78.08434100563727,0.7046507261768407,26.05999755859375,4.967783123566925,0.0072253236558037,0.0171465681428371,0.0343591961203621,0.0232162678237534,110775780.0,0.5517415449478216,3.95001220703125,0.722532365580375,1.3366237752012209,0.7298984827910232,546.6900024414062,535.4199829101562,527.25,526.4099731445312,,,0.0,,,0.0,
2025-04-28,551.3900146484375,553.5499877929688,545.02001953125,550.8499755859375,47613800.0,542.1699951171875,535.3529907226563,534.4194976806641,560.9121997070313,543.62529574262,538.8166194462387,540.2665380484741,-4.945599555530862,-9.331281492383544,4.3856819368526825,64.31343582694174,534.4194976806641,572.9731983796911,495.8657969816371,77.10740139805398,0.7130856131495577,16.90997314453125,3.167017467732608,0.000381303450375,0.0165720377085602,0.0340602070355379,0.0231523214906578,109573335.0,0.4345382022003802,0.2099609375,0.0381303450375014,1.5485102368653911,-0.0979413932340296,550.6400146484375,546.6900024414062,535.4199829101562,513.8800048828125,,,0.0,,,0.0,
2025-04-29,548.9099731445312,555.4500122070312,548.5499877929688,554.3200073242188,47775100.0,547.5839965820312,536.8729919433594,534.1659973144531,559.804599609375,547.1901996031529,541.635417242235,541.6049636937831,-3.3058794595337986,-8.126201085813596,4.820321626279798,68.31539611504687,534.1659973144531,572.0899115757743,496.2420830531318,75.84782852264249,0.7657163745135989,15.20001220703125,2.819411697710684,0.006299413437552,0.0164593393948038,0.0340561113213035,0.0231793498305455,107195680.0,0.4456812065560851,3.47003173828125,0.6299413437552026,1.244772752722727,0.9855958981206208,550.8499755859375,550.6400146484375,546.6900024414062,527.25,,,0.0,,,0.0,
2025-04-30,547.5700073242188,556.52001953125,541.52001953125,554.5399780273438,93101500.0,551.4079956054687,538.5659912109375,533.8444976806641,558.6655993652344,549.6401257445499,543.9817010213457,542.8368698207889,-1.9659771121696397,-6.894156291084806,4.928179178915166,52.79297386797207,533.8444976806641,570.9109796503792,496.77801571094886,74.13296393943034,0.7791670432007651,16.92999267578125,3.149121693621468,0.0003968298098906,0.016366943194344,0.0340501581053569,0.0231718916336532,109120275.0,0.853200745690936,0.219970703125,0.0396829809890642,2.7049447459783265,1.272891248588429,554.3200073242188,550.8499755859375,550.6400146484375,535.4199829101562,,,0.0,,,0.0,
2025-05-01,560.3699951171875,564.0700073242188,557.8599853515625,558.469970703125,63186100.0,553.7639892578125,541.8469909667969,533.5419952392579,557.5763989257813,552.5834073974083,546.6159318725782,544.3257365714876,-0.5802880839767113,-5.631382649663188,5.051094565686476,69.7333059443753,533.5419952392579,569.6405023752844,497.44348810323135,72.19701427205308,0.8452770965006035,32.80999755859375,6.241676984139056,0.0070869420267252,0.0137110965886818,0.0340580425458276,0.023198417849927,108478855.0,0.5824738839656816,3.92999267578125,0.7086942026725218,1.1119706158663656,-0.3390660511123828,554.5399780273438,554.3200073242188,550.8499755859375,546.6900024414062,,,0.0,,,0.0,
2025-05-02,564.72998046875,568.3800048828125,562.3800048828125,566.760009765625,60717300.0,556.98798828125,545.8819946289062,535.0449951171875,556.7039990234375,557.3089415201473,550.2784914894958,546.4623340185483,1.1732923400659274,-4.270447651717365,5.443739991783293,69.35142219851832,535.0449951171875,574.0807918552434,496.00919837913153,78.0715934761119,0.9062298876753628,40.35003662109375,7.665135289907441,0.014844198430334,0.0138524807458896,0.032138722223592,0.0233110307395309,105215420.0,0.5770760597638636,8.2900390625,1.484419843033402,1.0586491454259817,0.3594690147652492,558.469970703125,554.5399780273438,554.3200073242188,550.6400146484375,,,0.0,,,0.0,
2025-05-05,562.5700073242188,566.6500244140625,561.7000122070312,563.510009765625,38659200.0,559.5199951171875,550.8449951171875,537.9564956665039,555.9753991699218,559.3759642686399,552.6842220851556,548.0859221849365,2.2745500245429184,-2.961448116465309,5.235998141008228,64.71582966425139,537.9564956665039,576.3252991157373,499.5876922172705,76.73760689846677,0.8329985796003717,49.6300048828125,9.657897643659116,-0.0057343495377241,0.0099425482017489,0.0287936905746332,0.0232081509559873,96250125.0,0.4016535043460982,-3.25,-0.5734349537724115,0.8784248941895563,0.1670907494477412,566.760009765625,558.469970703125,554.5399780273438,550.8499755859375,,,0.0,,,0.0,
2025-05-06,557.9299926757812,563.3499755859375,556.9600219726562,558.7999877929688,48264700.0,560.4159912109375,553.9999938964844,540.6774948120117,555.2071984863281,559.1839721100829,553.7961794865762,549.1063093857015,2.7357097051658457,-1.822016552139078,4.557726257304924,62.30974825038949,540.6774948120117,576.6651471528664,504.6898424711569,71.97530468170953,0.7517876521829076,31.54998779296875,5.983876300231152,-0.008358364343191,0.0094532574152718,0.0289226805853935,0.0232263049165372,85832790.0,0.5623107439476219,-4.71002197265625,-0.8358364343191038,1.1435135563475851,0.1559326669310397,563.510009765625,566.760009765625,558.469970703125,554.3200073242188,,,0.0,,,0.0,
2025-05-07,560.1500244140625,563.8200073242188,556.0399780273438,561.1500244140625,55588000.0,561.7380004882813,556.572998046875,543.9109954833984,554.5453991699219,559.8393228780761,555.1332422006647,550.253329864593,3.253308277078304,-0.8069515862956018,4.060259863373906,73.20520239287724,543.9109954833984,574.3753808494638,513.4466101173331,60.92877073213072,0.782937415666144,25.73004150390625,4.805581099916431,0.0042055058561747,0.0088293642991469,0.0284948995722791,0.0232310889957029,80321360.0,0.6920699549908019,2.35003662109375,0.420550585617474,1.3864437242070324,0.1785236019664619,558.7999877929688,563.510009765625,566.760009765625,554.5399780273438,,,0.0,,,0.0,
2025-05-08,565.239990234375,570.3099975585938,561.7000122070312,565.0599975585938,65130800.0,563.056005859375,558.4099975585938,544.7329956054688,553.9557995605469,561.579547771582,556.9381068111971,551.663488692593,3.933666175125381,0.1411719659885948,3.7924942091367866,74.26850561603118,544.7329956054688,576.5878179684446,512.878173242493,63.70964472595165,0.819056903245372,18.3699951171875,3.360221521365096,0.0069677857514378,0.0068374857959959,0.01661186359425,0.0232569473574222,71484535.0,0.9111173486684916,3.90997314453125,0.696778575143786,1.5237294072776209,-0.0318435848296254,561.1500244140625,558.7999877929688,563.510009765625,558.469970703125,,,0.0,,,0.0,
2025-05-09,566.47998046875,567.5,562.760009765625,564.3400268554688,37603400.0,562.5720092773438,559.7799987792969,546.72099609375,553.5416003417969,562.499707466211,558.2839104556101,552.8707780414383,4.364448447418681,0.985827262274612,3.378621185144069,87.20142769332672,546.72099609375,578.2411361031192,515.2008560843809,63.04028001873826,0.779488459703567,13.70001220703125,2.4880160980996235,-0.0012741491279434,0.0068279348278313,0.0127674742039517,0.023153494023784,65248145.0,0.5763137020983509,-0.719970703125,-0.1274149127943435,0.839917427226714,-0.3777633256360594,565.0599975585938,561.1500244140625,558.7999877929688,566.760009765625,,,0.0,,,0.0,
2025-05-12,581.469970703125,583.0,577.0399780273438,582.989990234375,78993600.0,566.4680053710938,562.9940002441406,549.1734954833985,553.3178002929687,569.3298017222658,562.77592496084,555.7392744407656,6.139964987875487,2.0166548073947874,4.1233101804807,88.12586104686599,549.1734954833985,583.9691618699668,514.3778290968302,69.59133277313663,0.985929689853996,32.1400146484375,5.834622142671471,0.0330473871981484,0.01175084309881,0.0140407719117087,0.023528866194942,64304510.0,1.2284301676507603,18.64996337890625,3.304738719814848,1.0223197777821518,0.2614098075283169,564.3400268554688,565.0599975585938,561.1500244140625,563.510009765625,,,0.0,,,0.0,
2025-05-13,583.4099731445312,589.0800170898438,582.8400268554688,586.8400268554688,67947200.0,572.0760131835938,566.2460021972656,551.5594970703125,553.3792004394531,575.1665434333335,567.1512162144089,558.7012508612136,7.768193517974396,3.1669625495107097,4.601230968463686,87.38006836502522,551.5594970703125,589.8240664762127,513.2949276644124,76.5291388118003,0.9610077982442444,32.52001953125,5.8666508698159285,0.0066039497857346,0.0117528250398464,0.013997363452344,0.0234116966395838,64300170.0,1.0567188236049765,3.85003662109375,0.6603949785734642,1.063320487494939,0.5879319635983931,582.989990234375,564.3400268554688,565.0599975585938,558.7999877929688,,,0.0,,,0.0,
2025-05-14,587.8099975585938,588.97998046875,585.5399780273438,587.5900268554688,66283500.0,577.364013671875,569.5510070800781,554.0584991455078,553.5938012695312,579.3077045740453,570.8673636036925,561.4525628606665,9.015173779243128,4.336604795457194,4.678568983785934,85.10128523716334,554.0584991455078,594.9268423520091,513.1901559390064,81.73668641300264,0.9102384031147462,33.050048828125,5.959903728797591,0.0012780314322096,0.0117112203071026,0.0139172915707187,0.0233455282290372,64769700.0,1.0233720397037505,0.75,0.1278031432209614,0.5854426188639852,-0.0374220758474039,586.8400268554688,582.989990234375,564.3400268554688,561.1500244140625,,,0.0,,,0.0,
2025-05-15,585.5599975585938,590.969970703125,585.0999755859375,590.4600219726562,71268100.0,582.4440185546875,572.7500122070312,557.2985015869141,553.7418017578125,583.0251437069156,574.4296651253222,564.2151780141893,10.118361072727907,5.492956050911337,4.6254050218165705,84.81987795102029,557.2985015869141,598.9542190356734,515.6427841381548,83.31143489751867,0.8980428428166449,31.99005126953125,5.728159605297153,0.0048843496077468,0.011706432147146,0.0124109861833526,0.0233083706630845,64158865.0,1.1108067451006185,2.8699951171875,0.4884349607746863,0.9941392979623837,0.8368099655872038,587.5900268554688,586.8400268554688,582.989990234375,565.0599975585938,,,0.0,,,0.0,
2025-05-16,591.25,594.5,589.280029296875,594.2000122070312,76052100.0,588.416015625,575.4940124511719,560.6880035400391,554.1716015625,586.7500998736209,578.0242736856329,567.0708765087456,11.165719443040985,6.627508729337267,4.538210713703718,85.7025374168194,560.6880035400391,602.7907353146865,518.5852717653917,84.20546354929479,0.8979790295599275,27.44000244140625,4.841555855846931,0.0063340278684409,0.0112644800918374,0.0123662821955168,0.0231716663806504,63968065.0,1.18890730867035,3.739990234375,0.633402786844095,0.8784871416842477,0.4989449821617335,590.4600219726562,587.5900268554688,586.8400268554688,564.3400268554688,,,0.0,,,0.0,
2025-05-19,588.0999755859375,595.5399780273438,588.0999755859375,594.8499755859375,68168500.0,590.7880126953125,578.6280090332032,564.7365020751953,554.5502014160156,589.4500584443931,581.083492212961,569.7165049922877,11.91090362729551,7.684187708928915,4.226715918366596,85.00604658665702,564.7365020751953,603.311882543228,526.1611216071626,77.15076093606535,0.8903198509694178,31.3399658203125,5.561563286754642,0.0010938461217664,0.0107505029213245,0.0102677674498438,0.0231621343116095,63908085.0,1.0666647263800817,0.64996337890625,0.1093846121766439,1.2507359412896872,1.1477640333643646,594.2000122070312,590.4600219726562,587.5900268554688,582.989990234375,,,0.0,,,0.0,
2025-05-20,593.0900268554688,594.0499877929688,589.5999755859375,592.8499755859375,60614500.0,591.9900024414062,582.0330078125,568.0165008544922,555.1956005859375,590.5833641582412,583.2228528262294,571.9196926678734,12.199456436870491,8.587241454517232,3.61221498235326,82.10156572046975,568.0165008544922,604.256190094085,531.7768116148993,72.4793784791857,0.8426281413074879,34.04998779296875,6.093412408159182,-0.0033621922872737,0.0101344588033649,0.009538569061003,0.0228288243294341,63141405.0,0.959980222169589,-2.0,-0.3362192287273746,0.750613543103063,-0.0404746764675826,594.8499755859375,594.2000122070312,590.4600219726562,586.8400268554688,,,0.0,,,0.0,
2025-05-21,588.4400024414062,592.5800170898438,581.8200073242188,582.8599853515625,95197700.0,591.043994140625,584.20400390625,570.3885009765625,555.7344006347656,588.0089045560151,583.1568769217445,572.9616253044153,11.489583132947814,9.167709790203348,2.3218733427444658,68.55318872339635,570.3885009765625,603.7399468387042,537.0370551144207,66.70289172428352,0.6869706702754499,21.7099609375,3.8688336439384368,-0.0168507896529834,0.0124634322963927,0.0105216939744589,0.0229344247509864,63371755.0,1.5022102512388995,-9.989990234375,-1.6850789652983478,1.8460711038749569,-0.9482729023677106,592.8499755859375,594.8499755859375,594.2000122070312,587.5900268554688,,,0.0,,,0.0,
2025-05-22,582.6599731445312,586.6199951171875,581.4099731445312,583.0900268554688,70860400.0,589.5699951171875,586.0070068359375,572.2085021972656,556.2188012695312,586.369278655833,583.1447223642398,573.9262349759441,10.820830058870456,9.49833384393677,1.322496214933686,64.1581601604462,572.2085021972656,604.0534449773498,540.3635594171814,63.68988556016848,0.6708516911672461,18.030029296875,3.1908167937521323,0.0003946771260467,0.0124553628087072,0.0097792836517925,0.0229269954416417,63707255.0,1.1122814819128528,0.23004150390625,0.0394677126046794,0.893519307945163,0.0738086930215169,582.8599853515625,592.8499755859375,594.8499755859375,590.4600219726562,,,0.0,,,0.0,
2025-05-23,575.97998046875,581.8099975585938,575.5999755859375,579.1099853515625,76029000.0,586.5519897460938,587.4840026855469,573.6320007324218,556.7726013183594,583.9495142210762,582.4111338164803,574.4199254879078,9.85606772919482,9.56988062098838,0.2861871082064393,63.35613789759057,573.6320007324218,603.9248891150133,543.3391123498303,60.58577676518303,0.5904170072849295,14.76995849609375,2.617209092609062,-0.0068257753015775,0.0127967281438781,0.009983015454191,0.0228617920643072,64452725.0,1.1796087752690052,-3.98004150390625,-0.6825775301577575,1.072338956284152,0.5434225127521284,583.0900268554688,582.8599853515625,592.8499755859375,594.2000122070312,,,0.0,,,0.0,
2025-05-27,586.0700073242188,591.3099975585938,578.4299926757812,591.1500244140625,72588500.0,585.8119995117188,588.3000061035157,575.6470031738281,557.3394018554687,586.349684285405,584.0000230160407,576.0132682427798,9.94833890347536,9.645572277485776,0.3027666259895838,74.60825817306934,575.6470031738281,604.9028130271265,546.3911933205297,58.511619706596775,0.7649562824952275,8.1600341796875,1.3996868413481651,0.0207905913678743,0.0097985390049289,0.0107603027423149,0.0228641372424355,65701460.0,1.1048232413708918,12.0400390625,2.079059136787431,2.1788047620532427,0.8667935615810217,579.1099853515625,583.0900268554688,582.8599853515625,594.8499755859375,,,0.0,,,0.0,
2025-05-28,591.5599975585938,592.77001953125,586.989990234375,587.72998046875,68445500.0,584.7880004882812,588.3890014648438,577.3175018310546,557.7510009765625,586.8097830131867,584.6781970983515,577.1291455976341,9.634435732092015,9.643344968407025,-0.0089092363150093,69.89516214507351,577.3175018310546,605.2304594762361,549.4045441858732,55.8259152903629,0.6865169354329035,0.88995361328125,0.1516518254642562,-0.0057854077714069,0.0098553196223013,0.0109380549510097,0.0228657859556647,66734980.0,1.0256315353657108,-3.4200439453125,-0.5785407771406903,0.983449796497548,-0.6474435569765497,591.1500244140625,579.1099853515625,583.0900268554688,592.8499755859375,,,0.0,,,0.0,
2025-05-29,593.0599975585938,593.2000122070312,586.0700073242188,590.0499877929688,69973300.0,586.2260009765625,588.6349975585938,579.0930023193359,558.3316003417968,587.8898512731141,585.6548863155546,578.3597019971897,9.463777868899342,9.607431548505488,-0.143653679606146,69.16113972081669,579.0930023193359,605.3754170519725,552.8105875866994,52.56482946527308,0.7084470849633696,2.4599609375,0.4186526021662862,0.0039474034017601,0.0099238221690172,0.0109226080657997,0.0228058774909609,65578570.0,1.0670147275245556,2.32000732421875,0.3947403401760141,1.2083730243740316,-0.5075388287890069,587.72998046875,591.1500244140625,579.1099853515625,582.8599853515625,,,0.0,,,0.0,
2025-05-30,588.9299926757812,591.1300048828125,583.239990234375,589.3900146484375,90601200.0,587.4859985351562,588.5279968261718,580.6390045166015,558.7768005371094,588.3899057315552,586.3340005578968,579.4102079639752,9.169574815051874,9.519860201814764,-0.3502853867628914,69.22483111130681,580.6390045166015,605.4076258531163,555.8703831800867,49.5372426730296,0.6766551721418367,-1.07000732421875,-0.1812158798903918,-0.0011185037847383,0.0098074715636663,0.0109216206662991,0.022765581553524,66949325.0,1.3532802608540115,-0.65997314453125,-0.1118503784738322,1.338674638582701,0.0781114866583984,590.0499877929688,587.72998046875,591.1500244140625,583.0900268554688,,,0.0,,,0.0,
2025-06-02,587.760009765625,592.7899780273438,585.0599975585938,592.7100219726562,61630500.0,590.206005859375,588.3789978027344,581.9365051269531,559.321201171875,589.8299444785889,587.4932771787621,580.6768569171829,9.099421156960377,9.435772392843887,-0.3363512358835123,59.75512494287924,581.9365051269531,606.3602410982527,557.5127691556535,48.84747194259921,0.7205542358131278,-1.489990234375,-0.2507556721247352,0.0056329548205853,0.0097584482660771,0.0105736249343463,0.022767610744313,66994985.0,0.9199270661826404,3.32000732421875,0.5632954820585345,1.304175765920592,0.842182544709892,589.3900146484375,590.0499877929688,587.72998046875,579.1099853515625,,,0.0,,,0.0,
2025-06-03,592.3400268554688,597.0800170898438,591.8499755859375,596.0900268554688,63606200.0,591.1940063476562,588.5030029296875,583.5655059814453,559.9634020996094,591.9166386042156,589.0563225745269,582.1447778636864,9.210390376663328,9.390695989607774,-0.1803056129444478,59.37181529450178,583.5655059814453,607.1459539242447,559.9850580386459,47.16089588559885,0.7655700371851493,1.24005126953125,0.2084645407120977,0.005702628195088,0.0099340346176823,0.0104248281205463,0.022769428129017,68242335.0,0.9320636522768454,3.3800048828125,0.5702628195088044,0.8773912107699723,0.6330823226496226,592.7100219726562,589.3900146484375,590.0499877929688,591.1500244140625,,,0.0,,,0.0,
2025-06-04,596.9600219726562,597.9500122070312,595.489990234375,595.9299926757812,57314200.0,592.8340087890625,588.8110046386719,585.422006225586,560.4004016113281,593.2544232947375,590.306080774755,583.4576554648382,9.179604099969197,9.34847761168006,-0.1688735117108617,58.5520337069369,585.422006225586,606.5072768218567,564.3367356293152,42.17054119254158,0.7491783636880089,3.08001708984375,0.5195272356720003,-0.00026847317096,0.0098568269310039,0.0101188718399647,0.0226445493485407,68694810.0,0.834330861385307,-0.1600341796875,-0.0268473170960015,0.412803853286612,-0.1725457750874614,596.0900268554688,592.7100219726562,589.3900146484375,587.72998046875,,,0.0,,,0.0,
2025-06-05,597.6300048828125,599.0,591.0499877929688,593.0499877929688,92278700.0,593.4340087890625,589.8300048828125,587.0170043945312,560.7522009277344,593.1862781274813,590.8049729598847,584.3712109246602,8.821128945526198,9.243007878449289,-0.4218789329230894,52.65527814279457,587.0170043945312,604.9641351730733,569.0698736159892,35.894261557084064,0.6680765430664461,10.19000244140625,1.7482762065506978,-0.0048327906267664,0.0080682525757017,0.0102755031583208,0.0226584779825462,70529345.0,1.3083731317794034,-2.8800048828125,-0.4832790626766448,1.3405298660602225,-0.7663633104803417,595.9299926757812,596.0900268554688,592.7100219726562,590.0499877929688,,,0.0,,,0.0,
2025-06-06,598.6599731445312,600.8300170898438,596.8599853515625,599.1400146484375,66588700.0,595.3840087890625,591.4350036621094,588.7210052490234,561.3632006835937,595.1708569678001,592.320435085076,585.777763660258,8.925560765182013,9.179518455795831,-0.2539576906138201,54.83175393079602,588.7210052490234,604.1908910397467,573.2511194583001,30.93977158144662,0.8367513354772788,16.04998779296875,2.7525745688919288,0.0102689941502784,0.00847601378432,0.0103717358325308,0.0226203187846978,70602240.0,0.9431527951521084,6.09002685546875,1.0268994150278488,0.6626216979700111,0.080186002980085,593.0499877929688,595.9299926757812,596.0900268554688,589.3900146484375,,,0.0,,,0.0,
2025-06-09,599.719970703125,601.25,598.489990234375,599.6799926757812,53016400.0,596.7780029296875,593.4920043945312,590.488003540039,562.0152001953124,596.6739022037939,593.6585364652043,587.1017854712602,8.948739944983345,9.133362753633335,-0.1846228086499906,54.7343646612448,590.488003540039,601.7268378032384,579.2491692768397,22.477668526398705,0.9089387262271788,20.57000732421875,3.552003564872265,0.0009012551559597,0.0078338227673597,0.0103360858364091,0.0226132370337901,71372890.0,0.7428086490542838,0.53997802734375,0.0901255155959734,0.4602470983415328,-0.0066661157367961,599.1400146484375,593.0499877929688,595.9299926757812,592.7100219726562,,,0.0,,,0.0,
2025-06-10,600.219970703125,603.469970703125,599.0900268554688,603.0800170898438,66247000.0,598.1760009765625,594.6850036621094,591.4925048828125,562.9636010742188,598.8092738324772,595.3715329424115,588.6235218158872,9.136147347431006,9.13391967239287,0.0022276750381351,59.759586998319534,591.4925048828125,603.476154022442,579.508855743183,23.96729827925901,0.9834717735815462,11.92999267578125,2.018098990625273,0.0056697312826654,0.0051198945223189,0.0076147049881428,0.0224059916903244,70735560.0,0.9365445046310512,3.4000244140625,0.5669731282665458,0.7262624732272879,0.4764997044947307,599.6799926757812,599.1400146484375,593.0499877929688,596.0900268554688,,,0.0,,,0.0,
2025-06-11,604.1900024414062,605.0599975585938,599.27001953125,601.3599853515625,73658200.0,599.2619995117187,596.0480041503906,592.2185028076171,563.8030004882812,599.6595110055057,596.460342471348,589.8365183430943,9.041650360569292,9.115465810028155,-0.0738154494588627,70.95592607239551,592.2185028076171,604.7616278367074,579.6753777785269,25.08625005818044,0.86440211361779,13.6300048828125,2.319093007973109,-0.0028520788113346,0.0046894731721339,0.007589211003462,0.0224047275952266,71021110.0,1.037131072719083,-1.72003173828125,-0.2852078811334646,0.9628139830352792,-0.4683985300002051,603.0800170898438,599.6799926757812,599.1400146484375,595.9299926757812,,,0.0,,,0.0,
2025-06-12,600.010009765625,603.75,599.52001953125,603.75,64129000.0,601.402001953125,597.4180053710937,593.0265014648437,564.6586010742187,601.0230073370038,597.7857347492846,591.1616118342282,9.055231948395658,9.103419037701656,-0.0481870893059976,72.31087435389404,593.0265014648437,606.3706334877281,579.6823694419593,26.688264045768847,0.9018057718840802,13.70001220703125,2.32183924929394,0.003974349319302,0.0046905293145726,0.0076136424229309,0.0224065063695461,70913385.0,0.9043285692820896,2.3900146484375,0.3974349319302073,0.7006178830227744,0.6233213068955148,601.3599853515625,603.0800170898438,599.6799926757812,593.0499877929688,,,0.0,,,0.0,
2025-06-13,598.5,601.8499755859375,595.47998046875,597.0,89506000.0,600.9739990234375,598.17900390625,593.3535003662109,565.3082006835938,599.682004891336,597.6428738857783,591.717648802397,8.424217728619624,8.96757877588525,-0.543361047265627,68.22900470915437,593.3535003662109,606.7532343804993,579.9537663519226,26.79946802857671,0.6360661200401717,7.6099853515625,1.2911629247912768,-0.0111801242236024,0.0063075848766793,0.0080593687506002,0.0224696218125966,71825280.0,1.2461629108859722,-6.75,-1.1180124223602483,1.0670008571503349,-0.2506265664160401,603.75,601.3599853515625,603.0800170898438,599.1400146484375,,,0.0,,,0.0,
2025-06-16,600.4000244140625,604.4500122070312,600.219970703125,602.6799926757812,79984100.0,601.5739990234375,599.1760009765625,593.7774993896485,566.6278002929688,600.6813341528177,598.5587136657788,592.7616815522431,8.286935715995696,8.83145016390734,-0.5445144479116433,63.49792715533688,593.7774993896485,607.8116495686434,579.7433492106536,28.06830035798976,0.8171725103618053,9.969970703125,1.682099227872504,0.0095142255875733,0.0067102778108713,0.0082088207381722,0.0212717523311176,72021880.0,1.1105527931234231,5.67999267578125,0.9514225587573312,0.701871898074083,0.3797415338121943,597.0,603.75,601.3599853515625,599.6799926757812,,,0.0,,,0.0,
2025-06-17,600.2100219726562,601.75,596.760009765625,597.530029296875,82209400.0,600.4640014648437,599.3200012207031,593.9115020751954,568.4728009033203,599.6308992008369,598.3716801441599,593.2158099088747,7.674117280255132,8.599983587176897,-0.9258663069217654,61.02614179803491,593.9115020751954,608.0396349241536,579.7833692262371,28.256265697916437,0.6280610559217125,1.44000244140625,0.2415746576071136,-0.008545104270081,0.0072541201711737,0.0084659270731029,0.0194379200135117,72723925.0,1.1304312851650953,-5.14996337890625,-0.8545104270081039,0.8351028383036777,-0.446509151408895,602.6799926757812,597.0,603.75,603.0800170898438,,,0.0,,,0.0,
2025-06-18,598.4400024414062,601.219970703125,596.469970703125,597.4400024414062,76605000.0,599.6800048828125,599.4710021972656,594.1410034179687,570.3340008544922,598.9006002810268,598.2022841982047,593.6181139595919,7.099352918708746,8.299857453483268,-1.200504534774522,58.753849935653655,594.1410034179687,608.345448338003,579.9365584979344,28.408889840068696,0.616125587518895,1.510009765625,0.253387106570172,-0.0001506649892971,0.0072532531503734,0.0084239852486549,0.0194301797613691,73523450.0,1.0419124782637377,-0.09002685546875,-0.0150664989297166,0.7950589148013829,-0.1671011289219274,597.530029296875,602.6799926757812,597.0,601.3599853515625,,,0.0,,,0.0,
2025-06-20,598.3800048828125,599.4600219726562,592.8599853515625,594.280029296875,94051400.0,597.7860107421875,599.5940063476562,594.7120056152344,572.2900012207032,597.3604099529762,597.4891469434174,593.6811535155238,6.316057023703024,7.903097367527219,-1.587040343824195,55.46858149154301,594.7120056152344,607.8879550203927,581.536056210076,26.351898810316698,0.4836073930964604,1.23004150390625,0.207409413915316,-0.0052891890928263,0.0072903177852488,0.0075252314998809,0.019275381569059,73466135.0,1.2802007346650264,-3.15997314453125,-0.5289189092826385,1.1105937093162312,-0.6851792427022098,597.4400024414062,597.530029296875,602.6799926757812,603.75,,,0.0,,,0.0,
2025-06-23,595.0399780273438,600.5399780273438,591.8900146484375,600.1500244140625,87426000.0,598.416015625,599.6950073242188,595.5650054931641,573.3206018066406,598.290281440005,597.972942847171,594.2972364582417,6.098647519600036,7.542207397941783,-1.4435598783417474,57.87134076964106,595.5650054931641,607.744161848733,583.3858491375952,24.35831271113784,0.6882322053777514,1.010009765625,0.1685765832578637,0.0098774901188125,0.0072312349288019,0.0077796933700426,0.0126264335929603,74294415.0,1.1767506346203815,5.8699951171875,0.987749011881256,1.4413001794595224,0.8587736245318174,594.280029296875,597.4400024414062,597.530029296875,597.0,,,0.0,,,0.0,
2025-06-24,604.3300170898438,607.8499755859375,603.4099731445312,606.780029296875,67735300.0,599.2360229492188,600.4050109863281,596.9485076904297,574.9646020507812,601.120197392295,599.5742312925717,595.4860738714449,6.387701459805385,7.311306210314504,-0.9236047505091188,60.5820505415337,596.9485076904297,607.4245835903992,586.4724317904602,20.95215179993897,0.9692368449943156,7.10003662109375,1.1839709024497012,0.011047245877038,0.0080114935340727,0.0078029148933438,0.0108306405726959,73879730.0,0.9168319916707872,6.6300048828125,1.1047245877038092,0.73173180181148,0.4054096499838456,600.1500244140625,594.280029296875,597.4400024414062,602.6799926757812,,,0.0,,,0.0,
2025-06-25,607.9099731445312,608.6099853515625,605.5399780273438,607.1199951171875,62114800.0,601.1540161132813,600.8090087890625,597.7470062255859,576.4282019042969,603.1201299672592,600.9461883515927,596.5940663710394,6.568493683981956,7.162743705047995,-0.5942500210660393,61.03768189234261,597.7470062255859,608.7817698550155,586.7122425961563,22.069527258859125,0.9247027488021572,4.03997802734375,0.669890878964722,0.0005602785258216,0.0078566580106125,0.0064893622659,0.0106201271430042,73356045.0,0.8467577552742926,0.3399658203125,0.0560278525821633,0.5056673061189776,-0.1299498383383047,606.780029296875,600.1500244140625,594.280029296875,597.530029296875,,,0.0,,,0.0,
2025-06-26,608.989990234375,612.3099975585938,608.3699951171875,611.8699951171875,78548400.0,604.0400146484375,601.860009765625,598.9540069580078,577.8832019042969,606.036751683902,602.9323350362463,598.0489167278154,7.014202763505182,7.133035516739433,-0.1188327532342512,67.90335635312601,598.9540069580078,610.6372791614652,587.2707347545503,23.366544406914954,1.0527555951044885,10.510009765625,1.7477068680385703,0.0078238240186492,0.0080441201749679,0.0064144549602578,0.0105978987214228,73861190.0,1.063459714093423,4.75,0.7823824018649228,0.6439280358324561,0.472914978734561,607.1199951171875,606.780029296875,600.1500244140625,597.4400024414062,,,0.0,,,0.0,
2025-06-27,612.8800048828125,616.3900146484375,610.8300170898438,614.9099731445312,86258400.0,608.1660034179688,602.9760070800781,600.1970062255859,579.4292016601562,608.9944921707785,605.1100874195708,599.6547316246455,7.525976468862723,7.211623707164091,0.3143527616986317,65.92605011766939,600.1970062255859,613.1160243618593,587.2779880893125,25.838036272546788,1.0694305389058536,11.15997314453125,1.848442756858178,0.0049683397643343,0.0080805369501421,0.0064345129683346,0.0105741792947247,74675445.0,1.1551106257217485,3.03997802734375,0.4968339764334306,0.9041970046706176,0.3312178967409608,611.8699951171875,607.1199951171875,606.780029296875,594.280029296875,,,0.0,,,0.0,
2025-06-30,617.3800048828125,619.219970703125,615.0399780273438,617.8499755859375,92502500.0,611.7059936523438,605.0610046386719,601.620004272461,581.2730017089843,611.9463199758316,607.4264307225466,601.3876120019114,8.075702769310737,7.384439519593421,0.6912632497173163,67.50143740160118,601.620004272461,615.7406698456084,587.4993386993135,28.241331146294897,1.074688609024926,20.8499755859375,3.492458222100084,0.0047811916700124,0.0066715301639352,0.0064151149214694,0.009943463144446,74770510.0,1.2371521874065057,2.94000244140625,0.4781191670012452,0.6765384544714366,0.076123408501739,614.9099731445312,611.8699951171875,607.1199951171875,600.1500244140625,,,0.0,,,0.0,
2025-07-01,616.3599853515625,618.8300170898438,615.52001953125,617.6500244140625,70030100.0,613.8799926757813,606.5580078125,602.8670043945312,583.097802734375,613.8475547885753,609.2852659391858,602.936413184021,8.398418691628194,7.587235354000376,0.8111833376278179,64.9558994715956,602.8670043945312,618.0403276412146,587.6936811478479,30.34664649336673,0.9871385054939288,14.97003173828125,2.483910519713329,-0.0003236241478934,0.0063991609118888,0.0063943912459776,0.0099532163513449,75190490.0,0.9313691133014296,-0.199951171875,-0.0323624147893442,0.5359017935332877,0.2092996127521453,617.8499755859375,614.9099731445312,611.8699951171875,606.780029296875,,,0.0,,,0.0,
2025-07-02,617.239990234375,620.489990234375,616.6099853515625,620.4500122070312,66510400.0,616.54599609375,608.8500061035156,604.0850036621093,585.2292028808594,616.0483739280606,611.3152198060668,604.6043749957363,8.778911176169231,7.825570518434148,0.9533406577350833,69.17059859737643,604.0850036621093,620.8003011121614,587.3697062120573,33.4305949001041,0.9895219063203378,22.91998291015625,3.835787623448253,0.0045332918032747,0.0051015610021005,0.0063648249731295,0.0091562251749668,75335700.0,0.8828536802604874,2.79998779296875,0.4533291803274775,0.6253533413611769,0.5200605961122768,617.6500244140625,617.8499755859375,614.9099731445312,607.1199951171875,,,0.0,,,0.0,
2025-07-03,622.4500122070312,626.280029296875,622.4299926757812,625.3400268554688,51065800.0,619.2400024414062,611.6400085449219,605.5555053710938,587.1910034179688,619.1455915705301,613.8651847241399,606.5791989823774,9.367059890415362,8.133868392830392,1.2331914975849705,70.64456524149749,605.5555053710938,624.3013391720843,586.8096715701032,37.491667601981135,1.027704494086828,27.9000244140625,4.669929080752973,0.0078813998746538,0.0050454379237554,0.0064703498378404,0.0086012019403093,75023280.0,0.6806660545899886,4.8900146484375,0.788139987465386,0.6156709079464677,0.4642966650752126,620.4500122070312,617.6500244140625,617.8499755859375,611.8699951171875,,,0.0,,,0.0,
2025-07-07,623.3599853515625,624.030029296875,617.8699951171875,620.6799926757812,74814500.0,620.3940063476563,614.2800048828125,606.9370056152344,588.8962036132813,619.6570586056139,615.1042407153474,607.9221317150826,9.3493724255286,8.376969199370034,0.9724032261585656,73.58570169306059,606.9370056152344,625.8738599146094,588.0001513158594,37.87370859875,0.8628635158533282,26.39996337890625,4.442344025953806,-0.0074520004790362,0.0055380945644267,0.0066491521056073,0.0085576985135435,74150070.0,1.0089606119050192,-4.6600341796875,-0.7452000479036269,0.9924654012337818,-0.429926966561671,625.3400268554688,620.4500122070312,617.6500244140625,614.9099731445312,,,0.0,,,0.0,
2025-07-08,621.3499755859375,622.1099853515625,619.52001953125,620.3400268554688,59024600.0,620.8920166015625,616.2990051269531,607.9970062255859,590.3692041015624,619.8847146888988,616.056201831733,609.1047883951194,9.201849389874155,8.541945237470859,0.6599041524032963,69.68355773731129,607.9970062255859,627.462208783461,588.5318036677107,38.93040511575032,0.8170534853974372,20.19000244140625,3.364159230205501,-0.0005477312372305,0.0053646185305658,0.0064022094507282,0.0081638405101168,73771865.0,0.8000963510953668,-0.3399658203125,-0.0547731237230508,0.4175074488488438,-0.1625410429148824,620.6799926757812,625.3400268554688,620.4500122070312,617.8499755859375,,,0.0,,,0.0,
2025-07-09,622.77001953125,624.719970703125,620.9099731445312,624.0599975585938,66113300.0,622.1740112304688,618.027001953125,609.2160064697266,591.8376037597657,621.2764756454638,617.511437418435,610.529094029736,9.278154083102097,8.689187006597106,0.5889670765049893,80.54345763855218,609.2160064697266,629.5235097224815,588.9085032169717,40.61500650550988,0.865480455773247,17.27996826171875,2.847814269982228,0.0059966639940707,0.0047608180622224,0.0064673071478327,0.0081513611660389,74426710.0,0.8883007189220107,3.719970703125,0.5996663994070728,0.6105178305770231,0.2071355374998138,620.3400268554688,620.6799926757812,625.3400268554688,617.6500244140625,,,0.0,,,0.0,
2025-07-10,624.2000122070312,626.8699951171875,623.010009765625,625.8200073242188,57529000.0,623.2480102539063,619.8970031738281,610.3530059814453,593.3370043945313,622.7909862050489,619.0220864922138,611.9853714863534,9.372602652169803,8.825870135711645,0.5467325164581585,81.46352224068771,610.3530059814453,631.7321000030457,588.9739119598449,42.75818804320079,0.8617319173381789,18.70001220703125,3.080117992724278,0.0028202573030002,0.0046946970998317,0.0064137066175115,0.00814548244483,73990810.0,0.7775154779357057,1.760009765625,0.2820257303000284,0.6167884226115443,0.2595314138908073,624.0599975585938,620.3400268554688,620.6799926757812,620.4500122070312,,,0.0,,,0.0,
2025-07-11,622.739990234375,624.8599853515625,621.530029296875,623.6199951171875,63670200.0,622.90400390625,621.0720031738281,611.4660064697266,594.7230041503906,623.0673225090951,619.8580698785727,613.0934308797662,9.164290982905072,8.893554305150332,0.2707366777547406,83.23520301774919,611.4660064697266,633.1887816610764,589.7432312783768,43.4455503826996,0.7797522080028872,11.75,1.9203425717500004,-0.003515407275708,0.0047816464871701,0.0064410775711283,0.0081724237271214,73491410.0,0.8663624769207721,-2.20001220703125,-0.3515407275708093,0.5339719830602532,0.1413117668067696,625.8200073242188,624.0599975585938,620.3400268554688,625.3400268554688,,,0.0,,,0.0,
2025-07-14,623.1599731445312,625.1599731445312,621.7999877929688,624.8099975585938,51898500.0,623.7300048828125,622.0620056152344,612.5190063476563,596.1284045410156,623.6482141922613,620.7584203658492,614.2092943729879,8.991576439828123,8.91315873208589,0.0784177077422327,81.2468774699889,612.5190063476563,634.7037532985,590.3342593968125,44.36949390168752,0.7770144558820404,9.9000244140625,1.6099957467652837,0.0019082172648787,0.004660869644921,0.0064215617954301,0.0081676900367334,72879885.0,0.7121100698773056,1.19000244140625,0.1908217264878775,0.5377611377365014,0.2647834400749942,623.6199951171875,625.8200073242188,624.0599975585938,620.6799926757812,,,0.0,,,0.0,
2025-07-15,627.52001953125,627.8599853515625,622.0599975585938,622.1400146484375,74317300.0,624.0900024414062,622.4910095214843,613.7760070800781,597.4018054199219,623.1454810109867,621.0096193263198,614.9646010658879,8.540800580597647,8.838687101788242,-0.2978865211905948,71.63385657548613,613.7760070800781,635.0901855235735,592.4618286365827,42.62835688699079,0.6962075993342334,4.2900390625,0.6943496369699691,-0.0042732717475537,0.004851567034687,0.0058507777303263,0.008193226526874,72120450.0,1.0304608470967669,-2.66998291015625,-0.4273271747553764,0.9322640653882778,-0.8573439436770957,624.8099975585938,623.6199951171875,625.8200073242188,620.3400268554688,,,0.0,,,0.0,
2025-07-16,623.739990234375,624.72998046875,618.0499877929688,624.219970703125,88987500.0,624.1219970703125,623.1480041503906,614.8530059814453,598.5510046386719,623.5036442416995,621.593319576648,615.8460648408628,8.25621997068447,8.722193675567489,-0.4659737048830195,72.95923217370496,614.8530059814453,635.9824504943008,593.7235614685899,42.258889025710914,0.7216566724217636,6.5699462890625,1.0637004823718934,0.0033432282214846,0.0049036631244473,0.0055952700861495,0.0079897553420806,72570620.0,1.2262193708693685,2.0799560546875,0.3343228221484695,1.0701344060262712,0.0769520114574734,622.1400146484375,624.8099975585938,623.6199951171875,624.0599975585938,,,0.0,,,0.0,
2025-07-17,624.4000244140625,628.4000244140625,624.1799926757812,628.0399780273438,68885700.0,624.5659912109375,623.9070007324219,616.3785034179688,599.8416040039062,625.015755503581,622.7654392949563,617.007389906242,8.243899906494335,8.626534921752858,-0.3826350152585238,72.26664604698934,616.3785034179688,636.6291519206558,596.1278549152818,40.501297005374,0.7879284238188138,7.5899658203125,1.223300132320714,0.0061196493279698,0.0050515984452574,0.0051120809417789,0.0079323177697843,71904435.0,0.958017401847327,3.82000732421875,0.6119649327969823,0.6719368011469992,0.5829521894553072,624.219970703125,622.1400146484375,624.8099975585938,625.8200073242188,,,0.0,,,0.0,
2025-07-18,629.2999877929688,629.469970703125,626.4600219726562,627.5800170898438,65621600.0,625.3579956054688,624.1309997558594,617.8855041503906,601.2172045898437,625.8705093656686,623.6408170758449,618.0143067808707,8.103607816670205,8.521949500736328,-0.4183416840661227,68.78164413803087,617.8855041503906,636.6320558212477,599.1389524795335,37.49310334171423,0.7585678985038079,2.239990234375,0.3582035593721423,-0.0007323752525193,0.0044947522797536,0.0051296132855217,0.0077973016925248,71355265.0,0.9196462237229446,-0.4599609375,-0.0732375252519346,0.4796119456489719,-0.2733149112487901,628.0399780273438,624.219970703125,622.1400146484375,623.6199951171875,,,0.0,,,0.0,
2025-07-21,628.77001953125,631.5399780273438,628.3400268554688,628.77001953125,63375000.0,626.15,624.9400024414062,619.6100036621094,602.5696044921875,626.8370127541957,624.573399340464,619.0386603761449,7.996272524337087,8.416814105456481,-0.4205415811193944,67.07331503670142,619.6100036621094,635.3117230352855,603.9082842889334,31.40343874635209,0.7916883065936412,8.09002685546875,1.303413506304957,0.0018961764380651,0.003563598869031,0.0047980089233806,0.0077929481509643,69821445.0,0.9076724207011184,1.19000244140625,0.1896176438065167,0.508922351969099,0.0,627.5800170898438,628.0399780273438,624.219970703125,624.8099975585938,,,0.0,,,0.0,
2025-07-22,629.0999755859375,629.72998046875,626.1900024414062,628.8599853515625,60046300.0,627.493994140625,625.7919982910156,621.0455017089844,603.8456042480469,627.511336953318,625.3527786152091,619.974024659518,7.828229069863596,8.299097098337905,-0.4708680284743085,67.58708125541025,621.0455017089844,634.3178888311303,607.7731145868385,26.54477424429183,0.794388777642686,8.51995849609375,1.3734336214417435,0.0001430822359811,0.0035303073375612,0.0045324631691546,0.0077693922122418,68452460.0,0.8771971087671648,0.0899658203125,0.014308223598114,0.5629199042398499,-0.0381481868842031,628.77001953125,627.5800170898438,628.0399780273438,622.1400146484375,,,0.0,,,0.0,
2025-07-23,631.5499877929688,634.2100219726562,629.72998046875,634.2100219726562,70511000.0,629.4920043945312,626.8070007324219,622.4170013427735,605.2430041503907,629.7442319597642,626.9631864983812,621.329833927436,8.03414405314254,8.246106489298832,-0.2119624361562913,69.98843840435794,622.4170013427735,635.1401497477603,609.6938529377866,25.446296809973774,0.9634474209724878,10.1500244140625,1.626450093544011,0.0085075163720311,0.0039591271148384,0.004305847672008,0.007803942651856,68591245.0,1.0279883387449813,5.35003662109375,0.8507516372031176,0.706397147426252,0.4211913911966535,628.8599853515625,628.77001953125,627.5800170898438,624.219970703125,,,0.0,,,0.0,
2025-07-24,634.5999755859375,636.1500244140625,633.989990234375,634.4199829101562,71307100.0,630.7680053710938,627.6669982910156,623.7820007324219,606.2716040039063,631.3028156098949,628.3189676641584,622.5765147829331,8.120665279465129,8.221018247332092,-0.1003529678669625,65.26562929700488,623.7820007324219,635.4053130668212,612.1586883980226,23.24662466879863,0.9576140549132072,8.5999755859375,1.3741931362514124,0.0003310590028946,0.0039536456825245,0.0043108055309515,0.0064295462049414,69050860.0,1.0326750456113074,0.2099609375,0.0331059002894651,0.3404738561006825,-0.0283631709274901,634.2100219726562,628.8599853515625,628.77001953125,628.0399780273438,,,0.0,,,0.0,
2025-07-25,635.0900268554688,637.5800170898438,634.8400268554688,637.0999755859375,56865400.0,632.6719970703125,629.0149963378906,625.0434997558593,607.2768029785157,633.2352022685758,629.9155145590273,623.9597015260764,8.309697960498397,8.238754189965354,0.0709437705330433,79.57508184610514,625.0434997558593,636.6997750606314,613.3872244510873,23.31255060954413,1.0171667412978085,13.47998046875,2.161569637647188,0.0042243194539488,0.0036351414097383,0.0041356976003358,0.0064013452092235,67966710.0,0.8366654793206851,2.67999267578125,0.4224319453948855,0.4300722554344858,0.3164824899582569,634.4199829101562,634.2100219726562,628.8599853515625,627.5800170898438,,,0.0,,,0.0,
2025-07-28,637.47998046875,638.0399780273438,635.5399780273438,636.9400024414062,54917100.0,634.3059936523438,630.2279968261719,626.1450012207031,608.2638024902344,634.4701356595193,631.1926941740053,625.1959206608697,8.35034168527136,8.261071689026554,0.0892699962448055,80.09440810148097,626.1450012207031,637.9321386030291,614.357863838377,23.57427476465205,0.957914456689438,12.1300048828125,1.941390971688952,-0.0002510958258695,0.0037141594654149,0.0041051222222716,0.0064068815033821,66399645.0,0.8270691808668555,-0.15997314453125,-0.0251095825869573,0.3925016470024555,-0.0847050956716624,637.0999755859375,634.4199829101562,634.2100219726562,628.77001953125,,,0.0,,,0.0,
2025-07-29,638.3499755859375,638.6699829101562,634.3400268554688,635.260009765625,60556300.0,635.5859985351562,631.5399963378907,627.0155029296875,609.1598022460937,634.7334270282213,631.9322060997542,626.154405337513,8.153007960626269,8.239458943346497,-0.086450982720228,71.92653753778872,627.0155029296875,638.7947831544797,615.2362227048953,23.55856044958432,0.8499580058629164,13.1199951171875,2.108849263553868,-0.0026375995687848,0.0034361955148362,0.0041535606998722,0.0064173128532795,64802335.0,0.934477129566396,-1.67999267578125,-0.2637599568784843,0.6816037509247606,-0.4840551325276138,636.9400024414062,637.0999755859375,634.4199829101562,628.8599853515625,,,0.0,,,0.0,
2025-07-30,635.9199829101562,637.6799926757812,631.5399780273438,634.4600219726562,80418900.0,635.6359985351562,632.5640014648437,627.8560028076172,609.9650024414062,634.6422920096996,632.3918089857364,626.945416445622,7.8416733044352895,8.159901815564256,-0.3182285111289662,67.57541294609601,627.8560028076172,639.2128855107076,616.4991201045268,22.713765406180755,0.7907496422078045,10.24005126953125,1.6404555685709314,-0.0012593076546151,0.003556470934244,0.0041791706701413,0.0063899813031027,65321775.0,1.2311193319532423,-0.79998779296875,-0.1259307654615127,0.9677543794401786,-0.2295824909949819,635.260009765625,636.9400024414062,637.0999755859375,634.2100219726562,,,0.0,,,0.0,
2025-07-31,639.4600219726562,639.8499755859375,630.77001953125,632.0800170898438,103385200.0,635.1680053710937,632.9680053710938,628.4375030517579,610.7096032714844,633.7882003697478,632.3351195501195,627.434426030786,7.318528403042137,7.991627133059833,-0.6730987300176956,67.08417043619735,628.4375030517579,639.3811864178068,617.4938196857089,21.88736673209792,0.6664208437072574,4.0400390625,0.6432773714803397,-0.0037512290773067,0.0035429962225681,0.004257076421604,0.0064302763944168,67165515.0,1.5392601396713774,-2.3800048828125,-0.3751229077306739,1.4365200305639272,-1.1540994947652996,634.4600219726562,635.260009765625,636.9400024414062,634.4199829101562,,,0.0,,,0.0,
2025-08-01,626.2999877929688,626.3400268554688,619.2899780273438,621.719970703125,140103600.0,632.0920043945313,632.3820007324218,628.2565002441406,611.2870031738281,629.7654571475402,630.4050924870296,626.8901921900564,5.998812561664863,7.593064218780839,-1.5942516571159755,45.44645057536602,628.2565002441406,639.5306497013224,616.9823507869588,22.548298914363613,0.2101098594691879,-5.86004638671875,-0.9337528645179648,-0.0163904032821942,0.0064707045870658,0.0054623954849564,0.0068693388774188,71617405.0,1.956278644835009,-10.36004638671875,-1.639040328219421,1.1339588818663573,-0.7312816827577093,632.0800170898438,634.4600219726562,635.260009765625,637.0999755859375,,,0.0,,,0.0,
2025-08-04,625.6699829101562,631.219970703125,625.5800170898438,631.1699829101562,73218000.0,630.9380004882812,632.6219970703125,628.7809997558594,612.253203125,630.2336324017456,630.5441634730525,627.2977913062564,5.650331750187661,7.204517725062204,-1.5541859748745432,61.09062940879262,628.7809997558594,639.5350789131353,618.0269205985835,21.508158314551796,0.611073348045822,2.39996337890625,0.3816917639768242,0.0151997887350214,0.0082395724175742,0.0061953631682973,0.0066643636893348,71537580.0,1.02349003139329,9.45001220703125,1.519978873502148,0.89357126701066,0.8790576742099802,621.719970703125,632.0800170898438,634.4600219726562,636.9400024414062,,,0.0,,,0.0,
2025-08-05,631.7899780273438,632.6099853515625,627.0399780273438,627.969970703125,68051400.0,629.4799926757812,632.5329956054687,629.1624969482422,613.1508020019531,629.4790785022054,630.0761284239748,627.3618083916724,5.05764259932198,6.77514269991416,-1.7175001005921802,54.482433587902094,629.1624969482422,639.1712876153756,619.1537062811087,20.01758133426688,0.4404260572142274,-0.8900146484375,-0.1415282684809305,-0.0050699689365404,0.0084213552916306,0.0063303666777218,0.0067292869642631,71988920.0,0.9453038050855604,-3.20001220703125,-0.5069968936540437,0.8869862547698145,-0.6046324660207606,631.1699829101562,621.719970703125,632.0800170898438,635.260009765625,,,0.0,,,0.0,
2025-08-06,629.0499877929688,633.4400024414062,628.1300048828125,632.780029296875,64357500.0,629.143994140625,632.3899963378906,629.5984985351563,614.2242028808594,630.579395433762,630.567746764502,627.8778294302631,4.919356427640082,6.403985445459345,-1.4846290178192625,55.53485574353266,629.5984985351563,639.4295403821146,619.767456688198,19.662083693916657,0.6618104576934057,-1.42999267578125,-0.225476202872572,0.0076596952372807,0.0083287203381935,0.006414920952452,0.0066748495506063,71901130.0,0.895083290067903,4.81005859375,0.7659695237280717,0.8391537837396749,0.5929642439058231,627.969970703125,631.1699829101562,621.719970703125,634.4600219726562,,,0.0,,,0.0,
2025-08-07,636.239990234375,636.97998046875,629.1099853515625,632.25,74205800.0,629.1779907226562,632.172998046875,629.9199981689453,615.0462023925782,631.1362636225081,630.873610989138,628.2942266273808,4.712669979675411,6.065722352302558,-1.3530523726271468,55.44412994815793,629.9199981689453,639.6508043445643,620.1891919933263,19.461612351238045,0.619722959691285,-2.16998291015625,-0.3420420176871309,-0.0008376201402309,0.0083287261445971,0.0064038327434885,0.0060943462805146,72734970.0,1.0202217722781766,-0.530029296875,-0.0837620140230921,1.2447600027184658,-0.6271203155440114,632.780029296875,627.969970703125,631.1699829101562,632.0800170898438,,,0.0,,,0.0,
2025-08-08,634.0599975585938,637.6500244140625,633.739990234375,637.1799926757812,64051600.0,632.2699951171875,632.1809997558594,630.597998046875,616.0352026367187,633.1508399735992,632.020225841255,629.1404900605618,4.890306281136645,5.830639138069376,-0.9403328569327308,59.017758155570704,630.597998046875,640.3700807535948,620.8259153401551,19.544165413439718,0.8367754257943452,0.08001708984375,0.01255958137028,0.0077975368537466,0.0086166119705779,0.0065260961482166,0.0060718728480948,72754040.0,0.8803854741262478,4.92999267578125,0.7797536853746623,0.6136467284962379,0.4920662286220288,632.25,632.780029296875,627.969970703125,621.719970703125,,,0.0,,,0.0,
2025-08-11,637.4600219726562,638.9500122070312,634.6599731445312,635.9199829101562,58742300.0,633.2199951171875,632.0789978027344,631.1534973144531,616.9526025390625,634.0738876191183,632.7292725810552,629.7861560462375,4.87323643595073,5.639158597645648,-0.7659221616949177,57.38491771126352,631.1534973144531,640.8025560254054,621.504438603501,19.298117421904408,0.7469922579231942,-1.02001953125,-0.160143738396119,-0.0019774785462639,0.0086404867797057,0.0065584144592893,0.0060836277897271,73096230.0,0.8036296810382697,-1.260009765625,-0.1977478546263955,0.6746193196929469,-0.2415899051573872,637.1799926757812,632.25,632.780029296875,631.1699829101562,,,0.0,,,0.0,
2025-08-12,638.2899780273438,642.8499755859375,636.7899780273438,642.6900024414062,64730800.0,636.1640014648438,632.8219970703125,632.1809967041015,618.0186022949218,636.9459258932143,634.5403143738463,631.0150937981583,5.344385705765944,5.580204019269708,-0.2358183135037634,58.61434831887027,632.1809967041015,642.1596957796771,622.2022976285259,19.95739815115121,1.0265719337617434,7.42999267578125,1.1695986779527483,0.0106460242061718,0.0092136523784357,0.006783392900556,0.0062059075481254,72616905.0,0.8914012515405332,6.77001953125,1.064602420617189,0.9429114402859,0.6893456838631433,635.9199829101562,637.1799926757812,632.25,627.969970703125,,,0.0,,,0.0,
2025-08-13,644.9099731445312,646.1900024414062,642.6799926757812,644.8900146484375,60092800.0,638.5859985351562,633.8649963378906,633.2144989013672,619.0622021484374,639.5939554782888,636.4220780601355,632.3365148315182,5.828114617939605,5.629786139003687,0.1983284789359176,60.22261500523821,633.2144989013672,643.972675558466,622.4563222442683,21.51635331419766,1.0426345057908208,10.42999267578125,1.6439164509297892,0.0034231312120525,0.0091936460601612,0.006784467285153,0.0061855389441129,71172170.0,0.8443300239405375,2.20001220703125,0.342313121205251,0.5442803712100405,-0.0030947724372184,642.6900024414062,635.9199829101562,637.1799926757812,632.780029296875,,,0.0,,,0.0,
2025-08-14,642.7899780273438,645.6199951171875,642.3400268554688,644.9500122070312,59327500.0,641.1260009765625,635.1519958496094,634.0600006103516,620.0394018554688,641.379307721203,637.9726115413893,633.5378002958528,6.145473375821894,5.7329235863673285,0.4125497894545651,58.07780671045508,634.0600006103516,645.725571881622,622.3944293390812,23.331142542540874,0.9667586071630792,12.8699951171875,2.036133838946875,9.303533506632712e-05,0.0090205186445615,0.0067090118100978,0.0061624299682623,70694260.0,0.8392124056465122,0.05999755859375,0.0093035335066327,0.5085616248761103,0.3360404258816266,644.8900146484375,642.6900024414062,635.9199829101562,632.25,,,0.0,,,0.0,
2025-08-15,645.989990234375,646.0900268554688,642.52001953125,643.4400024414062,68592500.0,642.3780029296875,637.3239990234375,634.8529998779297,620.9896020507813,642.0662059612707,638.9666826141196,634.4808671668579,6.203625773191675,5.827064023732199,0.3765617494594764,56.50778519224659,634.8529998779297,646.8163092978195,622.8896904580399,23.92661883977962,0.8588890942334085,21.72003173828125,3.4935393363216725,-0.0023412818622294,0.0065971543348453,0.0067448541577427,0.0061821656096276,70842805.0,0.9682352357448296,-1.510009765625,-0.2341281862229483,0.554831423391934,-0.3947410689821332,644.9500122070312,644.8900146484375,642.6900024414062,637.1799926757812,,,0.0,,,0.0,
2025-08-18,642.8599853515625,644.0,642.1799926757812,643.2999877929688,43804900.0,643.85400390625,638.5369995117187,635.5794982910156,621.9946020507813,642.4774665718368,639.7545562830012,635.3207834169636,6.167320918569658,5.895115402699691,0.2722055158699668,58.305726813360586,635.5794982910156,647.7503575727548,623.4086390092765,24.341718563478253,0.8171710938083381,12.1300048828125,1.9218285424291388,-0.0002176032697784,0.0052026972377065,0.0067510883923784,0.0061189914700772,69864300.0,0.6269997695532625,-0.1400146484375,-0.0217603269778488,0.2829173571824281,0.0684445215804845,643.4400024414062,644.9500122070312,644.8900146484375,635.9199829101562,,,0.0,,,0.0,
2025-08-19,643.1199951171875,644.1099853515625,638.47998046875,639.8099975585938,69750700.0,643.2780029296875,639.7210021972656,636.1269989013672,622.8080017089844,641.5883102340891,639.7646365149271,635.7483276209284,5.790190305299461,5.874130383219645,-0.0839400779201842,55.23581287885485,636.1269989013672,648.0068071215833,624.2471906811511,23.759616440432183,0.6550108633470672,11.84002685546875,1.8854447517946944,-0.005425136484688,0.0052566310961137,0.006908413436949,0.0060699822566882,70349520.0,0.9914879305502012,-3.489990234375,-0.5425136484688009,0.8799495013043939,-0.5146780668809111,643.2999877929688,643.4400024414062,644.9500122070312,642.6900024414062,,,0.0,,,0.0,
2025-08-20,639.4000244140625,639.6599731445312,632.9500122070312,638.1099853515625,88890300.0,641.9219970703125,640.2539978027344,636.3219970703125,623.5766015625,640.4288686065803,639.4637908488609,635.9732474047983,5.293119018497919,5.757928110275301,-0.4648090917773819,55.98089889953155,636.3219970703125,648.1973470809494,624.4466470596756,23.75070002127381,0.5752814982147262,5.3299560546875,0.8423078807670301,-0.0026570578976855,0.0050029758188164,0.0067083392141003,0.0060959445283451,71268485.0,1.2472595706222744,-1.70001220703125,-0.2657057897685555,1.0515367399874165,-0.2017577437039002,639.8099975585938,643.2999877929688,643.4400024414062,644.8900146484375,,,0.0,,,0.0,
2025-08-21,636.280029296875,637.969970703125,633.8099975585938,635.5499877929688,54805800.0,640.0419921875,640.5839965820312,636.3784973144532,624.2260009765625,638.8025750020431,638.7521902932441,635.9329369655763,4.639138928512011,5.534170273922643,-0.895031345410632,66.22854073410923,636.3784973144532,648.2264658262098,624.5305288026965,23.695937023513352,0.4650357983032157,3.29998779296875,0.5219435022489126,-0.0040118437532102,0.0052180461445845,0.0067781582716264,0.0061068094213625,70443420.0,0.7780116297590322,-2.55999755859375,-0.4011843753210287,0.6545469631707973,-0.1147358820475611,638.1099853515625,639.8099975585938,643.2999877929688,644.9500122070312,,,0.0,,,0.0,
2025-08-22,637.760009765625,646.5,637.25,645.3099975585938,84083200.0,640.4159912109375,641.3969970703125,636.7889984130859,625.1050012207031,640.9717158542267,639.944518886944,636.8259903553876,4.852469962635382,5.397830211665192,-0.5453602490298097,66.47246033867839,636.7889984130859,649.2929695085274,624.2850273176443,25.007942190883117,0.8407317195660453,8.1300048828125,1.2759353677555474,0.0153567932547964,0.0067190457691499,0.0075472125805521,0.0064039967112881,71804310.0,1.1710049160001677,9.760009765625,1.535679325479644,1.4334196022060088,1.1838289760035832,635.5499877929688,638.1099853515625,639.8099975585938,643.4400024414062,,,0.0,,,0.0,
2025-08-25,644.0399780273438,645.2899780273438,642.3499755859375,642.469970703125,51274300.0,640.2499877929688,642.0519958496094,637.0654968261719,625.8794006347656,641.4711341371928,640.4036919444314,637.3635122932674,4.737756009872555,5.265815371306665,-0.52805936143411,67.0347021250355,637.0654968261719,649.8254733892927,624.305520263051,25.51995312624172,0.7117744437154088,6.54998779296875,1.0300018821541173,-0.0044010272058598,0.0068914493388289,0.0076303835776873,0.0064455365499065,71622170.0,0.7158998393933051,-2.84002685546875,-0.4401027205859886,0.4576093164616993,-0.2437748242007568,645.3099975585938,635.5499877929688,638.1099853515625,643.2999877929688,,,0.0,,,0.0,
2025-08-26,642.2000122070312,645.510009765625,641.5700073242188,645.1599731445312,51581600.0,641.3199829101562,642.2989929199218,637.5604949951172,626.8426000976563,642.700747139639,641.2684703444495,638.1060323743402,4.808475973719055,5.174347491789144,-0.3658715180700884,65.30651054754887,637.5604949951172,650.7852012088005,624.335788781434,26.449412427366497,0.7873212465601339,2.469970703125,0.3843175860433874,0.004186969919329,0.0061551104090513,0.0076371661226577,0.0062018056768753,71173435.0,0.7247310741711427,2.69000244140625,0.4186969919329097,0.6107016252422708,0.4609095112483077,642.469970703125,645.3099975585938,635.5499877929688,639.8099975585938,,,0.0,,,0.0,
2025-08-27,644.5700073242188,647.3699951171875,644.4199829101562,646.6300048828125,48341100.0,643.0239868164062,642.4729919433594,638.168994140625,627.7216003417968,644.0104997206969,642.24329480597,638.917839279909,4.92635339490073,5.124748672411461,-0.1983952775107313,67.3754963331819,638.168994140625,651.9031521802292,624.4348361010209,27.468316079208307,0.8080280100822008,1.739990234375,0.2698119361211628,0.0022785538462906,0.006103081758554,0.0076278962699835,0.0060962105493594,69569545.0,0.6948600856883569,1.47003173828125,0.2278553846290609,0.4562133190163168,0.3195925245025512,645.1599731445312,642.469970703125,645.3099975585938,638.1099853515625,,,0.0,,,0.0,
2025-08-28,647.239990234375,649.47998046875,645.3400268554688,648.9199829101562,61519500.0,645.6979858398438,642.8699890136719,639.0109924316406,628.7493994140625,645.6469941171833,643.4572380976402,639.8704243875516,5.145243030259621,5.128847543981093,0.0163954862785278,65.15224083766334,639.0109924316406,653.2296429455631,624.7923419177181,28.437301027845024,0.8484504548730921,3.969970703125,0.6155470389929422,0.00354140390958,0.0061877907598861,0.0075639619782257,0.0059300912232283,67476260.0,0.9117206555312936,2.28997802734375,0.3541403909580021,0.6379759789050035,0.2595625581127798,646.6300048828125,645.1599731445312,642.469970703125,635.5499877929688,,,0.0,,,0.0,
2025-08-29,647.469970703125,647.8400268554688,643.1400146484375,645.0499877929688,74522200.0,645.6459838867188,643.0309875488281,640.1774932861329,629.7015991210938,645.4479920091119,643.7468289513363,640.3637161404484,4.949384951403317,5.092955025465538,-0.1435700740622207,61.03988309617996,640.1774932861329,652.0592187878265,628.2957677844392,23.763451003387217,0.7050415365235198,1.6099853515625,0.2502153029736615,-0.0059637477949624,0.006480248942044,0.0065716411280878,0.0060227477588749,64197190.0,1.1608327404984549,-3.8699951171875,-0.5963747794962448,0.728627594136121,-0.3737598683577944,648.9199829101562,646.6300048828125,645.1599731445312,645.3099975585938,,,0.0,,,0.0,
2025-09-02,637.5,640.489990234375,634.9199829101562,640.27001953125,81983500.0,645.2059936523438,642.7279907226563,640.6324951171875,630.6213989257812,643.722001183158,643.1146817840478,640.3547926538582,4.358223632830118,4.946008746938455,-0.5877851141083372,46.92583834076371,640.6324951171875,651.7331441154837,629.5318461188914,22.201297996592302,0.4836732255027079,-3.02996826171875,-0.4710039358331024,-0.007410229210411,0.0069241858837865,0.0060834143487023,0.0060791253003644,64635465.0,1.2683980845500222,-4.77996826171875,-0.7410229210411012,0.8699466091347873,0.4345128676470588,645.0499877929688,648.9199829101562,646.6300048828125,642.469970703125,,,0.0,,,0.0,
2025-09-03,642.6699829101562,644.2100219726562,640.4600219726562,643.739990234375,70820900.0,644.9219970703125,643.1209899902344,641.42099609375,631.4931982421875,643.7279975335637,643.2283742295617,640.6771924234313,4.122203469150804,4.7812476913809245,-0.6590442222301203,48.58475969006222,641.42099609375,650.8488190208416,631.9931731666584,18.855645854183194,0.6229867254910574,3.92999267578125,0.6142437115358363,0.0054195426886696,0.0069077214034266,0.006008449175285,0.005985875325718,64773940.0,1.0933548275741756,3.469970703125,0.5419542688669621,0.5825333297430672,0.166494056463243,640.27001953125,645.0499877929688,648.9199829101562,645.1599731445312,,,0.0,,,0.0,
2025-09-04,644.4199829101562,649.1500244140625,643.510009765625,649.1199951171875,65219200.0,645.4199951171875,644.2219909667969,642.2379943847657,632.3399975585937,645.5253300614384,644.2995780273119,641.4812688704557,4.319484887470708,4.6888951305988815,-0.3694102431281738,54.53752100365945,642.2379943847657,651.3392588320777,633.1367299374537,18.20252889462404,0.8780793741497298,11.010009765625,1.725409415049211,0.0083574190891166,0.0071967525059905,0.0060494606136796,0.0059091905496207,64817025.0,1.006204774131488,5.3800048828125,0.8357419089116691,0.8688708853313465,0.7293399229810222,643.739990234375,640.27001953125,645.0499877929688,646.6300048828125,,,0.0,,,0.0,
2025-09-05,651.47998046875,652.2100219726562,643.3300170898438,647.239990234375,85178900.0,645.0839965820312,645.3909912109375,642.9874938964844,633.1423974609374,646.0968834524173,644.8341984285961,642.0297185241623,4.274853302767951,4.606086765032696,-0.3312334622647448,54.10188600184212,642.9874938964844,651.0331760906162,634.9418117023525,16.091364388263628,0.7642719557697818,11.69000244140625,1.839352162054369,-0.0028962362844378,0.0071058351802094,0.006104878228679,0.0059389646169069,65365680.0,1.3031134993164608,-1.8800048828125,-0.2896236284437803,1.3719802572144717,-0.6508243325181321,649.1199951171875,643.739990234375,640.27001953125,648.9199829101562,,,0.0,,,0.0,
2025-09-08,648.6199951171875,649.8400268554688,647.22998046875,648.8300170898438,63133100.0,645.8400024414062,645.7429931640625,643.5699951171875,633.8815979003906,647.0079279982261,645.5607109124593,642.6773660066082,4.31800900917483,4.548471213861124,-0.2304622046862938,55.78817985751229,643.5699951171875,651.5317935486008,635.6081966857743,15.923596862826573,0.8303287578785454,3.52001953125,0.5454772968910007,0.0024566264128595,0.0053296894164699,0.0059144742193461,0.005866669127811,65319755.0,0.9665238334099692,1.59002685546875,0.2456626412859597,0.4022696727912537,0.032379817803536,647.239990234375,649.1199951171875,643.739990234375,645.0499877929688,,,0.0,,,0.0,
2025-09-09,648.969970703125,650.8599853515625,647.219970703125,650.3300170898438,66133900.0,647.852001953125,646.5289978027344,644.2904968261719,634.5899987792968,648.1152910287653,646.4278574901655,643.4061899192973,4.422270499844785,4.5232310710578565,-0.1009605712130712,61.489747486867714,644.2904968261719,651.9393201797374,636.6416734726064,15.29764670713098,0.8948006107930679,7.86004638671875,1.223410703245265,0.0023118535833588,0.0050513197046906,0.0058814437874307,0.0058437425603223,65689335.0,1.0067676891538024,1.5,0.2311853583358836,0.5597180743288108,0.2095700029456233,648.8300170898438,647.239990234375,649.1199951171875,640.27001953125,,,0.0,,,0.0,
2025-09-10,653.6199951171875,654.5499877929688,650.6300048828125,652.2100219726562,78034500.0,649.5460083007813,647.2340026855469,644.7664978027344,635.2771997070313,649.4802013433957,647.4791601233455,644.2446501148553,4.603532507405134,4.539291358327312,0.064241149077822,65.33945809412637,644.7664978027344,653.1459479350909,636.3870476703779,16.75890026471302,0.9441534976847296,7.050048828125,1.0927597993661675,0.0028908474672986,0.0049831337879248,0.0054622586251701,0.0058257749028167,66354520.0,1.1760238790062831,1.8800048828125,0.2890847467298618,0.6010307689385053,-0.2157175660267945,650.3300170898438,648.8300170898438,647.239990234375,643.739990234375,,,0.0,,,0.0,
2025-09-11,654.1799926757812,658.3300170898438,653.5900268554688,657.6300048828125,69934400.0,651.2480102539063,648.3340026855469,645.4034973144531,636.0767993164062,652.1968025232013,649.3247682614304,645.5194458070417,5.125448300948733,4.656522746851596,0.4689255540971366,72.61369702713075,645.4034973144531,655.5690875388847,635.2379070900216,20.33118044886305,1.1013673234129933,11.0,1.7011273706659356,0.0083101803522784,0.0054819006105993,0.005692606256327,0.0059100723082417,66846600.0,1.046192326909671,5.41998291015625,0.8310180352278485,0.7207685475390756,0.5273796578399966,652.2100219726562,650.3300170898438,648.8300170898438,649.1199951171875,,,0.0,,,0.0,
2025-09-12,657.5999755859375,659.1099853515625,656.9000244140625,657.4099731445312,72780100.0,653.2820068359375,649.1830017089844,646.0264953613281,636.8159985351563,653.9345260636446,650.7948055129033,646.6518769820408,5.4583946295778105,4.816897123396839,0.6414975061809711,65.40219776121722,646.0264953613281,657.5160659060934,634.5369248165628,22.979141089530685,0.99538308411316,8.489990234375,1.30832621247086,-0.0003345828758535,0.0054743972844864,0.0056969694896739,0.005895333306395,67519230.0,1.0779166172363044,-0.22003173828125,-0.0334582875853528,0.3361617602071487,-0.0288933163716974,657.6300048828125,652.2100219726562,650.3300170898438,647.239990234375,,,0.0,,,0.0,
2025-09-15,659.6400146484375,661.0399780273438,659.3400268554688,660.9099731445312,63772400.0,655.697998046875,650.7690002441407,646.8999938964844,637.5273974609376,656.2596750906068,652.6339269004719,648.009790902278,5.936248367055555,5.040767372128583,0.895480994926972,73.08462858566239,646.8999938964844,660.0918300495139,633.7081577434549,26.383672306059,1.0310094472644542,15.8599853515625,2.458721905542121,0.0053239228837049,0.0049451454361947,0.0057200875126023,0.005846854027655,67278225.0,0.9478906436666544,3.5,0.5323922883704979,0.2572137266724595,0.1925229622054672,657.4099731445312,657.6300048828125,652.2100219726562,648.8300170898438,,,0.0,,,0.0,
2025-09-16,661.469970703125,661.780029296875,659.2100219726562,660.0,61169000.0,657.6319946289062,652.7419982910156,647.734994506836,638.3137976074219,657.5064500604046,653.9732129185679,649.1517155782516,6.1703951940962725,5.266692936522121,0.9037022575741512,69.44449331667768,647.734994506836,662.0349552410538,633.4350337726181,28.599921468435696,0.928847523469612,19.72998046875,3.08150934244814,-0.0013768488621856,0.0038579775002419,0.0057426991476795,0.0057268973696264,68146430.0,0.8976112174915105,-0.90997314453125,-0.1376848862185697,0.389395049124053,-0.2222278815714733,660.9099731445312,657.4099731445312,657.6300048828125,650.3300170898438,,,0.0,,,0.0,
2025-09-17,660.010009765625,661.719970703125,654.2999877929688,659.1799926757812,101952200.0,659.0259887695313,654.2859985351563,648.7034942626954,639.0905969238281,658.0642975988635,654.9199001471521,650.1067895875401,6.218111979229207,5.456976745063539,0.7611352341656676,66.72887889443393,648.7034942626954,663.362744883783,634.0442436416077,29.318501242175216,0.8573340371852042,15.44000244140625,2.398484275582258,-0.0012424353397253,0.0039760158901141,0.0055581749220888,0.0057321764895799,69756505.0,1.4615439807369937,-0.82000732421875,-0.1242435339725345,1.125638367760015,-0.1257582578389221,660.0,660.9099731445312,657.4099731445312,652.2100219726562,,,0.0,,,0.0,
2025-09-18,661.8900146484375,664.8900146484375,660.27001953125,662.260009765625,90459200.0,659.9519897460938,655.6,649.9109954833984,639.8545971679688,659.4628683211174,656.2544655323289,651.2642391283101,6.430334618859774,5.651648319822786,0.7786862990369885,67.41518421308447,649.9109954833984,664.8715769119901,634.9504140548067,29.92116285718339,0.912718394040018,13.1400146484375,2.0242812957972887,0.0046724978368064,0.003503125814211,0.0055106006143233,0.0057127370179878,69834950.0,1.295328485235545,3.08001708984375,0.4672497836806455,0.6976104625164555,0.055899788333266,659.1799926757812,660.0,660.9099731445312,657.6300048828125,,,0.0,,,0.0,
2025-09-19,662.3300170898438,664.5499877929688,660.3699951171875,663.7000122070312,97945600.0,661.2099975585937,657.2460021972656,651.3184967041016,640.612197265625,660.875249616422,657.6082012913657,652.4485984691406,6.638197740746705,5.84895820400757,0.7892395367391352,75.99669215612207,651.3184967041016,665.8817343489866,636.7552590592165,29.12647528977004,0.925094879478204,16.46002197265625,2.543109545301093,0.0021743762573189,0.0030516975146236,0.0053336452598052,0.005709739304437,71991940.0,1.360507856851753,1.44000244140625,0.2174376257318977,0.6298015065392772,0.20684478761917,662.260009765625,659.1799926757812,660.0,657.4099731445312,,,0.0,,,0.0,
2025-09-22,662.2000122070312,667.2899780273438,662.1699829101562,666.8400268554688,69452200.0,662.3960083007812,659.0470031738281,652.3949981689453,641.4765979003906,662.8635086961043,659.2867150302935,653.81921069641,6.975889984940864,6.074344560194229,0.9015454247466348,88.81094815673339,652.3949981689453,668.216743425087,636.5732529128037,31.64349051228328,0.956492897991648,18.010009765625,2.775767040865982,0.0047310751705365,0.0031303073032316,0.0043997718220339,0.0056900565185948,71260390.0,0.9746255949483296,3.1400146484375,0.4731075170536503,0.7677996087504223,0.7006968533529472,663.7000122070312,662.260009765625,659.1799926757812,660.9099731445312,,,0.0,,,0.0,
2025-09-23,666.719970703125,667.3400268554688,661.97998046875,663.2100219726562,81708900.0,663.0380126953125,660.3350036621093,653.4320007324219,642.2445983886719,662.9790131216216,660.0000435652685,654.7135736751001,6.871393319684103,6.233754312092204,0.6376390075918987,78.30763141874922,653.4320007324219,669.2334483167284,637.6305531481154,31.60289516861303,0.8094027046593366,12.8800048828125,1.9805336589642784,-0.005443591771073,0.0040696304270452,0.0044806881586438,0.0057699476662225,72782120.0,1.1226507279535138,-3.6300048828125,-0.5443591771073009,0.8081974350712905,-0.5264502166879967,666.8400268554688,663.7000122070312,662.260009765625,660.0,,,0.0,,,0.0,
2025-09-24,664.510009765625,664.6099853515625,659.6699829101562,661.0999755859375,68082200.0,663.4220092773437,661.2239990234375,654.2290008544921,643.0237976074219,662.3526672763936,660.20003120539,655.3218024285131,6.542893447739743,6.295582139221713,0.2473113085180305,69.24796811748831,654.2290008544921,669.8809689930916,638.5770327158926,31.303936277199,0.7194923561881259,8.88995361328125,1.3630507526383824,-0.0031815658943793,0.0043597513328942,0.0045589808139212,0.0057508091719426,73607150.0,0.9249400363959208,-2.11004638671875,-0.3181565894379345,0.747239846292218,-0.5131652088868053,663.2100219726562,666.8400268554688,663.7000122070312,659.1799926757812,,,0.0,,,0.0,
2025-09-25,657.9400024414062,659.4099731445312,654.4099731445312,658.0499877929688,89622100.0,662.5800048828125,661.2659973144531,654.8,643.7003979492188,660.9184407819187,659.8091142213134,655.5816296060804,5.9676549953785525,6.229996710453081,-0.2623417150745286,66.73887279057766,654.8,670.1143132727711,639.4856867272288,30.62862654554237,0.6061094851294203,0.41998291015625,0.0638631003813595,-0.0046135046219983,0.0039697164807374,0.0047327915988655,0.0058010563863653,75671200.0,1.184362082271723,-3.04998779296875,-0.4613504621998388,0.7598206964138818,0.0167166232717845,661.0999755859375,663.2100219726562,666.8400268554688,662.260009765625,,,0.0,,,0.0,
2025-09-26,659.510009765625,662.3699951171875,657.8800048828125,661.8200073242188,69179200.0,662.20400390625,661.7070007324219,655.4450012207031,644.3759985351562,661.2189629626854,660.1747311491143,656.1757608173317,5.749704432683757,6.133938254899217,-0.3842338222154602,68.84240683620241,655.4450012207031,670.803141717314,640.0868607240923,30.716280993221744,0.7075448556067837,4.4100341796875,0.6708194824902597,0.0057290777314567,0.0043461500921937,0.0048218276409016,0.0057943806713574,76054185.0,0.9096041197469936,3.77001953125,0.57290777314567,0.6784307190301365,0.3502596661746909,658.0499877929688,661.0999755859375,663.2100219726562,663.7000122070312,,,0.0,,,0.0,
2025-09-29,664.3599853515625,665.280029296875,661.8599853515625,663.6799926757812,73499000.0,661.5719970703125,661.9840026855469,656.3765014648437,645.097998046875,662.0393062003841,660.8120514266901,656.8904495657555,5.661796647418782,6.039509933403131,-0.3777132859843481,69.16443531654798,656.3765014648437,671.3346831985307,641.4183197311568,29.916363467373912,0.7441303141306777,2.77001953125,0.4191220656076009,0.0028104096748033,0.0041140472788769,0.0045465995734777,0.0057936171564312,76003025.0,0.9670536139844432,1.8599853515625,0.2810409674803393,0.5153152095972928,-0.102353045152383,661.8200073242188,658.0499877929688,661.0999755859375,666.8400268554688,,,0.0,,,0.0,
2025-09-30,662.9299926757812,666.6500244140625,661.6099853515625,666.1799926757812,86288000.0,662.1659912109375,662.602001953125,657.6720001220704,645.8461975097656,663.4195350255166,661.7880407447067,657.7751679571865,5.727831326798878,5.97717421208228,-0.2493428852834025,69.70372614985176,657.6720001220704,671.173832730032,644.1701675141087,27.00366521592332,0.8150680652304177,6.17999267578125,0.9363625266335228,0.0037668756442703,0.0041845534138383,0.0040634794953381,0.0058046586129525,76218250.0,1.132117307862618,2.5,0.3766875644270362,0.7565581551400483,0.490247844554753,663.6799926757812,661.8200073242188,658.0499877929688,663.2100219726562,,,0.0,,,0.0,
2025-10-01,663.1699829101562,669.3699951171875,663.0599975585938,668.4500122070312,72545400.0,663.6359985351562,663.52900390625,658.9075012207031,646.637998046875,665.0963607526882,662.9993082833112,658.791819790505,5.895377647019245,5.960814899069673,-0.0654372520504278,66.74918037433508,658.9075012207031,671.535439616615,646.2795628247912,25.255876791823766,0.8778332886632302,9.27001953125,1.4062956452334976,0.0034075168215907,0.0041733919800565,0.0039985779852561,0.0058111924617504,76304475.0,0.9507358513376836,2.27001953125,0.3407516821590794,0.9439744847576468,0.7961803810397007,666.1799926757812,663.6799926757812,661.8200073242188,661.0999755859375,,,0.0,,,0.0,
2025-10-02,670.4500122070312,670.5700073242188,666.780029296875,669.219970703125,56896000.0,665.8699951171875,664.225,659.9125,647.3381970214843,666.4708974028338,664.1303378141864,659.7849770202783,6.020883531244749,5.972828625504688,0.0480549057400612,67.97562312458777,659.9125,672.4597516075811,647.365248392419,25.09450321516215,0.8708967905569609,6.9599609375,1.0509408442105908,0.0011518565068935,0.0040125509123541,0.0036988197211614,0.0057157360141977,75888315.0,0.7497333416877157,0.76995849609375,0.1151856506893533,0.5663276939212915,-0.1834650580223153,668.4500122070312,666.1799926757812,663.6799926757812,658.0499877929688,,,0.0,,,0.0,
2025-10-03,669.989990234375,672.6799926757812,668.1599731445312,669.2100219726562,70494400.0,667.347998046875,664.7760009765625,661.0110015869141,648.0339978027343,667.3839389261079,665.05391675209,660.6826003490762,6.049806663962499,5.9882242331962505,0.0615824307662489,64.13496759064847,661.0110015869141,672.7046933648443,649.3173098089839,23.387383555860424,0.8505745038199313,5.510009765625,0.8301958210460656,-1.4866158967619114e-05,0.0040042999721163,0.0035711569461926,0.0057168841582848,75154090.0,0.9379981847960636,-0.00994873046875,-0.0014866158967619,0.6754261566385638,-0.11641491262368,669.219970703125,668.4500122070312,666.1799926757812,661.8200073242188,,,0.0,,,0.0,
2025-10-06,671.6199951171875,672.510009765625,669.4600219726562,671.6099853515625,54623300.0,668.9339965820312,665.2529968261719,662.15,648.7241979980469,668.7926210679261,666.2459292247214,661.7233036826464,6.194973642455011,6.029574115048003,0.1653995274070077,68.8168469035268,662.15,673.271740264829,651.028259735171,22.243480529657973,0.9252924958820724,4.76995849609375,0.7153077655801237,0.0035862633554586,0.003895399214901,0.0035930115147873,0.0057104405229867,74728600.0,0.730955751880806,2.39996337890625,0.3586263355458641,0.4541307990488254,-0.0014903912476955,669.2100219726562,669.219970703125,668.4500122070312,663.6799926757812,,,0.0,,,0.0,
2025-10-07,672.5399780273438,672.989990234375,667.6699829101562,669.1199951171875,72020100.0,669.5219970703125,665.843994140625,663.0894989013672,649.3677978515625,668.9017457510133,666.7684866597152,662.427750485936,6.039478764828573,6.031555045004118,0.007923719824455,65.28292608768278,663.0894989013672,673.1289781097706,653.0500196929637,20.078958416806927,0.800339095815476,5.90997314453125,0.8911163807435519,-0.0037074943623293,0.0036190727108287,0.0037887423029691,0.0057475785301759,75022910.0,0.9599747597100672,-2.489990234375,-0.3707494362329311,0.7950752276184813,-0.5085174148587495,671.6099853515625,669.2100219726562,669.219970703125,666.1799926757812,,,0.0,,,0.0,
2025-10-08,670.25,673.2100219726562,669.4199829101562,673.1099853515625,60702200.0,670.4539916992187,667.0449951171875,664.1344970703125,650.1247973632812,670.3044922845297,667.9214864218693,663.4451061874242,6.167116144190118,6.058667264841318,0.1084488793488001,66.2279356454805,664.1344970703125,673.7476967148806,654.5212974257444,19.226399289136225,0.966831471991824,12.010009765625,1.816670731984288,0.0059630414028746,0.0036302996222517,0.0039112992524025,0.0057650902676237,74156295.0,0.8185711004035463,3.989990234375,0.5963041402874625,0.5630638595445109,0.4267042672976501,669.1199951171875,671.6099853515625,669.2100219726562,668.4500122070312,,,0.0,,,0.0,
2025-10-09,673.530029296875,673.9400024414062,669.2100219726562,671.1599731445312,66501900.0,670.8419921875,668.3559936523437,664.8109954833984,650.8587963867187,670.5896525711969,668.5103021896259,664.1798554214345,6.041279884790811,6.055189788831216,-0.0139099040404051,60.98994374829158,664.8109954833984,674.4011277866848,655.220863180112,19.18026460657279,0.8310161664275025,13.1099853515625,1.9922476399600015,-0.0028970186885769,0.003320287936951,0.0036939568516789,0.0057838215268952,73984670.0,0.8988605342160748,-1.95001220703125,-0.2897018688576946,0.7047471032262259,-0.3518857436568859,673.1099853515625,669.1199951171875,671.6099853515625,669.219970703125,,,0.0,,,0.0,
2025-10-10,672.1300048828125,673.9500122070312,652.8400268554688,653.02001953125,159422600.0,667.6039916992188,667.4759948730468,664.5914978027344,651.2775964355469,664.733108224548,665.6938871608303,663.1170139080835,4.426781901754112,5.729508211415796,-1.3027263096616846,35.880628212179374,664.5914978027344,675.0559632497044,654.1270323557643,20.928930893940105,-0.0528939022315196,-8.79998779296875,-1.329664817560846,-0.0270277643767872,0.0095410465729177,0.0072864590094636,0.0069955053371885,78316795.0,2.0356119016361687,-18.13995361328125,-2.702776437678722,3.232670472601382,-2.8431977761347484,671.1599731445312,673.1099853515625,669.1199951171875,669.2100219726562,,,0.0,,,0.0,
2025-10-13,660.6500244140625,665.1300048828125,659.77001953125,663.0399780273438,79560500.0,665.889990234375,667.4119934082031,664.697998046875,652.1039965820313,664.1687314921467,665.2113582274691,663.1096771575369,3.9107271010376503,5.365751989340167,-1.455024888302516,49.84633611465333,664.697998046875,675.0474264058244,654.3485696879256,20.698856717898707,0.4198979903997534,-0.6400146484375,-0.0964342236470216,0.0153440295801134,0.0108709904841757,0.0080033966282027,0.0068536542344401,79106200.0,1.0057429126920518,10.01995849609375,1.5344029580113494,0.8083955009031829,0.3617578937351777,653.02001953125,671.1599731445312,673.1099853515625,671.6099853515625,0.038795800000000005,0.035975,0.004527387751817425,0.03487,0.046717,670.0,1.0
2025-10-14,657.1699829101562,665.8300170898438,653.1699829101562,662.22998046875,88779600.0,664.5119873046875,667.0169921875,664.8094970703125,652.7251965332031,663.5224811510145,664.6692895440656,663.0258965205096,3.397228781260424,4.972047347724219,-1.5748185664637957,51.045724020135005,664.8094970703125,674.9925268585002,654.6264672821248,20.36605957637539,0.3733423816281682,-3.95001220703125,-0.5929346798851787,-0.0012216421112398,0.0107909110672262,0.0080018708741374,0.0065617524652271,80486730.0,1.103034003245007,-0.80999755859375,-0.1221642111239873,1.911727731010649,0.7699678454859552,663.0399780273438,653.02001953125,671.1599731445312,669.1199951171875,0.035676,0.032627,0.004685568566272153,0.031227,0.042704,670.0,1.0
2025-10-15,666.8200073242188,670.22998046875,658.9299926757812,665.1699829101562,81702600.0,662.9239868164062,666.6889892578125,665.1089965820313,653.4691967773438,664.0716484040618,664.7603247015365,663.2300952242855,3.1907305342393784,4.615783985027251,-1.425053450787873,56.602393872916906,665.1089965820313,674.941184169436,655.2768089946265,19.664375174809493,0.5031013610950161,-3.280029296875,-0.4906917850214826,0.0044395489907074,0.0108377103137886,0.0080487168961436,0.0065204314092669,79474250.0,1.028038641446758,2.94000244140625,0.443954899070742,1.69881204553619,-0.2474467466391168,662.22998046875,663.0399780273438,653.02001953125,673.1099853515625,0.041082,0.041082,0.0,0.041082,0.041082,134.0,1.0
2025-10-16,666.8200073242188,668.7100219726562,657.1099853515625,660.6400146484375,110563300.0,660.8199951171875,665.8309936523438,665.0279968261718,654.026396484375,662.9277704855203,664.0111774191548,662.9834208837285,2.6312175672994726,4.218870701481696,-1.587653134182223,48.92099661447549,665.0279968261718,674.984908628267,655.0710850240766,19.913823604190384,0.2796514489155671,-8.5799560546875,-1.2820830863240458,-0.006810241559458,0.0109991694591425,0.0081431673597245,0.0065476912309751,80479455.0,1.3738077624904392,-4.52996826171875,-0.6810241559458086,1.7558785971005346,-0.9267857304672078,665.1699829101562,662.22998046875,663.0399780273438,671.1599731445312,0.0393492,0.039017,0.0074681946166985265,0.030776,0.048262,670.0,1.0
2025-10-17,659.5,665.760009765625,658.1400146484375,664.3900146484375,96500900.0,663.093994140625,665.3489929199219,665.0624969482421,654.6691967773437,663.4151852064928,664.080056915388,663.1173821946533,2.462012620924384,3.8674990853702336,-1.40548646444585,50.62756314742906,665.0624969482421,675.0048054057681,655.1201884907161,19.884616915051996,0.4661807766939882,-4.82000732421875,-0.7202533085219837,0.0056763137515907,0.011214423987309,0.0082316043187192,0.0065774893785611,80407220.0,1.200152175389225,3.75,0.5676313751590722,1.1469159603820396,0.741473032363533,660.6400146484375,665.1699829101562,662.22998046875,653.02001953125,0.04022316666666667,0.0402685,0.005713284242138255,0.030904,0.047749,804.0,1.0
2025-10-20,667.3200073242188,672.2100219726562,667.27001953125,671.2999877929688,60493400.0,664.74599609375,665.3179931640625,665.2854949951172,655.3515966796875,666.0434527353182,665.3927716204026,663.8966779659214,2.8526104480184813,3.664521357899884,-0.8119109098814024,54.19811188559211,665.2854949951172,675.589170679021,654.9818193112135,20.607351367807496,0.7918615153642341,-0.30999755859375,-0.0461573778465306,0.0104004771176273,0.0116980753701115,0.0084934942709151,0.0066422607884946,79959280.0,0.7565525852659003,6.90997314453125,1.0400477117627371,0.7358859721787696,0.5964125794322721,664.3900146484375,660.6400146484375,665.1699829101562,663.0399780273438,0.043149,0.043149,0.0007153358290443773,0.042435,0.043863,268.0,1.0
2025-10-21,671.4400024414062,672.989990234375,669.97998046875,671.2899780273438,56249000.0,666.5579956054687,665.5349914550782,665.6894927978516,656.0589965820312,667.7922944993268,666.4649909671192,664.600801781295,3.125327505629116,3.55668258744573,-0.4313550818166143,52.41823828768148,665.6894927978516,676.2801458125635,655.0988397831396,21.18130602942392,0.7644069832951884,2.16998291015625,0.3243040001780557,-1.4911017141350236e-05,0.0116255384028632,0.0083840361591695,0.0066296985061364,78686285.0,0.714851387379643,-0.010009765625,-0.001491101714135,0.4483918819211677,-0.0223436812696592,671.2999877929688,664.3900146484375,660.6400146484375,662.22998046875,0.043149,0.043149,0.0,0.042435,0.043863,0.0,1.0
2025-10-22,672.0,672.0,663.2999877929688,667.7999877929688,80564000.0,667.0839965820312,665.0039916992188,666.0244934082032,656.5611962890625,667.7948589305408,666.7077176627282,664.9054861633591,3.024974668756954,3.450341003707975,-0.425366334951021,48.84441040343562,666.0244934082032,676.4260640009234,655.622922815483,20.80314118544038,0.5853474179182231,-5.30999755859375,-0.7888751725797621,-0.0051989309368668,0.0115661822989435,0.0084443431744371,0.0065424398042145,79310375.0,1.0158065700735874,-3.489990234375,-0.5198930936866852,1.3027871168108536,-0.6250018165225074,671.2899780273438,671.2999877929688,664.3900146484375,665.1699829101562,0.043149,0.043149,0.0,0.042435,0.043863,0.0,1.0
2025-10-23,668.1199951171875,672.7100219726562,667.7999877929688,671.760009765625,65604500.0,669.3079956054687,665.0639953613281,666.709994506836,657.0985961914063,669.116575875569,667.6263162268913,665.5582979350036,3.2277771941686524,3.4058282418001107,-0.1780510476314583,51.94983511411336,666.709994506836,676.6975695165767,656.7224194970953,19.97515001948136,0.7528148851880381,0.60003662109375,0.0894029210774366,0.0059299521489117,0.0117183356219453,0.0084348871315735,0.0065725823167926,78109495.0,0.8399042907651624,3.96002197265625,0.5929952148911788,0.7309208807175938,0.5448145056336842,667.7999877929688,671.2899780273438,671.2999877929688,660.6400146484375,0.043149,0.043149,0.0,0.042435,0.043863,0.0,1.0
2025-10-24,676.4600219726562,678.469970703125,675.6500244140625,677.25,74356500.0,671.8799926757813,667.4869934082031,667.481494140625,657.7445959472657,671.8277172503794,669.376076912911,666.6717933697652,3.7878322148925454,3.4822290364185977,0.3056031784739486,54.11800986475621,667.481494140625,678.2331977185723,656.7297905626777,21.503407155894596,0.9542771193679034,24.22998046875,3.7104498704561513,0.0081725469729738,0.0069728059377889,0.0085232225205598,0.0066527235847773,78368360.0,0.9488076565593564,5.489990234375,0.8172546972973871,0.4163818809985234,0.1167811846500638,671.760009765625,667.7999877929688,671.2899780273438,664.3900146484375,0.043149,0.043149,0.0,0.042435,0.043863,0.0,1.0
2025-10-27,682.72998046875,685.5399780273438,682.1199951171875,685.239990234375,63339800.0,674.6679931640625,669.7069946289063,668.5594940185547,658.580595703125,676.2984749117113,672.2604247895408,668.4401930711566,4.820833720311271,3.7499499731971326,1.070883747114138,60.89485399550857,668.5594940185547,681.7525301566599,655.3664578804495,26.38607227621037,1.1321704890825837,22.20001220703125,3.348216237741809,0.0117976969130675,0.0063780108851604,0.0088441465560426,0.006806534649325,77860400.0,0.8135046827398781,7.989990234375,1.1797696913067537,0.4990927206374078,0.3676431147642986,677.25,671.760009765625,667.7999877929688,671.2999877929688,0.043149,0.043149,0.0,0.042435,0.043863,0.0,1.0
2025-10-28,687.0499877929688,688.9099731445312,684.8300170898438,687.0599975585938,61738100.0,677.8219970703125,672.1899963378906,669.6034942626953,659.4557958984375,679.8856491273389,674.9512562020959,670.213507784246,5.720412877539275,4.144042554065561,1.5763703234737134,59.71315721700963,669.6034942626953,685.1061245079206,654.10086401747,31.00526049045061,1.0630174692863776,24.83001708984375,3.7494552983343006,0.0026560144623144,0.0061864061088091,0.0088335494398101,0.0068057426325552,76632905.0,0.8056343420623295,1.82000732421875,0.2656014462314449,0.5938282055694202,0.0014569195550318,685.239990234375,677.25,671.760009765625,671.2899780273438,0.043149,0.043149,0.0,0.042435,0.043863,0.0,1.0
2025-10-29,688.719970703125,689.7000122070312,682.8699951171875,687.3900146484375,85657100.0,681.7400024414062,674.4119995117187,670.5504943847657,660.4073962402343,682.3871043010384,677.2128486468853,671.8493655808356,6.386347621821869,4.592503567616823,1.793844054205047,61.56152526411076,670.5504943847657,687.9538723897543,653.147116379777,34.806756009977335,0.983800336315306,22.22003173828125,3.34050427848042,0.0004803322723145,0.0062604113363288,0.008825951059884,0.0067368384517984,77288490.0,1.1082775714728028,0.33001708984375,0.0480332272314587,0.9936159886373868,-0.1931054871735064,687.0599975585938,685.239990234375,677.25,667.7999877929688,0.043149,0.043149,0.0,0.042435,0.043863,0.0,1.0
2025-10-30,683.9000244140625,685.9400024414062,679.8300170898438,679.8300170898438,76335800.0,683.35400390625,676.3309997558594,671.0809967041016,661.241796875,681.534741897307,677.6886974546959,672.6094276293126,6.232235748744301,4.920450003842319,1.3117857449019823,72.48786411494815,671.0809967041016,688.9541110769402,653.207882331263,35.74622874567717,0.744753661931405,19.19000244140625,2.9047593266990184,-0.0109981195500203,0.0070967512966389,0.0092542404188958,0.0069409960201028,78260480.0,0.9754067442469048,-7.55999755859375,-1.099811955002039,0.8987519229759205,-0.5951172947691828,687.3900146484375,687.0599975585938,685.239990234375,671.760009765625,0.043149,0.043149,0.0,0.042435,0.043863,0.0,1.0
2025-10-31,685.0399780273438,685.0800170898438,679.239990234375,682.0599975585938,87164100.0,684.3160034179688,678.097998046875,671.7234954833984,662.1719970703125,681.7098271177359,678.4834792917682,673.5094819082917,6.218360378470038,5.180032078767863,1.038328299702175,68.35202551653792,671.7234954833984,690.2261886146329,653.220802352164,37.005386262468846,0.7793242584169071,17.66998291015625,2.659579843250103,0.0032802030105936,0.0070323865686104,0.0092677707630838,0.006903806990592,79093965.0,1.1020322473402364,2.22998046875,0.3280203010593618,0.8562335976853783,-0.4350082570846766,679.8300170898438,687.3900146484375,687.0599975585938,677.25,0.043149,0.043149,0.0,0.042435,0.043863,0.0,1.0
2025-11-03,685.6699829101562,685.7999877929688,679.9400024414062,683.3400268554688,57315000.0,683.9360107421875,679.302001953125,672.3099975585938,662.93259765625,682.2532270303136,679.3664879397137,674.4457242842133,6.238735455316601,5.391772754077611,0.84696270123899,70.18555675781674,672.3099975585938,691.5273804525976,653.0926146645899,38.43476578800778,0.7869805258528864,12.0400390625,1.793540783768521,0.0018767107020742,0.0064838409263885,0.0092504567909123,0.0066059082321171,79228550.0,0.7234134664839884,1.280029296875,0.1876710702074291,0.8575504318879785,-0.3398072123266326,682.0599975585938,679.8300170898438,687.3900146484375,685.239990234375,0.043149,0.043149,0.0,0.042435,0.043863,0.0,1.0
2025-11-04,676.1099853515625,679.9600219726562,674.5800170898438,675.239990234375,78427000.0,681.5720092773438,679.6970031738281,672.6159973144531,663.587998046875,679.9154814316674,678.6162156296521,674.5213686604192,5.537445366772317,5.420907276616552,0.1165380901557657,58.76414724502556,672.6159973144531,691.8143969168449,653.4175977120614,38.39679920478352,0.5683388452752847,3.95001220703125,0.588421149774763,-0.0118535960177362,0.0077990687433017,0.0096356519363405,0.0068148863311709,79548895.0,0.9858967871269614,-8.10003662109375,-1.185359601773628,0.7967544814614884,-0.1286765668362554,683.3400268554688,682.0599975585938,679.8300170898438,687.0599975585938,0.043149,0.043149,0.0,0.042435,0.043863,0.0,1.0
2025-11-05,674.97998046875,680.8599853515625,674.1699829101562,677.5800170898438,74402400.0,679.610009765625,680.6750061035157,672.8394989013672,664.2363989257813,679.1369933177263,678.4278158951414,674.8126685108405,5.111565583684978,5.3590389380302375,-0.2474733543452592,65.32752509716904,672.8394989013672,692.1657641413805,653.5132336613539,38.6525304800266,0.6226444460324845,9.780029296875,1.4645147462786423,0.0034654743340312,0.0075590853204658,0.0095771272563195,0.0068088012428793,80233905.0,0.927318694010967,2.34002685546875,0.3465474334031215,0.9873376239959551,0.3852020350719313,675.239990234375,683.3400268554688,682.0599975585938,687.3900146484375,0.043149,0.043149,0.0,0.042435,0.043863,0.0,1.0
2025-11-06,676.469970703125,677.3800048828125,668.719970703125,670.3099975585938,85035300.0,677.706005859375,680.5300048828125,672.7970001220704,664.7099987792968,676.1946613980155,676.95184892486,674.3838427058646,4.139703049329455,5.115171760290081,-0.9754687109606256,55.03570416166089,672.7970001220704,692.1425447251718,653.4514555189689,38.69108920620283,0.4357215675624376,-1.45001220703125,-0.2158527131642079,-0.0107293889251253,0.0082717438541043,0.0098735097981009,0.0070047947165857,81160575.0,1.0477414680711663,-7.27001953125,-1.0729388925125316,1.291944654149441,-0.9106055569811258,677.5800170898438,675.239990234375,683.3400268554688,679.8300170898438,0.043149,0.043149,0.0,0.042435,0.043863,0.0,1.0
2025-11-07,667.9099731445312,671.0800170898438,661.2100219726562,670.969970703125,100592400.0,675.4880004882813,679.902001953125,673.6944976806641,665.1509985351563,674.453097833052,675.8642347027263,674.058712038937,3.3837436160011976,4.768886131432305,-1.3851425154311077,49.68587804841208,673.6944976806641,690.700917482793,656.6880778785352,34.012839604257806,0.4198971032927805,-6.280029296875,-0.927283764765596,0.0009845789961884,0.0077613379192952,0.0075547535965732,0.0069932776365087,78219065.0,1.2860342935574594,0.65997314453125,0.0984578996188423,1.4710040013928645,0.4581452114253109,670.3099975585938,677.5800170898438,675.239990234375,682.0599975585938,0.001,0.001,0.0,0.001,0.001,134.0,1.0
2025-11-10,677.239990234375,682.1799926757812,675.030029296875,681.4400024414062,75842900.0,675.1079956054688,679.5220031738281,674.6144989013671,665.878798828125,676.7820660358368,676.8780106552135,674.7616920772674,3.5881227329317653,4.532733451732198,-0.9446107188004323,58.05683943296222,674.6144989013671,691.1790965585994,658.0499012441348,33.1291953144646,0.7060268435514645,-3.79998779296875,-0.5545484570550279,0.0156043223921176,0.008510698705279,0.0075802498516085,0.0072353145677397,78033185.0,0.9719313648417656,10.47003173828125,1.560432239211762,1.04924327208411,0.6201660072639443,670.969970703125,670.3099975585938,677.5800170898438,683.3400268554688,0.001,0.001,0.0,0.001,0.001,0.0,1.0
2025-11-11,679.9500122070312,683.5700073242188,678.72998046875,683.0,58953400.0,676.6599975585938,679.1160034179687,675.6529998779297,666.7333984375,678.8547106905579,677.9910996269928,675.5462928318134,3.831802783828607,4.39254731815148,-0.5607445343228727,62.44675927545634,675.6529998779297,691.5388005561543,659.767199199705,31.77160135644931,0.7312442498457493,-4.05999755859375,-0.5909232924374274,0.0022892661907207,0.0084962536542383,0.007557035865075,0.0071311085917963,76541875.0,0.7702110772697951,1.55999755859375,0.2289266190720784,0.7086422921623352,0.4485605909571025,681.4400024414062,670.969970703125,670.3099975585938,675.239990234375,0.001,0.001,0.0,0.001,0.001,0.0,1.0
2025-11-12,684.7899780273438,684.9600219726562,680.9500122070312,683.3800048828125,62312500.0,677.8199951171875,678.7150024414062,676.5635009765625,667.5261987304688,680.3631420879761,678.9709005825964,676.2923606461943,4.009366714256203,4.315911197372425,-0.3065444831162223,60.10784132586642,676.5635009765625,692.0005470993152,661.1264548538098,30.87409224550538,0.7207839457123575,-4.010009765625,-0.5833674740934229,0.000556376109535,0.0084973222241098,0.0075293284004001,0.0071071490610179,75572370.0,0.824540768008202,0.3800048828125,0.0556376109535072,0.5867906197098414,-0.2058986243625997,683.0,681.4400024414062,670.969970703125,677.5800170898438,0.001,0.001,0.0,0.001,0.001,0.0,1.0
2025-11-13,680.5,680.8599853515625,670.52001953125,672.0399780273438,103457800.0,678.1659912109375,677.9359985351563,677.1334991455078,667.9845983886719,677.5887540677654,677.7107328452777,675.8873718253514,3.198175438066528,4.092364045511246,-0.8941886074447183,45.88661730279751,677.1334991455078,690.839765491957,663.4272327990586,27.412532692898367,0.3141900576927131,-7.7900390625,-1.1458804210862754,-0.0165940278826468,0.0093981648366814,0.00836122084792,0.0074628973991829,75217095.0,1.3754559385735383,-11.34002685546875,-1.6594027882646856,1.5385938572677875,-1.2432067557173034,683.3800048828125,683.0,681.4400024414062,670.3099975585938,0.001,0.001,0.0,0.001,0.001,0.0,1.0
2025-11-14,665.3800048828125,675.6599731445312,663.27001953125,671.9299926757812,96846700.0,678.3579956054688,676.922998046875,677.510498046875,668.4783984375,675.7025002704374,676.6596891780964,675.5104785730113,2.517406513428,3.777372539094597,-1.2599660256665972,37.99822783834804,677.510498046875,690.111089265501,664.909906828249,25.2011824372521,0.278561764512894,-10.1300048828125,-1.4852073012744398,-0.0001636589416679,0.0092817105091813,0.008286880801957,0.0074458484036525,75234385.0,1.2872664540289656,-0.1099853515625,-0.0163658941667921,1.843935193894468,0.9843980499718116,672.0399780273438,683.3800048828125,683.0,670.969970703125,0.001,0.001,0.0,0.001,0.001,0.0,1.0
2025-11-17,669.7000122070312,673.7100219726562,662.1699829101562,665.6699829101562,90456100.0,675.2039916992187,675.1559936523438,677.2289978027344,668.8151977539062,672.3583278170104,674.6615607657436,674.5732885098822,1.4559781551178048,3.313093662299239,-1.857115507181434,32.1422893481717,677.2289978027344,690.6393102828632,663.8186853226056,26.820624960257646,0.0690251472623735,-17.6700439453125,-2.585834760276649,-0.0093164612889151,0.0095072703401394,0.0082318660115198,0.0075766302779568,76732520.0,1.1788495933666716,-6.260009765625,-0.9316461288915168,1.733597632275621,-0.6017663466353881,671.9299926757812,672.0399780273438,683.3800048828125,681.4400024414062,0.001,0.001,0.0,0.001,0.001,0.0,1.0
2025-11-18,662.0999755859375,665.1199951171875,655.8599853515625,660.0800170898438,114467500.0,670.6199951171875,673.6399963378906,676.6684997558593,669.0101977539063,668.2655575746215,672.010371006489,673.192976946069,0.1618591974981882,2.682846769339029,-2.5209875718408408,29.04070472794656,676.6684997558593,691.9328766287406,661.4041228829781,30.528753745762515,-0.0433724155319675,-15.15997314453125,-2.2451237136102145,-0.0083975032130402,0.0091900511652893,0.008423011096426,0.0076762622426704,79643445.0,1.4372494811092111,-5.5899658203125,-0.8397503213040225,1.4028617025024432,-0.3050836083034364,665.6699829101562,671.9299926757812,672.0399780273438,683.0,0.001,0.001,0.0,0.001,0.001,134.0,1.0
2025-11-19,660.780029296875,667.3400268554688,658.75,662.6300048828125,94703000.0,666.4699951171875,672.1449951171875,676.4100006103515,669.2185974121094,666.3870400106853,670.3048498930932,672.1869796067114,-0.6504783863545072,2.0161817382003218,-2.666660124554829,35.70004110277215,676.4100006103515,692.4615498319096,660.3584513887935,32.103098443116096,0.0707580764530883,-14.95001220703125,-2.2063832801977323,0.0038631495075569,0.0092182528687273,0.0084181098038942,0.0076841180865193,80350395.0,1.1786251953086229,2.54998779296875,0.3863149507556951,1.2963534388980642,0.2799684469741054,660.0800170898438,665.6699829101562,671.9299926757812,683.3800048828125,0.001,0.001,0.0,0.001,0.001,0.0,1.0
2025-11-20,672.9099731445312,675.5599975585938,651.8900146484375,652.530029296875,165293500.0,662.5680053710937,670.3669982910156,675.4485015869141,669.1165979003906,661.7680364394153,667.0730643301445,670.3148891010127,-2.08520841034408,1.1959037084914417,-3.2811121188355217,28.2900032936155,675.4485015869141,694.6646631598821,656.232340013946,38.43232314593615,-0.0963332532101294,-17.77996826171875,-2.652499340078029,-0.0152422551220325,0.0097763106937616,0.0089034342696189,0.0079046804031458,85334845.0,1.936998889492329,-10.0999755859375,-1.5242255122032589,3.627416647117608,-3.0286285923836256,662.6300048828125,660.0800170898438,665.6699829101562,672.0399780273438,0.35192433333333334,0.43229,0.162706087338982,0.125282,0.498201,402.0,1.0
2025-11-21,655.0499877929688,664.5499877929688,650.8499755859375,659.030029296875,123956200.0,659.9880126953125,669.1730041503906,674.5375030517578,669.1489990234375,660.8553673919018,665.6106943240954,669.2401405482377,-2.667003062639651,0.4233223542652229,-3.090325416904874,33.4016224357206,674.5375030517578,695.0761012757322,653.9989048277833,41.07719644794884,0.1224797431213901,-11.93994140625,-1.7795045870291122,0.0099612273890352,0.0105293805997796,0.0090131002748176,0.008032181680692,87814830.0,1.411563399940534,6.5,0.9961227389035264,2.078814560490956,0.6075935543966697,652.530029296875,662.6300048828125,660.0800170898438,671.9299926757812,0.03387,0.03387,0.0,0.03387,0.03387,134.0,1.0
2025-11-24,662.6900024414062,670.0599975585938,661.5900268554688,668.72998046875,80437900.0,660.6000122070312,667.902001953125,673.7120025634765,669.3053991699219,663.480238417518,666.1778372594872,669.1915538740009,-2.318646607705773,-0.1250714381289763,-2.1935751695767967,45.6501312383056,673.7120025634765,693.7607150634839,653.6632900634692,40.09742500001471,0.3757520689988275,-12.71002197265625,-1.8651710975463496,0.0147185268359075,0.0103697359660464,0.0092572606782767,0.0082638692636221,88669735.0,0.9071629682890108,9.699951171875,1.4718526835907575,1.2665755911209375,0.9114334010007632,659.030029296875,652.530029296875,662.6300048828125,665.6699829101562,0.034966,0.034966,0.0,0.034966,0.034966,134.0,1.0
2025-11-25,668.6300048828125,676.2100219726562,664.47998046875,675.02001953125,81077100.0,663.5880126953125,667.10400390625,673.1100036621094,669.6057995605469,667.3268321220953,667.7855067634441,669.7466458413579,-1.5175249402195732,-0.4035621385470957,-1.1139628016724774,48.375223032529625,673.1100036621094,692.1698016991801,654.0502056250388,38.11959607414133,0.5501058790189084,-7.97998046875,-1.1683719573572475,0.0094059474619201,0.0109139684127673,0.0095236051241578,0.0083601795065293,89636685.0,0.9045080147709612,6.2900390625,0.940594746192014,1.7377323878559736,0.9556876900188536,668.72998046875,659.030029296875,652.530029296875,660.0800170898438,0.301339,0.301339,0.0,0.301339,0.301339,134.0,1.0
2025-11-26,677.6300048828125,681.7000122070312,676.719970703125,679.6799926757812,71879600.0,666.9980102539063,666.7340026855469,672.7245025634766,670.0157995605468,671.4445523066573,669.9481405656873,670.6926788732078,-0.5008360331926269,-0.423016917476202,-0.0778191157164249,56.15071860816945,672.7245025634766,690.8575451025908,654.5914600243623,36.26608507822857,0.6917904868226387,-3.70001220703125,-0.5414282215742815,0.0069034591711327,0.0112030774043717,0.0096775453748702,0.0084050889959521,88947810.0,0.8081098342949646,4.65997314453125,0.6903459171132775,0.732703854397817,0.3025231731471615,675.02001953125,668.72998046875,659.030029296875,662.6300048828125,0.32713833333333336,0.307104,0.16827303688993944,0.132053,0.542258,402.0,1.0
