Price,Close,High,Low,Open,Volume
Ticker,AAPL,AAPL,AAPL,AAPL,AAPL
Date,,,,,
2020-01-02,72.46826934814453,72.5285891982157,71.22326675908423,71.47660718407792,135480400
2020-01-03,71.76373291015625,72.52376157647284,71.5393448267866,71.69617497011174,146322800
2020-01-06,72.3355484008789,72.37415398165305,70.6345318765685,70.88546446996966,118387200
2020-01-07,71.99535369873047,72.60095990158051,71.77578859164102,72.34520436217124,108872000
2020-01-08,73.15351867675781,73.4551179960283,71.69860385512754,71.69860385512754,132079200
2020-01-09,74.70732116699219,74.90034168837741,73.87973482074321,74.13066002589181,170108400
2020-01-10,74.87623596191406,75.4408362602049,74.37437802964394,74.94138611501243,140644800
2020-01-13,76.47591400146484,76.50245856347271,75.07408132346671,75.19231323252647,121532000
2020-01-14,75.4432373046875,76.62309704687446,75.3201898237738,76.41318515734736,161954400
2020-01-15,75.11991882324219,76.12364189473249,74.6880266854858,75.2429736592525,121923600
2020-01-16,76.06092071533203,76.17191454820045,75.30089202786714,75.66281115173265,108829200
2020-01-17,76.90298461914062,76.90539240608445,76.00300982033474,76.30943200280402,137816400
2020-01-21,76.3818130493164,76.97294309653658,76.24428203921465,76.53140508279039,110843200
2020-01-22,76.65445709228516,77.20698153576836,76.56035460570881,76.86677674803076,101832400
2020-01-23,77.02362060546875,77.1032395625604,76.15983628507468,76.70754520066748,104472000
2020-01-24,76.80165100097656,78.01287102929439,76.61103819892749,77.26973366124079,146537600
2020-01-27,74.54325866699219,75.223660842835,73.56124993820636,74.81107521306389,161940000
2020-01-28,76.65206146240234,76.82336779320974,75.32502461892797,75.42395006721497,162234000
2020-01-29,78.25655364990234,79.103446634538,77.54236874294361,78.28309821074268,216229200
2020-01-30,78.14314270019531,78.196224452265,76.90779359376785,77.33968569636842,126743200
2020-01-31,74.67838287353516,77.85602816826189,74.38402173692818,77.43378925544725,199588400
2020-02-03,74.47330474853516,75.63868107737575,72.91946473457213,73.42132267544993,173788400
2020-02-04,76.93195343017578,77.12256625571746,75.67247441769548,76.07782212295561,136616400
2020-02-05,77.55926513671875,78.35789935199301,76.95606664401838,78.0587078925949,118826800
2020-02-06,78.46646881103516,78.46888396119307,77.27214024163042,77.82949504667184,105425600
2020-02-07,77.39988708496094,78.21492705790754,76.9089278720762,77.9658198194633,117684000
2020-02-10,77.76750946044922,77.76750946044922,75.90525344548281,75.9850613598187,109348800
2020-02-11,77.29830932617188,78.33585640766411,77.08064401597953,78.26330376451229,94323200
2020-02-12,79.13397979736328,79.13881418044723,77.74816513747918,77.74816513747918,113730400
2020-02-13,78.57044219970703,78.89694380995043,78.20282989097468,78.4059846442796,94747600
2020-02-14,78.58981323242188,78.83892050632156,78.08192253766144,78.53901899642953,80113600
2020-02-18,77.15079498291016,77.33218399932765,76.08906106405882,76.27045008047632,152531200
2020-02-19,78.26815032958984,78.49791270322793,77.39264718918032,77.39264718918032,93984000
2020-02-20,77.46517944335938,78.51723694017812,76.95970973520781,78.02869864051748,100566000
2020-02-21,75.7117691040039,77.50147989029539,75.09504942814512,77.05888657687778,129554000
2020-02-24,72.11543273925781,73.56654484289926,69.950861613102,71.8929330165793,222195200
2020-02-25,69.6727294921875,73.16749427483839,69.20112246255476,72.78537131530702,230673600
2020-02-26,70.7779769897461,72.0428654399997,69.29058886204834,69.29784412586203,198054800
2020-02-27,66.1513671875,69.16968329754985,66.015930635838,67.98460978013814,320605600
2020-02-28,66.11265563964844,67.33401260273769,62.0035927413547,62.21884455259078,426510000
2020-03-02,72.2677993774414,72.90387135222704,67.16714131154524,68.26998589980724,341397200
2020-03-03,69.97260284423828,73.52298744003178,69.12127931863051,73.44317954987368,319475600
2020-03-04,73.2182846069336,73.37790783984885,70.89409003325196,71.69461969933852,219178400
2020-03-05,70.84329223632812,72.4467648225109,70.47809334857007,71.47210154193513,187572800
2020-03-06,69.90247344970703,70.33539053552722,68.01603106687887,68.20225442366566,226176800
2020-03-09,64.37374877929688,67.25662042749718,63.6070747073531,63.78846370366684,286744800
2020-03-10,69.01002502441406,69.27606360892686,65.14764961954587,67.02684373594583,285290000
2020-03-11,66.61326599121094,68.01359053665097,65.74985295050158,67.08730102183617,255598800
2020-03-12,60.03491973876953,65.30003870789042,59.97929481317342,61.8996002456348,418474000
2020-03-13,67.22760009765625,67.69921444547847,61.17646208174082,64.06417921518192,370732000
2020-03-16,58.578975677490234,62.65901412516802,58.044481123383505,58.51609179443726,322423600
2020-03-17,61.15470504760742,62.30349851090025,57.65752303606562,59.86079519838787,324056000
2020-03-18,59.65763473510742,60.4630023695136,57.34794730651824,57.98885734585637,300233600
2020-03-19,59.20053482055664,61.149861434253346,58.67571640074359,59.83176871542281,271857200
2020-03-20,55.442142486572266,60.905577165183914,55.14224473928232,59.78096338062255,401693200
2020-03-23,54.26433563232422,55.263185639015276,51.420157253571155,55.16160823517076,336752800
2020-03-24,59.70842361450195,59.904323146252956,56.66592497733461,57.16413951249609,287531200
2020-03-25,59.3795051574707,62.45828014038061,59.08444541685393,60.644390107262105,303602000
2020-03-26,62.504234313964844,62.56227643476942,59.58266157820947,59.621358785658394,252087200
2020-03-27,59.91642379760742,61.882678310331166,59.74954530489737,61.1281011506361,204216800
2020-03-30,61.62630844116211,61.79802498746447,60.31788821611853,60.6419727055928,167976400
2020-03-31,61.500553131103516,63.483739105011665,60.9467135877393,61.8173824008547,197002000
2020-04-01,58.26457214355469,60.15343586559381,57.83407583491139,59.6165240756465,176218400
2020-04-02,59.236812591552734,59.29002033037774,57.294741195546685,58.12671272222617,165934000
2020-04-03,58.385494232177734,59.423037724427395,57.79537474123642,58.721668376231186,129880000
2020-04-06,63.4788932800293,63.63367471849766,60.313051558292024,60.68066393279939,201820400
2020-04-07,62.74365997314453,65.71118861311454,62.639665388856514,65.49351591759843,202887200
2020-04-08,64.34957122802734,64.6639759139237,63.17900829152558,63.54419983698464,168895200
2020-04-09,64.81391906738281,65.31697539124775,64.0182312530311,64.98563931197687,161834800
2020-04-13,66.08606719970703,66.19490356550595,64.29152188952229,64.89131758100808,131022800
2020-04-14,69.4236068725586,69.71383219653002,67.24693908498263,67.71855339125206,194994800
2020-04-15,68.78997802734375,69.24949545432703,67.8709431733772,68.29901865238591,131154400
2020-04-16,69.3365478515625,69.70174671960459,68.28691109689659,69.50342631571836,157125200
2020-04-17,68.39574432373047,69.3994360529156,66.95914281806782,68.85284815768563,215250000
2020-04-20,66.97608184814453,68.12487900696708,66.95673693299449,67.22277564592211,130015200
2020-04-21,64.90583038330078,67.05347766583337,64.19478479973962,66.81888089328784,180991600
2020-04-22,66.77534484863281,67.21067553657838,65.8321234375921,66.1731282940646,116862400
2020-04-23,66.51656341552734,68.14180934991,66.47786620509702,66.7197182347329,124814400
2020-04-24,68.43685913085938,68.44653527723898,66.99300242947831,67.04137578063921,126161200
2020-04-27,68.48521423339844,68.8165501964249,67.70645072393546,68.1538708896368,117087600
2020-04-28,67.37511444091797,69.12854111634766,67.28321689774812,68.9471521499239,112004800
2020-04-29,69.58808898925781,70.05728252965069,68.65937805652075,68.86253288111276,137280800
2020-04-30,71.05612182617188,71.2326764610738,69.7380327214539,70.12741093803704,183064000
2020-05-01,69.91215515136719,72.31374359365245,69.13339146359068,69.23013078154854,240616800
2020-05-04,70.90133666992188,71.02951794095532,69.24706979478302,69.93634950460861,133568000
2020-05-05,71.9654769897461,72.79744841928256,71.21573435047652,71.36084701948627,147751200
2020-05-06,72.70797729492188,73.33920755337681,72.28231535832381,72.66685920210755,142333600
2020-05-07,73.46014404296875,73.80599810613609,73.03206854392603,73.33438362592382,115215200
2020-05-08,75.20862579345703,75.26197757890655,73.7923871441927,74.11977276396385,133838400
2020-05-11,76.39204406738281,76.88675244657776,74.50776212066847,74.71632174778293,145946400
2020-05-12,75.51901245117188,77.52696763422976,75.39775910098548,77.07590132316346,162301200
2020-05-13,74.607177734375,76.61998759486177,73.53044749592581,75.6984577813938,200622400
2020-05-14,75.06552124023438,75.12614791139806,73.12304032792042,73.84571291244961,158929200
2020-05-15,74.6217269897461,74.66780385011373,72.80292692486488,72.8368814117532,166348400
2020-05-18,76.37991333007812,76.7533757455592,75.2546860142826,75.9458316362108,135178400
2020-05-19,75.9385757446289,77.24325598901476,75.90704867948614,76.3969097050413,101729600
2020-05-20,77.41542053222656,77.48574215036817,76.75822201252429,76.79702397462873,111504800
2020-05-21,76.83824920654297,77.81797834459402,76.60058997680626,77.27718574052247,102688800
2020-05-22,77.33297729492188,77.41542869782153,76.47450136951518,76.57635005515425,81803200
2020-05-26,76.80914306640625,78.63036319231934,76.75336386600556,78.4509106181763,125522000
2020-05-27,77.14379119873047,77.289296677021,75.92641041182232,76.6660601761675,112945200
2020-05-28,77.17774200439453,78.43635212041976,76.54237576022463,76.81882949515179,133560800
2020-05-29,77.10259246826172,77.8810370209666,76.74610726923865,77.42027570132166,153532400
2020-06-01,78.05079650878906,78.17204987996918,76.92556167189265,77.05651738496836,80791200
2020-06-02,78.41212463378906,78.43637678676062,77.34266907399055,77.78403309563147,87642800
2020-06-03,78.84378814697266,79.10569956400518,78.15991738115441,78.73223712157194,104491200
2020-06-04,78.16476440429688,78.965033585586,77.79130199936047,78.6667550692759,87560400
2020-06-05,80.39097595214844,80.45160263084539,78.38544808511186,78.41454770677157,137250400
2020-06-08,80.86629486083984,80.90024935653804,79.37730733642842,80.0878503032951,95654400
2020-06-09,83.41985321044922,83.8127127665815,80.5146285221196,80.54615556810563,147712400
2020-06-10,85.56604766845703,86.03408373865788,83.9291277394335,84.36806419501069,166651600
2020-06-11,81.45800018310547,85.13440269433788,81.35615151209016,84.71001596343379,201662400
2020-06-12,82.16127014160156,84.34383052506377,81.05059266944424,83.59691311681682,200146000
2020-06-15,83.1773681640625,83.82971175950732,80.6528726048748,80.81535534530535,138808800
2020-06-16,85.38175201416016,85.65336572310193,83.59690633112962,85.2313990507297,165428800
2020-06-17,85.26293182373047,86.18688178098341,85.1416784708026,86.12625510451949,114406400
2020-06-18,85.29688262939453,85.71399444147255,84.6881884557675,85.21927871070163,96820400
2020-06-19,84.80945587158203,86.4682010550296,83.70119831369777,86.00259226707146,264476000
2020-06-22,87.02838134765625,87.17145941767127,85.15622926088085,85.20230612758097,135445200
2020-06-23,88.88599395751953,90.30465984817053,87.85291289035612,88.27245220934594,212155600
2020-06-24,87.31694793701172,89.43403375590695,86.94348560614667,88.51493143673328,192623200
2020-06-25,88.47614288330078,88.51494484309887,86.71312185164297,87.47216900112456,137522400
2020-06-26,85.75764465332031,88.59254854021978,85.60971171941675,88.37186655732566,205256800
2020-06-29,87.73407745361328,87.82865862307958,85.1877569926391,85.66549550848868,130646000
2020-06-30,88.46643829345703,88.75260181460118,87.302409131984,87.32180641103123,140223200
2020-07-01,88.29911804199219,89.08726487998509,88.25062113854636,88.54405219679813,110737200
2020-07-02,88.29911804199219,89.84146462563768,88.18514698857149,89.20609820497056,114041600
2020-07-06,90.66114044189453,91.12917664404557,89.69596101404703,89.72748807234947,118655600
2020-07-07,90.37982177734375,91.81788471884249,90.2682707685785,91.03944029125856,112424400
2020-07-08,92.48477935791016,92.51630641314865,91.26981841791165,91.35712467862727,117092000
2020-07-09,92.88248443603516,93.430544491857,91.83485381849374,93.3771927270549,125642800
2020-07-10,93.04495239257812,93.10315902275178,91.86637359176252,92.47748770321701,90257200
2020-07-13,92.61573791503906,96.9590339515966,92.40233082748179,94.34965940036575,191649200
2020-07-14,94.14838409423828,94.33995906948405,91.063698400921,91.99734332779671,170989200
2020-07-15,94.79585266113281,96.27271734408903,93.59786915923183,96.02293577834864,153198000
2020-07-16,93.62940216064453,94.48545043557607,93.03041037162107,93.66820411710265,110577600
2020-07-17,93.44024658203125,94.23566818195913,92.9673556043315,94.0804677579499,92186800
2020-07-20,95.4094009399414,95.54763152313923,93.18319140296002,93.52755414344499,90318000
2020-07-21,94.09259796142578,96.27515822341762,93.84281636080428,96.19998173978415,103433200
2020-07-22,94.35692596435547,95.0383691628231,93.70700981931506,93.79430867429807,89001600
2020-07-23,90.0621337890625,94.16777018673336,89.25216234988122,94.09016627142198,197004400
2020-07-24,89.83900451660156,90.18336718919892,86.4730112916391,88.26029138007334,185438800
2020-07-27,91.96824645996094,92.06040019801185,90.67811632940159,90.90121836821325,121214000
2020-07-28,90.45742797851562,91.71603836365466,90.45257310797918,91.53900580557185,103625600
2020-07-29,92.19133758544922,92.3756450249379,90.90362774541741,90.94000226618061,90329200
2020-07-30,93.30689239501953,93.41116851340877,90.9570015743531,91.36441110716558,158130000
2020-07-31,103.07504272460938,103.2253956841153,97.80294239807122,99.80120250061277,374336800
2020-08-03,105.67228698730469,108.29135620019736,104.6586108297832,104.95688931304775,308151200
2020-08-04,106.37798309326172,107.46926317333123,105.13877008729901,105.86144267124749,173071600
2020-08-05,106.76358032226562,107.08369095937002,105.6334981524038,106.09911429734815,121776800
2020-08-06,110.48844909667969,110.9831647252199,106.50649412583496,107.09578349765631,202428800
2020-08-07,107.9764404296875,110.46661589150919,107.179584578467,110.00988008396922,198045600
2020-08-10,109.54586029052734,110.56379606115887,106.8953408360196,109.42195650024055,212403600
2020-08-11,106.28797912597656,109.30777067354109,106.02802731765381,108.80973853697522,187902400
2020-08-12,109.82037353515625,110.07789350159867,107.18443047564186,107.37878264931382,165598000
2020-08-13,111.7639389038086,112.7672986221406,110.71198742895228,111.20030714999548,210082000
2020-08-14,111.66431427001953,111.75420233347295,109.8543791144295,111.58900224852829,165565200
2020-08-17,111.372802734375,112.81103430343862,110.7460105520112,112.78673842355069,119561600
2020-08-18,112.30082702636719,112.7259788863913,110.78971554731912,111.12497934318773,105633600
2020-08-19,112.44172668457031,113.85566202116895,112.34698241491274,112.70896646857587,145538000
2020-08-20,114.93677520751953,115.05095915162076,112.46603216773778,112.48304002227763,126907200
2020-08-21,120.85975646972656,121.34321254794537,115.88426180533297,115.89640603696287,338054800
2020-08-24,122.30525970458984,125.15013843519527,120.43945211980873,125.06509916365437,345937600
2020-08-25,121.30191802978516,121.64690172019864,119.57944621797552,121.17802164994161,211495600
2020-08-26,122.95149993896484,123.40823574071352,121.5521404466388,122.61866792136692,163022400
2020-08-27,121.48169708251953,123.88684074922567,120.33742571871558,123.55400871781482,155552400
2020-08-28,121.28489685058594,122.87374476236184,121.06138518015679,122.45588091995438,187630000
2020-08-31,125.39794158935547,127.30262866474355,122.44374970807395,123.97915723775616,225702700
2020-09-01,130.39283752441406,130.99534845473963,126.84586266163116,129.0129180085765,151948100
2020-09-02,127.69131469726562,134.0856002645823,123.41550776119645,133.70660835355852,200119000
2020-09-03,117.46824645996094,125.20358030775732,117.0989743551227,123.32806028413174,257599600
2020-09-04,117.5459976196289,120.20866118452791,107.76021579822826,116.68111776737273,332607200
2020-09-08,109.63573455810547,115.63158886854931,109.49968655275791,110.73383843385653,231366600
2020-09-09,114.00872802734375,115.77735955442189,112.00687240165654,113.95042385620658,176940500
2020-09-10,110.28681945800781,117.09896902670127,109.32476361414018,116.96292102510625,182274400
2020-09-11,108.8388900756836,111.97772918558881,106.89533846718923,111.33635359603639,180860300
2020-09-14,112.10405731201172,112.6579692235783,109.61631362694925,111.4821213907461,140150100
2020-09-15,112.27896881103516,115.47611185461919,110.40344135428404,114.99022398928534,184642000
2020-09-16,108.9652099609375,112.72598470596552,108.87775370396636,111.97772065587975,154679000
2020-09-17,107.22571563720703,109.03321883776769,105.64172408577352,106.62321951305975,178011000
2020-09-18,103.82451629638672,107.75049116786684,103.09568449283607,107.2840429654683,287104900
2020-09-21,106.97309112548828,107.07998706588857,100.19009219073692,101.58945183665963,195713800
2020-09-22,108.65424346923828,109.67461096517128,106.07904368113599,109.49969103484163,183055400
2020-09-23,104.09661865234375,108.94577745912319,103.75649121629566,108.46960942834048,150718700
2020-09-24,105.16557312011719,107.13827671141094,102.03645401086756,102.20165410941537,167743300
2020-09-25,109.1109848022461,109.26647248780473,104.63109780542541,105.36964948370711,149981400
2020-09-28,111.7153549194336,112.06519483137623,109.59688319225279,111.76394667933849,137672400
2020-09-29,110.869873046875,112.05544044803256,110.3645530043462,111.31689634080271,99382200
2020-09-30,112.54135131835938,113.95043065542163,110.41316739020328,110.57836749432273,142675200
2020-10-01,113.49369812011719,114.39744992300979,112.5607942290766,114.31970607857447,116120400
2020-10-02,109.83009338378906,112.11377235625194,109.05267722245038,109.70376520376246,144712000
2020-10-05,113.21186828613281,113.35763612296132,110.34513295609943,110.6949727988638,106243800
2020-10-06,109.9661636352539,112.84261938949062,109.08184401367627,112.43446787965235,161498200
2020-10-07,111.83197021484375,112.28870606536778,110.90877867904413,111.38495419907133,96849000
2020-10-08,111.72505187988281,113.11469140834828,111.35577237395906,112.96892357253944,83477200
2020-10-09,113.66858673095703,113.6977388110694,111.67644389727622,112.0262836867427,100506900
2020-10-12,120.88890075683594,121.64688463034302,115.91340641347355,116.67139028698064,240226800
2020-10-13,117.68204498291016,121.85096395135838,116.2729730734288,121.7343481891843,262330500
2020-10-14,117.7695083618164,119.5575722262898,116.2438206939987,117.58486859235376,150712000
2020-10-15,117.30303955078125,117.7792075503629,114.81529622261273,115.36920805471462,112559200
2020-10-16,115.66075134277344,118.1193503209673,115.45667931642107,117.85696670561362,115393800
2020-10-19,112.70654296875,117.02122180628177,112.39557505781023,116.5742058976846,120639300
2020-10-20,114.1933822631836,115.62189394960575,112.36643891932445,112.9203508575227,124423700
2020-10-21,113.57144165039062,115.35950558309032,113.16329017526478,113.37708203983998,89946000
2020-10-22,112.48306274414062,114.70843049070997,111.35579911814942,114.13507884257669,101988000
2020-10-23,111.7930679321289,113.2604511905594,111.0545163868576,113.1049635330035,82572600
2020-10-26,111.80282592773438,113.26048985162107,109.69406648315775,110.79217805081882,111850700
2020-10-27,113.30904388427734,113.96985164953288,111.30718833691205,112.23037227607989,92276800
2020-10-28,108.06147766113281,112.17209300111841,107.96430155345347,111.80282082631223,143937800
2020-10-29,112.06517028808594,113.62972971438177,109.03322751995996,109.19843501901767,146129200
2020-10-30,105.78752136230469,108.82917715371961,104.6796974682271,107.92542530180775,190272600
2020-11-02,105.70004272460938,107.55613792475565,104.29097088393719,106.03045032760409,122866900
2020-11-03,107.32292938232422,108.34328959669351,105.66119353544151,106.56494539048946,107624400
2020-11-04,111.70562744140625,112.32756337251364,109.17901179452487,110.91849140042434,138235500
2020-11-05,115.67046356201172,116.24381509607197,113.57143184766637,114.62094399780884,126387100
2020-11-06,115.53904724121094,116.03550252982856,113.04700448892655,115.17886724342364,114457900
2020-11-09,113.23197174072266,118.75144452373826,112.96914288637264,117.30100266982897,154515300
2020-11-10,112.8912582397461,114.46824612623837,111.10010224382926,112.48241007857042,138023400
2020-11-11,116.31781768798828,116.45410042104282,113.34879251575485,114.07888176862647,112295000
2020-11-12,116.04525756835938,117.33021441554035,115.42224863802025,116.44437660987315,103162300
2020-11-13,116.09393310546875,116.49304471994897,114.74083488923566,116.26915483122531,81581900
2020-11-16,117.10628509521484,117.77796196237918,115.01336169323956,115.76291650718665,91183000
2020-11-17,116.2204818725586,117.46649976087988,115.80189704193324,116.37623782202498,74271000
2020-11-18,114.8965835571289,116.63906421361688,114.86738117394037,115.46118772161485,76322100
2020-11-19,115.49038696289062,115.89923517011198,113.70896736833065,114.46825901798518,74113000
2020-11-20,114.22489929199219,115.61693649962824,114.17623112885316,115.49039036324399,73604300
2020-11-23,110.82755279541016,114.49747245412723,110.73020904206231,114.06915102717399,127959300
2020-11-24,112.11250305175781,112.77445093316165,109.6009942581799,110.88595846342133,113874200
2020-11-25,112.94966125488281,113.65054804999696,112.11249174147993,112.48240834270746,76499200
2020-11-27,113.49480438232422,114.3709129708123,113.1346317708944,113.47533860340312,46691300
2020-11-30,115.88951110839844,117.75853793262587,113.70897238661402,113.86472833539251,169410200
2020-12-01,119.46208190917969,120.19217122258144,116.82402674797702,117.79747916584601,127728200
2020-12-02,119.81250762939453,120.0948096799896,117.68064477339988,118.78064316901394,89004200
2020-12-03,119.67622375488281,120.493920092042,118.96560033409804,120.24082042379452,78967600
2020-12-04,119.00452423095703,119.59833063108366,118.2939009002504,119.34523099491892,78260400
2020-12-07,120.46472930908203,121.26295994561156,119.00455077200225,119.06295553689276,86712000
2020-12-08,121.07798767089844,121.66206495991713,119.82223338247024,121.06825849577237,82225500
2020-12-09,118.54702758789062,122.60632215950014,117.78773593298261,121.2240215863675,115089200
2020-12-10,119.9682388305664,120.58151842774086,116.96027530350261,117.30098206479376,81312200
2020-12-11,119.1603012084961,119.50100803270227,117.34967931202699,119.17976698694284,86939800
2020-12-14,118.54702758789062,120.07534750085607,118.31340110026942,119.34525822854418,79184500
2020-12-15,124.48507690429688,124.50455010924838,120.83463079530905,121.03905488619017,157243700
2020-12-16,124.41692352294922,124.96205437931009,123.20010827082164,124.02754858374912,98208600
2020-12-17,125.2833251953125,126.13996808980455,124.64084302444346,125.47801271123197,94359800
2020-12-18,123.29747009277344,125.67269604688084,122.7718049671832,125.53641332100761,192541500
2020-12-21,124.8258056640625,124.90368364385454,120.17270406085605,121.70102413672326,121251600
2020-12-22,128.37889099121094,130.84172406271304,126.20808171972651,128.11605471749206,168904800
2020-12-23,127.48331451416016,128.91427567105393,127.30808538342248,128.65145425550145,88223700
2020-12-24,128.46649169921875,129.91694086606563,127.61959301416368,127.83375369258947,54930100
2020-12-28,133.06117248535156,133.69391042104374,129.9655870238762,130.43285473552945,124486200
2020-12-29,131.2895050048828,135.10543618196706,130.77357648181422,134.38509099699746,121047300
2020-12-30,130.17002868652344,132.37976932791838,129.85851685438772,131.98065036313264,96452100
2020-12-31,129.16737365722656,131.16295362039511,128.22312384324488,130.52047160916396,99116600
2021-01-04,125.9744644165039,130.0629610638514,123.39481436257799,129.97535392263828,143301900
2021-01-05,127.53199005126953,128.24262097829288,125.02048114625119,125.46827577350281,97664900
2021-01-06,123.23906707763672,127.57093452826126,123.02490637051051,124.32933639261917,155088000
2021-01-07,127.44440460205078,128.13556244025588,124.46564220980372,124.95236847922205,109578200
2021-01-08,128.5443878173828,129.10899197173987,126.77269738263777,128.91428961570313,105158200
2021-01-11,125.5558853149414,126.71429603758807,125.08863232599059,125.76031685281629,100384500
2021-01-12,125.38066864013672,126.24704065814508,123.4921686595174,125.08862995743296,91951100
2021-01-13,127.41515350341797,127.96028434017008,125.07887424485143,125.34169563519181,88636800
2021-01-14,125.48773956298828,127.52225130518217,125.34171280576037,127.32756381591491,90221800
2021-01-15,123.76473236083984,126.76296740977297,123.62844962469308,125.36119363586094,111598500
2021-01-19,124.4364013671875,125.29304408982054,123.57002946950722,124.38772578454656,90757300
2021-01-20,128.52491760253906,128.97271223666024,125.13730745125214,125.24438780808299,104319500
2021-01-21,133.2364044189453,135.9620736838479,130.04348223408022,130.24791374177147,120150900
2021-01-22,135.37802124023438,136.13731286135894,131.43553637442392,132.66208095000118,114459400
2021-01-25,139.1258087158203,141.23819854253642,132.9151779412319,139.2718354812106,157611700
2021-01-26,139.35940551757812,140.46914031198884,137.6169179490498,139.78772681607,98390600
2021-01-27,138.2886505126953,140.46918931400648,136.68245993673887,139.62227559520105,140843800
2021-01-28,133.45057678222656,138.22050212672593,133.07093096645877,135.81607367562873,142621100
2021-01-29,128.45675659179688,133.10985683778753,126.7532152717128,132.22401178645546,177523800
2021-02-01,130.57891845703125,131.7860049108473,127.45412937962104,130.19927257414088,106239800
2021-02-02,131.4063262939453,132.69127555683025,131.0364096809211,132.12667146199954,83305400
2021-02-03,130.3842010498047,132.16562050861145,130.0629600142458,132.15587647941985,89880900
2021-02-04,133.74258422851562,133.75231340224198,131.01691536139694,132.68152499802775,84183100
2021-02-05,133.32826232910156,133.97170445351236,132.45085206919504,133.90346870595903,75693800
2021-02-08,133.47451782226562,133.52326614630692,131.53444758226135,132.61659492201852,71297200
2021-02-09,132.5970916748047,134.4201778248724,132.44111786524098,133.19178552172198,76774200
2021-02-10,131.99266052246094,133.5525177010359,131.02749721967888,133.0553056014661,73046600
2021-02-11,131.7391815185547,132.9675589258699,130.4133074654321,132.4898491628531,64280000
2021-02-12,131.97315979003906,132.12914848493614,130.33532312132203,130.9787653308469,60145100
2021-02-16,129.84783935546875,132.59706880200096,129.45786770907952,132.0901279755408,80576300
2021-02-17,127.55682373046875,128.90220010245756,126.22120594870577,127.95653915633494,97918500
2021-02-18,126.45516967773438,126.73788610904428,124.21288102524102,125.95795768088605,96856700
2021-02-19,126.6111831665039,127.43011645462201,125.56804028149355,126.97190891723642,87668800
2021-02-22,122.83827209472656,126.46492703235708,122.44830783858197,124.7978296513902,103916400
2021-02-23,122.7017822265625,123.5304515985531,115.41922654111875,120.6544792375418,158273000
2021-02-24,122.20459747314453,122.40932706149795,119.16289223137868,121.80488944958321,111039900
2021-02-25,117.95397186279297,123.28671325851347,117.51526677717865,121.55138034144545,148199500
2021-02-26,118.21720886230469,121.71712094720249,118.15870939243611,119.51382934353043,164560400
2021-03-01,124.58336639404297,124.71985277897572,119.70883139515851,120.64474122239031,116307900
2021-03-02,121.98036193847656,125.49002551913253,121.87312157746639,125.18780674062197,102260900
2021-03-03,118.99713897705078,122.55555080343935,118.78265825970878,121.67813306792647,112966300
2021-03-04,117.11557006835938,120.49849839926789,115.64346591859298,118.69492201638303,178155000
2021-03-05,118.37318420410156,118.8801399153452,114.61979443770963,117.94423026145166,153766600
2021-03-08,113.44017028808594,117.96373782106434,113.29393276187487,117.89549463389245,154376600
2021-03-09,118.05148315429688,118.99714411910483,115.80920155325997,116.04317714685729,129525800
2021-03-10,116.9693374633789,119.10437859558475,116.45263053937967,118.63642743151894,111943300
2021-03-11,118.89962768554688,120.11826113686391,118.21719592798866,119.46507539206557,103026500
2021-03-12,117.99296569824219,118.12945205160229,116.16989479066875,117.37877710812177,88105100
2021-03-15,120.87870025634766,120.88845140763532,117.39828304156515,118.36344619441722,92403800
2021-03-16,122.41905975341797,124.02765763412758,121.59039037182497,122.54579497339591,115227900
2021-03-17,121.62939453125,122.70179070070945,119.27011403289939,120.93721148152662,111932600
2021-03-18,117.50553894042969,120.08904396527872,117.30080936399335,119.79656889154106,121229700
2021-03-19,116.97908020019531,118.38294855656439,116.67686143267959,116.89134214689703,185549500
2021-03-22,120.29376983642578,120.76172845240197,117.24231371312757,117.31055690317099,111912300
2021-03-23,119.465087890625,121.12242658262932,119.07512365781542,120.2352652049879,95467100
2021-03-24,117.0765609741211,119.816054302137,117.05706610966415,119.73805996841114,88530500
2021-03-25,117.56402587890625,118.60718345893137,116.0139273940255,116.5403780411406,98844700
2021-03-26,118.1684799194336,118.4317089821302,115.93594193373995,117.33005928068575,94071200
2021-03-29,118.34395599365234,119.50409766319855,117.70052126390267,118.59743388740822,80819200
2021-03-30,116.891357421875,117.3788109495409,115.87745319177584,117.09608701094061,85671900
2021-03-31,119.08489227294922,120.42051011090868,118.10998526692909,118.59743876993915,118323800
2021-04-01,119.9135513305664,121.06394179532072,119.41634671803331,120.55699346889742,75089100
2021-04-05,122.74079895019531,122.99427686554803,119.98181021656318,120.7617388309021,88651200
2021-04-06,123.0429916381836,123.93990414772982,122.49704618679874,123.32571551492187,80171300
2021-04-07,124.69061279296875,124.71010766120962,121.99986726075039,122.67255550329261,83466700
2021-04-08,127.0888671875,127.11811320514343,125.29504201784057,125.71424485466245,88844600
2021-04-09,129.66261291503906,129.70160264420477,126.22119287511026,126.54291392534559,106686700
2021-04-12,127.9468002319336,129.51640109938154,127.35210636598374,129.19468000377913,91420000
2021-04-13,131.0567626953125,131.28100205330475,128.61949478941824,129.11670696279845,91266500
2021-04-14,128.71693420410156,131.61240837850028,128.35622347475837,131.55391635491986,87222800
2021-04-15,131.12496948242188,131.61242290057214,130.2865490081675,130.46203997416845,89347100
2021-04-16,130.79351806640625,131.29071524829968,129.9355952026849,130.93000444237106,84922400
2021-04-19,131.45643615722656,132.07063223335706,129.99407588140957,130.1598082608944,94264200
2021-04-20,129.7698516845703,132.12912448166279,128.5024698015972,131.63192734239016,94812300
2021-04-21,130.15008544921875,130.3938122009963,128.00529300875627,129.03869205614907,68847100
2021-04-22,128.62921142578125,130.78374722132708,128.11251198833915,129.701600029045,84566500
2021-04-23,130.9495086669922,131.72942232628785,128.84370608473515,128.84370608473515,78657500
2021-04-26,131.33944702148438,131.67091176764876,130.2085515483263,131.44668736593727,66905100
2021-04-27,131.0177459716797,132.01215523774303,130.7447732125093,131.62218352757128,66015800
2021-04-28,130.22804260253906,131.63191067198548,129.7405892381977,130.9397203492265,107760100
2021-04-29,130.13058471679688,133.63051222031285,129.12643167740748,133.04556205861587,151101000
2021-04-30,128.16123962402344,130.20853474127574,127.78102661111261,128.47320202841144,109839500
2021-05-03,129.21417236328125,130.70579381831388,128.52199669631204,128.72671884393358,75135100
2021-05-04,124.64185333251953,128.19052150938094,123.52070884107249,127.89804644623831,137564700
2021-05-05,124.8855972290039,127.17661983745883,124.75885455406909,125.95798604278042,84000900
2021-05-06,126.48441314697266,126.49415685961574,123.93989837484678,124.68082962289287,78128300
2021-05-07,127.15826416015625,128.18364330353234,126.44536250089044,127.78326383187955,78973300
2021-05-10,123.87702178955078,126.50397133586344,123.83795837335852,126.37702827176201,88071200
2021-05-11,122.95903015136719,123.31058591748854,119.892615994426,120.60551014234991,126142800
2021-05-12,119.89263153076172,121.71880695136791,119.38482206893003,120.50787096501224,112172300
2021-05-13,122.04106903076172,123.19341357180042,121.34771025318693,121.66021008886267,105861300
2021-05-14,124.46292114257812,124.8926111424102,122.90042221216505,123.29104880741397,81918000
2021-05-17,123.31060791015625,123.95514307259624,122.2363900900074,123.84772054552292,74244600
2021-05-18,121.92387390136719,124.01371786549493,121.8555147978895,123.59379552967953,63342900
2021-05-19,121.76763916015625,121.9922444710152,119.98052713623112,120.27349900757707,92612000
2021-05-20,124.32623291015625,124.72662731567783,122.16802957831719,122.29498753645058,76857100
2021-05-21,122.49030303955078,125.00006976732445,122.27545797754463,124.82428812119076,79295400
2021-05-24,124.12114715576172,124.94146389287052,122.98833802904868,123.05669713625909,63092900
2021-05-25,123.92583465576172,125.31255964913692,123.35942638033971,124.82427074399982,72009500
2021-05-26,123.87702178955078,124.40436673226912,123.45709937871496,123.9844443214333,56575900
2021-05-27,122.34378814697266,124.64847698408089,122.14847856440403,123.4766045875031,94625600
2021-05-28,121.68950653076172,122.85161879427051,121.63091513952054,122.62700604353964,71311100
2021-06-01,121.36724090576172,122.41216295280358,121.0352130826755,122.14849423744593,67637100
2021-06-02,122.12895202636719,122.30473364370846,121.14262887683675,121.36723416808287,59278900
2021-06-03,120.64458465576172,121.92387970340114,120.2441902802076,121.75786579428137,76229200
2021-06-04,122.93950653076172,123.20318269390796,120.94731726161271,121.16216229807738,75169300
2021-06-07,122.94927978515625,123.35943444565716,121.90435770211774,123.21294850959707,71057600
2021-06-08,123.76956939697266,125.44926608565649,123.25199229581943,123.63285119857683,74403800
2021-06-09,124.15043640136719,124.75590806990476,123.55473244780471,124.22856322000109,56877900
2021-06-10,123.15434265136719,125.1855951846905,122.98832875360279,124.04301097808155,71186400
2021-06-11,124.36530303955078,124.45319758843415,123.1445992259498,123.56452163585193,53522400
2021-06-14,127.42191314697266,127.4805045322462,124.0918377902917,124.82425990854335,96906500
2021-06-15,126.60163879394531,127.53914591983998,126.35749802066934,126.89461070211054,62746300
2021-06-16,127.09962463378906,127.82228636885532,125.44924625023417,127.31446961175028,91815000
2021-06-17,128.70123291015625,129.4434303366887,126.61138865865254,126.75788205128507,96721700
2021-06-18,127.40239715576172,128.42777623689193,127.18755213466459,127.64653787053875,108953300
2021-06-21,129.1992645263672,129.3066870329964,126.18168897810015,127.24613887941126,79663300
2021-06-22,130.83987426757812,130.93753650393603,128.5351855604838,129.03324210427792,74783600
2021-06-23,130.5664825439453,131.17196179435507,130.10749669817656,130.63484911301182,60214200
2021-06-24,130.2832489013672,131.48441699311277,129.81448802069463,131.29886767382567,68711000
2021-06-25,129.9902801513672,130.7519979740222,129.69730831930764,130.33208310563106,70783700
2021-06-28,131.62115478515625,132.08014056924634,130.22467690249317,130.28326829600795,62111300
2021-06-29,133.1348114013672,133.29106502927266,131.20122118482706,131.6406714747908,64556100
2021-06-30,133.75006103515625,134.1895113589195,132.68559615169934,132.9785680012639,63261400
2021-07-01,134.05279541015625,134.11138680082388,132.5781758729055,133.39850004575504,52485800
2021-07-02,136.67970275878906,136.7187587047648,134.5214929398668,134.66797136372847,78852600
2021-07-06,138.69151306152344,139.795019370388,136.78721775747448,136.78721775747448,108181800
2021-07-07,141.18170166015625,141.4941940308165,139.31646299700128,140.17582819219206,104911600
2021-07-08,139.8828887939453,140.68366270138483,137.37311474377276,138.2617906456667,105575500
2021-07-09,141.70904541015625,142.2363828285555,139.30669407903906,139.4043563311566,99890800
2021-07-12,141.1133575439453,142.89070940744068,140.62507602995242,142.78328687831547,76299700
2021-07-13,142.22662353515625,144.00397520789517,140.2637374239949,140.65435663279786,100827100
2021-07-14,145.65435791015625,146.06452746184092,144.218809182764,144.62897873444868,127050800
2021-07-15,145.0000457763672,146.48442546002198,143.64262402981763,145.74224306877775,106820300
2021-07-16,142.95901489257812,146.25002646546287,142.4609732736023,144.98050686009336,93251400
2021-07-19,139.11135864257812,140.69340040632105,138.3496409012505,140.3808931785124,121434600
2021-07-20,142.7246856689453,143.6524324995489,139.60946201556987,140.09774354697396,96350000
2021-07-21,141.9922332763672,142.7051348899588,141.24029060622254,142.11919121599766,74993500
2021-07-22,143.3594512939453,144.7266335326549,142.39264856010647,142.51960651840406,77338200
2021-07-23,145.0781707763672,145.23442440451626,143.47660834075452,144.09184768836266,71447400
2021-07-26,145.49810791015625,146.31841714774572,144.2383334584889,144.7949814490319,72434100
2021-07-27,143.3301239013672,145.71293947720633,142.13871611344763,145.62503750180875,104818600
2021-07-28,141.5821075439453,143.52547338784896,139.19929130551824,141.41609361273288,118931200
2021-07-29,142.22662353515625,143.1152993715257,141.1914692207776,141.29889173837356,56699500
2021-07-30,142.44146728515625,142.90045304700064,140.73248218501953,140.99615834422465,70440600
2021-08-02,142.10946655273438,143.50594463384482,141.84579034327976,142.92977598084835,62880000
2021-08-03,143.90631103515625,144.57036666149511,141.77739614243097,142.3926355441965,64786600
2021-08-04,143.5059051513672,144.32621435379124,142.85160984220758,143.81841241009994,56368300
2021-08-05,143.61337280273438,144.37509085887814,142.7442322052795,143.53524596349257,46397700
2021-08-06,142.92872619628906,143.87741265764788,142.42993828378326,143.1341182329051,54126800
2021-08-09,142.8798065185547,143.47640294108896,142.3223394909196,142.9873899692901,48908700
2021-08-10,142.4005889892578,144.46422440880676,142.1071782098756,143.22212723273427,69023100
2021-08-11,142.65487670898438,143.4959796880464,142.33212632967644,142.84070404163072,48493500
2021-08-12,145.61827087402344,145.77475859452443,142.63528899224403,142.97760401540364,72282600
2021-08-13,145.8236846923828,146.15620995558572,145.01192130974562,145.69653653501413,59375000
2021-08-16,147.7992706298828,147.8677396068058,143.25145612128088,145.27596199320675,103296000
2021-08-17,146.8897247314453,148.3469738946529,145.81389018106398,146.92883920441727,92229700
2021-08-18,143.1438751220703,147.40806875624398,142.9384831112802,146.50828669516952,86326000
2021-08-19,143.47642517089844,144.74786207926644,141.32477074631083,141.8431233828503,86960300
2021-08-20,144.9336700439453,145.23685570513334,143.55464985258175,144.20015057068707,60549600
2021-08-23,146.4202880859375,146.88973641640624,144.6402734925246,145.05104264712142,60131800
2021-08-24,146.33226013183594,147.54501786684636,145.87258667150505,146.16599748585364,48606400
2021-08-25,145.09996032714844,147.01689814902136,144.55226807046895,146.51809526108525,58991300
2021-08-26,144.29795837402344,145.84324134015625,144.26861878609316,145.09017201862116,48597200
2021-08-27,145.3346710205078,145.48136895257556,143.60356080464544,144.23927174159581,55802400
2021-08-30,149.75534057617188,150.11722035437248,145.344448563989,145.7258781178275,90956700
2021-08-31,148.49368286132812,149.44236923362013,147.96554048732443,149.3054461965621,86453100
2021-09-01,149.15872192382812,151.57444704677317,148.9924593146708,149.47169736941174,80313700
2021-09-02,150.27369689941406,151.32019193818465,149.05116433458483,150.48886382470346,71115500
2021-09-03,150.90940856933594,151.2321589268622,149.72599059173956,150.38126619393228,57808700
2021-09-07,153.2469024658203,153.8043695479327,150.99743959102315,151.56469648456283,82278300
2021-09-08,151.70164489746094,153.58922830539066,150.59647051289338,153.53054912098804,74420200
2021-09-09,150.68447875976562,152.67964530991367,150.56710548729126,152.073273942186,57305700
2021-09-10,145.696533203125,152.0634770377577,145.4324620067416,151.59402874023678,140893200
2021-09-13,146.26380920410156,148.09271327265083,145.48138532354497,147.32007920432878,102404300
2021-09-14,144.86520385742188,147.7503924466826,143.6818007748944,147.04621254489265,109296300
2021-09-15,145.7552490234375,146.156243362569,143.15369564928645,145.29557549779818,83281300
2021-09-16,145.52047729492188,145.69652972947753,143.98498428450677,145.1781771600229,68034100
2021-09-17,142.85049438476562,145.54985605884855,142.55708356060515,145.54985605884855,129868800
2021-09-20,139.79905700683594,141.65730067907975,138.16575516526504,140.6401600731503,123478900
2021-09-21,140.27825927734375,141.42256280767091,139.642548359155,140.7672722677942,75834000
2021-09-22,142.64512634277344,143.2123684025319,140.5423610718935,141.27588071728283,76404300
2021-09-23,143.6035614013672,143.8480679048245,142.43970805715156,143.42750895866175,64838200
2021-09-24,143.69158935546875,144.22950668219346,142.3614732946102,142.45928187164873,53477900
2021-09-27,142.17562866210938,142.7526753188713,140.65970036682202,142.27343722725323,74150700
2021-09-28,138.79168701171875,141.56927754565646,138.5765200764918,140.10223840010562,108972300
2021-09-29,139.6914520263672,141.27584933291644,138.90902826040127,139.33936207785715,74602000
2021-09-30,138.3907012939453,141.20742140322028,138.17553434540375,140.50324137590155,89056700
2021-10-01,139.51539611816406,139.77946730384753,136.0531908135578,138.7818766539813,94639600
2021-10-04,136.08251953125,139.08506612814298,135.23164179626298,138.64494254598642,98322000
2021-10-05,138.00924682617188,139.11442096062234,136.2977013587978,136.42484951189164,80861100
2021-10-06,138.87969970703125,139.02639764577518,135.32946035449564,136.4052949835953,83221100
2021-10-07,140.141357421875,141.05092948182715,139.58389028870607,139.91641559084152,61732700
2021-10-08,139.75991821289062,141.01179037767685,139.42739293363346,140.86509243785557,58773200
2021-10-11,139.67189025878906,141.62794225299882,138.69386426168418,139.14376278668908,64452200
2021-10-12,138.4004669189453,140.1022376916366,137.94079346178435,140.08267299121655,73035900
2021-10-13,137.8136749267578,138.29289821199288,136.14124356444967,138.1364253624136,78762700
2021-10-14,140.6010284423828,140.7184017237602,138.40046969110713,138.98729132751163,69907100
2021-10-15,141.6572723388672,141.7159515069994,140.35649605913446,140.6107923523626,67940300
2021-10-18,143.32969665527344,143.61331759603044,140.01418949688554,140.29781043764254,85589200
2021-10-19,145.4911651611328,145.89215946553824,143.32973571996214,143.77961939322623,76378900
2021-10-20,145.9801788330078,146.45941702243417,144.86522961087866,145.43248657280327,58418800
2021-10-21,146.19534301757812,146.35183078139093,144.62072033751141,145.54006729554342,61421000
2021-10-22,145.42271423339844,146.8799636819581,145.37380993998815,146.40074040762428,58883400
2021-10-25,145.37379455566406,146.08774940871533,144.3762037849461,145.41290903215594,50720600
2021-10-26,146.0388641357422,147.52545305998103,145.73566350958762,146.04863902426567,60893400
2021-10-27,145.57919311523438,146.43984594803317,145.22710311706854,146.07798106118008,56094900
2021-10-28,149.21743774414062,149.804244404835,146.43005760449074,146.5278661763529,100077900
2021-10-29,146.50828552246094,146.64520855406127,143.19277825689716,143.98497686283406,124953200
2021-11-01,145.68673706054688,146.41046663790817,144.55222349385764,145.71607664214312,74588300
2021-11-02,146.7235107421875,148.23945450260746,145.3836045537339,145.3933943678412,69122000
2021-11-03,148.1611785888672,148.63062693615777,146.52787680010098,147.08534391435344,54511500
2021-11-04,147.642822265625,149.0805068605867,147.32984675958332,148.24919365421385,60394600
2021-11-05,148.17172241210938,149.07281782729038,146.97678796158638,148.76918963737086,65463900
2021-11-08,147.34896850585938,148.45575560494797,147.07472275577462,148.29903947767883,55020900
2021-11-09,147.71139526367188,148.3186517141658,146.97680506248372,147.11392796889447,56787900
2021-11-10,144.8807373046875,147.0453357776248,144.8121833419343,146.93759531163658,65187100
2021-11-11,144.831787109375,146.35973220816493,144.64568854947308,145.89940280376894,41000000
2021-11-12,146.90823364257812,147.3097982131486,144.449795829464,145.38027365145768,63804000
2021-11-15,146.9180145263672,148.7593917575851,146.3597188974358,147.28040751304476,59222800
2021-11-16,147.8974609375,148.3773984758072,146.27156473370576,146.85924274203003,59256200
2021-11-17,150.3363037109375,151.81527292494047,147.88767027666427,147.89745943010328,88807000
2021-11-18,154.62632751464844,155.40989334552083,149.90536916424182,150.55181209560718,137827700
2021-11-19,157.25123596191406,157.71158022509883,153.3138293695712,154.41081232255357,117305600
2021-11-22,157.71160888671875,162.29544415495414,157.69201563177705,158.35803684704905,117467900
2021-11-23,158.0935516357422,158.47553780293393,155.79183053518273,157.80950182574782,96041900
2021-11-24,158.6127166748047,158.80860440364947,156.35997042990053,157.44716451205608,69463600
2021-11-26,153.58807373046875,157.15328324096114,153.14732272261747,156.2913744764638,76959800
2021-11-29,156.9476318359375,157.87810965774673,155.5274123262941,156.09549714109664,88748200
2021-11-30,161.90365600585938,162.11913695746247,156.6341917361946,156.7027606504653,174048100
2021-12-01,161.38453674316406,166.800912709941,161.14946255292463,164.0388470193993,152052500
2021-12-02,160.39529418945312,160.82625610567675,154.55775990226203,155.47844855141722,136739200
2021-12-03,158.51473999023438,161.57064486360198,156.43830349501886,160.64995624545222,118023100
2021-12-06,161.92324829101562,164.43064668165096,160.9046083540242,160.91439750803002,107497000
2021-12-07,167.662841796875,168.05463216133037,164.881197462976,165.60599842826275,120405400
2021-12-08,171.4827117919922,172.3446356103418,167.19270089919112,168.59332710400926,116998900
2021-12-09,170.97337341308594,173.11837862863902,170.3465238704593,171.3161880617465,108923700
2021-12-10,175.76290893554688,175.93921831838114,171.1007161505561,171.61003610118843,115402700
2021-12-13,172.12916564941406,178.38787299583686,171.92347383588933,177.3986153833375,153237000
2021-12-14,170.7481231689453,174.08806304841983,168.67168661995763,171.64921855709608,139380400
2021-12-15,175.61602783203125,175.81191555668835,168.76964200749114,171.51211498851686,131063300
2021-12-16,168.72064208984375,177.41819331105674,167.24167279418768,175.5964093375668,150185800
2021-12-17,167.62367248535156,169.90580094866743,166.20346789014454,166.43852716670187,195432700
2021-12-20,166.26222229003906,167.07517044282818,164.01928047689202,164.82242453025603,107499100
2021-12-21,169.4356689453125,169.641345814115,165.64517367936028,168.03504264727704,91185900
2021-12-22,172.0312042236328,172.24668517933623,168.6129062856775,169.48461926274177,92135300
2021-12-23,172.6580352783203,173.21633086134378,171.6687927754853,172.23687751170715,68356600
2021-12-27,176.62481689453125,176.71296410542078,173.4318044894933,173.45138279506557,74919600
2021-12-28,175.606201171875,177.6042945644057,174.86182193569553,176.45833582983963,79144300
2021-12-29,175.69435119628906,176.91866791508298,174.4798236309474,175.6453755384828,62348900
2021-12-30,174.53858947753906,176.85990415292721,174.4308490078352,175.78249945588863,59773000
2021-12-31,173.9215545654297,175.5474359178977,173.61791144491113,174.43085959378186,64062300
2022-01-03,178.27035522460938,179.1224900713505,174.058716444052,174.17624610072934,104487900
2022-01-04,176.00778198242188,179.18121654083714,175.43969718796814,178.87758836256972,99310400
2022-01-05,171.32598876953125,176.46811917460536,171.0517430102158,175.91962765597447,94537600
2022-01-06,168.46597290039062,171.6981718811385,168.11336910348592,169.15158724290762,96904000
2022-01-07,168.63253784179688,170.56206278186582,167.51596124739,169.33774568513564,86709100
2022-01-10,168.652099609375,168.95572780142643,164.7146923768041,165.60599864366586,106765600
2022-01-11,171.4827117919922,171.58064816981238,167.31024547595837,168.77942565072325,76138300
2022-01-12,171.9234619140625,173.53955411934612,171.22805833783443,172.50133585944042,74805200
2022-01-13,168.652099609375,172.9910714162829,168.26030924441002,172.16833406776786,84505800
2022-01-14,169.51400756835938,170.20941111487983,167.57467907053888,167.81954242119846,80440800
2022-01-18,166.31118774414062,168.99488045377709,165.92920152184269,167.98604466295757,90956700
2022-01-19,162.8145751953125,167.56493135084568,162.53054021423367,166.50711962099675,94815000
2022-01-20,161.12989807128906,166.19367112950465,160.8066766064742,163.54914953452655,91420500
2022-01-21,159.07302856445312,162.9124840575923,158.96528809380473,161.0417244969125,122848900
2022-01-24,158.29928588867188,158.9653221075386,151.52146877699158,156.73216909742968,162294600
2022-01-25,156.49705505371094,159.41582185177984,153.79376918824497,155.71348938472497,115798400
2022-01-26,156.40890502929688,161.01233270214277,154.57733208034693,160.14061983418955,108275300
2022-01-27,155.9485626220703,160.47363228871149,155.02787408749768,159.11219273840805,121954600
2022-01-28,166.83030700683594,166.8499002604039,159.4550237648548,162.30523687541563,179935700
2022-01-31,171.1888885498047,171.40436952425716,166.0271642085972,166.66381797685227,115541600
2022-02-01,171.02235412597656,171.2476242171807,168.769608378118,170.43467612383174,86213900
2022-02-02,172.22708129882812,172.26626780396012,169.7686586589768,171.15948068570833,84914300
2022-02-03,169.34747314453125,172.61885859356588,168.58350075012603,170.89501118442868,89418100
2022-02-04,169.06312561035156,170.7401317063237,167.38611951437943,168.3668209831939,82465400
2022-02-07,168.34718322753906,170.5929825465771,167.65087874308003,169.52402175607514,77251200
2022-02-08,171.45602416992188,171.96599307785382,168.12163049721661,168.4158439042664,74829200
2022-02-09,172.87802124023438,173.2408759269309,171.5246486789991,172.65246413479986,71285000
2022-02-10,168.7982940673828,172.09345086021537,168.23930213729957,170.77931477893978,90865900
2022-02-11,165.38546752929688,169.73978371917386,164.79704076038374,169.00425774018962,98670700
2022-02-14,165.62083435058594,166.30732224292808,163.34560023389338,164.13996586391173,86185500
2022-02-15,169.4553680419922,169.61228383864895,166.96439336840055,167.670499489042,62527400
2022-02-16,169.22000122070312,169.994748612644,166.76824813134002,168.53351334854412,61177400
2022-02-17,165.62083435058594,168.5923579851135,165.2187432406735,167.72933608370406,69589300
2022-02-18,164.07131958007812,167.24878200376986,162.98274061084325,166.5426908818598,82772700
2022-02-22,161.14883422851562,163.47309136847835,159.0206993785114,161.79608567118115,91162800
2022-02-23,156.98086547851562,162.94351625967545,156.6670338772365,162.34528786351217,90009200
2022-02-24,159.599365234375,159.70724299641822,149.0666258865526,149.63543454420616,141147500
2022-02-25,161.66859436035156,161.93337290276583,157.76539291737205,160.6780765984275,91974200
2022-02-28,161.9333953857422,162.22760877136363,159.2953064697166,159.91315308309024,95056600
2022-03-01,160.05044555664062,163.3848388800103,158.84418717486,161.52149747345592,83474400
2022-03-02,163.34559631347656,164.13016029917193,159.8052642347465,161.21747641613547,79724800
2022-03-03,163.02198791503906,165.6502754224143,162.35511815252505,165.21876441640376,76678400
2022-03-04,160.02099609375,162.35506949161396,158.97165370211016,161.3155287237855,83737200
2022-03-07,156.2257080078125,161.8353202073776,155.9707161123603,160.2073525837716,96418800
2022-03-08,154.40159606933594,159.73661287922712,152.79324673379338,155.754968485403,131148300
2022-03-09,159.80528259277344,160.2564117997747,156.33360638496927,158.36365040568722,91454900
2022-03-10,155.4607696533203,157.29467624132576,152.96978004521466,157.10834060556428,105342000
2022-03-11,151.743896484375,156.20609005481433,151.51833939243923,155.8628386400447,96970100
2022-03-14,147.71319580078125,151.14564967186587,147.20324199995284,148.52717951449867,108732100
2022-03-15,152.09698486328125,152.5677323353664,147.4778893963599,147.9878433779772,92964300
2022-03-16,156.51014709472656,156.91223829679822,151.47915863007114,154.01917189606445,102300200
2022-03-17,157.52024841308594,157.89291972026123,154.58796090972857,155.54904405714797,75615400
2022-03-18,160.8153839111328,161.30573452736996,156.67682351294607,157.41234943730183,123511700
2022-03-21,162.18838500976562,163.13966646337798,159.8641127641069,160.3544634117704,95811400
2022-03-22,165.5619659423828,166.15037762044645,161.72742107177683,162.3158327498405,81532000
2022-03-23,166.92518615722656,169.30828329467843,164.41457808924804,164.74802792669965,98062700
2022-03-24,170.710693359375,170.77933467330854,166.92518550141648,167.75877268098228,90131400
2022-03-25,171.34814453125,171.89733490405604,169.4161616355689,170.52435897204094,80546200
2022-03-28,172.21115112304688,172.33863211398676,168.68062052174977,168.84733794398963,90371900
2022-03-29,175.50633239746094,175.55535549692144,172.936884505865,173.28013598798506,100589400
2022-03-30,174.3392791748047,176.14376602591867,173.289921571538,175.1042250130881,92633200
2022-03-31,171.24026489257812,174.59426174462104,171.03431102289065,174.40792609212167,103049300
2022-04-01,170.9459991455078,171.5050059318287,168.6217424249981,170.67140404622018,78751300
2022-04-04,174.996337890625,175.04537594723365,171.07353279095375,171.2010287452735,76468400
2022-04-05,171.6815643310547,174.85904187741096,171.05391610805626,174.0744778575844,73401800
2022-04-06,168.51388549804688,170.27915061431153,166.84669648547398,169.03365592612585,89058800
2022-04-07,168.81793212890625,170.01438898962488,166.57213259059588,167.85684898260146,77594700
2022-04-08,166.80747985839844,168.4648674430598,165.93465630346196,168.4648674430598,76575500
2022-04-11,162.55123901367188,165.76793805160875,162.306063690876,165.4541214198734,72246700
2022-04-12,164.4243927001953,166.59173431379904,163.42407312851623,164.77744578641645,79265200
2022-04-13,167.1114959716797,167.73914420674996,163.55156041909547,164.1595904381064,70618900
2022-04-14,162.10011291503906,167.96471752203973,161.85493758758528,167.32725269207126,75329400
2022-04-18,161.88436889648438,163.38484067093813,160.41331696354428,160.75655343597518,69023900
2022-04-19,164.16940307617188,164.5813108194766,160.74676487778993,161.83534399523174,67723800
2022-04-20,164.002685546875,165.62085178233113,162.89450317699752,165.50315744246095,67929800
2022-04-21,163.2083282470703,168.21971309344158,162.7081759108626,165.6502801659303,87227800
2022-04-22,158.66763305664062,164.63029786624585,158.38323630639394,163.24752061254705,84882400
2022-04-25,159.73663330078125,160.0210300948507,155.40193532965264,158.01058942731927,96046400
2022-04-26,153.77394104003906,159.20701874643933,153.69548315348126,159.1187592356787,95623200
2022-04-27,153.5484161376953,156.70626068843154,152.38137914765707,152.90114966122312,88063200
2022-04-28,160.48193359375,161.34495538360846,155.86282465033622,156.17665619730724,130216800
2022-04-29,154.60752868652344,162.9925264237418,154.21525421637187,158.71666885611762,131747600
2022-05-02,154.91160583496094,155.17638444909122,150.31211369335705,153.6857290366365,123055300
2022-05-03,156.40228271484375,157.60855642427322,153.30327711619745,155.0979478266785,88966500
2022-05-04,162.81605529785156,163.26716957480116,156.1865040661354,156.58859524312854,108256500
2022-05-05,153.7445526123047,160.91347698312873,151.9596689981739,160.68791986588977,130525300
2022-05-06,154.47134399414062,156.59277501720737,151.4266967858706,153.22401904266582,116124600
2022-05-09,149.34454345703125,153.047223819661,148.78473018495143,152.163286830581,131577900
2022-05-10,151.7507781982422,153.94096598283207,150.1989918029188,152.74275136095326,115366700
2022-05-11,143.88380432128906,152.6739723047499,143.20612393725827,150.75879838442233,142689800
2022-05-12,140.0142059326172,143.58920335731457,136.32135622581737,140.22046241259886,182602000
2022-05-13,144.48294067382812,145.45526685384394,140.55437184575726,142.00793811597927,113990900
2022-05-16,142.94097900390625,144.88563148350204,141.6052649207857,142.95081001781338,86643800
2022-05-17,146.5749053955078,147.0954395557584,144.06060880808,146.2016865687997,78336300
2022-05-18,138.30526733398438,144.72847052072004,137.4016833512006,144.2275834099531,109742900
2022-05-19,134.89724731445312,139.13027811714653,134.1606406090294,137.3820660685117,136095600
2022-05-20,135.13296508789062,138.18742845795921,130.24190028158935,136.60617864285032,137426100
2022-05-23,140.55438232421875,140.7016976717336,135.19187888015,135.32937819993117,117726300
2022-05-24,137.85348510742188,139.43473470985077,134.87759532556828,138.29544611720485,104132700
2022-05-25,138.01063537597656,139.25794526331134,135.86955744381711,135.95794665102005,92482700
2022-05-26,141.21241760253906,141.7624148884754,134.69099338044722,134.93652895354754,90601500
2022-05-27,146.9677734375,147.00705253559786,142.66598536012808,142.79366865497497,90978500
2022-05-31,146.1820526123047,147.9695587462053,144.21776806233134,146.40795612568894,103718400
2022-06-01,146.0543670654297,149.03025660842948,145.04274685421817,147.2231036462002,74286600
2022-06-02,148.5097198486328,148.5686459793301,144.2373955374819,145.1900746138875,72348100
2022-06-03,142.7838592529297,145.32760433584582,141.88029009172675,144.2767048307591,88570300
2022-06-06,143.53028869628906,145.91690250386964,142.3124267340464,144.4043948265017,71598400
2022-06-07,146.0543670654297,146.33918169758047,141.52669111278408,141.77222665254513,67808200
2022-06-08,145.31776428222656,147.19364446593215,144.82669318974126,145.92668764129223,53950200
2022-06-09,140.09278869628906,145.3079623441927,139.98475243487303,144.45350326791345,69473000
2022-06-10,134.68116760253906,138.2463336751748,134.61241045362357,137.7749096051149,91437900
2022-06-13,129.52491760253906,132.78562190034356,129.09277263849617,130.49722878533498,122207100
2022-06-14,130.3892059326172,131.49903152365633,129.1320649915738,130.75260877313121,84784300
2022-06-15,133.01150512695312,134.88740024350506,129.79991106375064,131.8918636674431,91533000
2022-06-16,127.7374038696289,130.0257968459268,126.7356146942801,129.72133518143346,108123900
2022-06-17,129.21063232421875,130.70349274398822,127.49188338256819,127.74724995941777,134520300
2022-06-21,133.4436798095703,134.61243163462674,130.93922874022462,131.03743398602646,81000500
2022-06-22,132.93296813964844,135.29991972582334,131.5186808102628,132.38295585554104,73409200
2022-06-23,135.8008270263672,136.11510478571114,133.20797181999205,134.37672361512418,72433800
2022-06-24,139.13027954101562,139.375815112003,137.27403122380292,137.40169953003104,89116800
2022-06-27,139.13027954101562,140.92760171899965,138.45259896728206,140.15170092235036,70207900
2022-06-28,134.98565673828125,140.85886421961922,134.86780444338007,139.59190709051958,67083400
2022-06-29,136.74366760253906,138.15795490582852,134.22938572393656,135.0052865296894,66242400
2022-06-30,134.27850341796875,135.89903230248103,131.38118647998766,134.79903766505709,98964500
2022-07-01,136.44903564453125,136.5570719073547,133.23744080535928,133.61064472450096,71051600
2022-07-05,139.03204345703125,139.08115356288656,134.4847204054961,135.3097312194843,73353800
2022-07-06,140.3677520751953,141.54631963942614,138.56061414428805,138.82579671678738,74064300
2022-07-07,143.7365264892578,143.93295194501385,140.72134254203155,140.73115856961377,66253700
2022-07-08,144.41416931152344,144.9150713790322,142.41060600038625,142.66595755400886,64547800
2022-07-11,142.282958984375,144.02135515880028,141.21242740803473,143.0686758701149,63141600
2022-07-12,143.25526428222656,145.79900902596674,142.4597314847581,143.1570440660671,77588800
2022-07-13,142.89187622070312,143.83472435454556,139.58204676627264,140.43652068379964,71185600
2022-07-14,145.8186798095703,146.2901039540339,140.69189540633064,141.50707537702388,78140700
2022-07-15,147.48828125,148.1659617146879,145.55346006304742,147.1052464203459,76259900
2022-07-18,144.4436798095703,148.86332029894717,144.08027695642463,148.04814036588357,81420900
2022-07-19,148.303466796875,148.52935529848105,144.28650894193657,145.27846713272842,82982400
2022-07-20,150.3070831298828,150.97494782953254,147.68476442665363,148.42137130912155,64823400
2022-07-21,152.57582092285156,152.7918934399678,149.22671189385298,151.74099392614767,65086600
2022-07-22,151.3382568359375,153.4891502088084,150.6704074708932,152.61504443026655,66675400
2022-07-25,150.2186737060547,152.27134767920083,149.5606401112027,151.25974222884446,53623900
2022-07-26,148.89276123046875,150.3561434947877,148.1070444852617,149.54096368293668,55138700
2022-07-27,153.9900665283203,154.5204317003286,149.4427584043403,149.8552563235132,78620700
2022-07-28,154.5400848388672,154.82489948966665,151.65258430440582,154.17668202554245,81378700
2022-07-29,159.60791015625,160.7079195187844,156.6516677769687,158.36060045687617,101786900
2022-08-01,158.62576293945312,160.6686202770066,158.01683964165412,158.13469189637678,67829400
2022-08-02,157.1525421142578,159.50969199737088,156.77933833047933,157.24094628726945,59907000
2022-08-03,163.16329956054688,163.61507661089456,157.87936937014717,157.96775857743674,82507500
2022-08-04,162.84901428222656,164.20437546779837,161.49365309665475,163.0454397472784,55474100
2022-08-05,162.622802734375,163.1145559751719,160.31155649978248,160.51809946404907,56697000
2022-08-08,162.15072631835938,165.04223808745311,161.49177870542815,163.62598619996888,60276900
2022-08-09,162.1999053955078,163.0850703328182,160.55745118727944,161.31475546531706,63135500
2022-08-10,166.44862365722656,166.54696529007254,164.14720734331007,164.91434111224348,70170500
2022-08-11,165.71102905273438,168.16979550252623,165.41597407733548,167.25512657950156,57149200
2022-08-12,169.26145935058594,169.33029699566112,166.60598003496278,167.01906593388134,68039400
2022-08-15,170.33351135253906,170.53020967215141,168.5238628007137,168.69105712274018,54091700
2022-08-16,170.1761016845703,170.84489380290904,168.8287027941199,169.93022509830618,56377100
2022-08-17,171.67103576660156,173.24463691658173,169.72369740271,169.92039567056804,79542000
2022-08-18,171.2776641845703,172.01529411647135,170.26465361199578,170.88426755707084,62290100
2022-08-19,168.6910400390625,170.8744256820194,168.48449706975865,170.1761294599256,70346300
2022-08-22,164.80618286132812,167.05840602639253,164.38326728455968,166.89121173091766,69026800
2022-08-23,164.47181701660156,165.92741770035994,163.90138134439152,164.32429701823727,54147100
2022-08-24,164.766845703125,165.33728128422243,163.5079585610888,164.5603177384026,53841500
2022-08-25,167.22561645507812,167.3338027751895,165.57333266477946,165.99623327523008,51218200
2022-08-26,160.92132568359375,168.2287866440609,160.8623176958489,167.75670773498427,78961000
2022-08-29,158.71826171875,160.2131805859094,157.18399419307175,158.49204445005722,73314000
2022-08-30,156.28903198242188,159.8788249449609,155.11865676791015,159.45592432505862,77906200
2022-08-31,154.62689208984375,157.93147450788678,154.54820976951913,157.665923552681,87991100
2022-09-01,155.3546905517578,155.8070951296429,152.11894582091065,154.05645479166745,74229900
2022-09-02,153.2401580810547,157.71511602884905,152.41401615420267,157.11517641377614,76957800
2022-09-06,151.9812774658203,154.4990520231096,151.1551355030448,153.88928271826865,73714800
2022-09-07,153.38768005371094,154.08596126340717,151.07643378022465,152.26648324611122,87449600
2022-09-08,151.91246032714844,153.7811171630645,150.1618044927005,152.08948434003383,84923800
2022-09-09,154.7744140625,155.21700399593914,152.19763181879884,152.9057577037595,68028800
2022-09-12,160.73443603515625,161.55074810883656,156.6725650029193,156.9577752421011,104956000
2022-09-13,151.3026580810547,157.89214957569482,150.84040875911936,157.2627059256093,122656600
2022-09-14,152.74838256835938,154.50886749732993,151.07642462426648,152.23695501832623,87965400
2022-09-15,149.85687255859375,152.67954626691656,148.88321078041434,152.09926605765543,90481100
2022-09-16,148.2144317626953,148.85372001445614,145.92285973622464,148.71602969989698,162278800
2022-09-19,151.9320526123047,152.01073491901784,146.64079879810572,146.84732672200167,81474200
2022-09-20,154.31216430664062,155.4727097837978,150.5551772691551,150.86989154639073,107689800
2022-09-21,151.1846160888672,156.121822780707,151.06660011449515,154.74490471552286,101696800
2022-09-22,150.2207794189453,151.9222413623521,148.42096082844884,149.8667164993867,86652500
2022-09-23,147.94888305664062,148.97173827223702,146.10973061112034,148.69635763891162,96029900
2022-09-26,148.2832489013672,151.2337677983502,147.17188198122673,147.1915563091989,93339400
2022-09-27,149.25694274902344,152.16812862553914,147.47679836474876,150.22078993520137,84442700
2022-09-28,147.36859130859375,148.15539940831013,142.45105944426174,145.20488028971093,146691400
2022-09-29,140.1300048828125,144.30007793360352,138.35969014393336,143.69030869298015,128138200
2022-09-30,135.9205780029297,140.7397682439674,135.72387972938284,138.9497794383235,124925300
2022-10-03,140.10049438476562,140.71027860420344,135.41900896557823,135.93043653465315,114311700
2022-10-04,143.69029235839844,143.80830832520158,141.88062916042142,142.6379332973476,87830100
2022-10-05,143.98536682128906,144.94921413848994,140.65127989511333,141.69380954476654,79471000
2022-10-06,143.03135681152344,145.1065563258667,142.82482883069895,143.40509411965112,68402200
2022-10-07,137.77944946289062,140.73981422288003,137.15000577763516,140.18903786705042,85925600
2022-10-10,138.1039581298828,139.54971364677584,136.2844804095271,138.1039581298828,74899000
2022-10-11,136.687744140625,139.01866500579177,135.9402845213117,137.5925684188842,77033700
2022-10-12,136.0582733154297,138.04496046792565,135.88124936484056,136.8352517842159,70433700
2022-10-13,140.63157653808594,141.2216713360496,132.15374170783133,132.76352584164425,113224000
2022-10-14,136.09759521484375,142.13632279155848,135.91072663233257,141.9297798827004,88598000
2022-10-17,140.06117248535156,140.54308109407378,137.9564690521345,138.74327729972723,85250900
2022-10-18,141.37904357910156,144.28038442851894,138.29083411442357,143.09035010046446,99136600
2022-10-19,141.4872283935547,142.5592467457927,139.1661527370201,139.35302135031444,61758300
2022-10-20,141.02500915527344,143.48377562705596,140.29720887706276,140.6611165197279,64522000
2022-10-21,144.84100341796875,145.41143897685419,140.29719327846567,140.51356590449524,86548600
2022-10-24,146.9850311279297,147.75216493318766,143.5919369881937,144.76231202642796,75981900
2022-10-25,149.82737731933594,149.97491229930705,146.89653213741997,147.6144876838341,74732300
2022-10-26,146.88670349121094,149.48316008121265,145.598297355203,148.4701495749658,88194300
2022-10-27,142.41171264648438,146.59161434532078,141.75276523834512,145.62778239087538,109180200
2022-10-28,153.17129516601562,154.90226106166642,145.3819261249116,145.75564835945892,164762400
2022-10-31,150.81085205078125,151.69601672276417,149.41427490924212,150.63382812065376,97943200
2022-11-01,148.1652374267578,152.8860712842191,146.6703184608035,152.52217870801033,80379300
2022-11-02,142.63792419433594,149.66015890619101,142.60842020451807,146.4932672707352,93604600
2022-11-03,136.58938598632812,140.44472962212055,136.4615253404881,139.7169294177421,97918500
2022-11-04,136.32337951660156,140.5496142487395,132.3828281448323,139.97823249599168,140814800
2022-11-07,136.85536193847656,137.08193945756335,133.6536636073325,135.07226465763827,83374600
2022-11-08,137.42672729492188,139.32803609159419,135.44660566800263,138.32320632796907,89908500
2022-11-09,132.8655548095703,136.49087039963513,132.58971737719733,136.44161049413725,74917800
2022-11-10,144.6872100830078,144.6872100830078,137.42674799216064,139.14089348616804,118854000
2022-11-11,147.4751434326172,147.78053378231226,142.22435652176193,143.65281852957958,93979700
2022-11-14,146.07623291015625,148.04650852538037,145.238859760882,146.75598040253018,73374100
2022-11-15,147.81008911132812,151.3073317859871,146.35208917690562,149.9576976256643,89868300
2022-11-16,146.5786895751953,147.64264051462695,145.10098244243153,146.9136479496193,64218300
2022-11-17,148.47999572753906,149.22869517163417,143.9779079987764,144.25374542723313,80389400
2022-11-18,149.04150390625,150.43055193083845,147.74112971557977,150.04634875723008,74829600
2022-11-21,145.81027221679688,148.1351985339266,145.52458880647748,147.928327968664,58724100
2022-11-22,147.9480438232422,148.18448239663533,144.746344756286,145.92852259123615,51804100
2022-11-23,148.82481384277344,149.5735133563615,147.1205141770319,147.22887996484198,58301400
2022-11-25,145.9087677001953,146.66732805436232,144.93347581626634,146.10579226397604,35195900
2022-11-28,142.0765838623047,144.46061568789466,141.24907166473017,142.98290889279264,69246000
2022-11-29,139.07192993164062,142.65783165746328,138.2641245866872,142.14555568748492,83763800
2022-11-30,145.82998657226562,146.50973424229787,138.46115805437884,139.29851639049443,111380900
2022-12-01,146.10581970214844,146.91364010696918,144.4310880474874,146.00731491776455,71250400
2022-12-02,145.61325073242188,145.80042936443078,143.48534896644694,143.79075438457457,65447400
2022-12-05,144.4507598876953,148.67699441991306,143.60354078156183,145.57381637424345,68826400
2022-12-06,140.78607177734375,145.11082689130228,139.81077976944414,144.8842493657544,64727200
2022-12-07,138.8453369140625,141.23921477643742,137.91930489039092,140.07675927915528,69721100
2022-12-08,140.52992248535156,141.38700272319693,139.00297068921475,140.24423909407787,62128300
2022-12-09,140.04722595214844,143.40655024212361,138.80594241386282,140.22454358218158,76097000
2022-12-12,142.3425750732422,142.352421040337,138.96354439037955,140.5791698825673,70462700
2022-12-13,143.3080291748047,147.7411502710795,142.0963136174533,147.27813419846305,93886200
2022-12-14,141.0816192626953,144.48034234830936,139.06208336103646,143.1898139764628,82291200
2022-12-15,134.47134399414062,139.69257867211073,134.00832790749715,139.01283101163355,98931900
2022-12-16,132.5109100341797,135.60424282446493,131.74250357896327,134.6585187405124,160156900
2022-12-19,130.4027099609375,133.1906522558453,129.36832710470327,133.10199344508453,79592600
2022-12-20,130.333740234375,131.2696181831246,127.95955441414964,129.43726118544186,77432800
2022-12-21,133.43695068359375,134.7767390812449,130.77708085896677,131.00365840968308,85928000
2022-12-22,130.2647705078125,132.56014344596582,128.36346171921937,132.35327292045574,77852100
2022-12-23,129.90032958984375,130.45200460193325,127.71332148333421,128.97429723440067,63814900
2022-12-27,128.0974884033203,129.45698360544398,126.80696007412172,129.42743066905106,69007800
2022-12-28,124.16678619384766,129.08262238361158,123.99931454878694,127.74283419111387,85438400
2022-12-29,127.68372344970703,128.54078860997595,125.83166690884427,126.08779735057679,75703700
2022-12-30,127.99897766113281,128.0186846307949,125.53614008985218,126.50157867111179,77034200
2023-01-03,123.21121215820312,128.95456111650307,122.3245864348614,128.34378035287284,112117500
2023-01-04,124.48204040527344,126.7478608503369,123.22106494631889,125.00416235162118,89113600
2023-01-05,123.16194915771484,125.87107865122056,122.9058186898535,125.24059093401247,80962700
2023-01-06,127.69357299804688,128.3536136037993,123.03387482286254,124.13723200436364,87754700
2023-01-09,128.2156982421875,131.4272575812406,127.95956778658704,128.530949601707,70790800
2023-01-10,128.78707885742188,129.30920076375085,126.21586822934367,128.32406282244906,63896200
2023-01-11,131.50607299804688,131.52576493439358,128.52110615216108,129.29935853420528,69458900
2023-01-12,131.42727661132812,132.26463497127472,129.4865533653131,131.89029271765745,71379600
2023-01-13,132.75718688964844,132.914812571895,129.70326821418658,130.0677644513709,57809700
2023-01-17,133.91966247558594,135.24958975985854,132.1365650960417,132.82615869144374,63646600
2023-01-18,133.2004852294922,136.54994765313825,133.0231526132705,134.78655764920913,69672800
2023-01-19,133.25962829589844,134.22505937639417,131.78192122019502,132.0873116107182,58280400
2023-01-20,135.8209686279297,135.9687483442848,132.22522101014553,133.26946486486585,80223600
2023-01-23,139.01283264160156,141.18999437445396,135.85053284595898,136.06726442233395,81760300
2023-01-24,140.41172790527344,141.03236969957698,138.21487421828232,138.22472018745663,66435100
2023-01-25,139.75164794921875,140.31316867471608,136.7469746734582,138.79606308722262,65799300
2023-01-26,141.82046508789062,142.10614847767724,139.79106829556534,141.0421976938989,54105100
2023-01-27,143.76113891601562,145.0418209464069,140.95350545955137,141.0323182802533,70555800
2023-01-30,140.87469482421875,143.3867990320314,140.72693017811574,142.80557138134785,64015300
2023-01-31,142.1455535888672,142.19481349464007,140.16543164570373,140.57918779657314,65874500
2023-02-01,143.2686309814453,144.4311017910948,139.21972769926688,141.83033773006647,77663600
2023-02-02,148.5784912109375,148.93312639059383,145.9678670041684,146.68701339404373,118339000
2023-02-03,152.20382690429688,155.0410292646019,145.632957993241,145.8299825944814,154357300
2023-02-06,149.47499084472656,150.82464018350336,148.5391127115985,150.3025182240104,69858300
2023-02-07,152.35159301757812,152.92297488891165,148.40119485902974,148.40119485902974,83322600
2023-02-08,149.66217041015625,152.28264122485135,148.92331687434466,151.59304759782992,64120100
2023-02-09,148.62774658203125,152.036330247997,148.1844375441137,151.49450140964842,56007100
2023-02-10,148.99281311035156,149.3184067990407,147.22673043469464,147.46352995054943,57450700
2023-02-13,151.79489135742188,152.19940317198714,148.90402220916044,148.9336202674222,62199000
2023-02-14,151.15357971191406,151.7159729836762,148.84484061249728,150.08800434565288,61707600
2023-02-15,153.255126953125,153.4228543120151,150.83785669682248,151.06478017591323,65573800
2023-02-16,151.65676879882812,154.24176636818623,151.3015770289575,151.4594283283723,68167900
2023-02-17,150.51226806640625,150.9562540378776,148.83497936586727,150.31494264074843,59144100
2023-02-21,146.49661254882812,149.27895045459564,146.42755543146694,148.19363813923312,58867200
2023-02-22,146.92086791992188,147.94696900428042,145.19424437189434,146.88139380804506,51011300
2023-02-23,147.40431213378906,148.33175804369702,145.27317680704334,148.0850975380816,48394200
2023-02-24,144.75027465820312,145.22385866894857,143.77349352201168,145.1449254913303,55469600
2023-02-27,145.944091796875,147.17739437262094,145.48036882399748,145.736905394929,44998500
2023-02-28,145.44091796875,147.08860849628215,144.86866373473268,145.08572620470352,50547000
2023-03-01,143.3689422607422,145.26329303666353,143.0729466587316,144.8686422706239,55479000
2023-03-02,143.96096801757812,144.7502847940671,141.97780754659183,142.4514066454644,52238100
2023-03-03,149.01255798339844,149.0914911594904,145.36198515518814,146.0624926286878,70732300
2023-03-06,151.77517700195312,154.2121845297758,151.41012419214647,151.7357028817241,87558000
2023-03-07,149.57493591308594,151.9724687898397,149.11121296034582,151.64687511738626,56182000
2023-03-08,150.82797241210938,151.41996369175047,149.80187125635692,150.768776295138,47204800
2023-03-09,148.57843017578125,152.47566345847628,148.2232384177023,151.50875841619168,53833600
2023-03-10,146.51634216308594,148.92375113671451,145.63823135434072,148.20350666672326,68572400
2023-03-13,148.46005249023438,151.09438534791173,145.72704939093524,145.83558063473313,84457100
2023-03-14,150.5517578125,151.35093573501655,148.09502791068516,149.2592586978159,73695900
2023-03-15,150.94635009765625,151.20287157254486,147.91735223031125,149.17039166199476,77167900
2023-03-16,153.76820373535156,154.37005612199135,149.61443315625291,150.1274913518228,76161100
2023-03-17,152.92953491210938,154.64629769155513,152.21915135199143,153.99511025228628,98944600
2023-03-20,155.2974395751953,155.71184244967856,152.0908531826233,152.99857704057916,73641400
2023-03-21,157.15234375,157.2707359778321,154.44893912645242,155.21853377224946,73938300
2023-03-22,155.72174072265625,159.97416620924432,155.7020036632039,157.17210596561782,75701800
2023-03-23,156.80702209472656,159.39203464017027,155.57371946683134,156.70836691747317,67622100
2023-03-24,158.10939025878906,158.1981844310787,155.74145533462084,156.73795839634036,59196500
2023-03-27,156.16567993164062,158.62242370136795,155.76115313633116,157.80350911145885,52390300
2023-03-28,155.54412841796875,156.37291926303735,153.89643783944095,155.85986113132142,45992200
2023-03-29,158.6224365234375,158.89869507550165,157.22140670798015,157.24112870815475,51305700
2023-03-30,160.1912078857422,160.2997391161816,159.11577163727372,159.37229315696538,49501700
2023-03-31,162.697265625,162.79593585053084,159.74721557415742,160.270134648553,68749800
2023-04-03,163.95033264160156,164.06872488806627,162.0263833617239,162.07571848273926,56976200
2023-04-04,163.41754150390625,164.61137005549932,162.90448337873613,164.37458557847017,46278300
2023-04-05,161.572509765625,162.84528654392068,159.63869962188485,162.53942989245922,51511700
2023-04-06,162.46047973632812,162.75647535534287,159.83600833200663,160.26025717712315,45390100
2023-04-10,159.86561584472656,159.86561584472656,157.94166678976978,159.26376357061562,47716900
2023-04-11,158.6520538330078,160.19121311129285,158.36591919116847,160.1813521100088,47644200
2023-04-12,157.96142578125,159.8952361057982,157.64569304379242,159.0664602524204,50133100
2023-04-13,163.34848022460938,163.58527977239888,159.26378211877287,159.47098360495934,68445600
2023-04-14,163.003173828125,164.09834733508953,161.6317416937249,162.39144539168964,49386500
2023-04-17,163.02288818359375,163.18075455042484,161.83892054229136,162.8847588763579,41516200
2023-04-18,164.24627685546875,165.17372264212034,163.43722327819037,163.88122417326096,49923000
2023-04-19,165.3908233642578,165.91374248336922,163.32872989204589,163.58526647837797,47720200
2023-04-20,164.42388916015625,165.62759364761484,163.34845295487423,163.8713720291843,52456400
2023-04-21,162.81570434570312,164.22659550246317,162.2927851703339,162.84530240808513,58337300
2023-04-24,163.12155151367188,163.387949114539,161.70078438233358,162.79595779149312,41949600
2023-04-25,161.5823974609375,164.08846202710322,161.54292334211996,162.98342757965568,48714100
2023-04-26,161.572509765625,163.07221001839787,160.625341751742,160.8818632857178,45498800
2023-04-27,166.16038513183594,166.30837541189834,162.98339664348885,162.98339664348885,64902300
2023-04-28,167.4134521484375,167.58119458170708,165.6375081170057,166.23936050031372,55275900
2023-05-01,167.32461547851562,168.17312821243692,166.38730857655852,167.01875886308395,52472900
2023-05-02,166.28866577148438,168.07450075678005,165.3020235951721,167.81796415576136,48425700
2023-05-03,165.2132110595703,168.6368602354505,164.92709148440827,167.23583030731814,65136000
2023-05-04,163.5753631591797,164.80866560341155,162.11513728059836,162.68739142131733,81235400
2023-05-05,171.25146484375,171.9717093122383,168.478988085668,168.69605053726107,113453200
2023-05-08,171.18240356445312,171.5277343198539,169.8109716539451,170.1760244116815,55962800
2023-05-09,169.4755096435547,171.22185523763014,169.30778230115573,170.73841026688106,45326900
2023-05-10,171.24159240722656,171.70531537679722,169.60376298512443,170.70881232248743,53724500
2023-05-11,171.42909240722656,172.25786829114014,169.87019583226564,171.5277626550589,49514700
2023-05-12,170.50035095214844,171.97247152405595,168.94917294661113,171.5377460938216,45533100
2023-05-15,170.00631713867188,171.1326441539854,169.4135070987024,171.08324080469038,37266700
2023-05-16,170.00631713867188,171.06347644981523,169.73955111310707,169.92727479495693,42110300
2023-05-17,170.61888122558594,170.85599318757124,168.37610177183038,169.6506388706453,57951600
2023-05-18,172.95059204101562,173.13831574371522,170.51021405749552,170.92517510124802,65496700
2023-05-19,173.0592803955078,174.27452457823847,172.84191768629904,174.27452457823847,55809500
2023-05-22,172.1107940673828,172.61468722054929,171.3697889134683,171.89343134950482,43570900
2023-05-23,169.50245666503906,171.30063640969706,169.22581594675142,171.0536346915268,50747300
2023-05-24,169.77908325195312,170.35212899950594,168.4749221279745,169.03807815911904,45143500
2023-05-25,170.91531372070312,171.814388514026,169.63090177565675,170.3422679275043,56058300
2023-05-26,173.32601928710938,173.66195304430255,171.03385143516303,171.24133948884744,54835000
2023-05-30,175.17361450195312,176.84334846181008,174.45237373510062,174.8376957969301,55964400
2023-05-31,175.1242218017578,177.19904230758075,174.64009299685546,175.20326416230037,99625300
2023-06-01,177.93014526367188,177.95978426232014,174.8080400825605,175.56880955803746,68901800
2023-06-02,178.77984619140625,179.59989373048958,177.11011211219468,178.85888855278898,61996900
2023-06-05,177.42623901367188,182.73182998955744,175.90470030452616,180.43966236224,121946500
2023-06-06,177.06069946289062,177.95977416384898,175.30203354675976,177.81157917901706,64848400
2023-06-07,175.6873779296875,179.03672040758232,175.19337452542106,176.29993732672585,61944600
2023-06-08,178.4044189453125,178.6711699623807,175.33171678380066,175.76642717021195,50214900
2023-06-09,178.7897186279297,180.04447641965535,178.46367457216073,179.3232356709596,48900000
2023-06-12,181.58578491210938,181.68459163427195,178.79961324143656,179.09601833213515,54274900
2023-06-13,181.11154174804688,181.94146392274692,180.25198057252106,180.60766365821948,54929100
2023-06-14,181.74383544921875,182.1785608236948,179.83698969165084,181.17078973520816,57462900
2023-06-15,183.77914428710938,184.28303741690132,181.57589328622848,181.7537423543279,65433200
2023-06-16,182.7021942138672,184.74737528632218,182.05999589951927,184.49048389995454,101256200
2023-06-20,182.7911376953125,183.86807659469073,182.19834264439277,182.19834264439277,49799100
2023-06-21,181.7537384033203,183.1863452547994,180.40015882951445,182.6824521359612,49515700
2023-06-22,184.75726318359375,184.8066665365007,181.46719888037438,181.53636658960147,51245300
2023-06-23,184.4411163330078,185.31056720794078,182.79114665956078,183.32467881492002,53117000
2023-06-26,183.0480194091797,185.79467703737228,183.0084906957425,184.5893075659166,48088700
2023-06-27,185.80455017089844,186.13059421306954,183.44321460104132,183.66057729582204,50730800
2023-06-28,186.9802703857422,187.62246871870772,185.35006534003824,185.67609428855022,51216800
2023-06-29,187.3162078857422,187.79046201011187,186.67400948819943,186.81232983886036,46347300
2023-06-30,191.6436767578125,192.14755478947328,188.9661717445866,189.33174450555188,85213200
2023-07-03,190.15179443359375,191.55476227365418,189.46017761633829,191.4559555638213,31458200
2023-07-05,189.0353546142578,190.66555990536892,188.33386310926684,189.27248168829453,46920300
2023-07-06,189.50958251953125,189.7170705815605,186.9308841600135,187.56320791106293,45094300
2023-07-07,188.39312744140625,190.35926638037827,187.95841711755844,189.11438325252212,46815000
2023-07-10,186.34799194335938,187.71144636227646,184.7968137913114,186.9901904322695,59922200
2023-07-11,185.82432556152344,187.0296950947768,184.3620796809065,186.8913747422291,46638100
2023-07-12,187.49404907226562,189.4008949030878,186.2096372553674,187.4051170053163,60750200
2023-07-13,188.2548065185547,188.89701997543003,187.5039267878899,188.21529288043007,41342300
2023-07-14,188.40301513671875,188.88712881002033,187.35573036289856,187.948525384943,41616200
2023-07-17,191.6634521484375,191.9894962144421,189.5095893997432,189.598506397075,50520200
2023-07-18,191.4065399169922,191.9993499863452,190.11225351055063,191.03110761046918,48288200
2023-07-19,192.76014709472656,195.8525983579603,190.3395181934612,190.78413334726974,80507300
2023-07-20,190.8137664794922,194.11370571807572,190.1913173439326,192.7502514500073,59581200
2023-07-21,189.6380615234375,192.63172145683075,188.9365699366199,191.77216021133864,71951700
2023-07-24,190.4383087158203,192.57240699977407,189.94430532096735,191.09039681521514,45377800
2023-07-25,191.29786682128906,192.1080396126164,190.6062650944163,191.01135149007996,37283200
2023-07-26,192.16732788085938,193.29365506077994,191.00148706119938,191.34728040522955,47471900
2023-07-27,190.9026641845703,194.83492680246852,190.24070147552166,193.66908608151945,47460200
2023-07-28,193.4813690185547,194.2717774555962,191.81163515269853,192.33527753863382,48291400
2023-07-31,194.09393310546875,194.13346181996275,192.91820259976402,193.70861105598286,38824100
2023-08-01,193.2640380859375,194.37060103419574,192.93799398672795,193.8864872822275,35175100
2023-08-02,190.2703399658203,192.8391484466102,189.5490992662055,192.70082810591987,50389300
2023-08-03,188.87725830078125,190.06286344658966,188.40301925761534,189.27247006657564,61235200
2023-08-04,179.807373046875,185.13272939460776,179.7382053306166,183.2950360404776,115956800
2023-08-07,176.70501708984375,180.9336848652445,175.2230069327887,179.94567809387448,97576100
2023-08-08,177.64361572265625,178.10798009875546,175.45023954323045,177.5349343777014,67823000
2023-08-09,176.0529327392578,178.76006170176663,174.88707688488682,178.70078370635215,60378500
2023-08-10,175.8355712890625,178.58222898523437,175.47001359754938,177.3274561288203,54686900
2023-08-11,175.89492797851562,176.71608281179377,174.6681548123879,175.4299516016464,52036700
2023-08-14,177.54713439941406,177.77467859210861,175.42004228880285,176.07301094207762,43675600
2023-08-15,175.55856323242188,177.56692432110017,175.1628328578025,176.9733287591711,43622600
2023-08-16,174.68795776367188,176.63694575843348,174.61869664349865,175.24198634047178,46964900
2023-08-17,172.14535522460938,175.61793712814787,171.6308936142582,175.25188574378228,66062900
2023-08-18,172.630126953125,173.23362560342792,170.12709527960956,170.46346761685473,61172200
2023-08-21,173.96571350097656,174.2526308376999,171.88810651020768,173.2039318191006,46311900
2023-08-22,175.34091186523438,175.78611232307705,174.3713618531986,175.17272569654475,42038900
2023-08-23,179.18942260742188,179.61484705303545,176.42916808280543,176.6171452729967,52722800
2023-08-24,174.49996948242188,179.16966018527063,174.13390304899033,178.74423570753817,54945800
2023-08-25,176.70619201660156,177.2404295003986,173.9459373407173,175.4893068451812,51449600
2023-08-28,178.2693634033203,178.66509377862053,176.6468447107556,178.17042326142217,43820700
2023-08-29,182.157470703125,182.92915552039761,177.58671984756458,177.78458503986462,53003900
2023-08-30,185.6498260498047,185.84770631972717,182.77085531463172,182.9687204884091,60813900
2023-08-31,185.8675079345703,187.10418431162185,185.4816655087761,185.83782890921285,60794500
2023-09-01,187.44053649902344,187.8956248663274,186.27310636870047,187.47021551879786,45766500
2023-09-05,187.67799377441406,187.9550080601447,185.6102746073009,186.27313129788112,45280000
2023-09-06,180.9603729248047,186.8370611072444,179.53571941437733,186.3918455631262,81755800
2023-09-07,175.66741943359375,176.31050026534143,171.69026361941778,173.31278256858107,112488800
2023-09-08,176.28076171875,178.31881673909905,175.89491935539235,176.44896296342043,65551300
2023-09-11,177.4481964111328,178.37817933531872,175.44972343125323,178.15063513987275,58953100
2023-09-12,174.4208221435547,178.2100000030001,172.95660168355545,177.57682236385347,90370200
2023-09-13,172.35308837890625,175.41014819975618,172.12552909799857,174.6285604188278,84267900
2023-09-14,173.86680603027344,174.2229694212733,171.72982568427443,172.14534712441645,60895800
2023-09-15,173.1445770263672,174.61870067060727,171.96727382158934,174.5989096220804,109259500
2023-09-18,176.07302856445312,177.46800307348116,174.2922116482627,174.59890495957814,67257600
2023-09-19,177.1613006591797,177.71532920549458,175.24197669791334,175.62781908525017,51826900
2023-09-20,173.61944580078125,177.78456267568592,173.5303936437239,177.34925024969752,58436200
2023-09-21,172.07606506347656,174.42081339229338,172.00681904661934,172.6894667209782,63149100
2023-09-22,172.9269256591797,175.19252525078977,172.19482290064929,172.80820955696336,56725400
2023-09-25,174.2031707763672,175.08368369125543,172.29373473406022,172.3432048049037,46172700
2023-09-26,170.12709045410156,173.3325457352886,169.83028512536117,172.95660640862047,64588900
2023-09-27,168.6133575439453,171.19553782333026,167.24807740616436,170.78001646868876,66921800
2023-09-28,168.87062072753906,170.19633406818943,165.83333655703308,167.53500431517824,56294400
2023-09-29,169.38507080078125,171.22524557281096,168.52433390834895,170.18643455541363,51861100
2023-10-02,171.8979949951172,172.4421355524603,169.10804618991,169.39496352748424,52164500
2023-10-03,170.5623779296875,171.77927819729268,168.99923247491208,170.42387079713225,49594600
2023-10-04,171.8089599609375,172.3531005247124,169.14763028223018,169.26634637027362,53020300
2023-10-05,173.04563903808594,173.57987653919332,170.83939772477277,171.93756684563112,48527900
2023-10-06,175.59814453125,176.092815045354,171.33407201891083,171.94747372177912,57266700
2023-10-09,177.0821533203125,177.1415113656987,173.92615307401468,174.9253820623563,42390800
2023-10-10,176.48854064941406,177.80436599291428,176.05322819338144,176.20163840129018,43698000
2023-10-11,177.88351440429688,177.9329844734106,175.70696722860302,176.300562769531,47551100
2023-10-12,178.78384399414062,180.39645978644091,177.13163100626258,178.1506662685904,56743100
2023-10-13,176.9436492919922,179.9908063804386,176.24121051823693,179.48624788964275,51427100
2023-10-16,176.81500244140625,177.1711657603602,174.6285524646888,174.86599970937266,52517000
2023-10-17,175.26174926757812,176.51821654411026,172.93680701299223,174.7670787756051,57549400
2023-10-18,173.96571350097656,175.68717223288098,173.2434988158149,173.70849028197048,54764400
2023-10-19,173.5897979736328,175.94441955236843,173.32267164674883,174.16360253338752,59302900
2023-10-20,171.03729248046875,173.55021220691836,170.79984518424126,173.44138408316581,64244000
2023-10-23,171.15597534179688,172.15520421409377,168.11869153900426,169.08825648819888,55980100
2023-10-24,171.59130859375,171.81885280099095,169.62251453312876,171.20546620053886,43816600
2023-10-25,169.2762451171875,171.21534495437086,168.83102960610762,170.04792986204652,57157000
2023-10-26,165.11111450195312,169.55326090861308,163.90411730631092,168.55401686361284,70625300
2023-10-27,166.42694091796875,167.1590586780216,165.05175755916278,165.13090664912622,58499100
2023-10-30,168.47486877441406,169.34549366723184,167.0700063949142,167.21841659954197,51131000
2023-10-31,168.94976806640625,169.07837213199355,166.1103491096919,167.54490564738762,44846000
2023-11-01,172.1156463623047,172.37286957481675,168.30667766450742,169.1773025316942,56934900
2023-11-02,175.6772918701172,175.88504503012373,173.58978171760563,173.64913976332178,77334800
2023-11-03,174.76708984375,174.93529110628108,171.5022764668811,172.38278939451087,79829200
2023-11-06,177.319580078125,177.51744525540883,174.3317811800047,174.49996733550321,63841300
2023-11-07,179.88197326660156,180.4953598060514,177.06234560698942,177.27009874628624,70530000
2023-11-08,180.94056701660156,181.4945955371222,179.65442075331012,180.40632954214095,49340300
2023-11-09,180.4656982421875,182.1574629246798,179.87208759448916,181.00983881988668,53763500
2023-11-10,184.65611267089844,184.8245355233408,181.81296804065445,182.2488540012565,66133400
2023-11-13,183.0711212158203,184.2896098154562,182.48664454208014,184.08158291885422,43627500
2023-11-14,185.6864013671875,186.35013134634684,184.55706727911962,185.94396348691,60108400
2023-11-15,186.2510528564453,187.72711849110286,186.02320887124122,186.09256123667055,53790500
2023-11-16,187.93515014648438,189.1734556093977,186.88505441646575,187.79646053927942,54412900
2023-11-17,187.9153289794922,188.59887599886426,186.805812145748,188.47008739636428,50922700
2023-11-20,189.65887451171875,190.1145776039652,188.10357060538217,188.11347160798348,46505100
2023-11-21,188.8564453125,189.72821721009598,187.96487141071046,189.6192457228965,38134500
2023-11-22,189.5201873779297,191.12502655036587,189.0446822742513,189.69851123933077,39617700
2023-11-24,188.1927490234375,189.1140412122163,187.47948372810842,189.08432308458063,24048300
2023-11-27,188.01438903808594,188.88616092409407,187.13271615011263,188.14317764380084,40552600
2023-11-28,188.61868286132812,189.29232889633607,187.62803848681267,188.0044881862593,38415400
2023-11-29,187.59832763671875,190.29288164913223,187.2020759179661,189.11401237919708,43014200
2023-11-30,188.1728973388672,188.53944603911236,186.42936866830843,188.06392585220516,48794400
2023-12-01,189.45083618164062,189.76783452208102,187.45963130874318,188.54934617033052,45704800
2023-12-04,187.6577606201172,188.27197042434886,185.69628894913777,188.2026180609542,43389500
2023-12-05,191.61044311523438,192.58127042048946,188.40074973234698,188.43048297188668,66628400
2023-12-06,190.52072143554688,192.93788086057762,190.3126794788677,192.63078354226806,41089700
2023-12-07,192.45248413085938,193.17565028147504,191.77883810543793,191.8184723448333,47477700
2023-12-08,193.8790283203125,194.15640755182167,191.8581052152776,192.38314555463674,53406400
2023-12-11,191.3726806640625,191.6797931299085,189.62915193698308,191.30334341541183,60943700
2023-12-12,192.8883819580078,192.8982829604503,189.92634969600132,191.27362671385956,52696900
2023-12-13,196.10797119140625,196.1475903161728,193.02706651664724,193.26481149731427,70404200
2023-12-14,196.25657653808594,197.75244424587422,194.32482284497263,196.16742216364264,66831600
2023-12-15,195.72161865234375,196.54384019084355,195.15694409646994,195.6819844119138,128538400
2023-12-18,194.05734252929688,194.7904248709577,192.57137584033416,194.2554683979516,55751900
2023-12-19,195.09750366210938,195.10740466398735,194.05732405565033,194.32480226669028,40714100
2023-12-20,193.00726318359375,195.8305908429342,193.00726318359375,195.05788936850126,52242800
2023-12-21,192.858642578125,195.23619818360498,191.6896894536902,194.26537091395173,46482500
2023-12-22,191.78875732421875,193.58182122700063,191.164646529934,193.35396213687642,37149600
2023-12-26,191.24391174316406,192.0760494430794,191.02596875756228,191.7986702097743,28919300
2023-12-27,191.3429718017578,191.6897034098951,189.3022466284661,190.68915794498034,48087700
2023-12-28,191.76893615722656,192.83883387512188,191.3627683436117,192.32369457775746,34049900
2023-12-29,190.72877502441406,192.58127531145587,189.9362564400636,192.08595308574118,42672100
2024-01-02,183.9032440185547,186.67705163638013,182.16961614691823,185.3991117688797,82488700
2024-01-03,182.52622985839844,184.1409850600839,181.7138941984477,182.49651173581816,58414500
2024-01-04,180.20811462402344,181.37706768373354,179.18775216816366,180.4458595901839,71983600
2024-01-05,179.48495483398438,181.05017488447822,178.48440937769652,180.28738953880892,62379700
2024-01-08,183.82395935058594,183.86359358874157,179.80194579166277,180.38642231817897,59144500
2024-01-09,183.4078826904297,183.4177836915281,181.02042633091338,182.19929545100783,42841800
2024-01-10,184.44808959960938,184.6561164657865,182.1993225017619,182.6253074687535,46792900
2024-01-11,183.85369873046875,185.3000462697353,181.90212796654464,184.79480792904317,49128400
2024-01-12,184.1806182861328,184.99295400827782,183.45745205458948,184.31930790747037,40477800
2024-01-16,181.91204833984375,182.53614407524432,179.2372961857114,180.4557997638508,65603000
2024-01-17,180.97091674804688,181.2185778549055,178.613193289656,179.57411959355028,47317400
2024-01-18,186.865234375,187.37045751332874,184.09142738261565,184.34898945226777,78005800
2024-01-19,189.76783752441406,190.15418823308323,187.0534815615711,187.5587047602819,68903000
2024-01-22,192.07606506347656,193.50259558850516,190.4613096613906,190.5009439071057,60133900
2024-01-23,193.3539581298828,193.91863266844476,192.01659731903075,193.19546652112328,42355600
2024-01-24,192.68031311035156,194.54272920016803,192.52180639716883,193.5917040371039,53631300
2024-01-25,192.3534393310547,194.43379881211092,191.30335858737243,193.3936190715828,54822100
2024-01-26,190.61981201171875,192.9379165033589,190.14430688636483,192.45251037482265,44594000
2024-01-29,189.93626403808594,190.40186815816608,187.80638442872507,190.21364328629937,47145600
2024-01-30,186.28077697753906,190.0056098088079,185.71611749758625,189.1536549714469,55859400
2024-01-31,182.6748046875,185.3495564168855,182.6252845648342,185.29010506082795,55467800
2024-02-01,185.11180114746094,185.20095550981347,182.10024901841177,182.26865674153308,64885400
2024-02-02,184.11126708984375,185.5774165638072,177.57300802816712,178.1773017145222,102551700
2024-02-05,185.9241485595703,187.47946764726828,184.1013663460926,186.38975267397447,69668800
2024-02-06,187.5289764404297,187.53887744205016,185.02264747144727,185.11180183413052,43490800
2024-02-07,187.63795471191406,189.26261088240534,186.84543618864265,188.85644306077413,53439000
2024-02-08,186.55816650390625,187.7667388029894,185.5972401965417,187.61814818475136,40962000
2024-02-09,187.3219451904297,188.45272038917548,186.47881682618166,187.12355136214254,45155200
2024-02-12,185.6356658935547,187.14337102036012,185.27857823550397,186.89539390047275,41781900
2024-02-13,183.54273986816406,184.70328611762721,182.02512109310902,184.26684396147397,56529500
2024-02-14,182.6599578857422,184.02879656144881,180.9638026996327,183.82050423664703,54630500
2024-02-15,182.37228393554688,182.99719108766072,179.8825992332856,182.06479474492625,65434500
2024-02-16,180.83485412597656,183.35431044132238,180.20003322850718,181.93587327545112,49752500
2024-02-20,180.0908966064453,180.95385211869663,178.543521838827,180.31903131312703,53665600
2024-02-21,180.84475708007812,181.41013702999714,179.19818540957374,180.46782702325083,41371400
2024-02-22,182.878173828125,183.463411373256,180.98364000764028,181.99537582737872,52292200
2024-02-23,181.04315185546875,183.54275049121756,180.75548990166286,183.51299444569602,45119700
2024-02-26,179.69415283203125,181.28119739799624,179.18826979539264,180.7654158601022,40867400
2024-02-27,181.15225219726562,182.43180748858953,178.1070858709482,179.6346334198553,54318900
2024-02-28,179.95204162597656,181.6382830805114,178.67248629654023,181.03321827875988,48953900
2024-02-29,179.2874755859375,181.09275646398507,178.07734590919267,179.80327228471162,136682600
2024-03-01,178.206298828125,179.06925444803085,175.94474848019505,178.09718827908785,73563100
2024-03-04,173.6831817626953,175.46860492728393,172.38376893378626,174.7246735635979,81510100
2024-03-05,168.74346923828125,170.6479317427376,168.24751498810025,169.37829007310003,95132400
2024-03-06,167.75157165527344,169.85442810491517,167.31512946505867,169.67587669286206,68587700
2024-03-07,167.63253784179688,169.34853532264208,167.12666995146384,167.78131806385875,71765100
2024-03-08,169.34852600097656,172.29449531822434,167.57301652903823,167.6325286145872,76267000
2024-03-11,171.3521728515625,172.96898835621417,170.65784001178963,171.540637865641,60139500
2024-03-12,171.8282928466797,172.62182261661565,169.62625492438514,171.74893835615396,59825400
2024-03-13,169.74530029296875,171.78862930722158,169.3782838692582,171.3720295685671,52488700
2024-03-14,171.60015869140625,172.89955631533712,170.65784870831544,171.5108905650266,72913500
2024-03-15,171.22325134277344,171.22325134277344,168.91210257419098,169.7849869531436,121752700
2024-03-18,172.31434631347656,176.27206668827822,172.11596763998543,174.1493830977455,75604200
2024-03-19,174.65524291992188,175.18095319129145,171.62991909909198,172.92931675607417,55215200
2024-03-20,177.22430419921875,177.22430419921875,173.67326966604173,174.29817691484007,53423100
2024-03-21,169.9833526611328,176.05384289670778,169.45764237357878,175.61740074055217,106181300
2024-03-22,170.88600158691406,171.64977539848843,168.68396342338923,170.37020490965267,71160100
2024-03-25,169.4675750732422,170.54875171721093,168.078894077347,169.1898419011277,54288300
2024-03-26,168.3367919921875,170.0329469889122,168.20783904863555,168.62443878704727,57388400
2024-03-27,171.90765380859375,172.19531573949365,168.7335497446837,169.03112531152695,60273300
2024-03-28,170.0924530029297,170.83638432396197,169.13030061690222,170.36027251639132,65672700
2024-04-01,168.6542205810547,169.86435030206175,168.1086678157934,169.80483820681948,46240500
2024-04-02,167.4738311767578,167.96978543762384,166.86876637308836,167.71189467068976,49329500
2024-04-03,168.2772674560547,169.29893197888933,167.21593325359058,167.4242255584593,47691700
2024-04-04,167.45399475097656,170.5289019190824,167.45399475097656,168.9120862737285,53704400
2024-04-05,168.2078399658203,169.01128340394683,167.58293278713433,168.217753601793,42104800
2024-04-08,167.08697509765625,167.83090643391947,166.87868279928273,167.66228381393842,37425500
2024-04-09,168.297119140625,168.70380527202582,166.98780774616682,167.3349666518587,42373800
2024-04-10,166.42239379882812,167.7217914097351,165.7578169724605,167.4341446269544,49709300
2024-04-11,173.6236572265625,174.040272115757,166.7993370367697,166.97787330186227,91070300
2024-04-12,175.1214599609375,176.9168120397123,172.80039755418966,172.8499808741194,101670900
2024-04-15,171.2926788330078,175.20080068867838,171.10421379905583,173.94107267383276,73531800
2024-04-16,168.00946044921875,172.354009228837,166.9084414489389,170.36027866522625,73711200
2024-04-17,166.64064025878906,169.2691919230274,166.64064025878906,168.23761366668208,50901200
2024-04-18,165.68838500976562,167.27544462394533,165.20235954360626,166.67037984876308,43122900
2024-04-19,163.6649169921875,165.05358296102196,162.75236290762146,164.86513304300607,68149400
2024-04-22,164.49810791015625,165.9066162144586,163.43677364744048,164.18070504913473,48116400
2024-04-23,165.54953002929688,165.69832539217154,163.58555534900174,164.01208389352126,49537800
2024-04-24,167.6523895263672,167.93012271313196,164.86512888648411,165.19244539313124,48251800
2024-04-25,168.51535034179688,169.22952573993217,166.7894239404159,168.15826264272923,50558300
2024-04-26,167.9300994873047,169.95358601606148,167.81106018420974,168.50540819041237,44838400
2024-04-29,172.0961151123047,174.60564226594082,171.69935778865286,171.96716217122307,68169400
2024-04-30,168.9517822265625,173.57407962239418,168.6244505944639,171.92750782528833,65934800
2024-05-01,167.9300994873047,171.31251085120192,167.74163446478235,168.20783263565716,50383100
2024-05-02,171.6299285888672,172.0167723030629,169.50724497899176,171.11413192483198,94214900
2024-05-03,181.8961639404297,185.48686744008484,181.1819886945406,185.13969345224513,163224100
2024-05-06,180.2397003173828,182.70954279745968,178.9601298757301,180.87452115240256,78569700
2024-05-07,180.92410278320312,183.40387401178498,179.8528549315395,181.965609726272,77305800
2024-05-08,181.26136779785156,181.58869942461462,179.9817973354757,181.3704783401059,45057100
2024-05-09,183.07655334472656,183.16582147443802,180.6364518520254,181.08280763590477,48983000
2024-05-10,181.81512451171875,183.84135574437508,180.9013327671207,183.6526350835399,50759500
2024-05-13,185.02334594726562,185.837821467034,183.37454074079744,184.1890162605658,72044800
2024-05-14,186.1655731201172,187.029714327999,185.0332642686859,186.24503525163803,52393600
2024-05-15,188.44012451171875,189.36384333151435,186.1059718662387,186.6423374407049,70400000
2024-05-16,188.55929565429688,189.81080512810087,188.38051724709635,189.18505039119887,52845200
2024-05-17,188.589111328125,189.52277241007562,187.90376371878457,188.23153932133224,41282900
2024-05-20,189.75120544433594,190.62527366658756,187.73490137733788,188.052749878466,44361300
2024-05-21,191.05239868164062,191.42982486744873,189.63203768676544,189.80088903544183,42309400
2024-05-22,189.61215209960938,191.5192128106237,188.9864124860383,190.9729201671483,34648500
2024-05-23,185.61929321289062,189.7114944206788,185.370979738518,189.69162509909052,51005900
2024-05-24,188.6983642578125,189.2943226367172,186.771449342652,187.54620129756856,36327000
2024-05-28,188.70831298828125,191.69800175645932,187.82431762786635,190.21804799663707,52280100
2024-05-29,189.0062713623047,190.95305560689752,188.2315345598267,188.33086600869876,53068000
2024-05-30,189.99949645996094,190.8834916600127,189.3439605265538,189.47307320351715,49889100
2024-05-31,190.95306396484375,191.2709124904654,188.62885345568,190.1485307236603,75158300
2024-06-03,192.72103881835938,193.67456916074488,191.22123099586668,191.5986571441052,50080500
2024-06-04,193.0388946533203,194.0023521144802,191.72779227719917,193.32693160548868,47471400
2024-06-05,194.54864501953125,195.571695368637,193.55539107625557,194.0818144537235,54156800
2024-06-06,193.1680145263672,195.17439165110096,192.86010824182844,194.36985841579607,41181800
2024-06-07,195.56175231933594,195.6114180436154,192.83030419832767,193.33685821193552,53103900
2024-06-10,191.8171844482422,195.96899354752293,190.8537269722117,195.57168290202756,97010200
2024-06-11,205.75253295898438,205.762475197422,192.32375155853347,192.34360572370616,172373300
2024-06-12,211.6326141357422,218.7145040828182,205.50422428227435,205.97105482418652,198134300
2024-06-13,212.7947235107422,215.2877853731434,210.17253378994005,213.29135046662026,97862700
2024-06-14,211.0565185546875,213.71843162956222,209.874544034183,212.40734441299963,70122700
2024-06-17,215.2083282470703,217.4729460060793,211.28497823555003,211.93058723086708,93728300
2024-06-18,212.8443603515625,217.15509356895643,211.56306955662498,216.12210108008887,79943300
2024-06-20,208.2654571533203,212.79470737847507,207.44106980621038,212.48678595825902,86172500
2024-06-21,206.09024047851562,210.4605512222798,205.71279917720716,208.97067049292605,241805100
2024-06-24,206.73587036132812,211.2651058128792,205.19632375372012,206.3187055335118,80727000
2024-06-25,207.65960693359375,209.95402109263304,207.20270345608853,207.73905391104032,55549700
2024-06-26,211.81138610839844,213.41052543273105,209.21899292189278,210.07319184959564,66213200
2024-06-27,212.65565490722656,214.28459061162127,210.91746067332394,213.2416710401095,49772700
2024-06-28,209.1991424560547,214.61238861747256,208.88130907255572,214.31440940079366,82542700
2024-07-01,215.28778076171875,216.0426482623776,210.4903626519942,210.65921399467373,60402900
2024-07-02,218.78402709960938,218.89328562800327,213.6489065767971,214.6918109818244,58046200
2024-07-03,220.05540466308594,220.05540466308594,217.55240059045883,218.5158580863075,37369800
2024-07-05,224.81309509277344,224.9223536333555,220.15473164881905,220.15473164881905,60412400
2024-07-08,226.28311157226562,226.31290797690275,221.7439339584199,225.55802531049062,59085900
2024-07-09,227.13729858398438,227.85244261706796,224.84288445944628,226.39235814584333,48076100
2024-07-10,231.4082794189453,231.50761086701095,227.70344677503346,227.75311249906628,62627700
2024-07-11,226.0347900390625,230.82226580227746,224.2469300453064,229.82901193417422,64710600
2024-07-12,228.98472595214844,231.07056500877812,227.13727326525793,227.37565963499713,53046500
2024-07-15,232.81871032714844,235.62962070976812,231.5175501306247,234.88468027763452,62631300
2024-07-16,233.2358856201172,234.67610072880163,230.76267797901863,233.41466404542834,43234300
2024-07-17,227.33596801757812,229.89856501704188,225.11107372236052,227.90211488577285,57345900
2024-07-18,222.6676483154297,228.88542732552744,220.7705449165008,228.7265030667722,66034600
2024-07-19,222.79676818847656,225.2699757257536,221.7737179376491,223.30333735062962,49151500
2024-07-22,222.44912719726562,226.2433488233659,221.58498608730483,225.4785391555133,48201800
2024-07-23,223.49205017089844,225.40903804109774,221.17776681088287,222.8563682936816,39960300
2024-07-24,217.06568908691406,223.28346786979841,215.66521268088363,222.48886176091068,61777600
2024-07-25,216.02279663085938,219.36013034825794,213.17214762576046,217.45306951901438,51391200
2024-07-26,216.4896240234375,218.0093012590926,214.55276681781487,217.22462220056258,41601300
2024-07-29,216.76773071289062,217.82057739339885,214.2945231128628,215.49636696784094,36311800
2024-07-30,217.32395935058594,218.84363662609175,214.6620309808042,217.71132777069818,41643800
2024-07-31,220.58181762695312,222.31008478832948,219.14160257039833,219.94613576688096,50036300
2024-08-01,216.88693237304688,222.96564167600837,215.55597572208578,222.8563831356547,62501000
2024-08-02,218.37680053710938,224.0780833133434,216.24131073912352,217.6715836076827,105568600
2024-08-05,207.85824584960938,212.0597055615941,194.6777624827749,197.74691336614487,119548600
2024-08-06,205.83200073242188,208.5733911865651,199.7135682482994,203.91502798694503,69660500
2024-08-07,208.40452575683594,212.1987475040528,204.9976572409954,205.50421123787663,63516400
2024-08-08,211.87098693847656,212.7549823030523,207.42121371107248,211.67233918968967,47161100
2024-08-09,214.78123474121094,215.31758519349225,210.5400362270979,210.66916408754707,42201600
2024-08-12,216.31259155273438,218.28150622882862,214.39340008618356,214.8607709437837,38028100
2024-08-13,220.03167724609375,220.64820259017597,217.7843155173404,217.7843155173404,44155300
2024-08-14,220.47915649414062,221.7818227179272,218.4704570730026,219.33559848009435,41960600
2024-08-15,223.4623565673828,224.0888356302054,221.51331902381992,223.34303300242357,46414000
2024-08-16,224.78492736816406,225.56056092969672,222.39834972442236,222.66684293368954,44340200
2024-08-19,224.6258087158203,224.7252551363764,221.79175263729985,224.45676193958974,40687800
2024-08-20,225.2423553466797,225.89866536829538,224.18828995199718,224.50650638916653,30299000
2024-08-21,225.13294982910156,226.70410920432383,223.7905141872767,225.25228856886343,34765500
2024-08-22,223.2734375,227.06211276120644,222.6469583809866,226.51518775043243,43695300
2024-08-23,225.57049560546875,226.9427773475752,223.07454817990703,224.39710671028325,38677300
2024-08-26,225.90859985351562,226.00804628168004,222.6370187250734,225.49095216733542,30602200
2024-08-27,226.75384521484375,227.5692634267734,223.63141860700006,224.73520717839608,35934600
2024-08-28,225.2224578857422,228.57359288043327,224.41697829182954,226.6444476309267,38052200
2024-08-29,228.5039825439453,231.61647047641185,227.59908685526068,228.81226038667728,51906300
2024-08-30,227.7184295654297,229.1105885676507,226.20693181059323,228.9017723040151,52990800
2024-09-03,221.52328491210938,227.71841483123856,219.9322331496077,227.27093626472063,50190600
2024-09-04,219.61404418945312,220.5388322671096,216.26289369284987,220.4195086889333,43840200
2024-09-05,221.13548278808594,224.2181249188319,220.28029506440387,220.38968006999326,36615400
2024-09-06,219.58421325683594,223.97947540850993,218.5400864277892,222.69668624975694,48423000
2024-09-09,219.6737060546875,220.03169196273555,215.49721390972365,219.58421337102425,67180000
2024-09-10,218.878173828125,220.2405018848782,215.517084853391,217.69483113354613,51591000
2024-09-11,221.41390991210938,221.84149617822106,216.6706004766808,220.22062862304543,44587100
2024-09-12,221.52328491210938,222.29891847364556,218.5897974500539,221.25479170284098,37455600
2024-09-13,221.25477600097656,222.78615069565666,220.66808158488044,222.32873358844014,36766600
2024-09-16,215.10939025878906,216.00434741371936,212.72281255665072,215.32814508742544,59357400
2024-09-17,215.57672119140625,215.68610617984226,213.29954392555678,214.54254826078727,45519300
2024-09-18,219.4549102783203,221.46360959170417,216.32253015734062,216.3324839032867,59894900
2024-09-19,227.58914184570312,228.53383738270648,223.37288038958053,223.7308662842885,66781300
2024-09-20,226.92288208007812,231.78551472560144,226.34612621296694,228.68298057338347,318679900
2024-09-23,225.20257568359375,228.16589404695566,224.54626569168985,226.06770192621624,54146000
2024-09-24,226.09751892089844,228.06644877557946,224.46669778796843,227.37035418692216,43556100
2024-09-25,225.10313415527344,226.0179836305296,222.76629484001745,223.67119056847437,42308700
2024-09-26,226.2467041015625,227.22121534991766,224.14851196557498,226.02793410267134,36636700
2024-09-27,226.5151824951172,228.23551159576573,226.0279344568732,227.1814462394898,34026000
2024-09-30,231.696044921875,231.696044921875,228.36478670449856,228.75260351180964,54541900
2024-10-01,224.94403076171875,228.36476618305377,222.4878528116685,228.2355040411627,63285000
2024-10-02,225.51084899902344,226.09754348610434,221.77189689552054,224.62583039487592,32880600
2024-10-03,224.40704345703125,225.5406628776434,222.0702042586661,223.88001079844628,34044200
2024-10-04,225.53073120117188,226.72401244250622,222.87567550784985,226.6245660168141,37245100
2024-10-07,220.4493408203125,224.42695529805295,220.09135491038006,223.24361256318196,39505400
2024-10-08,224.50650024414062,224.71531649859696,222.00059897690352,223.0447257693685,31855700
2024-10-09,228.25538635253906,228.46421777631028,223.57175408478048,223.96950943919006,33591100
2024-10-10,227.75819396972656,228.21562630222516,225.89866409237993,226.50525089558744,28183500
2024-10-11,226.2765350341797,228.12612627842185,226.0677036085129,228.0167412789572,31759200
2024-10-14,230.00555419921875,230.43314046117197,227.32066753158787,227.4200987868959,39882100
2024-10-15,232.54129028320312,236.1609188169062,231.06956201546166,232.3026279543652,64751400
2024-10-16,230.48284912109375,230.8209426799016,228.55370384388218,230.30386376880503,34082200
2024-10-17,230.8507843017578,232.5412825211578,229.22991678936268,232.12361966628396,32993800
2024-10-18,233.68484497070312,234.8582339303053,232.70037994861724,234.8582339303053,46431500
2024-10-21,235.15655517578125,235.52449481958178,233.13791711516282,233.13791711516282,36254500
2024-10-22,234.54000854492188,234.8979944094582,231.29825861907142,232.58103244918055,38846600
2024-10-23,229.46856689453125,233.82405947286142,226.4853561254601,232.76999409553275,52287000
2024-10-24,229.27963256835938,229.52823345451665,227.131717270346,228.69292294524882,31109500
2024-10-25,230.11492919921875,231.91479719738325,228.28523030841902,228.45427709115,38802300
2024-10-28,232.09378051757812,233.41633904858514,231.24854661133642,232.01424158684446,36087100
2024-10-29,232.36228942871094,233.01859945208068,231.01985366097637,231.7954872619061,35417200
2024-10-30,228.812255859375,232.1633908639167,228.26533088908346,231.30820323038637,47070900
2024-10-31,224.6457061767578,228.5437662121666,224.10871977089283,228.05650301771783,64370100
2024-11-01,221.66249084472656,224.08883784550613,219.03726617591775,219.7333456007168,65276700
2024-11-04,220.76751708984375,221.54315061130296,218.4804011628397,219.75323643771605,44944500
2024-11-05,222.199462890625,222.69666464924057,219.90239319356397,220.558703156551,28111300
2024-11-06,221.47357177734375,224.80482991830564,219.95213547791562,221.36418677402693,54561100
2024-11-07,226.20692443847656,226.6046949785728,223.31322152292373,223.37288331058951,42137700
2024-11-08,225.93812561035156,227.63046836972322,225.39059893200246,226.1471715847569,38328800
2024-11-11,223.22042846679688,224.68381119249955,220.50272420052974,223.98696589218596,42005600
2024-11-12,223.22042846679688,224.5743058460154,222.354350392842,223.53899499841924,40398300
2024-11-13,224.10641479492188,225.62952490733255,221.75703985190805,223.00141185159572,48566200
2024-11-14,227.1924591064453,227.83952645793332,223.98695568104733,224.00686988588794,44923900
2024-11-15,223.98695373535156,225.89830725108274,223.26024476090137,225.38064426033654,47923700
2024-11-18,226.99337768554688,228.70563485331775,224.15620331601912,224.2358449505769,44633700
2024-11-19,227.25218200683594,229.12372228231885,225.63948081886542,225.9580321395358,36211800
2024-11-20,227.96896362304688,228.89476915350485,224.87296529986398,227.03319339435467,35169600
2024-11-21,227.4911346435547,229.12375023514656,224.6937885863231,227.8495144168353,42108300
2024-11-22,228.83502197265625,229.68120098473537,227.0331737980822,227.0331737980822,38168300
2024-11-25,231.82151794433594,232.19981188776785,228.70562083004268,230.41787789282506,90152800
2024-11-26,234.00167846679688,234.50939199708804,232.2794717613211,232.2794717613211,45986200
2024-11-27,233.8722381591797,234.6288260383393,232.75728573526553,233.41431778082386,33498400
2024-11-29,236.26144409179688,236.73927868022366,232.91657159263394,233.75278591990275,28481400
2024-12-02,238.5112762451172,239.70587037671794,236.0922242678823,236.2017296160342,48137100
2024-12-03,241.5574951171875,241.66700046466846,237.82437898500294,238.73028547870095,38861000
2024-12-04,241.91587829589844,243.01093178619982,240.16380790150487,241.7765092325954,44383900
2024-12-05,241.9457244873047,243.43897085315564,241.0398332364883,242.891459337747,40033900
2024-12-06,241.74664306640625,243.5285923470879,240.99007032901886,241.81633519239523,36870600
2024-12-09,245.63902282714844,246.1268220997756,240.66153502923254,240.74117665680967,44649200
2024-12-10,246.65443420410156,247.09245556004478,244.23536723926503,245.7783914922151,36914800
2024-12-11,245.38021850585938,249.67081089954078,245.15124311202538,246.84360125039836,45205800
2024-12-12,246.84359741210938,247.62008434324935,244.57384885559844,245.77840766369866,32777500
2024-12-13,247.0128173828125,248.16758302178013,245.13132757947596,246.70421556592945,33155300
2024-12-16,249.9097137451172,250.2481944775453,246.53497744922532,246.87345818165343,51694800
2024-12-17,252.33872985839844,252.68716009783537,248.655391740455,248.95404406138837,51356400
2024-12-18,246.9331817626953,253.13512753347695,246.62457993830327,251.02467749046986,56774100
2024-12-19,248.6653289794922,250.86538527206417,245.9774886038804,246.38564624934875,60882300
2024-12-20,253.34417724609375,253.8518755287198,244.58379575845774,246.92320588947405,147495300
2024-12-23,254.1206817626953,254.49896052911285,252.30886880268173,253.62293295259332,40858800
2024-12-24,257.0374755859375,257.0474099027653,254.14055892454206,254.3396705835317,23234700
2024-12-26,257.853759765625,258.9289141129315,256.47003399402934,257.0275101814573,27237100
2024-12-27,254.439208984375,257.5352220874343,251.9206014592013,256.6691137206059,42355300
2024-12-30,251.06448364257812,252.35863351915538,249.6210152068174,251.09434735441482,35557500
2024-12-31,249.29251098632812,252.1396347735265,248.30696287880588,251.30342042234355,39480700
2025-01-02,242.75210571289062,247.97846832553566,240.73124671787497,247.80922035937212,55740700
2025-01-03,242.26429748535156,243.08059762167903,240.80091479245596,242.26429748535156,40244100
2025-01-06,243.89691162109375,246.21642284830082,242.10501290585998,243.2100158477468,45045600
2025-01-07,241.11947631835938,244.44443460073458,240.263347789176,241.88599852058522,40856000
2025-01-08,241.60726928710938,242.61273160476242,238.9692066706783,240.83078235887348,37628900
2025-01-10,235.78359985351562,239.07869430046486,231.95092822526084,238.92936055450792,61710900
2025-01-13,233.34463500976562,233.61342361918983,228.68571346021633,232.47855694506205,49630700
2025-01-14,232.2296905517578,235.05690023183175,231.42333988575893,233.69307331230715,39435300
2025-01-15,236.79901123046875,237.88411516800545,233.3744970274307,233.5835582088168,39832000
2025-01-16,227.23228454589844,236.9383864807084,227.0033243432251,236.28136958651152,71759100
2025-01-17,228.9445343017578,231.24413133243607,227.4512878984511,231.07489856287185,68488300
2025-01-21,221.6375732421875,223.40955766052627,218.39225670760806,222.9914505136237,98070400
2025-01-22,222.8222198486328,223.11090745632038,218.80040121474653,218.80040121474653,64126500
2025-01-23,222.65301513671875,226.0078374632505,221.29913768199057,223.72815445577547,60234800
2025-01-24,221.77694702148438,224.614121166801,220.4131202139208,223.76794215782238,54697900
2025-01-27,228.82508850097656,231.10477141655377,222.9715575076631,223.01138591977585,94863400
2025-01-28,237.187255859375,239.1085741517517,229.77080167884077,229.81063008981926,75707600
2025-01-29,238.28228759765625,238.78003635891557,232.95636977614706,233.06587511122757,45486100
2025-01-30,236.52027893066406,239.7058683175974,236.14200015946125,237.59541819689565,55658300
2025-01-31,234.9374237060547,246.0770438113447,232.38895238779278,246.0770438113447,100959800
2025-02-03,226.9833984375,230.78620649590428,224.6838014511222,228.95449458875606,73063300
2025-02-04,231.75184631347656,232.08036234711574,225.62952690670866,226.2268315478868,45067300
2025-02-05,231.42332458496094,231.62242106375825,227.24223776986636,227.50106167329415,39620300
2025-02-06,232.16995239257812,232.74734282564026,229.39250557129796,230.24863411824003,29925300
2025-02-07,226.60513305664062,232.946448173879,226.236788599926,231.55275755143822,39707200
2025-02-10,226.8741912841797,229.80417456619486,226.42572786906877,228.7876615470872,33115600
2025-02-11,231.8272705078125,234.42837673351212,227.3525813044295,227.42233485023965,53718400
2025-02-12,236.06277465820312,236.15247950770552,229.89386689621963,230.41209906543347,45243300
2025-02-13,240.70689392089844,241.514131106333,234.7672133917818,236.10264318513748,53614100
2025-02-14,243.76644897460938,244.71320848741047,240.16875066053348,240.4278591482801,40896200
2025-02-18,243.6368865966797,244.34445851454996,241.01584434943877,243.31796980618805,48822500
2025-02-19,244.03550720214844,245.17162160901916,242.33134319523683,243.8262313730556,32204200
2025-02-20,244.99224853515625,245.93900803040836,243.45748811790233,244.10528213544586,32316900
2025-02-21,244.71319580078125,247.84249441981407,244.38431857946645,245.11182656230832,53197400
2025-02-24,246.25791931152344,248.01191597096326,243.58704451830639,244.0953010258401,51326400
2025-02-25,246.1981201171875,249.14803959700342,244.0753891604379,247.15485528022737,48013300
2025-02-26,239.5408935546875,244.14514449402503,238.3150894487839,243.49736566903925,44433600
2025-02-27,236.49131774902344,241.6337368385667,236.25213016109495,238.5941277716784,41153600
2025-02-28,241.01583862304688,241.26498665715278,229.41550676334808,236.14250368420718,56833400
2025-03-03,237.2188262939453,243.1983791446907,235.30537120652147,240.96600727263495,47184000
2025-03-04,235.1259765625,239.25188262538288,233.88023638606123,236.89992456399492,53798100
2025-03-05,234.93663024902344,235.7438674276595,228.44880585950324,234.61771347352882,47227600
2025-03-06,234.52804565429688,237.0494227188423,232.36544239217005,233.64107919926062,45170400
2025-03-07,238.2552947998047,240.54744460053885,233.95996981993864,234.30878315837532,46273600
2025-03-10,226.70477294921875,235.35520052510583,223.45588808739058,234.73730306532093,72071200
2025-03-11,220.08740234375,225.0703629938446,216.7089556312574,223.04728218644934,76137400
2025-03-12,216.2405548095703,220.99430349899413,214.17761702040198,219.3897895710681,62547500
2025-03-13,208.96542358398438,216.10102664759694,207.70972301630272,215.21406028960521,61368300
2025-03-14,212.762451171875,213.22087501834247,208.86577244295887,210.53007941159925,60107600
2025-03-17,213.2707061767578,214.48654973692538,209.25444129100026,212.58305520506434,48073400
2025-03-18,211.96519470214844,214.4168029665515,210.76928711901598,213.43018643369246,42432400
2025-03-19,214.50648498535156,218.0144781615262,213.0215573102422,213.48995680484757,54385400
2025-03-20,213.37039184570312,216.74883872802718,211.49679368091097,213.2607660976187,48862900
2025-03-21,217.5261688232422,218.09421843072647,210.55998434888178,210.83902892918795,94127800
2025-03-24,219.97776794433594,220.72521201243578,217.8351010318318,220.24685206675267,44299500
2025-03-25,222.98748779296875,223.3363011191594,219.32999652191663,220.0176475207108,34493600
2025-03-26,220.77505493164062,224.25316696482244,219.71866969932233,222.7483031053444,34466100
2025-03-27,223.08717346191406,224.22328797900445,219.8083765580053,220.63554992146092,37094800
2025-03-28,217.1574249267578,223.04728822423488,216.93817343567548,220.91458161653458,39818600
2025-03-31,221.37301635742188,224.8511131847691,215.49311362240712,216.27045427307317,65299300
2025-04-01,222.4293975830078,222.91771798921508,218.15400887457568,219.06091135294477,36412700
2025-04-02,223.12701416015625,224.4225869866718,220.2667995775576,220.56578026164416,35905900
2025-04-03,202.49754333496094,206.78289223919597,200.56415230327434,204.8395255545537,103419000
2025-04-04,187.738037109375,199.19884701911502,186.70157274086588,193.2292544699453,125910900
2025-04-07,180.84161376953125,193.48835506739644,174.02491207450518,176.59612158290105,160466300
2025-04-08,171.83241271972656,189.6913418115003,168.63336050772435,186.06374707733985,120859500
2025-04-09,198.17236328125,199.92636006312654,171.30423111843703,171.3640242168161,184395900
2025-04-10,189.7710723876953,194.11621470149436,182.37636057603893,188.42568213047016,121880000
2025-04-11,197.4747314453125,198.85999394662434,185.42593581806156,185.46580802047046,87435900
2025-04-14,201.82984924316406,212.2143377637297,200.47448329230923,210.7194495182335,101352900
2025-04-15,201.4511260986328,202.81645240683693,199.11910423874315,201.1720815277121,51343900
2025-04-16,193.6079559326172,200.01603598224625,191.71442177543545,197.68401406478426,59732400
2025-04-17,196.3087158203125,198.15241736523095,193.75744237056688,196.5279673080365,52164700
2025-04-21,192.50173950195312,193.13955785695288,189.1631497833642,192.61136524453693,46742500
2025-04-22,199.059326171875,200.9030125684292,195.3021694205859,195.45165216386687,52976400
2025-04-23,203.9027557373047,207.29116289420588,202.10888686320854,205.29797863560773,52929200
2025-04-24,207.659912109375,208.11835121294007,202.2484237558185,204.1917755069081,47311000
2025-04-25,208.56680297851562,209.0352025034097,205.49729734578435,205.66671618569228,38222300
2025-04-28,209.4238739013672,210.77923983434187,206.7530142372406,209.2843516085664,38743100
2025-04-29,210.490234375,211.51672307140856,207.6599011161091,207.978817902887,36827600
2025-04-30,211.7758331298828,212.8521544830753,205.96569903614,208.58674127234366,52286500
2025-05-01,212.59304809570312,213.82881264887993,208.18809734114114,208.3674918385056,57365700
2025-05-02,204.6501922607422,206.2846026840361,201.47106105284274,205.38766067678682,101010600
2025-05-05,198.21221923828125,203.4044712176219,197.5345438511527,202.40787903175757,69018500
2025-05-06,197.83349609375,199.96620262041338,196.34858356859348,197.5345306234426,51216500
2025-05-07,195.58120727539062,198.7603386318323,192.59143085844198,198.49125449640593,68536700
2025-05-08,196.81698608398438,199.3682595147921,194.0165494128041,197.04619801698016,50478900
2025-05-09,197.8534393310547,199.85658408831688,196.86680762308345,198.32183886048443,36453900
2025-05-12,210.34713745117188,210.82613996616402,206.31563192374182,210.52676720097676,63775800
2025-05-13,212.48263549804688,212.95164926547025,208.56089957562318,209.98788789546765,51909300
2025-05-14,211.88389587402344,213.49051386836734,210.13757262915965,211.98367663769176,49325800
2025-05-15,211.00575256347656,212.51258988469863,209.0997617101353,210.506803034962,45029500
2025-05-16,210.81614685058594,212.12340739052024,209.3292870180407,211.9138418912236,54737900
2025-05-19,208.3413543701172,209.0398806327114,203.83084657536088,207.47318710280226,46140500
2025-05-20,206.42539978027344,208.03201787298204,204.5992426766309,207.23369558110693,42496600
2025-05-21,201.6654052734375,206.60500227852873,200.28831500749223,204.73893602091724,59211800
2025-05-22,200.9369354248047,202.32401437172413,199.28041949489233,200.2883071907537,46742400
2025-05-23,194.85975646972656,197.28464391104225,193.05356158182016,193.26311186041877,78432900
2025-05-27,199.78936767578125,200.31825293342968,197.01519441683536,197.88337691051132,56288500
2025-05-28,199.99891662597656,202.30406088976383,199.48000488022652,200.16855762950956,45339700
2025-05-29,199.5299072265625,203.38179807643976,198.09293019267844,203.15228556391767,51396800
2025-05-30,200.4280242919922,201.53569281345096,196.36656797106642,198.95112277889336,70819900
2025-06-02,201.27622985839844,201.70533435611304,199.69954757512772,199.85921507319503,35423300
2025-06-03,202.84292602539062,203.34187550579085,200.53778186221837,200.92696184786135,46381600
2025-06-04,202.39389038085938,205.80670326672896,201.67540185470463,202.48369763994597,43604000
2025-06-05,200.20849609375,204.3198354061699,199.7294935749724,203.07246156364138,55126100
2025-06-06,203.49156188964844,205.26782088834017,201.62549563553227,202.57349663849442,46607700
2025-06-09,201.02676391601562,205.56720771427428,199.59977555964565,203.96058960802065,72862600
2025-06-10,202.2441864013672,203.92066462184746,200.14860765917956,200.1785434107301,54672600
2025-06-11,198.36236572265625,204.07034932786254,197.99314795828434,203.0724503091444,60989900
2025-06-12,198.78147888183594,199.26046614106752,196.94534836583952,198.66173587371065,43904600
2025-06-13,196.03726196289062,199.9490243445518,195.2888376882346,199.3103695725812,51447300
2025-06-16,198.0031280517578,198.27256505925683,196.1470352061455,196.8854859861783,43020700
2025-06-17,195.2289581298828,197.97318035709665,194.79986887227625,196.78567812068002,38856200
2025-06-18,196.16697692871094,197.15490236836843,194.66015499959357,195.52832221137376,45394700
2025-06-20,200.57769775390625,201.27622400422058,196.44639652864126,197.8235020126397,96813500
2025-06-23,201.07666015625,201.87498244787415,198.54200324907936,201.20639190632414,55814300
2025-06-24,199.87918090820312,203.0125832870988,199.77938491343542,202.16436301176623,54064000
2025-06-25,201.13653564453125,203.2421033073339,200.19850807531137,201.0267661369261,39525700
2025-06-26,200.57769775390625,202.2142514946699,199.04094000321476,201.00678701240994,50799100
2025-06-27,200.65753173828125,202.7930349784745,199.57979899649257,201.4658274879402,73188600
2025-06-30,204.7389373779297,206.95427439094752,198.84135059390303,201.58557286233471,91912800
2025-07-01,207.3833770751953,209.74839282792448,205.70689884063935,206.23578409144605,78788900
2025-07-02,211.99366760253906,212.8917706186518,207.7026988246806,208.47108532398713,67941800
2025-07-03,213.10134887695312,214.19902871499423,211.36499901814886,211.70428104663077,34955800
2025-07-07,209.50889587402344,215.77570049162512,208.36131809352125,212.23315593085263,50229000
2025-07-08,209.5687713623047,210.98578616820197,208.01205130024096,209.658593847986,42848900
2025-07-09,210.69639587402344,210.8859991217609,206.78463359109693,209.0897778625777,48749400
2025-07-10,211.96372985839844,213.03147386855414,209.58872537016995,210.06771262581316,44443600
2025-07-11,210.7163543701172,211.68431760849728,209.41908263784933,210.12759762046792,39765800
2025-07-14,208.1816864013672,210.46688365912564,207.10395364435493,209.48893166698292,38840100
2025-07-15,208.67066955566406,211.44482767792792,208.48106630115817,208.7804390594974,42296300
2025-07-16,209.71847534179688,211.95375954691573,208.2016644692293,209.8581806046168,47490500
2025-07-17,209.57875061035156,211.3550095983717,209.14964612579556,210.12759810142074,48068100
2025-07-18,210.73631286621094,211.34503189230253,209.25942654413325,210.42696659875526,48974600
2025-07-21,212.0335693359375,215.3266389893317,211.18536434566,211.65437808070223,51377400
2025-07-22,213.94955444335938,214.49840197701596,211.78411528941558,212.69220709721728,46404100
2025-07-23,213.7000732421875,214.69797228179937,211.9637386583707,214.54829351654996,46989300
2025-07-24,213.31088256835938,215.2368355364858,213.08137006420023,213.45058781785585,46022600
2025-07-25,213.43064880371094,214.7877920897316,212.95164630742312,214.24891808809048,40268800
2025-07-28,213.6002960205078,214.39861831079742,212.61237047326716,213.5803337758995,37858000
2025-07-29,210.8261260986328,214.3586818606333,210.37707459375494,213.73000061776605,51411700
2025-07-30,208.6107940673828,211.94377315400357,207.28358653790625,211.454797150492,45512500
2025-07-31,207.1339111328125,209.39913099136336,206.72476887181696,208.0519764228089,80698400
2025-08-01,201.95481872558594,213.1312852679161,201.07666267114303,210.4269720875647,104434500
2025-08-04,202.9227752685547,207.44325668811337,201.25627047720934,204.0803265791815,75109300
2025-08-05,202.49366760253906,204.90858140720596,201.73526982787092,202.97265486934364,44155100
2025-08-06,212.80197143554688,214.9275012748427,205.15806109322384,205.19798558200998,108483100
2025-08-07,219.56771850585938,220.38600300495352,216.12496995802366,218.42014073215765,90224800
2025-08-08,228.86814880371094,230.5146761138317,218.78936250198095,220.36604479784603,113854000
2025-08-11,226.95997619628906,229.33767612130436,224.54232171734583,227.6992650180531,61806100
2025-08-12,229.42758178710938,230.57647717809445,226.8500938879156,227.78917070894937,55626200
2025-08-13,233.10403442382812,234.77241529044048,230.2068337695816,230.8462285986664,69878500
2025-08-14,232.5545654296875,234.89229562265464,230.6264418350812,233.83332460758467,51916300
2025-08-15,231.36570739746094,234.0531046408583,229.11788646444978,233.77337703316005,56038700
2025-08-18,230.66639709472656,232.89423321308522,229.88715369469057,231.47561022214762,37476200
2025-08-19,230.3367156982422,232.64447617946885,229.1278960385577,231.05601964615855,39402600
2025-08-20,225.79110717773438,230.24679444121838,225.55134937034353,229.75726351111018,42263900
2025-08-21,224.68218994140625,226.30063142153253,223.56327948127884,226.05087353353895,30621200
2025-08-22,227.53941345214844,228.8681272027074,225.1916985271248,225.95095699429655,42477800
2025-08-25,226.94000244140625,229.07792927219558,226.01089520624416,226.26065308481304,30983100
2025-08-26,229.08792114257812,229.26775474756235,224.4724002828088,226.65028173376106,54575100
2025-08-27,230.26678466796875,230.676376013076,228.03893336267103,228.38860049855515,31259500
2025-08-28,232.33477783203125,233.18396075811214,229.11789497993007,230.59647266873003,38074700
2025-08-29,231.91517639160156,233.15398096397084,231.145917853049,232.28481317583598,39418400
2025-09-02,229.49752807617188,230.62643860177437,226.75019132336067,229.02798202980685,44075600
2025-09-03,238.2390594482422,238.6186963224971,234.133039090421,236.98028515930878,66427800
2025-09-04,239.5477752685547,239.66765417218173,236.51072617258424,238.21906152531412,47549400
2025-09-05,239.45787048339844,241.08629675958926,238.25903569310344,239.76756781945676,54870400
2025-09-08,237.64962768554688,239.91741830634814,236.11111057683257,239.06825064349684,48999500
2025-09-09,234.123046875,238.5487492683241,233.13400016518182,236.77047435136637,66313900
2025-09-10,226.5703582763672,232.19491077497392,225.73117543382176,231.96513778704139,83440800
2025-09-11,229.80722045898438,230.22681187017153,226.43048902665416,226.66027725307507,50208600
2025-09-12,233.84332275390625,234.28288383192944,228.79821036620638,228.9980136278554,55824200
2025-09-15,236.47076416015625,237.95932665324483,234.80238330570734,236.77047667310174,42699500
2025-09-16,237.9193572998047,240.98639147239973,236.09114297984144,236.9502954777413,63421100
2025-09-17,238.75856018066406,239.86748583209587,237.4997706474641,238.73857528095925,46508000
2025-09-18,237.64962768554688,240.9664044724694,236.4208079152849,239.737599946219,44249600
2025-09-19,245.26223754882812,246.06146581163878,239.9773675285625,240.99636870073516,163741300
2025-09-22,255.8319854736328,256.3914711896616,247.8797028858207,248.05953649140056,105517400
2025-09-23,254.18359375,257.0907792625319,253.33442606621003,255.63220171436936,60275200
2025-09-24,252.06564331054688,255.4923293909784,250.79686899703333,254.9728287261993,42303700
2025-09-25,256.6212158203125,256.9209435623003,251.466224879955,252.96477212582877,55202100
2025-09-26,255.2126007080078,257.3505275669758,253.5342198150173,253.8539172209246,46076300
2025-09-29,254.18359375,254.75304905914027,252.76497075706976,254.31347273152574,40127700
2025-09-30,254.38340759277344,255.67215158054225,252.8648753735947,254.61318058017173,37704300
2025-10-01,255.20260620117188,258.53938316103813,254.6831055272507,254.7929996074261,48713900
2025-10-02,256.8809814453125,257.9299523535748,253.9038565188199,256.33149581258533,42630200
2025-10-03,257.7701110839844,258.9889308017334,253.70406057825727,254.42336451804394,49155600
2025-10-06,256.44140625,258.819106172963,254.80299514816292,257.7401350456914,44664100
2025-10-07,256.23162841796875,257.15072039039774,255.18262697514498,256.56129542181253,31955800
2025-10-08,257.8100891113281,258.2696351050741,255.8619653198879,256.2715719294531,36496900
2025-10-09,253.79396057128906,257.75013209688524,252.8948383011137,257.5603136690899,38322000
2025-10-10,245.032470703125,256.13171175032437,243.76369637579657,254.69310389004832,61999100
2025-10-13,247.42015075683594,249.44818352992385,245.32217845998096,249.13848619669534,38142900
2025-10-14,247.53004455566406,248.60900042906025,244.46301046499008,246.36117950382103,35478000
2025-10-15,249.09852600097656,251.5761352503302,247.2303418581919,249.24838988167792,33893600
2025-10-16,247.21035766601562,248.79881419551728,244.8926123625184,248.00958596667436,39777000
2025-10-17,252.045654296875,253.13461023404025,247.03052706557392,247.77980070207627,49147000
2025-10-20,261.98602294921875,264.1239650925819,255.3824390623343,255.64218177653177,90483000
2025-10-21,262.5155029296875,265.03308188579996,261.5764108568555,261.6263807259345,46695900
2025-10-22,258.19970703125,262.5954395959732,255.18261234613632,262.3956210979312,45015300
2025-10-23,259.3285827636719,260.36758405794774,257.76012648314656,259.68824995662277,32754900
2025-10-24,262.56549072265625,263.87421967110856,258.9290010880386,260.93706434715574,38253700
2025-10-27,268.5496520996094,268.8593494221352,264.3936774471076,264.6234656652487,44888200
2025-10-28,268.7394714355469,269.6286240979669,267.8902885694659,268.7294713644567,41534800
2025-10-29,269.4388122558594,271.1471476128123,266.85129379808274,269.01920560410514,51086700
2025-10-30,271.13714599609375,273.87451306817263,268.2199910571769,271.72657092903916,69886500
2025-10-31,270.108154296875,277.05143573891627,268.89933466249033,276.721738255342,86167100
2025-11-03,268.7894287109375,270.5877038096653,265.9921525413924,270.15812755648943,50194600
2025-11-04,269.7784729003906,271.22705027239556,267.36080327265466,268.0701070960229,49274800
2025-11-05,269.8783874511719,271.43687417180433,266.67147434431234,268.3498399683747,43683100
2025-11-06,269.50872802734375,273.1352174017799,267.6305743388968,267.6305743388968,51204000
2025-11-07,268.2099914550781,272.02629915101613,266.51162568814635,269.5386899523433,48227400
2025-11-10,269.42999267578125,273.7300109863281,267.4599914550781,268.9599914550781,41312400
2025-11-11,275.25,275.9100036621094,269.79998779296875,269.80999755859375,46208300
2025-11-12,273.4700012207031,275.7300109863281,271.70001220703125,275.0,48398000
2025-11-13,272.95001220703125,276.70001220703125,272.0899963378906,274.1099853515625,49602800
2025-11-14,272.4100036621094,275.9599914550781,269.6000061035156,271.04998779296875,47431300
2025-11-17,267.4599914550781,270.489990234375,265.7300109863281,268.82000732421875,45018300
2025-11-18,267.44000244140625,270.7099914550781,265.32000732421875,269.989990234375,45677300
2025-11-19,268.55999755859375,272.2099914550781,265.5,265.5299987792969,40424500
2025-11-20,266.25,275.42999267578125,265.9200134277344,270.8299865722656,45823600
2025-11-21,271.489990234375,273.3299865722656,265.6700134277344,265.95001220703125,59030800
2025-11-24,275.9200134277344,277.0,270.8999938964844,270.8999938964844,65585800
2025-11-25,276.9700012207031,280.3800048828125,275.25,275.2699890136719,46914200
2025-11-26,277.54998779296875,279.5299987792969,276.6300048828125,276.9599914550781,33431400
2025-11-28,278.8500061035156,279.0,275.989990234375,277.260009765625,20135600
