Price,Close,High,Low,Open,Volume
Ticker,GOOGL,GOOGL,GOOGL,GOOGL,GOOGL
Date,,,,,
2020-01-02,67.9652328491211,67.9652328491211,66.86333571006601,66.9586787875548,27278000
2020-01-03,67.60968780517578,68.21700271420914,66.90455208946976,66.93832337803212,23408000
2020-01-06,69.41175842285156,69.4370812039188,67.08729078696965,67.11856919518195,46768000
2020-01-07,69.27767944335938,69.69430813422605,69.1013974302101,69.54334890156011,34330000
2020-01-08,69.7707748413086,70.10894230540993,69.15452658104954,69.26327359975404,35314000
2020-01-09,70.50324249267578,70.94469396543823,70.02751963749105,70.60950423644984,33200000
2020-01-10,70.9585952758789,71.25555076930975,70.49380624465894,70.98392563781249,26258000
2020-01-13,71.50830841064453,71.58030634593166,70.78032760337808,71.2709395073884,30730000
2020-01-14,71.03953552246094,71.63740929797085,70.89949492783481,71.50680981258097,26076000
2020-01-15,71.46708679199219,71.54554802109986,71.09267026131843,71.1602052622877,21550000
2020-01-16,72.01133728027344,72.03815275975688,71.50681377041046,71.77744628827148,26080000
2020-01-17,73.46926879882812,73.52041445228143,72.32863737834732,72.626085344564,52424000
2020-01-21,73.60484313964844,73.9837301623698,73.00696178186003,73.44345017940596,48930000
2020-01-22,73.68528747558594,74.51506708981928,73.62520837338383,73.97628733938622,28458000
2020-01-23,73.72600555419922,74.16349415742818,73.50900399356541,73.86803136699017,26650000
2020-01-24,72.80634307861328,74.198239790935,72.65786156843807,74.12971219458755,29786000
2020-01-27,71.09614562988281,71.3369848455489,70.48883073371002,71.0867120976033,34132000
2020-01-28,72.0282211303711,72.24174479037791,71.02811510182957,71.59321781876741,29724000
2020-01-29,72.33609771728516,72.70555124780331,71.77447288626858,72.42349239357048,21566000
2020-01-30,72.21443176269531,72.26408472389092,71.25852322835154,71.41246028918627,27110000
2020-01-31,71.14826965332031,72.98013244412725,70.86422567437002,72.89025249432311,43822000
2020-02-03,73.62222290039062,73.80596084309201,72.33162467760039,72.58189744131957,71636000
2020-02-04,71.77545166015625,72.86443730740805,70.61446051188975,72.22634415188331,95880000
2020-02-05,71.80723571777344,72.72738774441514,70.99434560329382,72.67921990211404,36376000
2020-02-06,73.2929916381836,73.57057995499277,72.02722376835176,72.1017069989846,37822000
2020-02-07,73.44891357421875,73.75380988182637,72.76860814708976,72.866929041931,28360000
2020-02-10,74.91629028320312,74.92721651036499,73.25475361833762,73.35555980846348,38302000
2020-02-11,74.9858169555664,75.97003370117069,74.7568965647971,75.14521713630961,34852000
2020-02-12,75.41138458251953,75.49430874131542,74.91679471215745,75.27382928475085,31042000
2020-02-13,75.15116882324219,75.77486540861928,74.68487960808152,74.98282764946256,22914000
2020-02-14,75.41634368896484,75.48189347519363,74.76185358549893,75.20778307563144,23198000
2020-02-18,75.45160675048828,76.00379801654766,75.03299279148968,75.19835617848237,25642000
2020-02-19,75.72124481201172,76.01273717555429,75.52808092264881,75.83694765555981,22746000
2020-02-20,75.32994079589844,75.83048626235644,74.69779566759601,75.43024689467184,25962000
2020-02-21,73.6649169921875,75.03000583040279,73.41812216900625,74.71368322798507,42520000
2020-02-24,70.50670623779297,71.32705227867518,69.8576867844857,70.66511381109099,49560000
2020-02-25,68.84119415283203,71.35038478690109,68.54821669209058,71.0598926260904,51580000
2020-02-26,69.04727172851562,70.19932951834674,68.35604008547062,69.27122908358415,49776000
2020-02-27,65.29713439941406,68.00098920954161,65.26187799484646,67.49150271843352,62290000
2020-02-28,66.50381469726562,66.66271477222554,62.97614362297551,63.279054704787185,80198000
2020-03-02,68.84119415283203,68.89829543416829,65.80612769225289,67.10665938377004,55430000
2020-03-03,66.4278335571289,69.92719618427,66.00673437386882,69.40529839669307,56602000
2020-03-04,68.60681915283203,68.66541313679936,66.39209082387919,67.48256934329274,47598000
2020-03-05,65.28770446777344,67.21789611582923,64.63619971791267,66.81665653912074,54380000
2020-03-06,64.34321594238281,64.69130946412695,62.42991012561368,63.06254774883927,64640000
2020-03-09,60.37310028076172,62.20744866995912,59.491678793315025,59.83530940093405,69252000
2020-03-10,63.3217658996582,63.355533400320745,60.30954041673716,62.289885180152496,54872000
2020-03-11,60.13027572631836,62.41601307418606,59.149044380653855,61.98598038056029,54732000
2020-03-12,55.196800231933594,59.030360304346644,55.04385578012002,55.74650994520569,94326000
2020-03-13,60.29762268066406,60.304078399115795,55.23354724050497,58.347075086419736,79400000
2020-03-16,53.282508850097656,56.88118556909071,52.9885349713361,54.107317834506155,96520000
2020-03-17,55.520076751708984,55.91435675345226,52.09569672522994,54.15846940339358,83194000
2020-03-18,54.1857795715332,54.871051840564625,51.49483597251045,52.63398239554666,93044000
2020-03-19,55.2027587890625,57.235737933634475,52.41597983595572,54.03828968438438,74064000
2020-03-20,53.044647216796875,56.534080583243956,52.741239806771596,56.15767505901044,82878000
2020-03-23,52.3454704284668,52.98009332639704,50.09797110911301,52.4567027625557,83672000
2020-03-24,56.11347579956055,56.27833907647627,53.949400927477114,54.82089254700734,72468000
2020-03-25,54.703704833984375,56.91594391981893,53.779578586585835,55.84384002725429,90324000
2020-03-26,57.74770736694336,58.17277701676787,54.22748827696145,55.35421570523209,76562000
2020-03-27,55.13274383544922,57.15827471437064,54.8218881164996,55.987349858557536,62794000
2020-03-30,56.92289352416992,57.155788104039814,54.548272761585835,56.24407702996615,58736000
2020-03-31,57.69953918457031,58.26811596366001,56.446678999724746,57.04306764962275,65228000
2020-04-01,54.727535247802734,56.08417939198455,54.299984103804036,55.815035808554676,51970000
2020-04-02,55.468929290771484,55.753962152647176,54.282115116824485,54.62326044918919,56410000
2020-04-03,54.2607536315918,55.55631850299663,53.385791673504606,55.35371730864713,51374000
2020-04-06,58.75426483154297,59.12967394143152,55.86469442701292,56.26195599169851,63320000
2020-04-07,58.72298049926758,60.620893529545036,58.459300013090534,60.43368148304381,61620000
2020-04-08,59.936614990234375,60.32890978653167,58.79200919622647,59.74295099806535,40334000
2020-04-09,59.91525650024414,60.680975159986424,59.21260232823927,60.49178169677421,54028000
2020-04-13,60.1059455871582,60.31003949466843,58.71156340269645,59.663497758297,38702000
2020-04-14,62.82817077636719,63.350564947040326,61.00623363759853,61.573821626847455,63358000
2020-04-15,62.434383392333984,63.31878268719439,61.27736260381202,61.898577725439324,42236000
2020-04-16,62.44083786010742,63.23188310736483,61.4859257171919,62.92301259197122,57896000
2020-04-17,63.5119514465332,64.05818325924749,62.866402347873645,63.64602504685049,51050000
2020-04-20,62.62556457519531,63.403698385158826,62.39167738128082,63.05957146388508,35292000
2020-04-21,60.19284439086914,62.07188272751854,59.83729494932787,61.709881356272376,49648000
2020-04-22,62.48950958251953,63.55565412208502,61.436272692073295,61.63043298256724,46296000
2020-04-23,63.12313461303711,63.96632194128163,62.594781016508605,62.853494700717256,34202000
2020-04-24,63.39277267456055,63.447892535395646,61.77393695145005,62.32016874850442,37402000
2020-04-27,63.10773849487305,64.2617815012073,62.81972404558168,64.15749740277272,44186000
2020-04-28,61.20735168457031,63.79798162144083,61.097608253896915,63.72052057322914,80700000
2020-04-29,66.6493148803711,67.54165883951754,65.88210729515733,66.78934790045282,108358000
2020-04-30,66.87376403808594,67.03763472110475,65.62239273502772,66.11201957490346,55842000
2020-05-01,65.41483306884766,67.10865618998697,65.03446087956415,65.75101540538412,48872000
2020-05-04,65.6919174194336,65.76988613646292,64.35662926324224,64.95848107992241,30806000
2020-05-05,66.98896789550781,68.08093904283001,66.29426590492336,66.41691697950115,39666000
2020-05-06,66.81070709228516,67.96574284054078,66.79581044461385,67.43490390739927,31732000
2020-05-07,67.99504089355469,68.32874552573905,67.16377607025254,67.59927194307096,30652000
2020-05-08,68.74287414550781,69.35365934273877,68.13059625287245,68.61773777696003,33326000
2020-05-11,69.69876861572266,70.2916792988954,68.30389414076711,68.36795122594977,32718000
2020-05-12,68.28800964355469,70.23209760902837,68.25473844878208,69.92869401506682,33918000
2020-05-13,66.9547119140625,68.79204598718712,65.94567238492272,68.33668288779677,40368000
2020-05-14,67.3782958984375,67.40361868434019,65.71178835545417,66.2192897181681,36660000
2020-05-15,68.18273162841797,68.25820745732415,66.4913941497389,66.95122766332483,41544000
2020-05-18,68.78459167480469,69.1609934145914,67.24619845412195,67.61267414754582,47094000
2020-05-19,68.249267578125,69.14756700348428,68.21748908233441,68.79947351358933,31586000
2020-05-20,69.97537231445312,70.11789063162281,68.89582011929386,68.9822221805776,38262000
2020-05-21,69.85569763183594,70.337868556823,69.24192704274618,70.06624345555898,30894000
2020-05-22,70.17797088623047,70.36467903297583,69.31939073428819,69.71416696713506,28544000
2020-05-26,70.5816879272461,71.76056121271995,70.4838671234599,71.60413885227362,44590000
2020-05-27,70.5275650024414,70.77933044570575,69.25236359877518,70.51366096089717,31684000
2020-05-28,70.42626190185547,71.72827870282323,69.47482393143548,69.52050647162248,35170000
2020-05-29,71.18504333496094,71.34444353367236,70.31405161361863,70.53502361509324,37044000
2020-06-01,71.25205993652344,71.58526438280663,70.62687065027382,70.7967045208592,25162000
2020-06-02,71.62152099609375,71.65578479748356,70.59360695439943,71.25852322228091,23442000
2020-06-03,71.46956634521484,71.9542225686685,71.09067933557526,71.64088534545384,27732000
2020-06-04,70.2306137084961,71.572365163048,69.81895555154722,71.34691509398992,26982000
2020-06-05,71.50780487060547,71.81965699433553,69.8988988668523,70.29715305504027,42642000
2020-06-08,71.90605926513672,71.9537270182775,70.73612696690151,70.82551442260042,33878000
2020-06-09,72.1066665649414,72.88728563936604,71.62399555303219,71.76701395697853,33624000
2020-06-10,72.73336029052734,73.13409224002542,72.21990330060945,72.57495270196671,31762000
2020-06-11,69.6148681640625,72.0828471477927,69.44156392993109,71.55796384476932,47144000
2020-06-12,70.1620864868164,71.23419033508823,68.81537214700396,70.80465018402187,36676000
2020-06-15,70.55040740966797,70.76194583867918,68.88489272365547,68.9986103518022,30468000
2020-06-16,71.82809448242188,72.35942585801052,70.9600807295404,71.95372336605863,30648000
2020-06-17,72.12952423095703,72.60921751305307,71.2649882465539,72.14939147973531,30610000
2020-06-18,71.2148208618164,72.1508620838223,70.82351494180952,71.99593242934094,34862000
2020-06-19,70.74407958984375,71.73027401225617,70.46400595064995,71.50681672541624,52784000
2020-06-22,72.03616333007812,72.05056746369593,70.47344743240869,70.76245451523369,29442000
2020-06-23,72.69760131835938,73.25476320519093,71.75510423386123,72.10270529949794,37752000
2020-06-24,71.14431762695312,73.2840550326423,71.01024022660584,72.66284363578038,31592000
2020-06-25,71.56143951416016,71.62201870743554,70.49082066575002,71.07082003141078,23958000
2020-06-26,67.66033935546875,71.3588295538996,67.2859228390437,71.14083539885146,97640000
2020-06-29,69.37997436523438,69.42119397415527,67.11956375249905,67.55108911052362,45074000
2020-06-30,70.41683197021484,70.71229477578841,68.871490423538,69.36558782541128,40286000
2020-07-01,71.60612487792969,71.92791062096299,70.22465415984608,70.4724491856165,42182000
2020-07-02,72.99304962158203,73.91618694295322,72.05650835115391,72.09475014363011,57218000
2020-07-06,74.46887969970703,74.98283672357624,73.34314484733716,73.89782139127526,44712000
2020-07-07,73.98571014404297,75.54495545817291,73.97478391717789,74.29408433333198,42364000
2020-07-08,74.66502380371094,75.04093299056807,74.10389158017398,74.5259833977762,31766000
2020-07-09,75.41287994384766,75.93329275890603,74.26728526224998,74.97936929494496,41836000
2020-07-10,76.42339324951172,76.53909607873655,74.5220100892504,75.14421398739223,35918000
2020-07-13,75.09356689453125,78.27809966991047,74.8120081948955,76.96614933198069,42954000
2020-07-14,75.52210998535156,75.61844566329884,73.78757526860957,74.12822804579645,38108000
2020-07-15,75.32447814941406,76.29031268421016,74.37850328273365,75.63980057926288,31026000
2020-07-16,75.22715759277344,75.27631804297296,73.90378070172108,74.56074859230361,26484000
2020-07-17,75.32298278808594,75.64973152438543,74.3919045997298,75.3259606016278,34264000
2020-07-20,77.6563949584961,77.91312341403196,74.62033585149831,75.23112104931103,30166000
2020-07-21,77.26310729980469,78.80894879349559,77.09923661453773,78.70864268855435,27486000
2020-07-22,77.70654296875,77.81231217595123,76.63294649341965,77.2526726692046,24482000
2020-07-23,75.31802368164062,77.97966630423089,74.91281370486792,77.76017946109586,33910000
2020-07-24,74.89395141601562,75.25247869252917,73.87001533571343,74.44604426009818,29902000
2020-07-27,75.94768524169922,76.35140257246336,75.09854602904528,75.14472866696514,27124000
2020-07-28,74.66751861572266,75.77785679558413,74.51208884949479,75.72770374031859,30910000
2020-07-29,75.6537094116211,76.14134347579515,74.63572897642125,74.73454996381882,22676000
2020-07-30,76.39161682128906,76.51675318516745,74.2464090225733,74.38544942688262,36042000
2020-07-31,73.88788604736328,74.73554004885563,72.20201157644132,74.33977117600368,91468000
2020-08-03,73.63015747070312,74.373527298544,73.08193671393812,74.03933782932242,45482000
2020-08-04,73.16040802001953,74.14412465541517,72.70008194737242,73.82631690480552,37212000
2020-08-05,73.44792938232422,73.98969454773389,73.05712348111673,73.33521191937828,29134000
2020-08-06,74.7320556640625,74.79760544622968,73.09087885001976,73.30192475022814,33306000
2020-08-07,74.40532684326172,75.48388651719301,73.80446763189295,74.9351731474192,27718000
2020-08-10,74.3283462524414,74.84130303996274,73.36845981921181,74.029405602229,20546000
2020-08-11,73.51992797851562,75.00469020881044,73.40323253058286,74.18831458702142,31098000
2020-08-12,74.84578704833984,75.06577400656946,73.74140447899178,73.8466811916168,22512000
2020-08-13,75.31306457519531,76.3221116757213,74.89395807054493,74.89395807054493,22388000
2020-08-14,74.71617889404297,75.46898996737282,74.43660535149617,75.16210085388852,21942000
2020-08-17,75.2927017211914,75.66712584393001,74.73455480772037,75.27929776949405,19990000
2020-08-18,77.25615692138672,77.33511065944776,75.56234161741558,75.78331358124228,28378000
2020-08-19,76.70146942138672,77.90566529727208,76.47254907655582,77.09276772827658,30472000
2020-08-20,78.27265167236328,78.46730826674126,76.19746386445098,76.47107420399901,26382000
2020-08-21,78.2388916015625,79.04880400658543,77.580430975035,78.05167574489523,34838000
2020-08-24,78.714599609375,79.88800981322825,78.21256140841734,79.07808990589221,25638000
2020-08-25,79.74250793457031,79.89296708362019,78.35358139397559,78.46382111596415,25150000
2020-08-26,81.64339447021484,82.07343472584033,79.50067940074841,79.76485618715283,52188000
2020-08-27,80.86824035644531,81.835067467171,80.38606187388179,81.76653986964281,31350000
2020-08-28,81.41000366210938,81.50534674275372,80.72374261037626,80.91542137625561,22418000
2020-08-31,80.91840362548828,81.66177357903628,80.7098429930012,81.61559094306867,26422000
2020-09-01,82.18714904785156,82.39273186560406,80.9184033108712,81.04900280397094,22652000
2020-09-02,85.28129577636719,85.71381370586046,82.44088608228809,82.82920659258205,49522000
2020-09-03,80.91740417480469,84.41775975388319,79.83486660961577,84.39392209014869,63726000
2020-09-04,78.5189437866211,81.1895197719061,76.37175074598551,79.89892171480436,55850000
2020-09-08,75.6581802368164,77.24473369292774,75.30560859260585,75.72770044561553,54032000
2020-09-09,76.83158874511719,77.40214695845613,75.73613970690933,76.91451290297617,39242000
2020-09-10,75.77983856201172,78.14403332463914,75.47941275782985,76.97807902829125,33024000
2020-09-11,75.26886749267578,76.40800631879937,74.13965471276924,75.88412323830671,30706000
2020-09-14,74.92472839355469,77.3167309902052,74.74000545183158,76.05791146519486,42660000
2020-09-15,76.23023223876953,77.01829969804521,75.58369807634028,75.87121244803245,23042000
2020-09-16,75.08662414550781,77.18614209314343,75.06179387507046,76.59571660244501,22128000
2020-09-17,73.84268951416016,74.41971096306709,72.62211180691196,73.78161024085985,40008000
2020-09-18,72.05750274658203,74.24790053611717,71.09067564976073,73.9052625534038,63056000
2020-09-21,71.0171890258789,71.50978608796002,69.65359282698576,71.09067964908306,56908000
2020-09-22,72.49101257324219,72.6970954516438,70.98539825039516,72.01926781530388,33950000
2020-09-23,69.98680877685547,72.15634743031032,69.65361179317239,72.10718697117228,37726000
2020-09-24,70.65568542480469,71.40700382535697,69.62727877351824,69.65360174059556,34552000
2020-09-25,71.46012878417969,71.80176658370401,69.90187610613283,70.76442668603549,30326000
2020-09-28,72.43342590332031,73.14501739118445,71.81867020192774,73.09536442492873,30784000
2020-09-29,72.79891204833984,73.09585998495766,72.20202320661826,72.69413541992567,31816000
2020-09-30,72.7780532836914,73.80099688754669,72.28942654535909,72.54664756488499,40924000
2020-10-01,73.8853988647461,74.24144839111797,73.33420025236212,73.67485304245847,32884000
2020-10-02,72.2814712524414,73.44494787809407,71.8717983052176,72.4815909596404,31222000
2020-10-05,73.6336441040039,73.7265018849997,72.5044313545936,72.6315529369491,21602000
2020-10-06,72.05404663085938,73.71756876158912,71.75560600974273,73.26966157302265,26096000
2020-10-07,72.4572525024414,72.94538662475436,71.17062485186818,72.46569342964418,36108000
2020-10-08,73.66343688964844,73.891857179053,72.77059285124541,72.77059285124541,26076000
2020-10-09,75.00518035888672,75.07470056543451,73.84071121636063,74.13170347927738,32966000
2020-10-12,77.69364166259766,78.87697791738763,75.94122471846515,76.3732501983166,55344000
2020-10-13,77.81678009033203,78.71508712820557,77.39767369347942,78.31037728461482,39072000
2020-10-14,77.63653564453125,78.65004562010033,76.76554399767635,78.19071970768324,33174000
2020-10-15,77.24076080322266,78.03180603986702,76.52867688240575,76.69601789191054,31210000
2020-10-16,77.84808349609375,78.3451511286696,77.34952316792459,77.55659111297165,34194000
2020-10-19,75.97350311279297,78.654020527849,75.62441694848839,78.25675894228921,29734000
2020-10-20,77.02276611328125,78.1529714473702,75.50424022967013,75.63384710979612,41670000
2020-10-21,78.75630950927734,80.20383009011108,77.82026822454186,77.95483812956394,60322000
2020-10-22,79.78272247314453,80.11840464128612,78.3337169261627,78.70714079624807,30512000
2020-10-23,81.0897216796875,81.14633045232473,80.04343304769533,80.19936290074068,30548000
2020-10-26,78.67189025878906,80.92087457366932,77.85204435340098,80.19687183701743,35826000
2020-10-27,79.39640045166016,79.5513301261755,78.30939985271544,78.90231064798252,25902000
2020-10-28,75.02256774902344,77.15833472903837,74.90736499185117,76.96964134164946,45174000
2020-10-29,77.310791015625,78.89287411467878,75.30810114143328,75.3314387178596,55406000
2020-10-30,80.25198364257812,83.49015505977545,79.52996615344526,82.80090867371322,99878000
2020-11-02,80.65968322753906,82.34406497588512,80.1591301740816,80.6209489181996,44228000
2020-11-03,81.71937561035156,82.38180661638104,80.05336826018032,80.9794835557131,31432000
2020-11-04,86.69456481933594,87.89528301491228,84.56673875495531,84.69485294507058,71342000
2020-11-05,87.52134704589844,88.97730839528302,86.4551989047055,87.91612327650903,39758000
2020-11-06,87.38380432128906,87.8193000919502,86.23919489785555,86.96717561402848,28622000
2020-11-09,87.46773529052734,90.22223606893807,87.27556398943896,89.18390335682369,53440000
2020-11-10,86.29084777832031,87.36642960090843,85.2182437695995,85.89607149256915,43022000
2020-11-11,86.76309204101562,87.54121828786089,86.55601653319594,86.82118593096598,31838000
2020-11-12,86.54410552978516,87.64451771355215,86.30326628899803,86.50338600548156,26474000
2020-11-13,88.00601959228516,88.24785142887573,86.20444969646104,86.80133091890704,29744000
2020-11-16,88.09391021728516,89.10245712996237,87.46325773434673,87.60279824360163,25468000
2020-11-17,87.47965240478516,88.2483527483011,87.37189796826333,87.7875265532104,21314000
2020-11-18,86.43583679199219,87.64549591153437,86.33304539342467,87.23035989909762,20108000
2020-11-19,87.3261947631836,87.57051186681568,85.90847513549838,86.06787530015252,20106000
2020-11-20,86.22429656982422,87.81234256924863,86.15576897220802,87.49652005750151,27694000
2020-11-23,85.78632354736328,86.70151257860655,84.92328035546011,86.4149908162109,22530000
2020-11-24,87.59087371826172,87.71898790033936,85.44715853732825,85.78334081970468,27984000
2020-11-25,87.602294921875,87.91265434022236,86.81919809848146,87.78504024540288,19600000
2020-11-27,88.73896026611328,89.23504284568759,87.62265891076838,87.62265891076838,14790000
2020-11-30,87.11912536621094,88.40723809758074,86.79336923358123,88.17434731574909,32418000
2020-12-01,89.15310668945312,90.46207946719032,87.5476785104843,87.72793854870284,37350000
2020-12-02,90.62345123291016,91.00929403600527,88.64708471431886,89.15309328101881,29424000
2020-12-03,90.46803283691406,91.55999635366734,90.2276861454191,90.40347565496144,24728000
2020-12-04,90.56338500976562,90.8484140892729,90.05836139867917,90.38759548256864,20544000
2020-12-07,90.22918701171875,90.83798705491886,89.53447741508414,90.15568880495259,22288000
2020-12-08,89.94612884521484,90.17654191763987,88.95050099478975,89.80659591980766,19936000
2020-12-09,88.28409576416016,90.79230154815504,87.49652840724409,89.89796478940806,31728000
2020-12-10,87.777099609375,88.14158252987346,86.08278404964399,87.5263267524468,28688000
2020-12-11,88.13214111328125,88.25678497137464,87.03669966329481,87.39721213285257,18628000
2020-12-14,87.01287078857422,88.87701269456065,86.85744101840123,87.92955258039055,33050000
2020-12-15,87.45084381103516,87.59583985286919,86.48699444327288,87.39025704522699,21352000
2020-12-16,87.2576675415039,87.84958566273735,86.85395784860822,87.84958566273735,24676000
2020-12-17,86.42938995361328,87.73042186459409,85.96460093493897,87.59237404777944,34880000
2020-12-18,85.71977996826172,86.81919943152793,85.16262570212646,86.71045239928884,85256000
2020-12-21,86.13392639160156,86.25509235125325,84.11981793066384,84.87113629069282,33974000
2020-12-22,85.42184448242188,86.03710025089265,84.70478990793866,85.87422216127273,20370000
2020-12-23,85.81959533691406,86.60815530253585,85.47050159575537,85.60607168641371,22974000
2020-12-24,86.11405944824219,86.52373235094736,85.62691792776171,85.8578235085603,9312000
2020-12-28,88.0904312133789,88.73796554394026,86.49444423582476,86.64788120786828,27650000
2020-12-29,87.28598022460938,88.81096184437173,87.15438813378992,88.749390051316,19726000
2020-12-30,86.21784210205078,87.78255055222024,85.80816920576154,87.6454953550005,21026000
2020-12-31,87.03173828125,87.27307001104465,86.20989955570158,86.2685011129459,21070000
2021-01-04,85.71532440185547,87.52086474779807,84.7723272191455,87.39722105879531,37324000
2021-01-05,86.40654754638672,86.74322235263449,85.25697504611246,85.66367014998892,20360000
2021-01-06,85.55392456054688,86.60120576827877,84.22409958830787,84.43067500335674,46588000
2021-01-07,88.10930633544922,88.28211046401697,85.74659668999963,85.74659668999963,41936000
2021-01-08,89.27576446533203,89.35174039577915,87.45779767164348,88.24934305652008,35484000
2021-01-11,87.21297454833984,88.60785665174316,87.00689924554796,88.24237361206355,34796000
2021-01-12,86.27643585205078,87.78949855387994,85.23114750770641,86.67021949760816,29528000
2021-01-13,86.76408386230469,87.21795421271686,85.77440403010542,85.77440403010542,23432000
2021-01-14,85.95316314697266,87.7721222794628,85.7123239531653,86.84451442090425,29212000
2021-01-15,85.78929901123047,86.78244915170757,84.9992539543371,85.85881921797849,31444000
2021-01-19,88.61233520507812,89.5741993642567,86.04802079890773,86.5530367998629,41660000
2021-01-20,93.35958862304688,94.33535679156603,90.3523301990079,90.69297541443379,64152000
2021-01-21,93.56218719482422,95.94227110893598,93.32681109981424,94.03393956655104,58634000
2021-01-22,93.97982025146484,94.56726795774651,93.18231920625786,93.92519668461135,32744000
2021-01-25,94.06522369384766,95.43279798699298,92.32125523928354,94.98190543815457,50586000
2021-01-26,94.7440414428711,95.13136939895124,93.16394372149756,93.65356299193041,31462000
2021-01-27,90.32402038574219,93.37944659543606,89.24843864993461,93.1033509899852,82512000
2021-01-28,92.02530670166016,93.75288594103539,90.92290930721236,90.92290930721236,55278000
2021-01-29,90.74212646484375,91.74421749329302,89.46096961827612,91.07284560042375,44530000
2021-02-01,94.00514221191406,95.12094344819168,91.59774264388165,91.59774264388165,40252000
2021-02-02,95.29871368408203,96.80085020179051,94.66557593964733,95.00126570965045,66332000
2021-02-03,102.23884582519531,104.60949618353341,99.98786872230788,102.57304290034453,97882000
2021-02-04,101.9781494140625,102.7562756387138,101.05798980789827,102.32525035691263,48596000
2021-02-05,103.72608947753906,104.0791536293732,101.79789063853698,102.27261325937808,29866000
2021-02-08,103.5120620727539,105.02562491261692,102.46081806842983,104.28076232458417,28828000
2021-02-09,103.05870056152344,104.20678043655732,102.79104585481538,103.02939978157666,21892000
2021-02-10,103.6093978881836,104.22515373346634,101.90912676405608,103.44354198838178,25102000
2021-02-11,103.72212219238281,103.98282108445419,102.73443512383678,103.83385461877602,20480000
2021-02-12,104.0339584350586,104.25592298130817,102.9683028144849,103.2761844765235,18990000
2021-02-16,104.81210327148438,106.52230792742778,103.8710913957422,103.8710913957422,31004000
2021-02-17,105.20538330078125,105.39507684955167,103.70225419655007,103.9818201312588,20294000
2021-02-18,104.56926727294922,105.37273140047849,103.94954106605648,104.52904784605579,22546000
2021-02-19,103.72509002685547,105.20339641668612,103.45793544183206,104.66759455127233,37938000
2021-02-22,102.00942993164062,103.30400607637003,101.69857799261982,101.97665882533313,29466000
2021-02-23,102.30042266845703,102.91518589418928,98.82986020333311,100.0097261156716,34658000
2021-02-24,103.47681427001953,103.7007716404692,100.68209421429081,100.80673050303888,22608000
2021-02-25,100.1070556640625,103.4365925447622,99.63729605423056,102.09236341525845,41548000
2021-02-26,100.40300750732422,102.12165310365899,99.3651674256296,100.80225428942666,40042000
2021-03-01,102.77415466308594,103.10040332291774,101.02422313651661,101.69857291071618,26060000
2021-03-02,102.51692962646484,104.01956628120942,102.1291091622479,102.53480408624813,25564000
2021-03-03,99.88160705566406,103.0884850858545,99.01706363524661,101.89472276716697,33892000
2021-03-04,100.9999008178711,103.0189723022075,99.58465876832166,100.05342577855534,49216000
2021-03-05,104.13526153564453,104.58863175555176,100.69449268365985,102.35156636872838,53100000
2021-03-08,99.68744659423828,104.96305669048873,99.57273635738918,103.48922828904087,36868000
2021-03-09,101.31919860839844,102.4891309814651,101.08282988254587,101.78548791823147,33920000
2021-03-10,101.11212921142578,102.36399312710523,100.27490127043286,102.36399312710523,27100000
2021-03-11,104.30757904052734,104.84040311495322,102.11818127805286,102.20607603435747,27702000
2021-03-12,101.79788208007812,103.16892653845659,100.92490535157664,103.10933995899494,33818000
2021-03-15,102.01836395263672,102.04567194316412,100.69499478793517,101.54860438306733,26168000
2021-03-16,103.48078155517578,104.9600729874848,102.25920360174919,102.5919079750365,31900000
2021-03-17,103.39785766601562,104.23110756924204,101.50590779981324,102.71506692244664,26382000
2021-03-18,100.37470245361328,102.72896343122781,100.26744054557446,101.7075051591949,31700000
2021-03-19,100.6537857055664,101.15433122246223,99.46051580491086,100.79134100852927,46072000
2021-03-22,100.83900451660156,101.71545922515175,100.01021756030983,100.68705266414705,33536000
2021-03-23,101.36734771728516,102.4985455672022,100.70541690450406,101.29882012114976,28510000
2021-03-24,100.93037414550781,102.67185719163797,100.75507714736035,101.88528247451289,25218000
2021-03-25,100.92689514160156,101.58137767227184,99.12084735520355,100.75756134986057,35616000
2021-03-26,100.54304504394531,101.27101819730069,99.50619002125315,100.89362388193071,27978000
2021-03-29,101.58883666992188,101.75867057035616,99.58565437646192,100.41543399056286,26492000
2021-03-30,101.62261199951172,102.4270612838006,101.11014761811329,101.9458828934242,27312000
2021-03-31,102.41960144042969,103.59847472541622,101.64891595703786,102.01638423893236,42570000
2021-04-01,105.75955200195312,106.0560073466186,103.85519106202273,103.89591057696796,39880000
2021-04-05,110.18801879882812,110.68608655978105,106.52577769061983,106.62211337456482,48510000
2021-04-06,109.70632934570312,110.6369149862401,109.33539077930254,109.78876098014031,35240000
2021-04-07,111.18466186523438,111.45628700798426,109.897041394547,109.897041394547,24134000
2021-04-08,111.75074005126953,112.81142515973859,111.38227917721422,112.42458973563836,28664000
2021-04-09,112.75580596923828,112.91967664270406,111.09674705309764,111.5029496208984,26146000
2021-04-12,111.46224212646484,112.07153467818617,110.62799202402903,111.93398695282929,25024000
2021-04-13,111.94937133789062,112.39827866126174,111.38426865957148,111.7785524215588,25682000
2021-04-14,111.3276596069336,112.59492016611924,111.03518222254296,112.59492016611924,21002000
2021-04-15,113.47981262207031,114.01363687359006,111.78749002966799,112.32279939947108,29174000
2021-04-16,113.35567474365234,113.92624054804651,112.76822708360963,113.6779530050074,26282000
2021-04-19,113.70377349853516,114.41536491519754,112.73148319799424,112.73148319799424,30290000
2021-04-20,113.16995239257812,114.16260241434755,112.08295189776874,114.08761909590847,22288000
2021-04-21,113.1371841430664,113.21911569548593,111.47216193615608,112.82433942501434,23204000
2021-04-22,111.85453033447266,113.66007812886873,111.24870812550311,112.99069133887703,24146000
2021-04-23,114.20879364013672,114.51617525978173,112.28804305693671,112.5735722203721,29066000
2021-04-26,114.70536804199219,115.43037100832214,114.07918606462448,114.43672073608383,32038000
2021-04-27,113.76435852050781,115.12844726225228,113.52500442771635,115.08772774296831,44386000
2021-04-28,117.14404296875,120.73626363457726,116.85503592861606,118.8055796155355,81106000
2021-04-29,118.81849670410156,119.38459197971964,117.87947003584557,118.64320728077503,41234000
2021-04-30,116.86895751953125,118.27674374149562,116.5243342650269,117.58998253277004,44856000
2021-05-03,116.35151672363281,118.2618411752265,115.97511498373677,117.43553948952028,28242000
2021-05-04,114.55142211914062,115.4531995650852,112.06109853502393,114.88511909946546,44818000
2021-05-05,114.94571685791016,115.95028579947221,114.62343858766027,115.63397073423225,26636000
2021-05-06,116.06698608398438,116.06698608398438,113.86666184645685,114.52660757501476,25190000
2021-05-07,116.79098510742188,117.75037160345586,116.50446333323039,117.38489608496133,28898000
2021-05-10,113.8025894165039,115.75164801717878,113.44455468092164,115.60962221755646,30914000
2021-05-11,112.72551727294922,113.2330185640915,110.93089578077006,111.38526620724798,34186000
2021-05-12,109.25892639160156,111.62908428486004,108.92969990964455,110.54704678651926,46376000
2021-05-13,110.68856811523438,111.20500283196507,109.58020769650676,110.54356450336654,33204000
2021-05-14,113.13866424560547,113.45349415886822,111.729385535674,112.153462565409,31996000
2021-05-17,113.66206359863281,113.70476832857226,112.00300454103483,112.4032439386327,21598000
2021-05-18,112.34861755371094,114.59363909579048,112.33471351228613,114.32896221785582,22204000
2021-05-19,112.79702758789062,112.97033180771274,110.50980892808556,110.65828287821735,23684000
2021-05-20,114.55738067626953,114.8081459150487,113.39390422424415,113.76534289383756,32352000
2021-05-21,113.92076110839844,115.1502873919722,113.68091452755536,115.07678919793108,40632000
2021-05-24,117.24336242675781,117.46731220686212,114.80616961581151,114.95166574781729,31832000
2021-05-25,117.33423614501953,118.38349497580484,116.94343028761784,117.78760640059416,22440000
2021-05-26,118.20026397705078,118.63128926079746,117.51250265235855,117.51548046613217,21572000
2021-05-27,117.32479858398438,118.63426373987288,117.00599824507955,118.63426373987288,35224000
2021-05-28,117.0353012084961,117.98971709570142,116.83667419938844,117.90778553815656,21482000
2021-06-01,118.24346923828125,118.46841921616031,116.90768099049576,117.90877961712468,23354000
2021-06-02,117.71759796142578,118.86219991513654,116.8123349585416,118.63923515219538,21158000
2021-06-03,116.57495880126953,117.04372575118856,115.67814441762557,116.48309363298941,18696000
2021-06-04,118.85871887207031,119.1298514725484,117.31139225486027,117.65204506352062,24458000
2021-06-07,119.29222869873047,119.40197591277536,118.23452893652797,118.6536353921515,24120000
2021-06-08,119.10054779052734,120.14732888330803,118.91880264907648,119.7744050682998,24240000
2021-06-09,119.57229614257812,119.81759827762734,119.02407534579427,119.74560035067245,17942000
2021-06-10,120.92247772216797,120.96568253894894,119.36571770257208,119.52163996137934,25904000
2021-06-11,120.67768096923828,121.24973189876641,120.11952650453333,121.16432243775947,21958000
2021-06-14,121.60678100585938,121.60727351963534,120.0718656116358,120.77997918731147,22098000
2021-06-15,120.58779907226562,121.93450591139118,120.22678650087968,121.6112350467546,21562000
2021-06-16,119.94522857666016,121.051103781599,118.65165259558208,120.73925165647537,26472000
2021-06-17,120.90957641601562,121.68323972485655,119.67459443294561,119.87074371139391,25842000
2021-06-18,119.28826141357422,120.77003827045989,119.19291832944006,120.53565476719979,46116000
2021-06-21,120.97810363769531,121.16431929234544,119.07721278021708,119.67509414601389,27414000
2021-06-22,121.4925537109375,121.56158140548996,120.23473424319909,120.91603228443775,22390000
2021-06-23,121.29045104980469,122.25231524209634,120.99995886509124,121.2571798519572,19148000
2021-06-24,121.660888671875,122.2125798006143,121.46226168040718,121.85951566334282,21362000
2021-06-25,121.6693344116211,121.79298566675085,120.73230051757878,121.16431840853278,34594000
2021-06-28,121.69664764404297,121.94394257241956,120.57389063199965,121.8381657792052,28526000
2021-06-29,121.4349594116211,122.17833695847023,120.8574453468583,121.83023580586497,23108000
2021-06-30,121.2531967163086,121.41955268809845,120.523230803747,121.15884624667858,24474000
2021-07-01,121.60578155517578,121.74729969788072,120.69903343613329,120.89120472356075,18110000
2021-07-02,124.39952087402344,124.54501702631757,122.21657849868089,122.30645847777228,25982000
2021-07-06,125.32562255859375,125.56199126890598,123.72912789938306,124.78782786126658,26404000
2021-07-07,125.60767364501953,126.41212285812817,125.28887328905228,126.2909644778478,24060000
2021-07-08,124.18746948242188,124.73519022909304,123.1724744263898,123.17644484488378,23790000
2021-07-09,124.65872192382812,124.87323817975565,123.69834285244087,124.16860255332142,18632000
2021-07-12,126.10572814941406,126.19908601347137,124.75057294521619,125.31369036596217,17668000
2021-07-13,126.46922302246094,127.18031431277677,125.80679208640693,126.16829714742079,19240000
2021-07-14,127.35859680175781,128.44064190439045,127.03830375300998,127.08150857342966,23742000
2021-07-15,126.13502502441406,127.818414131509,125.66328024495255,127.7677685685234,24218000
2021-07-16,126.10027313232422,126.93600829936067,125.28936823394764,126.78852695996613,20424000
2021-07-19,123.72466278076172,125.34051699003123,122.65900702825122,125.22580675306436,27968000
2021-07-20,125.3449935913086,126.17278040531404,123.49872621377297,124.66765836432434,26312000
2021-07-21,126.6753158569336,126.7219910057635,125.16026022646466,125.26950735241101,20746000
2021-07-22,127.54181671142578,127.60290356409935,126.62564273259673,126.96828072290918,14302000
2021-07-23,132.10386657714844,132.48523890184507,128.91139257324573,129.5370668627534,41506000
2021-07-26,133.1168975830078,133.3175098118285,131.39526640914235,132.4152397187816,30572000
2021-07-27,130.99649047851562,133.47838066984616,129.21280286257922,133.33089933666326,54710000
2021-07-28,135.16177368164062,137.3496864200583,134.3508687484611,135.37828272257383,95130000
2021-07-29,134.84744262695312,135.7248899473717,134.61455182333674,135.2173886380075,31716000
2021-07-30,133.80364990234375,134.37769361909994,133.3353829845041,134.11003891674122,25576000
2021-08-02,133.93077087402344,134.40946389978131,132.877534075771,134.19146975087898,21634000
2021-08-03,134.70095825195312,134.80224938250032,132.40628376383424,134.20933862806302,20762000
2021-08-04,134.19992065429688,134.72033341925697,133.5657902518696,134.42238532887288,19676000
2021-08-05,135.31817626953125,135.41601221577477,133.92230160341646,134.75108845286786,17870000
2021-08-06,134.8087158203125,135.5376968094334,134.28384768963306,135.1101493986969,20488000
2021-08-09,135.9751739501953,136.24432894143314,134.41245046326122,135.01133206332474,17760000
2021-08-10,135.86990356445312,136.82878994271528,135.4304297601133,136.40122739389997,19414000
2021-08-11,135.34552001953125,136.73939453465712,135.33806411914702,136.24183441816174,15352000
2021-08-12,136.25425720214844,136.3595339182404,134.4978772690755,135.0440977894179,16506000
2021-08-13,136.78408813476562,136.9122174832124,136.09435671368865,136.30986557995257,15948000
2021-08-16,137.36209106445312,137.41473699232492,134.37221455743094,136.5829646713406,22384000
2021-08-17,135.72540283203125,137.3184197232231,135.14987395556926,136.80644785628982,21716000
2021-08-18,134.52117919921875,136.1653413247019,134.3945501497645,135.5649747555027,19258000
2021-08-19,134.7506103515625,135.418504459747,133.33041285553048,133.51464330667287,21782000
2021-08-20,136.4881134033203,136.61175706353959,134.3235385962263,135.0684011023052,31194000
2021-08-23,139.0822296142578,139.90951622851577,136.6648966422779,137.02441648321607,28454000
2021-08-24,140.2938690185547,141.10675905037294,139.37718741260613,139.64831240205936,19268000
2021-08-25,141.10577392578125,141.21552113852167,140.407601620042,140.65488897401852,15848000
2021-08-26,140.47164916992188,141.44194660984968,140.38870986385695,140.77902317776307,20610000
2021-08-27,143.01759338378906,143.52260939124648,140.52776217570977,140.68219932895803,28780000
2021-08-30,143.60008239746094,144.9706345087551,143.17550523578328,143.41088134582995,24434000
2021-08-31,143.7063446044922,144.17709682612852,143.29270882385984,144.15277422389678,22448000
2021-09-01,144.22079467773438,145.25217904174795,143.8910681023776,144.00677094284313,21936000
2021-09-02,142.30552673339844,144.5227329152527,142.20422043422548,144.2213144723881,32342000
2021-09-03,142.75489807128906,143.16754877804087,141.425065626574,142.10041556217422,19850000
2021-09-07,143.29220581054688,143.57475715594347,142.63523794111092,142.8492616821158,20124000
2021-09-08,142.7067413330078,143.4108844692113,142.020480234913,143.1129515291971,18344000
2021-09-09,142.55776977539062,143.32199956321935,142.1967647782529,142.85521776816285,15314000
2021-09-10,139.9110107421875,143.72718852242127,139.77395555302834,143.2246427259932,36840000
2021-09-13,141.35752868652344,141.97079154644877,140.28243955259825,140.97714144111998,22094000
2021-09-14,141.5680694580078,142.38097464046592,140.77901709157425,142.0159841233431,19674000
2021-09-15,143.440185546875,143.4610378207638,140.3792960231764,141.79353785175581,27408000
2021-09-16,142.6262969970703,143.31157304134615,141.42607889210248,142.9644645098526,26190000
2021-09-17,139.83555603027344,142.4673980896483,139.50781463441865,142.0507769006327,53384000
2021-09-20,137.76930236816406,138.04788331383995,135.38823315495145,137.21512586800515,46518000
2021-09-21,138.08065795898438,139.05245580376248,137.3308247006124,138.79224184095924,25332000
2021-09-22,139.32257080078125,139.92193727417347,137.60244009203043,138.3497879973125,25056000
2021-09-23,140.2487030029297,140.72591094990884,139.4397832505702,140.02176781696548,20952000
2021-09-24,141.24082946777344,141.35554726885448,139.28035225637964,139.57581499979798,22984000
2021-09-27,140.10568237304688,140.96624781578487,139.10806172640446,139.84001289276725,21882000
2021-09-28,134.89959716796875,138.14371717178133,134.43281534888163,137.7052435287235,45772000
2021-09-29,133.43319702148438,136.21153513021474,132.94804827238903,136.0417012440677,30848000
2021-09-30,132.76034545898438,134.61406121757818,132.64117228038688,133.34184510409415,37996000
2021-10-01,135.60769653320312,135.9726870836677,133.15461451676552,133.52654572208218,35360000
2021-10-04,132.74392700195312,135.02915996467289,130.15230509481586,135.02915996467289,51202000
2021-10-05,135.0912628173828,136.28454028271238,133.12284448248417,133.12284448248417,32404000
2021-10-06,136.6227264404297,136.8064568252757,133.62837882643208,133.82700585993393,24364000
2021-10-07,138.27134704589844,139.08275211863085,137.7012737211679,137.94062025981415,25110000
2021-10-08,138.8280029296875,139.3697529009224,138.26388525704718,138.62091984045634,26526000
2021-10-11,137.96246337890625,139.7481514962856,137.90783223964974,138.33788008148647,17954000
2021-10-12,135.51437377929688,138.55142613938133,134.8300826580418,138.52460307915274,36332000
2021-10-13,136.6396026611328,137.05473875110437,135.5838803968462,136.46132782129834,19654000
2021-10-14,140.18414306640625,140.36935854476863,137.8740717298719,138.51862826245136,31894000
2021-10-15,140.39964294433594,140.7472515493763,139.79085052606553,140.64446014785966,30274000
2021-10-18,141.8000030517578,141.81788509015465,140.10320976767485,140.11016557752583,20396000
2021-10-19,142.255859375,142.67845134559514,141.6232292235095,142.40532593908162,20164000
2021-10-20,140.79788208007812,142.5627176630985,140.40806887959354,142.35613470041898,23288000
2021-10-21,140.9141082763672,141.18226306865893,139.5376005482952,140.7979053406626,26292000
2021-10-22,136.62417602539062,139.62000797880754,135.12402479425157,138.19682527141742,50588000
2021-10-25,136.50552368164062,137.0547295671816,134.4963706145337,136.6078150016208,34412000
2021-10-26,138.35426330566406,139.12344853853375,137.35714271239888,138.3095733663112,49236000
2021-10-27,145.21592712402344,147.63175995262506,138.45009190052772,138.45009190052772,85782000
2021-10-28,144.84994506835938,146.1499842212663,143.63631554919505,146.1266466491927,36206000
2021-10-29,147.03192138671875,147.22657797948324,143.65868705793508,144.08424925630118,43320000
2021-11-01,142.51406860351562,147.03192002619673,142.24442868736074,147.03192002619673,46924000
2021-11-02,144.43629455566406,145.60473405193912,143.3468087936872,143.58914068719244,33482000
2021-11-03,145.5938262939453,145.66433910278474,143.60057027429005,144.90109439674632,27494000
2021-11-04,147.25189208984375,148.70785360831633,145.30581121346245,146.1167161309597,38412000
2021-11-05,147.8323974609375,149.29778499356024,147.1818852970317,148.14771234223062,38354000
2021-11-08,148.01014709472656,149.58329636955824,147.41375092762158,148.79869936395048,23052000
2021-11-09,147.8984375,148.80816342631448,146.23639304016191,148.21078213972393,19530000
2021-11-10,144.89413452148438,147.05573924329605,143.54743538233325,146.4896364250964,29970000
2021-11-11,144.76800537109375,146.52490022179515,144.60314209474012,145.4860600290093,16518000
2021-11-12,147.65957641601562,147.83041049178345,144.41495647222519,145.61120416786628,22360000
2021-11-15,147.43511962890625,148.52510553842666,146.56412805215115,147.8805490402253,23508000
2021-11-16,146.8630828857422,147.74350045689724,146.30343572835443,147.13470800485993,18904000
2021-11-17,147.0329132080078,147.54189968393393,146.23144931565946,147.01354605058876,19594000
2021-11-18,148.8121337890625,149.54905558493877,146.87152355597607,147.2260728349166,35608000
2021-11-19,147.90635681152344,149.93239136520538,147.87904882264036,148.94816719539986,33682000
2021-11-22,145.2998504638672,148.80318386713506,145.14641349880958,148.30959419909644,30594000
2021-11-23,144.7834014892578,145.65539319292498,143.12782807825988,145.15186234817517,27218000
2021-11-24,145.11911010742188,145.2477243987509,143.38408255604315,144.47703883261104,18040000
2021-11-26,141.2090606689453,143.567292087887,140.87089317793425,143.35972407872825,30470000
2021-11-29,144.5336456298828,145.29539012622988,142.9078501657201,143.01362696483886,32596000
2021-11-30,140.925537109375,144.9999291351749,140.63155943723774,144.01521986367607,42068000
2021-12-01,140.08531188964844,144.95075636470054,139.9467715705473,143.01361658018308,34020000
2021-12-02,141.9866943359375,142.8790382066656,139.25403140880442,140.2824454448621,29194000
2021-12-03,141.02880859375,143.41087781045954,139.33995625268722,142.6968086608339,41230000
2021-12-06,142.1743927001953,142.867109397249,139.18997198196627,142.06067508092005,30618000
2021-12-07,146.26072692871094,146.52044078510028,144.23270692455046,144.59918260368823,32240000
2021-12-08,147.17144775390625,147.37654563981545,145.40315664150788,146.58549276228777,24270000
2021-12-09,146.627197265625,148.0786882197915,146.10728463519155,146.58002202898808,23270000
2021-12-10,146.98770141601562,147.9570138625122,145.6990885419643,147.68141834397827,24458000
2021-12-13,144.82762145996094,146.95643255514503,144.52073235798926,146.76921671564287,27070000
2021-12-14,142.92124938964844,143.49032245820712,140.24768798215138,142.98183615275286,38446000
2021-12-15,145.4379119873047,145.71599284864382,140.70753679900537,142.4266826928962,36370000
2021-12-16,143.45558166503906,146.66543763733537,142.6233092253354,146.16240684047588,33650000
2021-12-17,140.7542266845703,142.84927424878302,140.33213479314318,141.5239120744954,50416000
2021-12-20,140.6370086669922,140.80337222903077,138.36667189829006,139.0410217021847,27192000
2021-12-21,142.48974609375,142.88352978541766,139.54008877939256,141.0804596519441,28756000
2021-12-22,145.41207885742188,145.49650329171536,142.0875201032057,142.0875201032057,26322000
2021-12-23,145.91015625,147.2280624525813,145.44882997744546,145.49650530933746,26384000
2021-12-27,146.8933563232422,147.3278595123335,146.16140515021237,146.24731469886467,15976000
2021-12-28,145.6822052001953,147.28316267642893,145.05404564217633,147.22059070433994,18200000
2021-12-29,145.6504364013672,146.40722543558255,144.64984548921163,145.64001026436924,17788000
2021-12-30,145.19906616210938,146.29103742709447,144.99448351118997,145.68918557663048,15688000
2021-12-31,143.8597869873047,145.69363529996593,143.8597869873047,145.0495788982198,18136000
2022-01-03,143.99830627441406,144.85191577320137,142.72856062954136,144.06136317550153,28646000
2022-01-04,143.41041564941406,145.48162567752496,142.7320953123497,144.40008049006386,28400000
2022-01-05,136.83123779296875,143.50967764101412,136.7448433188205,143.43072391178902,54618000
2022-01-06,136.80393981933594,138.98142624455608,135.6230889673093,136.06007743230046,37348000
2022-01-07,136.07846069335938,137.50015849299731,134.83652283935174,137.1992250078914,29760000
2022-01-10,137.71963500976562,137.8686166309049,132.25235351586585,134.15274434444186,44408000
2022-01-11,138.77883911132812,139.25556215371742,135.75619861959672,137.06169356309954,28730000
2022-01-12,140.4617156982422,141.6311554318166,139.73076471910252,140.18313478333724,26108000
2022-01-13,137.63771057128906,141.871510304291,137.46092086663876,140.57047082946312,31436000
2022-01-14,138.52508544921875,139.77794951568995,136.06009199236166,136.14003076332514,29662000
2022-01-18,135.06642150878906,136.19215624113983,134.510759996625,135.24221100727823,34872000
2022-01-19,134.1909637451172,137.01449172836578,134.09065764793374,135.58832360539645,28648000
2022-01-20,132.3943634033203,136.6832943570819,132.0537105865044,135.31671267129403,29908000
2022-01-21,129.4586181640625,133.94169047418686,129.19543397045766,131.68526524961257,55652000
2022-01-24,129.9080047607422,130.30427370622866,123.64718576692493,125.11505844265665,76622000
2022-01-25,126.06551361083984,128.5126400999818,125.63399580516415,127.85815753662722,46960000
2022-01-26,128.3477783203125,132.0889733339284,126.27109790890478,130.2208611272421,49130000
2022-01-27,128.121337890625,131.74384451812946,128.04932480717565,130.40458604804593,31950000
2022-01-28,132.4375762939453,132.4430469854513,127.6049098676887,128.7708642548901,34362000
2022-01-31,134.37667846679688,134.5450272244261,131.30387795487317,133.24300286957987,39986000
2022-02-01,136.70115661621094,136.8491380497125,133.44809584204324,136.65199616866573,68644000
2022-02-02,146.98622131347656,150.50842187379808,144.52569849957,150.213959281509,123200000
2022-02-03,142.10984802246094,148.64974827603828,141.68825627852442,144.70744115071966,71518000
2022-02-04,142.3114471435547,143.88261122528846,139.55247646938693,142.4619138594205,57998000
2022-02-07,138.2475128173828,143.2619244603311,137.9485645278239,143.2619244603311,54974000
2022-02-08,138.44415283203125,139.04103406729655,136.07549495720775,138.0742067910711,54284000
2022-02-09,140.6221160888672,141.5482389401136,139.22674129304525,139.99792689638787,40144000
2022-02-10,137.6704559326172,140.51533620817344,137.0120030221674,138.74654529321856,39330000
2022-02-11,133.3626708984375,138.20327714148414,132.48620871777104,137.65060102749104,39958000
2022-02-14,134.59768676757812,135.36638715070688,132.34373146379744,132.34373146379744,34302000
2022-02-15,135.67276000976562,137.16248526255038,134.89114828122072,136.62816089438695,26680000
2022-02-16,136.79452514648438,137.14013340541413,133.99979001083722,135.71049482174425,25022000
2022-02-17,131.63113403320312,136.17429301504373,131.571047355808,135.30975711120635,38950000
2022-02-18,129.509765625,133.15165480974724,129.3046828967441,132.55277323596871,45620000
2022-02-22,128.92428588867188,131.27506117312328,127.3451658551134,128.94860848642685,44990000
2022-02-23,126.71403503417969,131.146461476255,126.65394836077941,130.74672218976002,32786000
2022-02-24,131.78208923339844,132.08897834726324,124.09759400552933,124.09759400552933,54456000
2022-02-25,133.53848266601562,134.34491711381497,130.84902416146156,132.63719764584428,36406000
2022-02-28,134.1318817138672,134.82161307191876,131.6842552568574,132.1386256771338,38864000
2022-03-01,133.1431884765625,135.3221600936974,132.30597577184693,133.95459346241825,26496000
2022-03-02,133.64968872070312,134.3359496769534,132.15996371146767,133.70580496937254,23520000
2022-03-03,132.98228454589844,135.50487869864904,132.1142633849334,135.07831643955157,24604000
2022-03-04,131.00294494628906,132.93462912207434,129.44469223141712,132.01696245071622,30430000
2022-03-07,125.51282501220703,130.8326323863865,125.42989327908792,130.5873302458659,45112000
2022-03-08,126.23385620117188,130.35096043233546,124.81365114823323,125.38520955872268,40428000
2022-03-09,132.50607299804688,132.819417767815,129.0106807977229,130.35093928701357,37026000
2022-03-10,131.52236938476562,132.3590970925639,130.01576245076538,130.3668413584077,27102000
2022-03-11,128.9809112548828,132.87902880681497,128.74354993397455,132.57412490739122,31526000
2022-03-14,125.0882568359375,129.51572059424493,124.41689239486837,129.35781310754138,38812000
2022-03-15,128.31301879882812,128.96503124625056,124.85933803680028,126.1062389125735,30920000
2022-03-16,132.3675537109375,132.41968439619922,127.85268781908668,129.83750304335058,35576000
2022-03-17,132.92222595214844,133.1620725593792,131.27954871173705,132.23694993148916,28264000
2022-03-18,135.1930694580078,135.3107575128398,131.35255331585438,132.5105667989843,44566000
2022-03-21,135.1692352294922,136.1112397829853,133.17399378353716,135.230807026935,26832000
2022-03-22,138.909912109375,140.08382229708803,135.1692175332458,135.1692175332458,35496000
2022-03-23,137.3283233642578,138.6323329542987,136.8908499613676,137.7524003944116,25154000
2022-03-24,140.60226440429688,140.6489395534487,136.80693829894508,138.24650294781864,26396000
2022-03-25,140.70257568359375,141.06209557943052,138.78033233561635,140.94390742955568,24126000
2022-03-28,140.48655700683594,141.02980723169944,138.85380578704,139.9353507908975,35050000
2022-03-29,141.52932739257812,142.80851414166423,141.06553108100996,141.67036814643419,34318000
2022-03-30,140.96624755859375,141.74288866121253,140.63006526780768,141.48417499062563,19884000
2022-03-31,138.11492919921875,141.13459942506373,138.07222446526833,141.07996828031875,37524000
2022-04-01,139.1905059814453,139.50880628223612,137.36012770919172,138.54446426924704,25942000
2022-04-04,141.99215698242188,142.72759360722597,139.34938903607505,139.39706436312292,25942000
2022-04-05,139.62799072265625,142.01104517908408,139.4209227742379,141.89038687951535,21418000
2022-04-06,135.6126708984375,138.40590569725433,134.5887272738365,137.79958340829674,32468000
2022-04-07,134.9576873779297,136.22494793186857,133.30805431972186,135.07834566419274,26234000
2022-04-08,132.37449645996094,134.74066862943772,132.0546959534093,134.65475908711477,25142000
2022-04-11,127.94107818603516,131.18768319388306,127.78714112721842,130.92052859554875,36884000
2022-04-12,126.83968353271484,130.6985743297183,125.92052403940545,130.6985743297183,32710000
2022-04-13,129.0042266845703,129.44121512067846,126.86597479989753,127.12320332377392,27928000
2022-04-14,125.86192321777344,129.58574380720424,125.73380145210479,129.58574380720424,31598000
2022-04-18,126.80194091796875,127.33426494363471,125.31767872057605,126.13007637850053,20808000
2022-04-19,129.1184844970703,129.4402551429919,126.12959238263713,126.81685374764395,26490000
2022-04-20,127.16293334960938,130.49893329620238,126.62663895836951,129.99540243243885,31696000
2022-04-21,123.95953369140625,129.2073354940893,123.67350445849084,128.36465210884853,36446000
2022-04-22,118.8160171508789,124.54302006316087,118.1103889142465,124.14377326402423,56884000
2022-04-25,122.23096466064453,122.43306957367948,117.69922438047917,118.2851793587275,46128000
2022-04-26,117.83726501464844,121.6708251413164,117.69921720652222,121.4568014084917,73054000
2022-04-27,113.51160430908203,116.43890897861922,111.9642776783268,113.68540104249192,91820000
2022-04-28,117.71063995361328,118.82991910256544,113.33332937298223,115.61757779171258,48884000
2022-04-29,113.32786560058594,117.11226538731582,113.03488812105105,115.93488477812409,42676000
2022-05-02,115.784423828125,115.94580921166728,111.82870509334481,112.62819126516962,35534000
2022-05-03,116.5302734375,117.63068544527395,115.23967536784316,115.63295892784193,24968000
2022-05-04,121.42352294921875,122.01295576109642,114.32746141701645,116.22984481156482,49916000
2022-05-05,115.70745086669922,120.20989755476226,114.21772570249654,119.38061812261219,45840000
2022-05-06,114.95365142822266,116.76615498990255,113.23451331524208,114.39550456228451,39710000
2022-05-09,111.74031066894531,114.28873566343553,111.23330949084597,112.47424700492478,40802000
2022-05-10,113.61141204833984,115.45370897495468,112.12714988528167,114.71629465970669,39900000
2022-05-11,112.82433319091797,115.56741475011088,112.46084292776307,112.46084292776307,37534000
2022-05-12,112.07103729248047,113.51209458382574,109.0722196869369,110.61458326418952,53836000
2022-05-13,115.25557708740234,117.06758067088552,112.82683262018276,113.74846982950024,35038000
2022-05-16,113.66107177734375,115.37425431835217,113.10938061192142,114.1680730032844,25990000
2022-05-17,115.67517852783203,116.09925558724196,114.08316196839625,116.0401615158737,23054000
2022-05-18,111.13301086425781,114.60953671958168,110.79136543123056,114.21227511679197,35126000
2022-05-19,109.62789154052734,112.2359033534811,109.24651920632846,110.66821695459474,34144000
2022-05-20,108.16199493408203,111.41506331912538,105.07181220746052,111.18415014796633,48962000
2022-05-23,110.72432708740234,111.37930975737493,107.99614188533646,108.836847701739,37184000
2022-05-24,105.2441177368164,105.72927404793693,101.18660038025172,105.04747595596399,76780000
2022-05-25,105.08025360107422,105.7704926632561,103.1450989268673,104.26636328189969,40258000
2022-05-26,107.05413818359375,107.90526250642102,104.5042203882763,104.95312769995195,37948000
2022-05-27,111.54714965820312,111.54864235370516,108.39091700191756,108.7330625115349,37914000
2022-05-31,112.98274993896484,114.94223478737628,111.31077945637375,111.9742030382361,50012000
2022-06-01,113.11185455322266,116.29937309388902,112.47425385777059,114.06826317353504,36606000
2022-06-02,116.81681060791016,117.09191364618562,112.17284522011377,113.2191263212025,37992000
2022-06-03,113.75641632080078,115.52472253823346,112.7409211603864,115.26749397177188,26136000
2022-06-06,116.02030181884766,118.5294926139671,115.36829697900254,115.90509148996708,33542000
2022-06-07,116.34703826904297,116.88483293983977,114.26390982732367,114.68947198764029,31590000
2022-06-08,116.3912353515625,117.75830946134262,115.80130242266203,115.9616951970942,26108000
2022-06-09,114.04889678955078,117.48867330795103,113.98980271889602,115.53067360236983,25798000
2022-06-10,110.40005493164062,112.50305059167471,109.61000232222437,111.67476376402166,41452000
2022-06-13,105.66373443603516,108.04629624886985,105.3921093112375,106.05503282631635,47252000
2022-06-14,105.98451232910156,107.18523046976311,105.07528653929919,105.80525248931403,33706000
2022-06-15,109.01263427734375,110.66026699950997,106.93198347818276,107.8014823825955,39698000
2022-06-16,105.30718994140625,107.904275532212,104.41782377620616,106.48655577638867,51684000
2022-06-17,106.40957641601562,107.95491769144247,104.32644049506787,105.30717922574236,51376000
2022-06-21,110.77993774414062,111.7189644125282,107.85610349476617,108.18334476803008,47416000
2022-06-22,110.72383117675781,112.57009089350043,109.62639691916156,109.7992086229141,30774000
2022-06-23,111.47315216064453,111.9702273097303,109.74358796129896,111.46272602416786,28362000
2022-06-24,117.1668930053711,117.27018450537825,112.17879704892937,112.22100926625183,41164000
2022-06-27,115.04005432128906,117.76723906577276,114.39052725392568,117.46284286786336,36420000
2022-06-28,111.2402572631836,116.50594092617479,111.08184970421698,115.00925999761652,35792000
2022-06-29,110.93636322021484,112.3853689488812,110.11303936843558,110.78788927074342,24716000
2022-06-30,108.21662139892578,110.12843854185274,106.0187825786,109.24652068989226,43170000
2022-07-01,107.99266815185547,108.50165457610703,105.99941202989662,107.19367448668028,35476000
2022-07-05,112.48716735839844,112.60038490089782,105.00725515042267,106.36688099642751,39342000
2022-07-06,113.78720092773438,114.7977330534994,110.71240730639667,112.5259035341935,37432000
2022-07-07,117.96934509277344,118.37306236499573,114.04690533231896,114.29171495203762,40936000
2022-07-08,118.53594970703125,118.8651762014679,116.10074202416587,116.44685795142414,38238000
2022-07-11,114.8841323852539,117.1897331383704,114.54050176466727,117.1897331383704,31196000
2022-07-12,113.2394790649414,116.172746938359,112.91124517680676,115.41894329267954,29960000
2022-07-13,110.59075164794922,113.41377989157871,110.43979239256281,110.93586740386377,43722000
2022-07-14,109.61150360107422,110.33203606233151,107.63066634050548,109.4555813251154,37004000
2022-07-15,111.0118408203125,112.36551106488659,110.14035668814668,111.23332046369126,46770000
2022-07-18,108.28315734863281,112.9013069637435,107.62768220362615,111.86842992036455,43164600
2022-07-19,113.0304183959961,113.2389790223901,108.80953017450513,110.090694802755,36530900
2022-07-20,113.11980438232422,114.60952961762138,111.7095329780885,112.39480143387381,35600400
2022-07-21,113.5567855834961,113.76535378483867,110.34891481197837,113.49719899861788,32676200
2022-07-22,107.16090393066406,111.57048549483595,105.77049218927488,110.23966791558226,48901200
2022-07-25,106.77357482910156,109.11740979105046,105.571864055946,107.66741148020654,34690900
2022-07-26,104.30062103271484,106.46568857174864,103.35713146074687,105.86980002223551,47991000
2022-07-27,112.28555297851562,113.12973666354446,107.27014929212193,108.51158697347695,59858500
2022-07-28,113.43760681152344,113.55677997539442,110.69651038548061,111.60028062288364,32816600
2022-07-29,115.52322387695312,115.91055182503115,112.2855523018916,112.30541954786877,37223400
2022-08-01,114.0732192993164,115.9204790624543,113.55677701223817,114.51020776113126,26034300
2022-08-02,114.34138488769531,115.55302939796853,112.94104698347473,113.21912783951088,20236000
2022-08-03,117.27117156982422,117.80747356026012,114.68898269438547,114.91740298576683,28499000
2022-08-04,117.38042449951172,117.96637948017171,116.08932620935268,116.67528876714736,21602900
2022-08-05,116.66535186767578,117.30096737131531,115.20541990311378,115.43384777651602,19159500
2022-08-08,116.49651336669922,119.32698972388245,116.07938455316629,117.57904337218183,19138300
2022-08-09,115.83110046386719,116.51637649913262,114.9174041349362,116.33760916719966,19086500
2022-08-10,118.88007354736328,120.09171797963317,117.59891648269448,117.96637720002795,30930400
2022-08-11,118.02595520019531,120.65780450187786,117.74787438229087,120.44924388844952,24293700
2022-08-12,120.84651184082031,120.84651184082031,118.64171727202111,119.4362404313281,19096300
2022-08-15,121.2437744140625,121.4622686635192,119.7838424537241,120.30027720751173,19494800
2022-08-16,120.86637115478516,121.59137410380659,119.81363441236235,120.68760382332333,19041200
2022-08-17,118.7311019897461,120.45918110770077,118.56226070771955,119.29719726513474,22847000
2022-08-18,119.34683990478516,119.9923889538737,117.90677536054679,118.61191098805985,17987700
2022-08-19,116.4071273803711,118.33384108294739,115.96021284676502,118.24445362994561,21809500
2022-08-22,113.45747375488281,114.83795189055648,113.07014579319794,114.41089701265592,21456600
2022-08-23,113.080078125,114.22220232746935,112.65302325197702,112.70268379096306,15870400
2022-08-24,112.91124725341797,113.99377732088206,112.09686440266782,112.72254629309008,17734600
2022-08-25,115.85095977783203,115.92047998120505,113.32835763422956,113.45746441845546,16956800
2022-08-26,109.58419036865234,114.33145473006633,109.43522389908544,113.93419313124014,37245700
2022-08-29,108.67050170898438,110.19002042350317,108.05475338537484,109.2365970649254,21191200
2022-08-30,108.19377899169922,109.74309078993296,107.0615884349693,109.41534942426527,27513300
2022-08-31,107.47870635986328,110.09068842730832,107.38931890965122,109.89206143571225,28627000
2022-09-01,108.98829650878906,109.69343221359867,106.62460185419623,107.53829818348746,28360900
2022-09-02,107.11123657226562,109.98143974980776,106.52528165136928,109.83246571965539,24160700
2022-09-06,106.07836151123047,107.2900058656168,105.05541810364878,106.56501052381782,25068300
2022-09-07,108.70027923583984,109.22665517213872,106.16775093808137,106.32665101955834,23167000
2022-09-08,107.63760375976562,108.84924807890526,106.42596701775983,107.29993636702643,24238300
2022-09-09,109.8920669555664,110.22973437366748,108.27322734192177,108.32288788088225,23197700
2022-09-12,110.10062408447266,110.85542030532613,109.17699415992941,110.22973087368234,22966800
2022-09-13,103.60543060302734,107.55817181087704,103.37700271858566,107.06159670108931,38172900
2022-09-14,104.28076171875,104.55884253765855,102.94994420622076,103.85370686767357,26395100
2022-09-15,102.205078125,104.54890533722246,101.64890892908129,103.3174013625699,34188300
2022-09-16,102.09584045410156,102.42357425141003,100.24858053268528,101.370837496437,42797200
2022-09-19,102.36398315429688,102.62220430858018,100.85439829715003,101.05302529143925,23036800
2022-09-20,100.44719696044922,101.66877487424708,99.83144119242695,101.38076044616248,26517100
2022-09-21,98.5999526977539,102.17529197681066,98.59001907394925,100.97358111903203,31487300
2022-09-22,99.45404815673828,100.54651172658414,98.11329706751228,98.14309035749649,34298600
2022-09-23,98.06365203857422,98.97735601298936,96.80235457462604,98.94755514115927,31625400
2022-09-26,97.49754333496094,99.19582909385643,97.13008264794297,97.42802313116289,27072700
2022-09-27,96.83214569091797,99.31502122145433,96.20646378499133,98.74892590357743,30072800
2022-09-28,99.36466979980469,100.01021129831565,96.44480610275087,96.98110806203425,32466300
2022-09-29,96.75269317626953,97.96433766405387,95.30269475589749,97.96433766405387,31047200
2022-09-30,94.99481964111328,98.22255784193378,94.90543218159583,96.38523145843214,32941500
2022-10-03,97.9643325805664,98.60988170924736,95.85885148341555,96.09721298076929,27982000
2022-10-04,100.94377899169922,101.14240598760246,99.692407701533,99.75200186201134,28850800
2022-10-05,100.73522186279297,101.23179694688893,98.1232396482166,99.14618310911277,22176900
2022-10-06,100.72528076171875,102.2249395259523,99.90096436480401,99.99035181341513,22324000
2022-10-07,98.00405883789062,99.84138513244945,97.6266645019863,99.16604271542337,27502800
2022-10-10,97.18968200683594,98.42118616908063,96.34550582769349,98.32187266161709,18225100
2022-10-11,96.51432800292969,98.57014842775828,95.65028467937152,96.76261553045553,26507100
2022-10-12,96.89173889160156,98.07359014947858,96.07735596509131,96.63352527434037,21876400
2022-10-13,98.3814468383789,99.09651612531559,93.73350405042449,94.49823387339498,34574500
2022-10-14,95.8985824584961,100.00029770106381,95.70988906985619,99.30508800339284,25410700
2022-10-17,99.28521728515625,100.23864047742966,98.1530267707607,98.18282006159207,28419200
2022-10-18,100.0797348022461,102.76124468709659,99.28521924820954,102.42356970435209,24060700
2022-10-19,98.94754791259766,100.32802603161117,98.2424122068316,99.32494982352485,23811100
2022-10-20,99.28521728515625,101.61911851826515,98.70918840530337,99.3150105759876,25323200
2022-10-21,100.43727111816406,100.61603844678358,97.05063307454373,97.17973986521672,32458700
2022-10-24,101.81775665283203,102.0461845360979,99.29516177597404,101.10269486321174,27176400
2022-10-25,103.76432800292969,104.10199540713289,102.01638166791882,102.19514899283054,40611400
2022-10-26,94.27973937988281,97.63658399309821,94.04138547726846,95.7694645312069,88114100
2022-10-27,91.58830261230469,94.77631349543512,91.17118139256064,93.87254327552247,60710900
2022-10-28,95.63042449951172,95.88864564835471,91.49891642655986,91.63795683505978,43697300
2022-10-31,93.86262512207031,95.37221005350747,93.3362567418793,94.766387840837,31675000
2022-11-01,89.85029602050781,95.37220847515945,89.75098252011932,94.79617956491805,47161400
2022-11-02,86.374267578125,90.55542869485429,86.2848801267709,90.31707478646692,57038300
2022-11-03,82.85850524902344,85.92733512851572,82.76911780843311,85.7287081583,61288000
2022-11-04,85.98694610595703,86.04653269325414,83.13660230513511,84.81502856726082,51124900
2022-11-07,87.88385009765625,88.29104527507938,86.25508454223157,86.68213938768645,34078900
2022-11-08,88.2910385131836,89.70130972658177,86.99000683129465,88.2910385131836,30429000
2022-11-09,86.72187805175781,88.82735927371178,86.68215113317737,87.84413508739937,31769100
2022-11-10,93.2965316772461,93.74344623382733,90.98248990601425,91.61810542419562,51620100
2022-11-11,95.7496109008789,96.26604565196418,93.27666153820596,94.04139140730278,33090500
2022-11-14,95.04446411132812,96.12700168973441,93.86262061279506,94.43864192776208,30179500
2022-11-15,97.76570129394531,99.45405348533612,96.04754823383983,97.58693396732818,41640800
2022-11-16,98.17288970947266,98.95747922841689,96.97117895072545,97.22940010842291,29105200
2022-11-17,97.68624877929688,98.59994509335151,96.12700335615402,96.30577068517638,26052600
2022-11-18,96.76261138916016,98.22254320087063,95.70987474218904,98.09342884271733,28342300
2022-11-21,94.94514465332031,97.72596786484839,94.70679075943134,96.62357068705312,21647400
2022-11-22,96.38522338867188,96.55405709268237,93.40577299121226,95.29275218122933,23438500
2022-11-23,97.78556823730469,98.08351632954358,96.42494972921129,96.42494972921129,18868100
2022-11-25,96.79241180419922,97.96432927332067,96.73282522043966,97.56706770161041,9701400
2022-11-28,95.39207458496094,96.9115930964902,94.95508609589683,96.37529110822086,26237500
2022-11-29,94.5379638671875,95.46159379672028,93.46535990183312,95.07426584986467,20061700
2022-11-30,100.29823303222656,100.34789357132563,93.77323675188165,94.17049833327081,43647500
2022-12-01,100.29823303222656,101.54960436160536,99.563304031794,100.32802632483222,28687100
2022-12-02,99.75200653076172,100.07974033162778,98.22255434389345,98.37152838636051,21480700
2022-12-05,98.798583984375,100.68556327887788,98.32186856044572,98.71913015086434,24405100
2022-12-06,96.31570434570312,99.09652020396926,95.75953511234248,98.6198123778136,24910700
2022-12-07,94.2896728515625,96.21637889173988,94.0711786173766,95.74960470986467,31045400
2022-12-08,93.0680923461914,94.92528570876573,92.80987120585085,94.72665114806772,32213300
2022-12-09,92.19413757324219,93.61434270374613,92.11468373641269,93.12769363601662,28225400
2022-12-12,92.67084503173828,92.91913258788558,90.98249268079053,92.07495641241171,29420000
2022-12-13,94.97494506835938,98.8482321260313,94.3790565003639,97.09035971387452,40593700
2022-12-14,94.41877746582031,96.20645063429905,92.95884564108498,94.54788424799176,28733600
2022-12-15,90.23761749267578,92.998573521634,89.39344143432389,92.49206485576933,40107000
2022-12-16,89.64173126220703,90.70440157933497,88.90679472353236,90.13830631838147,58011800
2022-12-19,87.83419799804688,89.93967137816473,87.6057701392111,89.64173089197104,29493000
2022-12-20,88.41020965576172,88.56911729276713,86.84103841456574,87.50644709597626,23453800
2022-12-21,88.96639251708984,89.60200800878793,87.71502120281298,88.46981744062983,24745600
2022-12-22,87.15885162353516,87.9335074600943,85.72871310857447,87.55611316403909,27658300
2022-12-23,88.61878967285156,88.93659741222335,86.47358174924135,86.5133086638046,23003000
2022-12-27,86.79138946533203,88.33077520142463,86.4139951427837,88.19173478905765,20097300
2022-12-28,85.43077850341797,87.43694618896947,85.3513322445214,86.38420938152522,19523200
2022-12-29,87.84412384033203,88.2413853981384,86.01673128241025,86.02666490506726,23333500
2022-12-30,87.62564849853516,87.69516871184464,85.97701547271711,86.38421070576915,23986300
2023-01-03,88.5095443725586,90.4263244711382,87.91364821898763,88.97631857972549,28131200
2023-01-04,87.47666931152344,90.02906496049344,86.67221251659535,89.73111687687052,34854800
2023-01-05,85.60955047607422,86.97016907744491,85.31160994054471,86.87085556560174,27194400
2023-01-06,86.74172973632812,87.0893383476196,84.2787216281847,86.19550170469084,41381500
2023-01-09,87.41707611083984,89.43317735489786,87.25817602105704,87.75475111447206,29003900
2023-01-10,87.81432342529297,88.06261093163714,85.24206849659141,85.3910425158246,30467800
2023-01-11,90.89309692382812,90.97255075305516,88.40029554318691,88.56912924744373,26862000
2023-01-12,90.50577545166016,91.24071205887914,89.1352308965623,90.85338408510943,30258100
2023-01-13,91.4889907836914,91.55851098824732,89.51261661092427,90.22768590186173,26329200
2023-01-17,90.66468048095703,91.6181037407099,89.43317638425138,91.42940278257716,32602400
2023-01-18,90.49583435058594,92.16432672046598,90.019118997563,91.50884405720113,29116700
2023-01-19,92.41262817382812,92.96878985532521,90.00919895635575,90.09858641353043,37000400
2023-01-20,97.34857177734375,97.62666017673301,94.36912140666584,94.44857523506278,63191100
2023-01-23,99.10645294189453,99.35474047579733,96.83213822208886,97.2790527522602,40005100
2023-01-24,97.03076934814453,98.9276898249223,96.5341942592039,97.42803093472394,33078500
2023-01-25,94.56775665283203,95.50132020032594,93.11775837133916,94.91535768313268,42330000
2023-01-26,96.85200500488281,96.90166554616475,94.72666416473407,95.83899512609038,30114000
2023-01-27,98.6893310546875,99.63282064646212,96.6434366363265,96.6434366363265,33879800
2023-01-30,96.2759780883789,97.61672927716072,95.73967609743931,96.8122800793185,27226200
2023-01-31,98.16295623779297,98.20268315266414,96.15679628817142,96.20645682604395,29870700
2023-02-01,99.7420654296875,100.49686163170139,96.91158914355285,98.03384603535108,35531100
2023-02-02,107.00199127197266,107.11123839079693,104.88658425472231,105.07528520126132,69883800
2023-02-03,104.06227111816406,107.07151484914603,101.87734382713276,102.22494486291488,65309300
2023-02-06,102.19515228271484,103.64515059717341,101.1821348832258,101.69857720610024,31999600
2023-02-07,106.90267944335938,107.43898142309807,102.413644187333,102.51295768495851,49010200
2023-02-08,98.6893310546875,102.43350370738915,97.36843956449569,101.35097370371372,94743500
2023-02-09,94.35919189453125,99.34480199770559,92.988639925003,99.31500870743477,119455000
2023-02-10,93.9222183227539,96.0872861589294,93.60441054758755,94.79618781017761,54980700
2023-02-13,93.9619369506836,94.54789190623137,93.19720708667369,94.0910437433125,50076100
2023-02-14,94.03145599365234,94.20028969972182,91.62803446223668,93.78316845750277,54726100
2023-02-15,96.2759780883789,96.4547454186921,93.50508825709151,93.84275567149737,50169000
2023-02-16,94.85577392578125,97.01090795498209,94.09104405920391,94.71673350951889,42462600
2023-02-17,93.7037124633789,94.90542320133379,92.571521930855,94.20028752420988,34284100
2023-02-21,91.16126251220703,92.46228691724235,91.09174229767389,92.36297340750001,33629300
2023-02-22,91.022216796875,91.4790649768656,89.98933968584355,91.07186976029493,30884000
2023-02-23,90.26741790771484,91.31022861201542,89.14516094882144,91.29036136551639,41206400
2023-02-24,88.51947784423828,89.27427414551435,87.97324976048894,88.8273595699799,36585100
2023-02-27,89.25440216064453,89.54241659872595,88.72802624317121,89.25440216064453,27502300
2023-02-28,89.44310760498047,90.60509913680653,88.70817855378289,88.71811217771574,30142000
2023-03-01,89.74104309082031,90.40645183522004,89.05576710134766,89.36364878290716,31111200
2023-03-02,91.36981201171875,91.64789283593468,88.97631656003954,89.0458443432277,32204400
2023-03-03,93.00851440429688,93.087968235955,91.81672966082834,91.84653053055096,35160100
2023-03-06,94.4783706665039,95.31262072930046,93.35611372922939,93.37597339821141,32639300
2023-03-07,93.21707916259766,95.01467861504145,92.88933777532736,94.32941012372648,27835500
2023-03-08,93.60440063476562,95.30268646381667,93.3561130999254,93.47529384441702,34103300
2023-03-09,91.68761444091797,94.87562526615336,91.27049322874895,93.40576740123382,28813500
2023-03-10,90.00919342041016,92.15440133504755,89.78077313404465,91.53864552759404,35941000
2023-03-13,90.48590850830078,91.93590678175909,88.80748237211967,89.47289113745587,37335600
2023-03-14,93.3263168334961,93.7136447693308,91.806798381047,91.92597154460599,36050200
2023-03-15,95.45165252685547,96.26603527001882,92.00542061880317,92.58144947002774,50622100
2023-03-16,99.63282012939453,100.49686346498038,94.84583683514583,95.54103889104195,65492000
2023-03-17,100.92391967773438,102.13555648041809,99.41432722588,99.57323488486855,61028500
2023-03-20,100.52665710449219,101.05302545965556,99.18590594797273,99.43419347981462,32960400
2023-03-21,104.20130920410156,104.38007652952844,100.52665677571322,100.55645006709534,42110300
2023-03-22,102.66193389892578,105.8598710222932,102.62220698360557,103.55576297366062,43427400
2023-03-23,104.87665557861328,105.5718652382067,103.7444650002461,104.34035358194444,40797800
2023-03-24,104.71775817871094,104.76741114179761,103.12871181724563,104.27083604812334,30393300
2023-03-27,101.7581558227539,104.0424040271739,101.23178749509955,103.90336362277968,31120900
2023-03-28,100.33797454833984,101.74824616920341,99.05680973993205,101.73832012164681,32057900
2023-03-29,100.69549560546875,101.7879592821989,99.96056659779713,101.57939865477051,28779600
2023-03-30,100.19892883300781,100.46708364562146,99.09653144145204,100.21879608134556,33086200
2023-03-31,103.01946258544922,103.17836266038097,100.34788640788328,100.60610755392301,36863400
2023-04-03,103.64514923095703,103.81398293626825,101.23179408733668,101.68864224254398,25035400
2023-04-04,104.00267791748047,104.85678759514104,103.32733555786824,103.61534999123135,24420100
2023-04-05,103.75440979003906,105.3732420003545,102.94996049702411,105.05543421743566,28290500
2023-04-06,107.67733001708984,108.4221925782105,103.61534982080275,104.53897969967772,48711500
2023-04-10,105.71090698242188,106.85302362121595,104.39994905536618,106.24720898582663,27067400
2023-04-11,104.62836456298828,105.99891659022042,103.9629557951451,105.82014926393511,26311800
2023-04-12,103.92322540283203,106.018772710828,103.62527734328293,105.84993901307934,24370300
2023-04-13,106.69412231445312,106.75370889955026,105.11500961516911,105.11500961516911,24843600
2023-04-14,108.12425231933594,108.19377252209617,106.10815128502132,106.15781182005027,26578000
2023-04-17,105.2441177368164,105.43281868126573,103.80404553968684,103.94309352521483,37571200
2023-04-18,103.78418731689453,105.81021446659526,103.3571324631272,105.76055392984837,26596400
2023-04-19,103.46638488769531,104.26090805358163,102.36398759416694,102.87049630184782,20905700
2023-04-20,104.56877899169922,105.52220221540108,103.15850761354443,103.19823452834045,27820800
2023-04-21,104.6879653930664,105.27392036941873,104.0622759226367,104.74755197991318,25800100
2023-04-24,105.2441177368164,105.89959286536913,103.9828128614983,104.76740235294118,23542800
2023-04-25,103.13863372802734,105.95918387989818,103.12870010568425,105.10507420960258,46664100
2023-04-26,102.99959564208984,105.62151129178214,101.92699171890646,104.20130635010432,53347600
2023-04-27,106.85301971435547,107.62768318681694,102.83076620158695,103.73452888709065,50089200
2023-04-28,106.60472869873047,106.61466232138405,104.37014096111682,106.30678821332904,36139800
2023-05-01,106.46568298339844,107.25027243697592,106.08828868984736,106.10814835703064,26681700
2023-05-02,104.59857940673828,106.46569906649795,102.99960696869495,106.40611247881316,30997200
2023-05-03,104.6879653930664,106.75371203414588,104.24104326031167,104.80713856675996,21795400
2023-05-04,103.972900390625,104.87666316318085,103.25783101002017,104.76741603130317,23419500
2023-05-05,104.84686279296875,105.1547369199555,103.39686445887698,104.10200016796126,26639300
2023-05-08,107.03179168701172,107.22049264611049,104.43967668521239,104.45953635489589,26511400
2023-05-09,106.61466979980469,109.3954933214144,106.45576971187144,107.64754689134159,36360100
2023-05-10,110.98452758789062,112.16637867324104,107.1906943752199,107.2304212898766,63153400
2023-05-11,115.77151489257812,117.11226610524719,113.62631446773452,114.60953101340723,78900000
2023-05-12,116.705078125,117.22151287736642,115.31466637721192,115.88076166873074,41102300
2023-05-15,115.71192169189453,117.66842862523404,115.21534663580364,115.31466013159502,36266800
2023-05-16,118.69137573242188,119.92287978836107,115.63247147293116,115.69205805683869,45035600
2023-05-17,120.01226806640625,120.83658456146485,118.07562818248286,118.79069754797297,33323600
2023-05-18,121.98863220214844,122.46534002102402,120.00233194352047,120.12150510967228,35234200
2023-05-19,121.91911315917969,125.10712419543219,121.31329096834843,122.7037026780781,41353400
2023-05-22,124.19342803955078,125.56397250500119,121.89924606366814,122.0978806379514,35253000
2023-05-23,121.7204818725586,123.77630241228727,121.37288083002176,123.30952819924319,34046300
2023-05-24,120.07185363769531,121.07493740233252,119.03897658115086,120.29034788119394,34182600
2023-05-25,122.63419342041016,124.46158620190747,121.12460083147897,123.66706298908738,42317000
2023-05-26,123.7564468383789,124.40199598281583,121.61123877264411,122.32630812788905,35635900
2023-05-30,122.8228759765625,124.79925021039784,121.16431706152757,124.7793829644057,35076700
2023-05-31,122.02835845947266,123.210201954541,121.66089018583695,121.90917771682845,37325800
2023-06-01,122.87252807617188,123.56773009546939,121.7800645127899,121.97869149626527,30772700
2023-06-02,123.81602478027344,125.28589030532665,122.91226210287383,123.14068238937887,26980100
2023-06-05,125.1468505859375,126.55712195859554,122.99170903517506,123.16055031668364,32305500
2023-06-06,126.43794250488281,127.41122540355373,124.50130275345192,125.14685186297365,26638300
2023-06-07,121.660888671875,128.15608373390776,121.28349435723253,126.10027088310036,52539000
2023-06-08,121.3033676147461,122.38590529778074,120.40953089873925,121.39275507491422,29389200
2023-06-09,121.39274597167969,122.91226448637528,121.07493822728019,121.41260564070839,23778300
2023-06-12,122.79307556152344,123.20027073226454,120.82664264189053,121.94889950704935,28306400
2023-06-13,122.98178100585938,124.30267248212147,122.33623191333673,124.1239051576865,22278300
2023-06-14,122.8228759765625,123.20027787907088,120.61808145375716,122.25678069993417,30592300
2023-06-15,124.23314666748047,124.60061494495433,121.56157795855897,122.29650693637248,35246300
2023-06-16,122.68383026123047,125.24615932981803,122.43554273699836,125.06739200928554,45535600
2023-06-20,122.25679016113281,123.71672219203282,121.30336686235084,122.08795644280508,26097500
2023-06-21,119.72425079345703,121.8197981667708,119.2773286902029,121.56157701225514,30306300
2023-06-22,122.30644226074219,122.39582213705168,118.01603392379701,119.17801777862638,26952200
2023-06-23,121.50198364257812,121.94890574873948,120.23075268459189,120.54856042408845,34913600
2023-06-26,117.52938842773438,121.16432171624635,117.45986821835962,119.93281761712151,33969900
2023-06-27,117.51945495605469,118.26431754249225,115.30472686510802,116.27801731199209,39535900
2023-06-28,119.3567886352539,119.56534926327315,116.04959672566056,116.28795064666333,27091400
2023-06-29,118.28417205810547,119.23759521795598,117.48965654679691,118.42321246201281,24090900
2023-06-30,118.88007354736328,120.25062564550082,118.87014750109746,119.3468553444313,29532200
2023-07-03,119.07870483398438,119.36671928754727,118.0061008504676,118.4232220961238,14467900
2023-07-05,120.91602325439453,121.77013293653057,118.41328836573734,118.42321441108429,27584800
2023-07-06,119.28726196289062,119.47596291107514,117.58897616063236,118.97938784922883,24745200
2023-07-07,118.66159057617188,120.22083610477635,118.58213674075813,119.27733885779142,21709500
2023-07-10,115.65234375,117.49960382385984,115.34446959673507,117.48967777688266,35315200
2023-07-11,116.33760070800781,116.90369595511098,114.55986114114224,115.49342464859208,23078800
2023-07-12,118.11534881591797,119.5057605551569,117.59891406672692,117.98624202290381,30404400
2023-07-13,123.68692016601562,123.97493461778386,119.62493212633821,120.1016475306422,44297900
2023-07-14,124.56088256835938,125.91156729800437,122.64410259004947,123.94513436143531,33283100
2023-07-17,123.79617309570312,126.2293880381479,123.34925096248992,125.07733775416551,25716200
2023-07-18,122.91226196289062,123.82595826213851,122.11773882963688,123.7465044333863,26193600
2023-07-19,121.19410705566406,124.32253142648887,120.96568677290944,123.74650254253834,37224000
2023-07-20,118.38349151611328,123.2399950067099,117.41020863971083,120.58828599937979,37906800
2023-07-21,119.1978759765625,120.16123282072522,117.91671896913194,119.79377211980879,72937900
2023-07-24,120.69754028320312,122.15747226159789,120.15131222994013,120.82665465609776,29686100
2023-07-25,121.37287902832031,122.3064425948192,120.19102792410442,120.52870291550938,52509600
2023-07-26,128.384521484375,130.08279971943918,127.44103189219841,129.1790446188331,61682100
2023-07-27,128.5136260986328,132.32733427349476,127.90780388799678,130.76808123057597,44952100
2023-07-28,131.67184448242188,132.82390225649658,129.67561820048323,129.8841712389039,36591200
2023-07-31,131.8108673095703,132.615316373275,130.87730389836426,131.82079335389113,28055500
2023-08-01,130.64891052246094,131.72151454614948,129.78485955227697,129.88418063298246,23166800
2023-08-02,127.50061798095703,129.19889620943687,126.68622760387115,128.5632807351884,26273300
2023-08-03,127.57012939453125,128.50369292843845,126.54718598719074,127.09342158195221,20089500
2023-08-04,127.23246765136719,130.60917213492286,127.03384065014664,128.39445152048964,26147200
2023-08-07,130.62904357910156,130.7084974129968,128.1362420519994,128.27528247274873,22746300
2023-08-08,130.4999237060547,130.60917082877378,128.6526638200663,129.7252678010533,23535200
2023-08-09,128.7718505859375,131.1355376104998,128.11636785754888,130.75815086279874,24912900
2023-08-10,128.80165100097656,131.14548606346665,128.56328949903425,130.42049066551243,20857800
2023-08-11,128.67251586914062,129.0399765320376,127.2920379292445,127.77868690101995,19591100
2023-08-14,130.430419921875,130.47013926270824,128.07665875506092,128.50370607466445,24695600
2023-08-15,128.8910369873047,130.51980277539664,128.39446186710262,130.20200257868774,19770700
2023-08-16,127.81842041015625,129.3875994550616,126.99411154985026,127.81842041015625,25216100
2023-08-17,129.03005981445312,131.08588780571418,128.40437039897924,128.91088665122683,33446300
2023-08-18,126.58692169189453,128.3646614325963,125.51431767340387,127.62972484003718,30504800
2023-08-21,127.49067687988281,127.84821153156675,125.69307757573549,126.30883338188762,25248700
2023-08-22,128.19583129882812,129.3876085234466,127.44104259256599,127.62972840342931,22054900
2023-08-23,131.4633026123047,132.49618742837956,128.9804268197975,129.28830099338498,27819700
2023-08-24,128.8910369873047,133.3304197742527,128.68248392321104,133.03247167127745,28500700
2023-08-25,128.99032592773438,129.86428761658883,126.3783365970317,128.65264341290467,26762900
2023-08-28,130.1125946044922,131.63211310890395,129.24855883060624,130.41054267784654,20543300
2023-08-29,133.64822387695312,135.6345241905877,131.33418219305656,131.33418219305656,43075600
2023-08-30,134.94923400878906,135.3464879681579,133.15163483810414,133.85676288912396,28315800
2023-08-31,135.2372589111328,137.05472556870842,134.8598569913601,135.07835124446333,30053800
2023-09-01,134.73077392578125,136.51844750447387,133.9263246039373,136.51844750447387,21543700
2023-09-05,134.83998107910156,135.48552252379062,133.65813014270992,134.51223975734254,19403100
2023-09-06,133.5389862060547,135.59479929596694,132.75438904024102,135.0882981356743,18684500
2023-09-07,134.33349609375,134.65131144480517,132.0393214625493,132.67493701038964,18844300
2023-09-08,135.44583129882812,135.72391214694886,133.9263126807864,133.98589926905944,23558300
2023-09-11,135.9821014404297,136.53826303725594,134.85983704766224,135.6046995764689,20763400
2023-09-12,134.41294860839844,135.93246724928204,134.26398213547645,135.3266450022829,18405500
2023-09-13,135.77354431152344,135.96223008352905,133.23106756052394,134.16463099307015,20749500
2023-09-14,137.15403747558594,137.74991845433803,135.30677764834488,136.6574624161584,24751000
2023-09-15,136.4588165283203,137.5711549358485,135.5451202625324,137.0348453999781,38919600
2023-09-18,137.26329040527344,138.2067800272706,135.6742440861328,135.6742440861328,21861300
2023-09-19,137.0944366455078,137.46191249681675,135.6841652859194,136.4786884171114,20353700
2023-09-20,132.8238983154297,137.13416606327112,132.7047099998862,137.13416606327112,29927500
2023-09-21,129.54649353027344,131.32422543245892,129.17903286515659,130.53964356941475,31503900
2023-09-22,129.35780334472656,131.12560934891957,128.71226182736228,129.86430445123077,26397300
2023-09-25,130.2119140625,130.27150064557682,128.0766473461499,128.94068310930032,20094600
2023-09-26,127.6893310546875,129.46706328054253,126.34857219602962,128.88110828778912,25718700
2023-09-27,129.6458282470703,130.00336294677095,127.6893361771831,127.6893361771831,22746500
2023-09-28,131.4036865234375,132.38691057211608,128.9009440431534,128.9506045787111,22513100
2023-09-29,129.963623046875,133.13177429920455,129.46704799551972,132.36704447692242,30859800
2023-10-02,133.25096130371094,133.49924885517964,130.27151068608651,130.31124518071243,22288000
2023-10-03,131.52285766601562,133.34032412879503,130.93690275652745,133.0225239837871,22989400
2023-10-04,134.31362915039062,134.64137051208016,131.6221856279351,131.880399206417,26752300
2023-10-05,134.14479064941406,134.56191187093788,132.53587719008763,134.14479064941406,19832600
2023-10-06,136.63760375976562,137.2136326834235,133.09205033852737,133.09205033852737,27597600
2023-10-09,137.4718475341797,137.98828987637378,134.68109792388904,136.00198949560956,19278100
2023-10-10,137.1143341064453,138.76296731497328,136.38933859831786,137.55132268261144,27786600
2023-10-11,139.58724975585938,140.1434113878539,137.63074284413509,137.63074284413509,25884300
2023-10-12,138.01808166503906,140.25266956903684,137.3129383696769,140.08383585702484,24765500
2023-10-13,136.41909790039062,139.0410135497291,135.68416137323422,138.42526533908884,23420500
2023-10-16,138.14720153808594,138.6735699418657,137.0448041887176,137.22356395410557,28501900
2023-10-17,138.762939453125,138.9416992051521,136.24032959877303,137.6804094322447,23515800
2023-10-18,137.01498413085938,139.75607274460307,136.4389552977886,138.49476796952968,23375000
2023-10-19,136.8064422607422,138.70336281042037,136.43898153017037,137.55130492277888,26066000
2023-10-20,134.671142578125,136.9255821087369,134.1547003482894,136.3892877904866,26335700
2023-10-23,135.5650177001953,136.71707570009383,133.03248137164513,134.115011575596,26317900
2023-10-24,137.8591766357422,138.40541227579737,136.47869846593147,136.88589368436072,44814300
2023-10-25,124.74959564208984,127.43109811714302,124.21329363165228,127.28213165074476,84366200
2023-10-26,121.44239044189453,123.47835113459941,120.43930674055568,122.42560689845944,57061100
2023-10-27,121.33314514160156,122.46533564236815,119.38657186700053,122.0382807989468,44566500
2023-10-30,123.60746002197266,124.54102353676763,121.90917426730134,122.3660224021427,28940100
2023-10-31,123.23006439208984,124.5112289112743,121.84958637981057,124.2033472324064,26292300
2023-11-01,125.58383178710938,125.62355870184368,122.87253615641731,123.22013718892472,30082400
2023-11-02,126.61670684814453,128.09649840734482,126.06054520487658,127.54033676407687,27124600
2023-11-03,128.2156982421875,128.64274555866953,126.9841865255831,127.1430941962939,26393100
2023-11-06,129.35780334472656,129.44718321865057,127.78862433400963,128.16602622960193,19052700
2023-11-07,130.0728759765625,131.00643953950896,128.99034595326017,129.8146623938561,29757300
2023-11-08,130.9369354248047,131.3044113505593,129.8841985032689,130.07289949001049,26425800
2023-11-09,129.34786987304688,131.64204409766117,129.17903618057173,131.0560891965532,23747800
2023-11-10,131.68177795410156,131.89034615855235,128.52356767433983,129.2088437191894,26913300
2023-11-13,131.18521118164062,131.6817863001911,130.3509686195006,130.87733703282254,18324800
2023-11-14,132.7047119140625,134.7704659468235,132.40677900657556,133.27081474682353,32395200
2023-11-15,133.6978759765625,134.1050711983341,132.6550803829433,133.94616352823743,23861500
2023-11-16,135.99205017089844,136.28007221647312,133.3999426863431,134.26397851452822,28013200
2023-11-17,134.38314819335938,135.12801082704152,132.73451526045164,135.06842424103002,37240600
2023-11-20,135.3166961669922,135.72389133009685,132.70470665032983,132.7742344288309,27815500
2023-11-21,136.03176879882812,136.240321830969,135.02869266524024,135.35641885860446,22635300
2023-11-22,137.5413818359375,138.4650042826892,136.52836435057273,136.52836435057273,17813900
2023-11-24,135.7537078857422,137.18384664712832,135.05850575292112,137.0845255620382,12514300
2023-11-27,135.47561645507812,137.47184281366268,135.06842125397912,135.098214546326,23436500
2023-11-28,136.2601776123047,136.30983814339234,134.4923718163018,135.14785445641968,18730000
2023-11-29,134.0653533935547,137.34273698978822,133.91637176828155,136.62768277470195,23967200
2023-11-30,131.62217712402344,134.62149456857514,130.38073954068037,134.12491953523792,38988300
2023-12-01,130.95677185058594,131.20505937380074,129.77492081540063,130.95677185058594,31442300
2023-12-04,128.384521484375,129.1393101272626,127.02390307918412,128.9903436695441,36669900
2023-12-05,130.09274291992188,131.2348595247084,127.37150606769525,128.06670813818567,27384800
2023-12-06,129.12939453125,130.93692003300382,128.99035410803816,130.53966601076132,23576200
2023-12-07,135.99205017089844,137.61088985291832,133.77732945899103,134.11499689135425,56767100
2023-12-08,134.0653533935547,135.46568368379624,133.11192251632352,133.280756234884,32260100
2023-12-11,132.37696838378906,132.42662891897587,130.4601959905728,131.47321332216674,31138000
2023-12-12,131.6122589111328,132.08896672831054,130.3608800539224,130.90711565395327,29032800
2023-12-13,131.6619110107422,132.58553329447562,130.6687609486113,132.46636013638545,30104800
2023-12-14,131.03623962402344,132.8040457651367,128.8016516772407,132.46637833464752,38722400
2023-12-15,131.69171142578125,132.59546651397721,130.28142492549298,130.71841340115773,50847100
2023-12-18,134.8697967529297,136.21054039619156,131.52287035934194,131.72151251769395,32258000
2023-12-19,135.71397399902344,136.52836446846126,135.1478862434252,135.9026749689795,25476800
2023-12-20,137.3923797607422,140.72936466802966,137.12424014761805,138.01806916656724,49107200
2023-12-21,139.45816040039062,139.72631521899663,138.22664859852475,138.5345379146942,27488300
2023-12-22,140.5207977294922,141.01737272515956,139.74614194859237,139.80572852338986,26532200
2023-12-26,140.55062866210938,141.70267144337964,140.22288725867438,140.6201412999027,16780300
2023-12-27,139.40847778320312,141.10677115979163,138.9317699678128,140.62012214444914,19628600
2023-12-28,139.2694549560547,140.1732253182547,138.7927470804766,139.8156906230036,16045700
2023-12-29,138.733154296875,139.3985631144452,137.8293839750218,138.6735677093716,18733000
2024-01-02,137.22354125976562,138.49477211762903,135.5451152423906,137.60094312997316,23711200
2024-01-03,137.96841430664062,138.67355756715372,136.14102170359678,136.3098554072648,24212100
2024-01-04,135.4557342529297,138.20676412527402,135.4160149189422,137.47182763523583,27137700
2024-01-05,134.8002471923828,136.22045959299393,134.22421836559974,135.81326445012317,22513900
2024-01-08,137.8889617919922,138.05779549726947,135.32663261243945,135.35642590429612,21404000
2024-01-09,139.98452758789062,140.52083722032057,137.20370379980002,137.55131245616278,24759600
2024-01-10,141.30538940429688,142.02045866024227,139.94477867069364,140.03415853912,21320200
2024-01-11,141.1067657470703,144.22525640452344,139.67662720148994,142.50711100247338,24008700
2024-01-12,141.67286682128906,142.21910245000933,140.8485655093565,141.6927340680432,18785500
2024-01-16,141.51397705078125,143.36123702369463,140.48109235933,141.0273279986293,22670500
2024-01-17,140.50096130371094,140.86842203173782,137.94855799209301,140.3817881279767,20968600
2024-01-18,142.49717712402344,143.22218763363355,141.017393121632,141.076979705048,25746400
2024-01-19,145.37730407714844,145.44681669799516,143.3910040467101,143.74853865835965,34271900
2024-01-22,144.99000549316406,147.37355994991844,144.84102386819836,146.09240283912362,32200400
2024-01-23,146.03280639648438,146.17184682560335,144.50336167617556,144.89068966831204,21636100
2024-01-24,147.68142700195312,148.8235587881105,147.08554599350785,147.5225193379935,25233500
2024-01-25,150.82969665527344,152.0016216209964,148.5156551679274,149.04203864825777,29149100
2024-01-26,151.1475067138672,151.49510013462074,149.97558178876213,150.06497680942854,26115500
2024-01-29,152.45848083496094,152.72663563055315,150.39272661279912,151.01841608442453,27784300
2024-01-30,150.4225311279297,152.56772397377597,150.15437633934806,151.7533487161558,36331800
2024-01-31,139.14035034179688,143.0136300951665,138.91191488265414,142.63622816638244,71910000
2024-02-01,140.19308471679688,142.08006401958028,139.8256088409139,141.14650041457003,40466500
2024-02-02,141.40472412109375,141.64307045990364,135.56499635195138,138.3060853281464,62499600
2024-02-05,142.69581604003906,144.47356341654853,141.801986905598,141.84172140070675,38505400
2024-02-06,143.11293029785156,144.3642939230755,142.2091601025006,143.65915070969015,29128200
2024-02-07,144.54306030273438,144.62251413002522,142.94408801989272,143.7684044294837,25208900
2024-02-08,144.91055297851562,145.32767425453704,144.10610372088362,144.83109914199682,22563800
2024-02-09,147.97938537597656,148.41637390512574,145.17869443239508,145.6752695511064,26829500
2024-02-12,146.51943969726562,148.3170390352505,146.3605320370219,147.403342720252,21564100
2024-02-13,144.1457977294922,145.66531609448003,142.70573318705974,143.92730350603156,27837700
2024-02-14,144.94032287597656,145.5163517320503,143.10298919446083,145.07936327887248,22704200
2024-02-15,141.79202270507812,142.53688516810547,139.4978487436364,142.1594833374733,37590700
2024-02-16,139.55746459960938,142.20917370588808,139.18006268978624,142.0105467049223,31468900
2024-02-20,140.15333557128906,141.1067663236611,138.5345112327269,138.70334492917732,25144700
2024-02-21,141.5735626220703,141.71260304250615,139.71636146177912,140.4810913513108,23223300
2024-02-22,143.10299682617188,144.00676707032724,141.8218398421828,143.9372392880377,27191900
2024-02-23,142.97390747070312,143.68896166282684,142.44752393009878,142.68588543031947,19493800
2024-02-26,136.62767028808594,141.46430655871978,136.44889538495062,141.16635848967314,53641800
2024-02-27,137.9287109375,138.29617167895017,136.15096351175276,137.07460112024197,33099200
2024-02-28,135.44583129882812,137.06465584590177,134.48247437702784,136.95540871597794,37328600
2024-02-29,137.51156616210938,137.9088201307194,135.4656642763921,136.3396411924551,42133000
2024-03-01,136.2006072998047,137.91875276987585,135.98211306034264,137.4817642909518,31151100
2024-03-04,132.4365997314453,134.7307745199385,131.00646086218435,134.7307745199385,55999400
2024-03-05,131.76121520996094,132.32731801205793,129.77491511154423,130.97663333896386,40194800
2024-03-06,130.4999237060547,132.6649989142327,129.95370324672783,132.20814317715227,35318600
2024-03-07,133.4595184326172,134.01568007704142,130.70848834758843,131.88039821915834,37738200
2024-03-08,134.48243713378906,137.14407170134368,133.0820920801016,133.29066023556663,39370400
2024-03-11,136.72695922851562,138.14717161441624,135.1975148902737,135.1975148902737,32437800
2024-03-12,137.55130004882812,138.42527705734926,136.09136807062538,136.09136807062538,27563400
2024-03-13,138.83245849609375,140.1235567749136,138.0379504669147,138.04787651328522,23347200
2024-03-14,142.1197967529297,142.6064306421688,139.49788088513242,140.22287627299642,42753400
2024-03-15,140.21295166015625,142.1992522542093,139.07083488028408,141.5239173262813,49475400
2024-03-18,146.6684112548828,151.10779377020597,146.16191011880434,147.59204880216603,69273700
2024-03-19,146.0228729248047,147.77081182403458,145.07938326416507,147.14513750194737,24070400
2024-03-20,147.7211456298828,147.84031878791893,145.73484550652196,146.98620912870308,21311500
2024-03-21,146.58897399902344,149.33998911224745,145.89375674311398,148.44616000360566,24755600
2024-03-22,149.7372589111328,150.54170814315216,147.9595115784489,148.0985519993625,29211800
2024-03-25,149.0420379638672,149.34991206023355,146.8074503110912,148.91292360567456,19229300
2024-03-26,149.63792419433594,151.2170292210166,148.95264819861129,149.1910096788579,22149100
2024-03-27,149.8365478515625,150.60127765702768,147.88004097990625,150.1444219519495,22879200
2024-03-28,149.8961639404297,150.39273907862116,149.14137518591605,149.81672525407714,24485400
2024-04-01,154.4249267578125,154.67321430251357,149.57834903588156,149.6578028686982,31730800
2024-04-02,153.50128173828125,153.64032215037406,151.1077862868628,152.448545024683,24586000
2024-04-03,153.8588104248047,154.01771807653932,151.68380929877364,152.54786018366337,24705000
2024-04-04,149.49888610839844,153.7098480658943,149.41943228041532,152.4485431723482,34724700
2024-04-05,151.4553985595703,152.36909488318793,148.57526917325976,149.00231646564103,23459200
2024-04-08,153.78932189941406,154.2064431848851,151.56465988929844,151.73349361287455,20702000
2024-04-09,155.52732849121094,157.4738944107065,154.12698306219647,155.02081218686513,31079500
2024-04-10,155.07046508789062,155.5372468745642,153.6204591891085,155.13999287301036,22838600
2024-04-11,158.3180694580078,158.58620908812793,155.38827953878376,155.83519407658596,27166400
2024-04-12,156.64959716796875,159.12254694300051,156.06364211081657,156.8780326547404,25353700
2024-04-15,153.7992401123047,158.1492428244945,153.5310853159215,157.77184090027146,27136500
2024-04-16,153.34237670898438,154.5838143933326,152.3790198535887,153.1338236644043,20779500
2024-04-17,154.40505981445312,156.0040322116408,153.5211567597512,154.55402627985885,21763100
2024-04-18,154.94134521484375,155.86498270934086,153.56086715021243,154.2759364510269,19883000
2024-04-19,153.03451538085938,155.288970647292,151.2567831361415,155.13006297338708,32615600
2024-04-22,155.20948791503906,156.56017258323456,153.00469360145132,153.25298111285292,26446200
2024-04-23,157.1759490966797,157.8810924240559,155.2095158950794,155.88486592805785,21151600
2024-04-24,158.03997802734375,158.47696648984666,156.09339719099466,156.41121249254869,22779100
2024-04-25,154.93141174316406,155.41806073558595,149.83654700762904,150.29340271013402,57109700
2024-04-26,170.77215576171875,173.5132597219651,168.48790751293603,173.17557717250597,64665300
2024-04-29,165.0118865966797,168.3886061017505,164.07833821221814,167.90195708676399,45610000
2024-04-30,161.6649932861328,166.94855978571303,161.48623351871703,164.47561025657222,33562900
2024-05-01,162.7375946044922,165.97525884524785,161.9728646968349,163.1745831231535,33493200
2024-05-02,165.47865295410156,165.5879000634434,162.76735761859345,163.6611865828327,24294500
2024-05-03,166.0944366455078,166.8095059662969,161.93313508971997,166.41223681348706,34662400
2024-05-06,166.94854736328125,166.98826670166156,164.89271926535207,166.31293186931515,21871300
2024-05-07,170.07696533203125,170.5834664593811,167.23655526104525,167.34580238509352,28039700
2024-05-08,168.2197723388672,168.98448702093918,167.58415686761862,167.84237044353367,19569100
2024-05-09,168.79580688476562,169.5208022541753,167.02798566826758,168.22970402279228,15346700
2024-05-10,167.4947509765625,168.68654316784418,165.05161032382293,166.87900279086293,29799900
2024-05-13,167.98141479492188,168.12045520894833,162.87662365956714,163.13483724153954,31327600
2024-05-14,169.17318725585938,170.0769574991566,167.64374274389093,168.60709956951226,25127100
2024-05-15,171.32830810546875,171.4673485050284,169.34200802360678,169.46119633342002,26948400
2024-05-16,172.98687744140625,173.9204409616944,171.50709348859317,172.1029744570571,27867900
2024-05-17,174.85401916503906,175.0625873717897,172.50025807570452,172.98689196767407,24479300
2024-05-20,175.70811462402344,177.54544837857875,174.87387217348427,174.98311929112162,22554400
2024-05-21,176.6317596435547,176.92969256413505,174.60572485799662,175.68825488082155,16989400
2024-05-22,175.1718292236328,175.93654393206373,174.00984536056046,175.4300428084482,17880000
2024-05-23,172.3612060546875,177.02900857965074,171.7653099220249,175.85709871415395,21024900
2024-05-24,173.7913360595703,174.5659919011814,172.46050344963948,173.78139486014746,16579400
2024-05-28,175.19168090820312,176.0557318461207,173.1755873101766,173.2550411409201,20572200
2024-05-29,174.6951141357422,175.62867774851856,173.52320417367446,174.228332329354,23388700
2024-05-30,170.93106079101562,174.01975814446928,170.6132454915233,173.99989089968412,22931500
2024-05-31,171.3184051513672,171.87456682456684,168.2793680411912,170.68278964567202,37638900
2024-06-03,171.98382568359375,173.33451061963038,169.9875991516087,171.35813618142186,27459100
2024-06-04,172.59954833984375,172.6591500751279,170.71256922107634,172.09304724693698,26879600
2024-06-05,174.20848083496094,175.43997738858263,172.73860762269004,173.99991262434497,22068500
2024-06-06,175.51943969726562,175.93656098436625,174.54615669403083,174.69512317004168,23251000
2024-06-07,173.26495361328125,176.65158355587977,173.10604597814168,175.83720844575524,19661400
2024-06-10,174.0106658935547,176.04896317552084,171.77351367054146,173.97090097400908,23726700
2024-06-11,175.6114959716797,175.83024098669136,172.77777855811084,175.21378603801926,21540600
2024-06-12,176.77481079101562,179.3798608836739,175.1044108888481,177.2321908623203,27864700
2024-06-13,174.1598358154297,175.7308157979112,173.8814358359176,175.10440825817855,20913300
2024-06-14,175.780517578125,176.04898011878856,173.15559265736175,173.22520023784008,18063600
2024-06-17,176.2279510498047,177.34155090633004,173.81181865264895,174.45811620425826,19618500
2024-06-18,174.09022521972656,176.3770951589655,173.10588787052086,176.1285226693017,21869900
2024-06-20,175.29335021972656,176.27768772321178,173.99083259720476,174.36865252398178,20160100
2024-06-21,178.6043243408203,179.81735940064124,175.60156417866833,175.9893366865349,57759000
2024-06-24,178.1966552734375,179.85711775525812,177.64979273830824,179.13129030226546,18298000
2024-06-25,182.9791717529297,183.23768166890378,178.39549464018754,178.59434958875684,23130200
2024-06-26,182.83004760742188,183.45643998230676,181.4380325230597,181.58718512405983,19839000
2024-06-27,184.351318359375,184.98766337259178,182.9692558226232,183.128330697181,18848900
2024-06-28,181.1099090576172,184.07290404421764,180.92100671054675,183.2675316089203,29156600
2024-07-01,181.9451141357422,182.83003153925785,180.26476177845004,181.98487905618407,16006100
2024-07-02,184.1822967529297,184.5104142943566,180.52330143140787,181.0105090241319,17372500
2024-07-03,184.75897216796875,185.027419540138,182.94935711411654,183.79450966944947,10242100
2024-07-05,189.51168823242188,189.77019818175984,184.7390929924964,184.7987479676004,20967500
2024-07-08,187.95062255859375,189.0841124617017,186.7077601573061,188.8156499349587,21035900
2024-07-09,187.90090942382812,190.26732434616932,187.64239950011057,189.22331687033287,15121400
2024-07-10,190.08836364746094,190.65511625588667,187.95064611795024,188.06995606849796,15952500
2024-07-11,184.51039123535156,189.77017833635344,184.02318370351583,188.76595095990965,25625800
2024-07-12,184.01324462890625,186.04158941059126,183.43655464890261,184.02318206640862,22898400
2024-07-15,185.46490478515625,187.16514729008762,183.86409734476058,183.86409734476058,16474000
2024-07-16,182.86981201171875,187.6026268731147,182.32294948626117,186.29017198367765,18290700
2024-07-17,179.9863739013672,182.5019263017259,178.8727588226684,181.92523630082098,20734100
2024-07-18,176.67538452148438,181.45791677729983,175.4623495627197,180.89116422058456,25315700
2024-07-19,176.64556884765625,179.2605412872754,176.11859635003367,177.85860388752832,18881900
2024-07-22,180.63265991210938,181.65677738382092,179.20087990499312,179.5588249067722,24100300
2024-07-23,180.751953125,182.56156801417904,180.50338065154088,181.01047820725972,36352700
2024-07-24,171.644287109375,175.18395707272086,170.8389146389314,172.60874962060436,49585200
2024-07-25,166.3248291015625,172.42976906222302,166.2353466432372,171.53491413564743,44852000
2024-07-26,166.04641723632812,167.1301896118219,163.12320243356427,166.19555465619968,41336900
2024-07-29,168.56199645996094,169.45685146547936,167.0307964085563,167.8659964365952,20293800
2024-07-30,169.31764221191406,170.25227726580664,167.47821476290122,169.26793984783785,18959700
2024-07-31,170.56048583984375,173.25501819286436,169.0392234792002,172.25079083759002,25729100
2024-08-01,169.7849578857422,173.0561805386624,167.91570297002085,169.2778754387371,24531400
2024-08-02,165.70835876464844,167.54778598097556,163.72971639720066,165.48961377240155,29130100
2024-08-05,158.34068298339844,163.49109791672467,154.04534288788773,154.61209547201543,53630700
2024-08-06,157.38613891601562,159.65313380734776,155.51688425256785,158.4202088905404,49004600
2024-08-07,158.0324249267578,162.04934908611637,157.56510750203566,160.3292319618152,25138600
2024-08-08,161.10479736328125,162.7553223007696,159.295197566251,159.59347241017986,25578800
2024-08-09,162.73544311523438,162.8547530607689,158.15176559045875,159.09633805981707,28602300
2024-08-12,161.36331176757812,163.95840918346863,160.9158843175958,163.41156183996847,15895300
2024-08-13,163.22264099121094,163.78937837052388,162.03943352934883,162.47692353255772,18551700
2024-08-14,159.45428466796875,162.28801727613745,156.8094847615611,161.4726921823738,40591100
2024-08-15,160.3789825439453,160.71703750803647,158.6986299901853,159.58354749716605,31524300
2024-08-16,162.0294952392578,164.11749500950546,160.20994282911744,160.5479977673965,24208600
2024-08-19,165.7183074951172,165.73819754258415,163.32206502598987,164.3362450435517,22416200
2024-08-20,166.2253875732422,167.67705758463384,165.8674577538516,165.9469875992757,18341500
2024-08-21,164.9029998779297,165.8972898617058,163.7297298078101,164.20698475195752,22902000
2024-08-22,162.8647003173828,166.63305263271135,162.3774927696954,166.30493512161505,22493300
2024-08-23,164.67430114746094,165.23110110715456,162.89452876403584,163.77944623676203,13955700
2024-08-26,165.21121215820312,166.59327450173777,163.52092237549783,165.42995714825835,14190400
2024-08-27,163.73965454101562,165.48961448654234,163.52092471948473,164.89303447390188,11821900
2024-08-28,161.92013549804688,164.6544330475145,160.60766539190482,164.09761789324529,16407400
2024-08-29,160.85623168945312,165.0223091315335,159.33496923436493,163.37178412416296,19699800
2024-08-30,162.44711303710938,162.72551303705623,160.76676042707592,161.69144289011467,22123800
2024-09-03,156.46148681640625,160.9258547151699,155.58650669543206,160.79659215048164,38945300
2024-09-04,155.55665588378906,158.09209822934648,155.06946352992597,155.76546344377343,19353800
2024-09-05,156.34217834472656,158.53955093528634,155.08936312842334,155.40754323785356,18688700
2024-09-06,150.05824279785156,156.92879023916618,149.69036035813147,156.40181776056022,37912100
2024-09-09,148.05706787109375,152.7264627958575,146.57360452316883,151.84037111346015,39260500
2024-09-10,148.0072784423828,150.60581925736298,147.6886761823768,149.78941235994157,31118800
2024-09-11,150.49632263183594,150.83482618648793,146.8723049733769,149.26176148971257,29607700
2024-09-12,154.0108184814453,154.14025256310887,151.97976682488095,153.1247267348267,29621500
2024-09-13,156.76864624023438,157.68460496841567,154.52852532698242,154.74754539538486,29591200
2024-09-16,157.3660125732422,157.555180781803,155.91243141908913,156.61930555531896,18379800
2024-09-17,158.6204833984375,159.84507860249886,157.68460821141127,158.32179756550258,20715600
2024-09-18,159.10833740234375,159.79531032602117,157.9036585234899,159.1581209112091,23677300
2024-09-19,161.4281005859375,163.07084994877528,160.631610061734,162.9912145689688,26587700
2024-09-20,162.87173461914062,163.01111932448998,161.34845348503907,162.78213342108606,40896400
2024-09-23,161.13937377929688,164.76339107979564,160.9601562027871,163.6283970678755,24150900
2024-09-24,161.5774383544922,162.5033629705114,159.98447247380625,162.31419475907774,23332100
2024-09-25,160.78094482421875,162.0951411473419,160.59177663418174,160.7610283853223,18869200
2024-09-26,162.0155029296875,163.35958160947462,161.56748176702274,162.9215110711205,20319300
2024-09-27,163.23016357421875,164.9724800827397,161.91596702181027,162.0951694277683,21101300
2024-09-30,165.121826171875,165.42049684043894,162.5431862628529,162.60293558835963,20413900
2024-10-01,166.25680541992188,168.41727581616183,163.85738331840562,166.9537289039037,28338100
2024-10-02,165.13177490234375,166.78449014447432,164.00673142434744,165.6893137329917,17760200
2024-10-03,165.13177490234375,165.90834901528822,163.2002902448892,163.68814431760305,15073100
2024-10-04,166.3264923095703,167.49135340314862,164.75342774448882,167.32210163999207,19047400
2024-10-07,162.264404296875,167.74025561009242,162.0354184047515,166.9835979885841,22463100
2024-10-08,163.6582794189453,164.00673359681912,162.15489948946927,163.2202088485495,23072700
2024-10-09,161.1493377685547,164.11624952090352,159.0386507061608,162.7323530653501,31181800
2024-10-10,161.3683624267578,162.35402113493024,159.695730848507,160.16366845010265,14144100
2024-10-11,162.5232696533203,163.18036025385564,160.53205102817606,161.41814270869355,15344300
2024-10-14,164.23573303222656,165.5001460300089,162.68256960973142,162.92152133437537,19016100
2024-10-15,164.7335205078125,166.94375916455598,163.9071629705859,165.06205820613152,20247200
2024-10-16,164.43482971191406,165.07201903329403,163.0210663798458,163.8075910141305,16406000
2024-10-17,162.21461486816406,165.6395132678631,162.04536311131514,165.00232392781157,21453400
2024-10-18,162.70248413085938,163.98682874694387,162.36398058545478,162.47349822564962,19757700
2024-10-21,163.34963989257812,163.77774463817317,161.90599412379152,162.234547045473,20946500
2024-10-22,164.41493225097656,165.0421710211609,162.26441234616763,162.26441234616763,16568100
2024-10-23,162.06529235839844,165.09195335667494,161.21901831548328,164.0365946612512,18280500
2024-10-24,162.00555419921875,162.61287650871054,160.3030555310391,162.11507183508752,22412500
2024-10-25,164.5443572998047,164.86294438388538,162.70247397291948,162.95137630402328,19828900
2024-10-28,165.9879913330078,168.00907708946656,163.23014919167423,168.00907708946656,32138600
2024-10-29,168.93499755859375,169.63193629969666,166.35637283025375,166.99356224559247,42169000
2024-10-30,173.69400024414062,181.22080390832798,173.29574742034202,179.88667593834245,68890800
2024-10-31,170.3587188720703,176.04365502457762,170.2492012343648,172.3698540409386,44769000
2024-11-01,170.5379180908203,171.56340969304173,168.13851111414587,169.32328866587017,31796500
2024-11-04,168.4969482421875,169.98039659514203,167.27233768455534,169.18390599935867,21492700
2024-11-05,168.99472045898438,169.78124508626126,168.09866301416423,168.68606882874496,18242100
2024-11-06,175.73501586914062,176.1631358258417,172.73823693941065,173.03692280821232,33695500
2024-11-07,179.95639038085938,180.28494329004707,176.41202351829116,176.63105879108298,25352900
2024-11-08,177.56692504882812,180.10571661492824,177.2981062836462,179.85681428948374,22006200
2024-11-11,179.55813598632812,179.7572547998241,177.68638571752442,177.79590334371593,17450400
2024-11-12,180.82257080078125,181.68876129211964,178.60236613626623,179.03048606955645,25134900
2024-11-13,178.09458923339844,180.16545831655327,177.75607053934468,179.66765368671196,23184000
2024-11-14,174.80909729003906,178.03487716000262,173.55463493650558,177.49723958577857,31007500
2024-11-15,171.732666015625,173.37541540242353,170.46823785970153,172.96721191394371,32504600
2024-11-18,174.53033447265625,174.66971918387097,172.14086274809708,172.65858390052068,20135300
2024-11-19,177.33792114257812,178.08462810700078,172.7979452295751,172.95724636134872,23434900
2024-11-20,175.20733642578125,176.8998693526181,173.0169988032986,176.56136580560948,18997100
2024-11-21,166.8939971923828,173.36545785068716,162.98124461770655,173.1364567662256,59734400
2024-11-22,164.03659057617188,165.7291386198519,163.18036592990532,165.12181631038618,38604600
2024-11-25,166.91390991210938,167.88961806266173,164.88287341953946,165.3607616780629,33135300
2024-11-26,168.37745666503906,169.07439539763973,166.844224875264,166.89400838356315,20486700
2024-11-27,168.48696899414062,168.73587133599466,167.28229016697128,168.25798309333703,19266500
2024-11-29,168.2082061767578,168.6860944381384,166.42607202365048,167.76018498222638,14257200
2024-12-02,170.73704528808594,171.32445113236562,167.82986793872016,168.02898676148365,23789100
2024-12-03,170.58770751953125,171.92182044267236,170.0998686460895,170.73705804160417,22248700
2024-12-04,173.60440063476562,174.14203820088363,170.3089360574109,170.39853725449947,31615100
2024-12-05,171.8820037841797,175.28698606114204,171.57336730521956,174.5900625293299,21356200
2024-12-06,173.94293212890625,174.31130276071772,171.10543914521764,171.27469092717953,21462400
2024-12-09,174.8001251220703,175.68723243233256,173.08571309629525,173.3947185178427,25389600
2024-12-10,184.56826782226562,185.75440321939527,180.46166108394456,182.2558148271153,54813000
2024-12-11,194.76502990722656,194.97435419169267,184.2493249317854,184.70782161706586,67894100
2024-12-12,191.33621215820312,194.54573443162946,191.08702455991943,194.36632666128313,34817500
2024-12-13,189.20315551757812,192.10368742772263,189.02373254884577,190.38927563816205,25143500
2024-12-16,196.02093505859375,198.3533273175459,191.99405497177682,192.2432425689094,44934900
2024-12-17,194.7849578857422,200.76546017959686,194.34638528405358,196.60901291047233,43504000
2024-12-18,187.7877655029297,196.35982485436523,187.12992181114345,194.58561039475242,34166100
2024-12-19,187.8974151611328,192.40273129322728,187.7678479495074,191.00728679661606,32265200
2024-12-20,190.78797912597656,192.2631653156739,184.6180923176282,185.17627005377298,63462900
2024-12-23,193.99754333496094,194.46601725929617,189.5320904055188,191.99406521325346,25675000
2024-12-24,195.4727325439453,195.4727325439453,193.15030215624884,194.20685520618696,10403300
2024-12-26,194.96438598632812,196.11064287242172,193.7483492712215,194.51583613513964,12046600
2024-12-27,192.1335906982422,194.68528435280825,190.0304468655215,194.31647638353087,18891400
2024-12-30,190.61854553222656,191.92428607864605,188.50542441334892,189.18322257123907,14264700
2024-12-31,188.6848602294922,191.33622003458325,187.89741886934635,190.45907478557154,17466900
2025-01-02,188.81442260742188,191.37607845803336,186.89070161917323,190.03045932269364,20370800
2025-01-03,191.166748046875,192.58214696582633,189.36263229859958,190.74811471378376,18596200
2025-01-06,196.23023986816406,197.57585894718454,193.22006471069886,193.34963191613974,29563600
2025-01-07,194.85475158691406,200.34684110917007,193.96764429186354,196.4694824542812,26487200
2025-01-08,193.31973266601562,195.65212489905696,191.7548424821935,191.94422748738302,24864800
2025-01-10,191.4159393310547,195.88139205518456,189.69156540477465,193.66860495961419,26665200
2025-01-13,190.38929748535156,190.55874323630746,186.75116443597017,189.4523648405139,21823700
2025-01-14,189.04368591308594,191.3561389494114,187.69806677944703,190.61855338184407,17174900
2025-01-15,194.91453552246094,195.72190087885951,191.23652426846428,192.462522950062,21776000
2025-01-16,192.2831268310547,194.84476749712078,192.18344570554987,193.50912558690098,17815400
2025-01-17,195.36306762695312,196.58906629276984,193.1203793506233,195.89134409308565,27735100
2025-01-21,197.4064178466797,201.63262976778796,197.22699486763423,198.4231075033933,29971300
2025-01-22,197.72537231445312,199.82851627036754,196.88810562725033,198.41313252508547,26200600
2025-01-23,197.33663940429688,199.64910762651434,194.5656745164631,197.49612311807823,26951400
2025-01-24,199.5594024658203,200.24714745985025,197.35657740975262,197.45625853253006,23877500
2025-01-27,191.1866912841797,196.24022309921364,190.11019902992624,191.78474760627742,41728900
2025-01-28,194.6653594970703,194.84476727172617,190.06036222791346,192.1236428916819,24157900
2025-01-29,194.77499389648438,196.15049906796548,192.80141720875304,194.92450036864417,18218300
2025-01-30,200.2172393798828,200.74551585245214,197.02764127874622,197.35657072172015,24354700
2025-01-31,203.35702514648438,204.8122722439576,201.14423799517712,201.34358503753182,32001100
2025-02-03,200.57608032226562,203.08789560873984,199.4497627036024,200.03784179405181,27838300
2025-02-04,205.7093505859375,206.37717152288226,202.1509443892273,202.7290614411804,43856400
2025-02-05,190.70826721191406,192.12365103908184,187.41898765422886,190.4491175677977,70373900
2025-02-06,190.9773712158203,191.47574638578936,188.10672536985356,188.88418941826902,29297400
2025-02-07,184.7377166748047,190.5587353980611,182.64454994685505,190.42916818748597,49315000
2025-02-10,185.86404418945312,187.58841808469597,185.2560258505473,186.74118938897723,23105600
2025-02-11,184.71780395507812,186.332534845636,183.6811749516247,184.42873780232077,21239500
2025-02-12,183.0133514404297,184.5084771212101,181.23913684930665,182.62461937179498,22072600
2025-02-13,185.53512573242188,185.6746701852319,182.54487442146038,183.72104784589166,21402500
2025-02-14,184.62806701660156,185.79426312591357,183.7210357377169,184.45862127858567,20448400
2025-02-18,183.1728057861328,185.35569136345538,181.1494039060581,184.9968606492489,29916700
2025-02-19,184.66795349121094,184.85733850337527,182.99340488662492,183.47185603605197,19549400
2025-02-20,183.9602508544922,184.7078136523139,182.12623377404523,184.1994764251086,20441500
2025-02-21,179.076171875,184.73770657345142,178.49805484578573,184.54832157311532,35199200
2025-02-24,178.66751098632812,182.52493020594952,178.30868023037235,181.3986125849473,29854200
2025-02-25,174.84996032714844,178.15917908775072,174.12233676466118,177.4614416125168,41913400
2025-02-26,172.16868591308594,175.50780571224857,171.0224290795126,174.50109332110333,35431300
2025-02-27,167.95245361328125,173.99275900708727,167.39427578548737,173.42461914994175,39991000
2025-02-28,169.7266387939453,170.05556821596952,166.22805073838262,168.13183224034952,48130600
2025-03-03,166.46728515625,172.80661854958163,165.39079285822712,171.37129548555112,40770500
2025-03-04,170.3645782470703,172.72687185175528,165.2612210149662,165.69979362882594,45388000
2025-03-05,172.457763671875,173.21528852342593,168.51062527668861,169.96588759666264,30954900
2025-03-06,171.78993225097656,174.24192964256372,169.94593798389218,169.97583927823808,28302000
2025-03-07,173.29502868652344,174.40142226145525,169.71669832775643,170.70347150998992,27385800
2025-03-10,165.52139282226562,168.10596109578225,163.34598174937858,167.906369246359,43604000
2025-03-11,163.6952362060547,166.39954739419704,161.03084947828359,164.56341811184632,39587400
2025-03-12,166.75880432128906,167.2876892617743,163.18632617734653,166.22991938080386,28372400
2025-03-13,162.4179229736328,165.7808506225565,161.76929516473905,165.6910282026151,31756200
2025-03-14,165.14219665527344,166.14009496437765,162.10857726863358,162.92686119092454,31995900
2025-03-17,163.94471740722656,165.95050288703504,163.326025286982,164.68316768669845,31184300
2025-03-18,160.33233642578125,163.9048145767925,156.39064073396676,163.336005171718,42074800
2025-03-19,163.54556274414062,165.52139724714462,160.66163707283374,161.42003435006743,34275600
2025-03-20,162.45785522460938,164.5434591319573,160.62172590598882,161.23044451155243,28138500
2025-03-21,163.64535522460938,163.89482981108262,160.55186426165298,160.87119904116452,36625800
2025-03-24,167.3275909423828,167.96626051519195,164.79293578885944,166.71888755590038,30879100
2025-03-25,170.20155334472656,170.27141354347242,167.96627061240434,168.62487200219408,24174400
2025-03-26,164.71310424804688,169.25354492463828,164.49356538620054,168.64482630346816,28901600
2025-03-27,161.89903259277344,165.0723420135672,161.6595315089187,164.2840090226325,24508300
2025-03-28,154.00564575195312,161.47990946590778,153.3071199905367,160.15270290585678,48669300
2025-03-31,154.31500244140625,155.2131048785596,150.34337121509955,152.78821916221315,54603500
2025-04-01,156.7399139404297,157.76774810671006,153.29715217046743,153.29715217046743,30672900
2025-04-02,156.70994567871094,158.07707673307476,154.37486726125917,154.8239184605045,25041700
2025-04-03,150.40322875976562,152.4588967636163,150.07392050283045,150.7924084767401,46883400
2025-04-04,145.29400634765625,150.75251155896433,145.0744674917677,147.6989298070746,62259500
2025-04-07,146.44158935546875,152.5287756510523,140.2346601251265,141.25252075073843,76794100
2025-04-08,144.39588928222656,151.92005142460044,142.72940085243894,150.9021908364876,52200200
2025-04-09,158.37646484375,159.21469586163823,143.60756519119073,144.11648790346825,70406200
2025-04-10,152.4988250732422,157.38852063839548,149.6148843769422,156.21099272991097,48022000
2025-04-11,156.8097381591797,157.3386230397259,152.49882542365125,152.57864388809023,33636200
2025-04-14,158.73568725585938,161.3801116162915,157.22885110276232,159.66372535063462,30333000
2025-04-15,155.9814910888672,159.3144679755199,154.8838120227522,158.79557178865275,27551500
2025-04-16,153.0077667236328,155.56238424519245,151.1915842885331,152.7782543502781,28187400
2025-04-17,150.84231567382812,154.3549068428226,148.1879024535801,153.96572710201332,33046600
2025-04-21,147.35964965820312,148.63695834662283,145.7929571438361,148.5671133790027,26049100
2025-04-22,151.15167236328125,151.8701604317821,148.22782212376958,148.57709265560683,26971800
2025-04-23,155.0235137939453,157.19892487451833,153.48674181759014,155.28296188170384,31128800
2025-04-24,158.94525146484375,159.25459752387056,155.4625806651454,155.82182468811348,45894000
2025-04-25,161.61961364746094,165.75091195641818,160.70153382171975,164.72307793649614,56034000
2025-04-28,160.27244567871094,162.80710064682614,158.26667558851017,162.0886126566934,29745800
2025-04-29,159.8234100341797,160.4021929284458,157.1889588897359,159.98307743122987,26809000
2025-04-30,158.4662628173828,158.93527626532435,155.07339925298186,157.6479788523033,34981100
2025-05-01,160.9610137939453,161.60964165853642,158.5760372443709,160.11279406942978,30203200
2025-05-02,163.68527221679688,164.62329914267073,161.5298080330937,163.0665800855699,25715000
2025-05-05,163.86488342285156,165.04239608560687,162.3780095025418,162.6574198030844,21341800
2025-05-06,162.88694763183594,164.45365539079762,160.8512416447926,161.82917778967573,21277200
2025-05-07,151.06185913085938,164.6532299684301,147.52929039730043,163.73516530126716,127490100
2025-05-08,153.95574951171875,155.60227562678833,152.57864497617126,154.6742375105505,57498700
2025-05-09,152.42898559570312,154.7241550362692,151.880138412371,153.84599954293776,32435300
2025-05-12,158.12698364257812,158.7656379952877,155.92162152792991,157.15902099799507,44138800
2025-05-13,159.19473266601562,160.23255554287942,155.83181988552568,158.45628235850566,42382100
2025-05-14,165.02244567871094,166.64902486582008,159.27455664998826,159.6238271640479,48755900
2025-05-15,163.61541748046875,165.8606887311189,162.02874755770196,165.49145599350894,33146700
2025-05-16,165.84072875976562,168.99409119137468,165.27191939302787,167.3774855147182,42846900
2025-05-19,166.1899871826172,166.2897831099107,163.87487089127026,164.16425471766837,30426100
2025-05-20,163.63536071777344,168.1458653454169,162.55762871505934,166.08020853353494,46607700
2025-05-21,168.20574951171875,172.77612594690945,163.21625758160502,163.34598924433868,73416000
2025-05-22,170.51087951660156,176.3984886871392,170.3512273591593,171.48883082455436,74864400
2025-05-23,168.11593627929688,169.60281030274047,167.5371534089642,168.70469265151235,35211400
2025-05-27,172.53662109375,172.80605791558804,169.6427219280191,169.80238932071725,37995700
2025-05-28,171.9977569580078,174.90164475593082,171.5487057543554,172.79607866823434,34784000
2025-05-29,171.49880981445312,174.0534271359213,170.27139911620654,173.63431165912297,29317300
2025-05-30,171.37905883789062,171.84807225515158,167.08809311971586,170.98987911151661,52639900
2025-06-02,168.6747589111328,169.5129898808019,167.03820620651766,167.4872574240746,38612300
2025-06-03,165.8307342529297,168.12590341689224,164.93263186241904,167.1379938326745,45084900
2025-06-04,167.6968231201172,167.86646401479533,166.01037244863588,166.38957869951685,26900800
2025-06-05,167.8564910888672,170.57076063975376,167.23778374687686,169.98200425737,36379100
2025-06-06,173.3149871826172,174.13327118123485,170.47098587242346,170.47098587242346,35731800
2025-06-09,175.93264770507812,176.31231302715454,174.21418342483807,174.38402968862113,28935900
2025-06-10,178.44041442871094,180.94816607880887,174.7537092641778,176.04254985052344,61766100
2025-06-11,177.1915283203125,180.20881870896204,176.59205837486806,179.60936400867158,31646800
2025-06-12,175.54299926757812,176.56209210971562,174.59385119423692,176.02256609234394,20941900
2025-06-13,174.513916015625,176.9717245091389,172.2359546046385,172.28591297451578,27663100
2025-06-16,176.61204528808594,176.78189154925582,174.49392932110277,174.57385966373928,27389200
2025-06-17,175.7927703857422,177.20151408744945,174.4239994778565,175.5429937823964,24973000
2025-06-18,173.16513061523438,176.4022256326498,173.04522747911062,175.85271405711507,28707500
2025-06-20,166.4910888671875,174.18420505107113,165.312150640077,173.79455416726213,75659900
2025-06-23,165.04238891601562,167.19046158134836,161.85523705575486,166.1214256591391,57671000
2025-06-24,166.62098693847656,168.06968824197463,165.98155942026995,166.77084680791774,40524300
2025-06-25,170.52748107910156,172.2059878377665,167.40028826627824,167.48021861146748,35479000
2025-06-26,173.38491821289062,173.53479332021178,169.78814431449064,172.275909497391,31796700
2025-06-27,178.37046813964844,178.52032800475203,171.57654142712704,173.3849216100962,108140200
2025-06-30,176.07252502441406,181.0680572633364,174.4240054836315,180.6184624108643,63378900
2025-07-01,175.682861328125,175.9326379218849,173.37492804100808,175.5829598377131,35904500
2025-07-02,178.48036193847656,178.70016656024188,174.91356011283625,175.38312608280393,29128900
2025-07-03,179.36956787109375,179.50944215502514,176.89178830781478,178.34048951535135,21689700
2025-07-07,176.63201904296875,179.13978593904164,175.52301029591823,178.89999490759814,34175600
2025-07-08,174.20419311523438,177.7909814447806,172.6555751408571,177.691079951528,40442500
2025-07-09,176.46217346191406,179.27966092294577,172.61562283881983,175.09340252603724,43025600
2025-07-10,177.46127319335938,178.27054693495992,174.22417822695712,175.47306122205768,29252400
2025-07-11,180.02899169921875,181.26787392679407,176.32230010231936,176.6320206592132,34282900
2025-07-14,181.3977508544922,183.5058659137902,179.5194259926096,180.84823929966979,32536600
2025-07-15,181.83737182617188,184.05538933948807,181.4377353487915,182.6466456022175,33448300
2025-07-16,182.80650329589844,184.1652886399438,181.86734081977315,183.07626629854497,33104200
2025-07-17,183.41595458984375,183.89552139280437,180.31871865434178,181.9772389358081,31992600
2025-07-18,184.89462280273438,186.25340807875182,183.54583834733725,185.2343153104504,34014500
2025-07-21,189.9301300048828,190.11994741222205,185.98364758555138,186.08356432217508,45803100
2025-07-22,191.1690216064453,191.47874216205827,187.29249900550474,191.328882294876,44660200
2025-07-23,190.0600128173828,192.35796066638142,189.01094801184496,191.32888225818212,58681900
2025-07-24,191.99827575683594,197.7731095502254,190.8293230940032,196.85393348830104,74881700
2025-07-25,193.0073699951172,194.1563515198352,191.08908750710862,191.80844534575607,39785900
2025-07-28,192.4079132080078,193.87660084223495,190.6694625759226,193.47694913334269,38139500
2025-07-29,195.5750732421875,195.7449194968108,191.90835466905762,192.2580327538162,41389200
2025-07-30,196.35438537597656,197.42343657324804,194.51603320447785,195.42522371418744,32445400
2025-07-31,191.728515625,195.8148724632573,190.91924186518514,195.53512388567077,51329200
2025-08-01,188.96099853515625,190.65947636814528,187.65217158882444,188.86108179697592,34832200
2025-08-04,194.86570739746094,195.0955128481526,189.95010569222902,190.11995195242244,31547400
2025-08-05,194.4960479736328,197.68319994217242,193.71674617353807,194.5360207683401,31602300
2025-08-06,195.91476440429688,196.45429038129967,193.49692881868756,194.32618893507828,21562900
2025-08-07,196.34439086914062,197.36346840439734,194.15634544876863,196.88390160867925,26321800
2025-08-08,201.24000549316406,202.42894452614235,196.99380337261508,197.04376174071106,39161800
2025-08-11,200.8203887939453,201.29995560301907,198.8921207366326,200.76044484845534,25832400
2025-08-12,203.15829467773438,204.31726177746063,200.41075203769518,201.19005382143942,30397900
2025-08-13,201.779541015625,204.3472366094903,197.33350521250262,203.94760013613634,28342900
2025-08-14,202.75865173339844,204.2573113073674,201.05017311120625,201.31993610316366,25230400
2025-08-15,203.71778869628906,206.25552748751167,201.10013480886678,203.66784557245273,34931400
2025-08-18,203.3181610107422,205.08658368227987,202.30906899226142,204.01753247133055,18526600
2025-08-19,201.389892578125,203.2582167438639,199.7813305987235,202.84857944432244,24240200
2025-08-20,199.1418914794922,201.10013145192505,196.4243208994537,200.55061989251405,28955500
2025-08-21,199.57150268554688,202.29905887913935,199.25178132101763,199.57150268554688,19774600
2025-08-22,205.9058380126953,208.353645687597,201.12012497867053,202.54883983863883,42827000
2025-08-25,208.30369567871094,210.3318804204715,205.0965574752735,206.2455237198617,29928900
2025-08-26,206.95489501953125,207.66426725745978,205.5161793925774,207.32455950181813,28464100
2025-08-27,207.29458618164062,208.72331622375268,205.46621968804243,205.51617805576655,23022900
2025-08-28,211.4508819580078,212.0303655105851,206.71511204255788,207.0648053873533,32339300
2025-08-29,212.71974182128906,214.45817715575657,210.01215683893824,210.3218773757616,39728400
2025-09-02,211.16114807128906,211.4908397743193,206.01574085860813,208.25374472878948,47523000
2025-09-03,230.45388793945312,231.1033010071871,224.5891229524102,226.00786746880672,103336100
2025-09-04,232.09242248535156,232.16235200669,225.90795135774627,229.4447813472723,51684200
2025-09-05,234.79000854492188,235.54932393536487,231.69277254690593,231.9925075217388,46588900
2025-09-08,234.0399932861328,238.1300048828125,233.6699981689453,235.47000122070312,32474700
2025-09-09,239.6300048828125,240.47000122070312,233.22999572753906,234.1699981689453,38061000
2025-09-10,239.1699981689453,241.66000366210938,237.85000610351562,238.89999389648438,35141100
2025-09-11,240.3699951171875,242.25,236.25,239.8800048828125,30599300
2025-09-12,240.8000030517578,242.0800018310547,238.0,240.3699951171875,26771600
2025-09-15,251.61000061035156,252.41000366210938,244.66000366210938,244.66000366210938,58383800
2025-09-16,251.16000366210938,253.0399932861328,249.47000122070312,252.0800018310547,34109700
2025-09-17,249.52999877929688,251.60000610351562,246.27999877929688,251.22000122070312,34108000
2025-09-18,252.02999877929688,253.99000549316406,249.8000030517578,251.67999267578125,31239500
2025-09-19,254.72000122070312,256.0,251.80999755859375,253.25,55571400
2025-09-22,252.52999877929688,255.77999877929688,250.3000030517578,254.42999267578125,32290500
2025-09-23,251.66000366210938,254.36000061035156,250.47999572753906,253.0399932861328,26628000
2025-09-24,247.13999938964844,252.35000610351562,246.44000244140625,251.66000366210938,28201000
2025-09-25,245.7899932861328,246.49000549316406,240.74000549316406,244.39999389648438,31020400
2025-09-26,246.5399932861328,249.4199981689453,245.97000122070312,247.07000732421875,18503200
2025-09-29,244.0500030517578,251.14999389648438,242.77000427246094,247.85000610351562,32505800
2025-09-30,243.10000610351562,243.2899932861328,239.25,242.80999755859375,34724300
2025-10-01,244.89999389648438,246.3000030517578,238.61000061035156,240.75,31658200
2025-10-02,245.69000244140625,246.80999755859375,242.3000030517578,245.14999389648438,25483300
2025-10-03,245.35000610351562,246.3000030517578,241.66000366210938,244.49000549316406,30249600
2025-10-06,250.42999267578125,251.32000732421875,244.5800018310547,244.77999877929688,28894700
2025-10-07,245.75999450683594,250.44000244140625,245.52000427246094,248.27000427246094,23181300
2025-10-08,244.6199951171875,246.00999450683594,243.82000732421875,244.9600067138672,21307100
2025-10-09,241.52999877929688,244.75999450683594,239.14999389648438,244.47000122070312,27892100
2025-10-10,236.57000732421875,244.08999633789062,235.83999633789062,241.42999267578125,33180300
2025-10-13,244.14999389648438,244.5,239.7100067138672,240.2100067138672,24995000
2025-10-14,245.4499969482422,247.1199951171875,240.50999450683594,241.22999572753906,22111600
2025-10-15,251.02999877929688,252.11000061035156,245.99000549316406,247.25,27007700
2025-10-16,251.4600067138672,256.9599914550781,250.10000610351562,251.77000427246094,27997200
2025-10-17,253.3000030517578,254.22000122070312,247.80999755859375,250.75999450683594,29671600
2025-10-20,256.54998779296875,257.3299865722656,254.22999572753906,254.69000244140625,22350200
2025-10-21,250.4600067138672,254.8800048828125,244.14999389648438,254.74000549316406,47312100
2025-10-22,251.69000244140625,256.3599853515625,249.2899932861328,254.3699951171875,35029400
2025-10-23,253.0800018310547,255.0399932861328,251.85000610351562,252.97999572753906,19901400
2025-10-24,259.9200134277344,261.67999267578125,255.32000732421875,256.5799865722656,28655100
2025-10-27,269.2699890136719,270.1400146484375,264.2799987792969,264.82000732421875,35235200
2025-10-28,267.4700012207031,270.7300109863281,266.5,269.69000244140625,29738600
2025-10-29,274.57000732421875,275.3399963378906,267.6700134277344,267.75,43580300
2025-10-30,281.4800109863281,291.5899963378906,280.05999755859375,291.5899963378906,74876000
2025-10-31,281.19000244140625,286.0,277.0299987792969,283.2099914550781,39267900
2025-11-03,283.7200012207031,285.5299987792969,279.79998779296875,282.17999267578125,29786000
2025-11-04,277.5400085449219,281.2699890136719,276.260009765625,276.75,30078400
2025-11-05,284.30999755859375,286.4200134277344,277.3399963378906,278.8699951171875,31010300
2025-11-06,284.75,288.3500061035156,281.1400146484375,285.3299865722656,37173600
2025-11-07,278.8299865722656,283.7799987792969,275.19000244140625,283.2099914550781,34479600
2025-11-10,290.1000061035156,290.79998779296875,282.8599853515625,284.4200134277344,29557300
2025-11-11,291.30999755859375,291.9200134277344,287.32000732421875,287.75,19842100
2025-11-12,286.7099914550781,292.010009765625,283.69000244140625,291.67999267578125,24829900
2025-11-13,278.57000732421875,282.8399963378906,277.239990234375,282.3399963378906,29494000
2025-11-14,276.4100036621094,278.55999755859375,270.70001220703125,271.4100036621094,31647200
2025-11-17,285.0199890136719,293.95001220703125,283.57000732421875,285.7799987792969,52670200
2025-11-18,284.2799987792969,288.79998779296875,278.20001220703125,287.9200134277344,49158700
2025-11-19,292.80999755859375,303.80999755859375,286.6300048828125,287.1600036621094,68198900
2025-11-20,289.45001220703125,306.4200134277344,288.6700134277344,304.5400085449219,62025200
2025-11-21,299.6600036621094,303.9200134277344,293.8500061035156,296.4200134277344,74137700
2025-11-24,318.5799865722656,319.4800109863281,309.6000061035156,311.1300048828125,85165100
2025-11-25,323.44000244140625,328.8299865722656,317.6499938964844,326.2099914550781,88632100
2025-11-26,319.95001220703125,324.5,316.7900085449219,320.67999267578125,51373400
2025-11-28,320.17999267578125,326.8500061035156,316.7900085449219,323.3699951171875,26018600
