Price,Close,High,Low,Open,Volume
Ticker,JPM,JPM,JPM,JPM,JPM
Date,,,,,
2020-01-02,119.57339477539062,119.58187802500261,118.0224731150034,118.47164566381805,10803700
2020-01-03,117.99542999267578,118.75454422901196,116.92073288729647,117.27896525575625,10386800
2020-01-06,117.90159606933594,117.93572087182815,116.42601722411898,116.47719141305848,10259000
2020-01-07,115.89722442626953,117.58603809238292,115.84605022650875,117.09133247002616,10531300
2020-01-08,116.80135345458984,117.3472333551911,115.65841944626904,115.74370545319843,9695300
2020-01-09,117.2278060913086,117.90162141519652,116.8866230670349,117.74809881537456,9469000
2020-01-10,116.05927276611328,117.06573329708245,115.83750057028601,117.03162150569376,10190900
2020-01-13,117.0230712890625,117.0230712890625,115.79483869354226,116.16160873947067,12355200
2020-01-14,118.38780212402344,120.05955338804928,117.44104038247764,117.65427489170145,24906000
2020-01-15,116.61367797851562,118.21720549493533,116.12749709818824,117.57750203016793,16293400
2020-01-16,117.06576538085938,117.62016999277071,116.71605760298114,117.23635041415488,10783800
2020-01-17,117.87601470947266,117.9527759966163,117.12543821051356,117.31307257415375,14697700
2020-01-21,116.71601867675781,117.76514166049718,116.58808319815519,117.01455214656322,8474200
2020-01-22,116.57955932617188,117.19367572595091,116.3236883385981,117.05721553751191,7549100
2020-01-23,116.46013641357422,116.63073440728017,114.90779618628719,115.75220940185298,9345700
2020-01-24,113.56867218017578,116.36630735248336,112.86074520112639,116.31513316265318,15166400
2020-01-27,112.6133804321289,113.38955697945326,110.63457143811776,111.11221453961016,12860500
2020-01-28,114.66043090820312,115.12102464344335,112.99720467494446,113.30426282683828,13062800
2020-01-29,114.48985290527344,115.60719949369245,114.02927215680442,114.98455845869555,9326000
2020-01-30,115.90571594238281,116.11042569762772,113.1763176131066,113.1763176131066,9048900
2020-01-31,112.89484405517578,115.00160139380912,112.13572995846805,114.71160567479664,12785200
2020-02-03,113.75633239746094,114.4983972781852,113.15075372969345,113.15075372969345,10021100
2020-02-04,115.39396667480469,116.51132629409986,115.21485699802298,115.61573886579149,9157100
2020-02-05,117.35572814941406,117.47513894053233,116.00808464119365,116.4857408204668,10150700
2020-02-06,117.37279510498047,117.95278668010846,116.94632611804498,117.9101501932554,8992300
2020-02-07,116.99749755859375,117.42396653548509,116.25544570353892,116.62220277656132,6379800
2020-02-10,117.48368072509766,117.57750442243119,116.63926744909593,116.80985244021127,5960700
2020-02-11,117.7054443359375,118.40485974503817,117.51779693421786,117.92720353124204,6578600
2020-02-12,117.7054443359375,118.80572863256532,117.53485933841084,118.21721234331852,7958000
2020-02-13,117.60308074951172,117.99542489166355,116.34072329831172,117.49219465878214,7447500
2020-02-14,117.24484252929688,117.86748351534406,116.80131120337344,117.5689500620728,6627600
2020-02-18,115.69248962402344,117.45807722323059,115.189259415333,117.14248136820203,8996400
2020-02-19,117.2704086303711,118.03804735165117,116.28952247007278,116.77570320440086,7071200
2020-02-20,117.2704086303711,118.01246026192825,116.45158271484881,116.99746232026486,7422800
2020-02-21,115.83749389648438,116.78425548427705,115.07837968751905,116.46867262661266,9772800
2020-02-24,112.72428131103516,113.61133104241492,111.56428519166154,112.11016495284912,13618400
2020-02-25,107.69194030761719,112.7839740680663,107.12046697307123,111.73486410269628,20797200
2020-02-26,108.01606750488281,109.98635219714232,107.76018350262032,108.26342030509643,24825600
2020-02-27,103.52108001708984,107.14606625847,103.46137462164546,104.83460522426618,23005500
2020-02-28,99.03461456298828,101.06460430904126,96.09198157516113,100.23725355102742,45931400
2020-03-02,103.64900970458984,103.70019040310805,97.62727027338804,99.47814393603792,27355400
2020-03-03,99.7596206665039,104.86871710426327,99.14550430861229,103.17990362746137,32547700
2020-03-04,102.22460174560547,102.51460400334564,97.83197044251948,100.92813905498915,25795900
2020-03-05,97.20933532714844,99.30756181960847,96.02375214450721,98.6593271813802,25025600
2020-03-06,92.1855239868164,94.0961029403931,89.57552975219359,90.63317736689797,38159400
2020-03-09,79.69851684570312,84.63702790569756,79.32322209963806,82.36821004252174,40352000
2020-03-10,85.8908462524414,86.38555180961096,80.67087032785207,84.44085438614435,31102700
2020-03-11,81.84793090820312,85.33645076358523,80.6452916942855,83.33204122805486,38127000
2020-03-12,75.10118103027344,82.70085396428337,73.62559567208012,76.41469960561388,49725200
2020-03-13,88.62877655029297,88.69700663377282,78.47028346896538,81.873503723428,38543300
2020-03-16,75.36560821533203,80.15912250055456,72.11591625835044,72.67032079667565,38589700
2020-03-17,79.9714584350586,83.11027013238306,74.63206541847627,77.5235243466687,35239800
2020-03-18,71.55296325683594,77.43823634356154,68.5420933702059,74.77706762843864,41525600
2020-03-19,72.755615234375,75.15236897257275,65.59946581384665,69.56562237505486,32175100
2020-03-20,71.22032928466797,76.30383943236212,70.35033531115366,73.60855849837176,30150800
2020-03-23,67.4076919555664,71.43356052736755,66.60592811921934,70.52091708898557,32536600
2020-03-24,75.42530059814453,76.84970536413296,70.70855493721042,72.41443077884445,34363200
2020-03-25,78.23998260498047,81.15702814575249,72.1073581052685,76.11616292393893,38111700
2020-03-26,83.6902847290039,84.0741042527644,79.78382685526849,80.24441418822165,29826300
2020-03-27,77.72823333740234,80.89263236308787,77.23353427013896,79.48528994613835,30041500
2020-03-30,79.74971008300781,80.25294042415021,76.16737276780106,77.31883786858887,21656900
2020-03-31,76.79000091552734,80.32116343059884,76.20147166054876,78.5129391809371,23379300
2020-04-01,71.95384979248047,73.83031077887725,71.00708809725832,72.5850220868284,28029600
2020-04-02,74.6406021118164,74.98177859460026,70.75973182152534,71.22885029877816,24018000
2020-04-03,72.43440246582031,75.39038121111547,71.33129127010878,74.11491238405453,21199400
2020-04-06,77.09673309326172,78.415287852122,75.57996116917077,76.69168548497994,26820800
2020-04-07,78.1136703491211,81.44022393754537,77.8896001671227,81.39713124196106,22563800
2020-04-08,81.26785278320312,81.75045933334047,78.03609840277385,79.37188626833861,22903300
2020-04-09,88.55868530273438,89.9634187672043,83.49991034016105,83.5257633218659,42055900
2020-04-13,84.62025451660156,88.86031447103335,83.8532520418169,88.86031447103335,26911900
2020-04-14,82.30201721191406,87.90372518968832,80.69906640304156,87.05915709387594,46151300
2020-04-15,78.24292755126953,79.31155914109536,77.67413563368773,78.55317649267397,30118600
2020-04-16,75.26109313964844,78.05332691824329,75.01978987884677,77.7603176944186,32449600
2020-04-17,82.02625274658203,82.47438655552067,78.38944999799604,79.28572419089582,30191900
2020-04-20,79.0357894897461,81.62119316258708,77.95853795939568,79.69076026120517,23679400
2020-04-21,76.74340057373047,78.75139240106982,76.12290264896477,76.37282578949659,23035000
2020-04-22,76.9933090209961,79.17367138090435,76.85542426059878,78.15674579476867,16662400
2020-04-23,77.03641510009766,78.66521897652713,76.92438330185895,77.33804422998794,16638800
2020-04-24,78.17398071289062,78.51008263188662,76.26078112782363,78.1136548960201,15809200
2020-04-27,81.54362487792969,82.41403928084169,78.88927583286022,79.23399759813249,22870200
2020-04-28,82.12103271484375,84.76676199337227,81.89696257390378,84.29276872888792,20238900
2020-04-29,84.33586883544922,85.70612963419076,83.8274026910898,85.38726738732521,20462600
2020-04-30,82.52607727050781,83.45681748510296,81.48329870205733,82.38818593499994,19127600
2020-05-01,80.36295318603516,80.78523388724018,79.147810469786,80.57840346267332,18547700
2020-05-04,79.4063720703125,79.86312571199298,78.2515614724805,79.30295354624397,15725900
2020-05-05,79.28569793701172,81.19027750062662,79.1995191455625,80.7076710084948,18064100
2020-05-06,77.79478454589844,79.9406740779956,77.50177531984096,79.42359471876307,20978000
2020-05-07,78.6048812866211,80.06994717142709,78.061948934764,78.71691306795071,16771900
2020-05-08,79.88896179199219,81.07825155450777,79.38050228339613,79.97514716465392,20487800
2020-05-11,77.5362548828125,78.51870772312314,76.98470264176166,78.51870772312314,31907600
2020-05-12,75.0025634765625,78.24293809278876,74.89053167846969,77.6913858059871,27962900
2020-05-13,72.41715240478516,74.85605133234056,71.87422002613319,74.4423838712096,35451600
2020-05-14,75.42484283447266,75.93330899319163,71.01242462332858,71.28820076152509,35152500
2020-05-15,74.02870178222656,75.21798470794099,73.51162253517765,74.84741004213572,26099000
2020-05-18,77.94991302490234,78.55317778758707,75.73508428587863,76.43314770305638,30504400
2020-05-19,76.41590881347656,78.59626474005047,76.34696314128722,77.60519864616865,19597300
2020-05-20,78.70830535888672,79.62181252902566,77.88097699394594,78.17398624662394,20552400
2020-05-21,77.70861053466797,79.07887782480186,77.27770994626455,77.79478933734441,14621400
2020-05-22,77.10535430908203,77.87235685001673,76.45900340997832,77.57072774543927,13557900
2020-05-26,82.57779693603516,84.02562332400348,79.81141566483213,80.05271896698987,41233900
2020-05-27,87.36078643798828,88.40356505833651,85.1459577075747,87.96404462330673,39402000
2020-05-28,86.0594711303711,88.72243376814706,85.6630433546029,88.71382048988497,24713900
2020-05-29,83.86185455322266,85.47342481611945,83.40510106788815,85.02529118192898,26526400
2020-06-01,84.97359466552734,85.75783689194607,83.92219617847073,84.24106498069942,15176800
2020-06-02,85.25800323486328,86.5420853363222,84.3962019311954,86.42143367981048,21195000
2020-06-03,89.8600082397461,90.42018033480494,87.09362717647912,87.54176748253474,25941100
2020-06-04,91.73011016845703,91.87661477582374,88.58453487341494,89.47218894454566,26784700
2020-06-05,95.85814666748047,99.77071817837908,94.39308073904066,99.04680835434286,42231000
2020-06-08,97.77133178710938,98.40906933265937,96.47001686515374,97.73686552926071,24881800
2020-06-09,95.26350402832031,96.20286416641954,93.9449492638215,95.35830268492022,17031100
2020-06-10,91.40263366699219,95.23765297294173,91.22165620300673,95.19456028269792,24913300
2020-06-11,83.77568817138672,87.54176152653231,83.19828298462,86.20596712727588,36259200
2020-06-12,86.06808471679688,87.15394945069731,83.87910896866282,86.79199453939717,24856800
2020-06-15,87.25736236572266,87.41248682848476,82.62087476208725,83.09486142745655,22153600
2020-06-16,87.9554214477539,91.07514391330514,85.5854683342193,90.80798766633156,22193600
2020-06-17,85.73197937011719,88.36908872590094,85.4992893828299,88.3604688735886,15639800
2020-06-18,85.2666015625,86.62824228151858,84.56853821174704,85.03391158724219,16591900
2020-06-19,84.29277038574219,86.69719644052941,83.36203011858353,86.636870621593,40371200
2020-06-22,83.37926483154297,84.41342362580167,83.19828737129876,83.81016542498764,16216900
2020-06-23,84.39618682861328,86.15426196249327,84.32724115865227,85.29246081304353,15381400
2020-06-24,81.57809448242188,83.45681454998781,81.27645884036187,83.3792556077579,22919800
2020-06-25,84.42205047607422,84.63750079065434,81.23338845029707,81.31094740753545,25743600
2020-06-26,79.79417419433594,82.18998718072994,79.28571461531337,81.96591701581103,41896300
2020-06-29,80.14751434326172,81.43159633420686,79.44083759807468,80.49223615006501,18499700
2020-06-30,81.0610122680664,81.57809820662065,79.77693042403727,80.00100055907606,19137000
2020-07-01,80.37156677246094,82.48297668890437,80.17334964039745,81.77630009962346,18755700
2020-07-02,80.63262939453125,82.63408278510967,79.99738130679067,82.44263797403468,27845600
2020-07-06,82.66889953613281,82.84293666899352,81.34620006475475,82.17288640447966,18625300
2020-07-07,80.33677673339844,81.88572999369737,80.0583133005255,81.64207531982005,25757200
2020-07-08,81.18955993652344,81.2243620500854,79.88426158795612,80.31065718954271,18762200
2020-07-09,79.43177032470703,81.90313914446446,78.99667078818774,81.38101438936768,25600800
2020-07-10,83.77405548095703,84.27006864937312,79.94518516150946,80.05830864234417,28954200
2020-07-13,84.97492980957031,86.38464787637825,83.73924887920322,85.91474628016972,32079200
2020-07-14,85.46224212646484,86.97638651216124,84.096029975886,85.6014771518165,42731700
2020-07-15,86.78495788574219,88.14246633723475,85.84514127820479,87.79438537454399,22508400
2020-07-16,87.02861022949219,88.08155029999804,85.75812039303656,85.95826245981884,16886900
2020-07-17,85.41874694824219,87.08952762892318,85.40133924832904,87.01991010745508,16137700
2020-07-20,84.67036437988281,85.61887809218808,84.63555562359298,84.78348785850622,14458100
2020-07-21,86.50648498535156,87.06341180912915,84.9662290515515,85.02714271543056,17798100
2020-07-22,85.87995147705078,87.13303366900021,84.87051733224669,86.71534181804782,14271200
2020-07-23,86.13230895996094,86.45427837465523,85.25340601898695,85.71461047502422,12870200
2020-07-24,85.52316284179688,86.84586913533101,85.22729834716726,86.67182533929127,12744200
2020-07-27,84.3222885131836,84.95753009606945,83.68704029120593,84.85311046002893,11959100
2020-07-28,84.68775939941406,85.18377252276368,83.97419654408496,83.97419654408496,11754300
2020-07-29,86.7414321899414,86.76753709636391,84.40929872255862,84.47021238390816,12743500
2020-07-30,84.42670440673828,85.05324875157503,83.5826169500965,84.87921160649438,14834800
2020-07-31,84.09603118896484,84.3483896967364,82.88645510491286,83.95680280069625,14535000
2020-08-03,83.62611389160156,84.90530735107302,83.40856416418372,84.42669529511744,12962800
2020-08-04,83.14750671386719,83.4955809590917,82.69499957253026,83.46077884584179,13366200
2020-08-05,84.592041015625,85.68849357597492,83.29544641021143,83.42597758343496,15260900
2020-08-06,84.61815643310547,85.36652817084703,84.00901973452144,84.9140275717692,10482100
2020-08-07,86.48038482666016,86.57610725951668,84.02642361153168,84.34839967105742,14743700
2020-08-10,87.57684326171875,88.79512341813412,87.04602124098842,87.11563876743335,14989900
2020-08-11,90.34406280517578,92.38033198265788,90.07430323105356,90.37887156298054,31518600
2020-08-12,89.57827758789062,92.6152699135887,88.50793001135787,92.38031912995949,19240800
2020-08-13,89.082275390625,89.94377055493369,88.4470271896513,88.76029936559839,13598600
2020-08-14,89.1170654296875,89.9002390659657,88.25556380723717,88.32518130706774,12134400
2020-08-17,86.7675552368164,88.7603120591492,86.61091912644244,88.3252124902318,14988000
2020-08-18,85.5579605102539,86.9415802932724,85.38392337586632,86.9415802932724,13246500
2020-08-19,85.75811004638672,87.53331007995939,85.57536242263633,86.08007941212816,13533000
2020-08-20,84.73128509521484,85.30561302406596,84.2352718952149,84.63556266722433,13672600
2020-08-21,84.68775939941406,85.77550805931153,84.35708619687797,84.64424679738178,12228300
2020-08-24,87.07209777832031,87.2026289380935,84.77477326703831,85.67107705087531,17898300
2020-08-25,87.45500183105469,88.74289930658298,86.84586517045516,88.12505215771418,13648900
2020-08-26,86.22799682617188,87.25483168670232,86.19319471619936,86.96767112534374,12052400
2020-08-27,89.06485748291016,89.32591981263754,86.14969245004498,86.14969245004498,22163900
2020-08-28,89.43035125732422,89.84804971229602,88.59496098647233,89.75232728801272,13756700
2020-08-31,87.18524169921875,88.91693588532421,87.0373028205148,88.86472606877672,14219400
2020-09-01,87.14171600341797,87.77696411205761,86.18449855564192,86.62830184690823,11595600
2020-09-02,88.45572662353516,88.70808512151247,86.63700732400605,86.9763843911604,14475700
2020-09-03,88.1772689819336,91.36219396779893,87.57682952891246,89.90896318637702,23281200
2020-09-04,90.08297729492188,91.5536153986158,88.21205517705302,90.5441882380108,26325500
2020-09-08,86.95026397705078,90.12649097872867,86.56738101313934,89.6130768647858,22108600
2020-09-09,87.77696990966797,88.49053277849579,86.63700477794843,87.71605624912502,13434000
2020-09-10,86.87196350097656,89.1257756136285,86.70662357457975,88.23817559837919,15922800
2020-09-11,87.95101165771484,88.20337016151723,86.66311423125637,86.99379409648984,13784300
2020-09-14,89.1693115234375,90.03080685739255,88.2120937480327,88.33392110277006,19017400
2020-09-15,86.39337158203125,89.49998231908742,86.27154423070299,89.39556266885903,23683000
2020-09-16,86.75885772705078,88.00324285066108,85.94087499228874,86.52390686386529,19270600
2020-09-17,85.76683044433594,86.445584753466,85.02716245718376,85.88865780038016,18290100
2020-09-18,85.58407592773438,86.57610232158243,84.79219823819585,85.18378515820727,20121600
2020-09-21,82.93865203857422,83.58260398145866,81.64205758335531,82.84292963190465,28378800
2020-09-22,82.03366088867188,83.24324366679359,81.5115427905231,82.6341003530435,19257000
2020-09-23,80.70223999023438,82.97345953393827,80.6326291275116,82.47744645192766,19952700
2020-09-24,80.63262939453125,82.05975499097514,79.51876927910322,80.33675833039072,18366500
2020-09-25,81.33749389648438,81.55504362590084,79.94517695603713,80.10181302678063,13293100
2020-09-28,83.67832946777344,84.34837970003002,82.10326494311866,82.7211053658487,20894100
2020-09-29,82.97347259521484,83.56520817559405,82.08587254419176,83.56520817559405,12848200
2020-09-30,83.77405548095703,84.58334082301396,82.89515926405113,82.97347398791557,16400600
2020-10-01,84.38318634033203,85.07934145992463,83.5651972697429,84.51371749997145,15778700
2020-10-02,85.18376159667969,85.79289811245508,82.74720225539792,82.8864372527695,15149600
2020-10-05,86.98423767089844,87.16867436421006,85.65804236105123,86.3518794648601,13871900
2020-10-06,86.0884017944336,88.58270306975122,85.64048694520827,87.88886590832443,19220400
2020-10-07,87.59024810791016,88.13477356977931,86.65927333315487,86.9139735365796,16358500
2020-10-08,89.39069366455078,89.51365144312597,87.73954156604371,88.27528904441976,15659000
2020-10-09,88.88130187988281,89.68053421825046,87.92398669729864,89.58392356854235,13689100
2020-10-12,89.97037506103516,90.46220627129662,88.57391615947468,88.7934846212982,16058000
2020-10-13,88.51243591308594,90.65542621214031,88.05573646774035,90.46220489656031,21697300
2020-10-14,88.0206069946289,89.52245448557116,87.91521171956887,88.7320066743653,15204100
2020-10-15,89.3380355834961,89.39072988117843,86.98426091033139,87.03695520801372,17171200
2020-10-16,89.15357971191406,89.87376399541103,88.45974257160516,89.0657536677213,13275000
2020-10-19,87.65174102783203,89.46976779767418,87.44095045980806,89.2326300838218,11725700
2020-10-20,88.15235900878906,89.38193718150866,87.93279052070363,88.09965801517359,11257100
2020-10-21,87.27406311035156,88.69686226691842,87.23893135700837,88.14355222833095,10730500
2020-10-22,90.3568115234375,90.67299064636003,87.22137413837046,87.2301587530899,14837200
2020-10-23,91.1736068725586,91.7357016044995,90.40072829131428,90.90134412134596,15087600
2020-10-26,88.91644287109375,90.19872189050906,88.04695363409456,90.15481221834212,12410700
2020-10-27,87.23893737792969,88.63538949104151,87.08963244143924,88.27530072064116,10391700
2020-10-28,84.78855895996094,86.33432282449631,84.37576917505395,85.63170105860812,16389500
2020-10-29,85.34186553955078,86.0532718907112,83.64679679776455,84.4196820483391,14208800
2020-10-30,86.10598754882812,86.43972927124598,84.51631368317847,85.99181433606128,15194500
2020-11-02,88.04693603515625,88.60024603888708,85.94786248518679,87.29162013760194,15011600
2020-11-03,90.82230377197266,91.99040292215575,90.18994551583567,90.47977079931692,17482600
2020-11-04,88.04693603515625,89.64539385774171,86.88761505065138,88.70564129227712,18886500
2020-11-05,91.64788818359375,92.30659366651469,88.70567170001995,88.75836599443005,17837400
2020-11-06,90.42708587646484,92.30659160979876,89.92646998862728,92.24511270079059,12552800
2020-11-09,102.67021942138672,104.42676720720789,96.91752274254318,99.38547693809659,47792400
2020-11-10,102.33645629882812,103.1532511694979,100.72922039906253,103.06542513300917,20539300
2020-11-11,100.80828857421875,102.72292616084752,100.088104162773,102.6614472489204,14443400
2020-11-12,99.56990814208984,100.08808649390002,98.41936484956454,98.83215462850359,22063000
2020-11-13,100.19349670410156,100.87854933268078,99.74557510053106,100.73802228030624,11847900
2020-11-16,103.02153778076172,104.17207451958706,101.64264793704407,103.45189014326381,19858600
2020-11-17,101.97635650634766,102.2661884260314,100.6325988614274,101.34399839092721,14553200
2020-11-18,101.22105407714844,104.17205454118009,101.17713770746515,103.05664307791781,12571200
2020-11-19,101.49333190917969,101.72168500425616,99.73678407163376,100.28131631352437,10202500
2020-11-20,100.62384033203125,101.57237775103988,100.20226591223916,100.50088252223732,12718900
2020-11-23,103.52213287353516,103.78561098714914,101.50210049900879,101.9236748617672,13209200
2020-11-24,108.3087387084961,108.46682828090104,105.13816934576775,105.45434849057764,20121600
2020-11-25,107.17575073242188,107.48314522225526,105.80564574876604,106.59609350883568,11715600
2020-11-27,106.46436309814453,107.45681019166304,106.34140528835279,107.14941566718369,5983600
2020-11-30,103.53092193603516,106.02522322451355,103.43431127376358,105.39286496262613,14411800
2020-12-01,105.16451263427734,106.7805400596731,105.06790197131194,105.69147562273541,12668900
2020-12-02,107.18455505371094,107.4216860749824,104.75173242823332,105.12939049966458,10811300
2020-12-03,106.48191833496094,107.0527976702939,105.70903976910405,107.01766591265982,12904400
2020-12-04,107.44801330566406,108.28237743476234,106.87714069712514,107.57097780211105,13583700
2020-12-07,107.04401397705078,107.29871419656688,105.57729826186629,106.40287782162896,9724300
2020-12-08,107.1493911743164,107.43922310287311,106.06033366480527,106.30624922817586,9592100
2020-12-09,106.31504821777344,108.29116430583096,105.77930065339983,108.17698442118571,13073900
2020-12-10,105.62998962402344,106.07791114944038,105.00641601448483,105.38407402597412,13668400
2020-12-11,105.00642395019531,105.41042913476522,103.96128257950069,104.46189842784796,9981600
2020-12-14,103.89981079101562,106.64002122197263,103.73293659657199,106.56975769792285,12112400
2020-12-15,105.67390441894531,106.1833048362753,104.18084162409251,104.76928346788883,12590200
2020-12-16,105.9813232421875,106.34141880283927,105.26992343788388,105.65636614673964,11169400
2020-12-17,105.10303497314453,106.66636142768728,105.02399353925549,106.49949394479995,11618000
2020-12-18,104.5848388671875,105.28745384078361,103.8734325792742,104.63753314751555,28954800
2020-12-21,108.51072692871094,109.78422121452054,106.35016755859573,108.17697860777265,28323600
2020-12-22,106.85957336425781,108.48437858036873,106.80687907962962,108.37020539677519,11788200
2020-12-23,109.84571075439453,111.11920516360543,107.45680479717065,107.83446282277146,14973200
2020-12-24,109.36265563964844,110.26728332369215,108.5282981716898,109.86327146056314,4164900
2020-12-28,110.08283233642578,111.23337554436081,109.59978577798643,110.50440669900831,8072600
2020-12-29,109.79299926757812,110.90840394015837,109.68760400925927,110.83814043461247,8389200
2020-12-30,110.10042572021484,110.53077809051123,109.69642049697966,110.21459892437959,7398000
2020-12-31,111.60224914550781,111.83060220488962,109.62613313716237,109.86326410985707,8580200
2021-01-04,110.54832458496094,112.29608755442943,109.59100266754638,111.97990845332896,16819900
2021-01-05,111.14984893798828,111.72483955106856,109.48679874945127,110.56601044653497,13731200
2021-01-06,116.36901092529297,117.44822287578616,113.12252719336279,114.89173209094162,24909100
2021-01-07,120.19044494628906,122.24272081732299,119.35007871378596,120.0312236276266,21940400
2021-01-08,120.32316589355469,120.61508519818604,118.6424196091236,120.27893324171778,12035100
2021-01-11,122.11888885498047,122.2515732995207,118.63356680069519,119.04932939079981,15937900
2021-01-12,124.03844451904297,125.3122689476601,122.8088527299013,123.34845853652644,18033500
2021-01-13,124.1534652709961,124.54267746209823,122.16311767775332,122.59656251495366,14816800
2021-01-14,124.87885284423828,126.27652103658164,123.84387352099074,124.27733193756218,18565600
2021-01-15,122.64079284667969,125.30343071747929,121.1988922981212,121.57042222209964,27881000
2021-01-19,122.11002349853516,124.46305975965032,121.91542416294266,123.71999993969008,19843800
2021-01-20,120.2789306640625,122.22504582198809,119.8100942600412,121.91544426158512,16028800
2021-01-21,119.27045440673828,120.4469723967807,118.81931389090947,120.03120989285947,13411700
2021-01-22,118.3504867553711,118.89009265102118,116.9439776741862,117.37743601590796,12933200
2021-01-25,116.87321472167969,117.80204636459386,115.05094295442662,116.89091048096732,14212800
2021-01-26,116.39552307128906,117.80203206091376,116.1832144793445,117.43050214844165,11307800
2021-01-27,113.10480499267578,114.86516149325641,112.65365770745103,114.6351571627635,17603900
2021-01-28,115.09516906738281,116.91744073114822,114.10442257009102,114.90939735018625,13761800
2021-01-29,113.82135009765625,116.5193797090131,113.3967463630866,116.05054332548822,14808100
2021-02-01,114.66171264648438,115.05979297601515,113.65327037401816,114.467099795841,11080700
2021-02-02,118.1912612915039,118.88124736372752,116.07707042960679,116.71398272672216,12253600
2021-02-03,119.54468536376953,120.09313231911953,118.1027849513284,118.22662824763023,10600800
2021-02-04,122.2957992553711,122.65848804781446,119.83661536645198,119.83661536645198,12419500
2021-02-05,122.05695343017578,123.39270641864479,121.52620218462617,123.3042411287658,10051300
2021-02-08,123.96766662597656,124.10920566357967,122.23384716010243,122.2515429142792,10136400
2021-02-09,123.47232818603516,123.82616238155916,122.5523376810178,123.33963023928165,8614800
2021-02-10,123.54310607910156,124.61346336658372,122.99464549166855,123.84386651542627,10323200
2021-02-11,123.19808197021484,124.3303673848479,122.26925050564215,123.54307497158106,9201000
2021-02-12,124.94959259033203,125.26804872906264,122.95924509774267,123.00347774160399,8324600
2021-02-16,127.9572525024414,128.54994576874037,125.96690455720385,126.98420160573845,12130600
2021-02-17,128.35531616210938,128.60300279429336,126.60380048006807,127.33801924615241,10810100
2021-02-18,128.7887420654297,128.96565913410836,126.85146844331665,127.38223314725974,10587800
2021-02-19,130.9383544921875,131.66371869057232,129.02761731444022,129.02761731444022,11969800
2021-02-22,132.1679229736328,132.85790902580356,129.8502647106339,129.92103424135752,11488400
2021-02-23,133.22940063476562,134.73321561104464,132.32710624983665,134.0255340051769,16234400
2021-02-24,135.57362365722656,136.0159231108233,132.78714249873033,132.78714249873033,15061400
2021-02-25,133.7336883544922,137.02439815757276,133.21177811369088,136.46710989108635,18127700
2021-02-26,130.18643188476562,133.45944545185972,129.60259331121165,132.95523104590632,19829200
2021-03-01,133.13217163085938,133.91062319959417,131.3452775744053,132.26526824616676,14845500
2021-03-02,132.69866943359375,134.26441318699838,132.5482892479311,132.7605978324646,14221700
2021-03-03,135.2640380859375,137.095151020802,133.4152293914285,133.7779047277267,14324100
2021-03-04,133.1852264404297,136.56440117960418,131.46910218004555,134.998657133039,20093900
2021-03-05,133.4948272705078,135.7770941211892,130.8941042662916,135.538248631561,18465100
2021-03-08,135.2640380859375,137.51976826481066,133.3533009816278,134.87481236121778,17133300
2021-03-09,134.30868530273438,136.44941354212236,132.53064594013696,134.01676597492084,16238800
2021-03-10,137.22784423828125,138.13898010885475,134.0255867485665,134.3794344397028,14342200
2021-03-11,136.5113067626953,138.13011084824282,135.66208589183546,136.3255350572889,11771500
2021-03-12,138.13014221191406,139.4393585808383,137.17478707489815,138.75821350356523,12849500
2021-03-15,137.4401092529297,138.81124007272078,136.19283522134114,138.30702578290973,12101100
2021-03-16,135.79476928710938,136.75899232526993,134.6271057837545,136.30783825755134,12805600
2021-03-17,137.1924591064453,138.77589891493142,135.38788304033045,137.41360886198393,13952400
2021-03-18,139.45701599121094,143.03080322918407,138.9793385078308,139.41279684301367,21898500
2021-03-19,137.23666381835938,137.9443455915944,133.74250109177612,137.56396107059388,54418800
2021-03-22,133.54788208007812,136.20167848334194,133.2294259717702,135.16669950581783,19944800
2021-03-23,132.212158203125,134.56518103063993,131.76985875088346,132.98175493069473,17076300
2021-03-24,133.23828125,135.50285226161003,132.5659909490245,132.6898342544123,13079800
2021-03-25,134.94557189941406,135.31710183695068,132.09716221372452,132.68984188774073,15608300
2021-03-26,137.1924591064453,137.51091529433734,134.94558352925318,136.4936318180236,16754400
2021-03-29,135.06057739257812,135.98940910097048,133.60983548063848,134.56520408087832,17570300
2021-03-30,136.65286254882812,137.88245473415935,136.12211119782742,136.63518028566565,13184300
2021-03-31,134.6624755859375,136.66167757259564,134.56516917510098,135.59130705339393,16736700
2021-04-01,135.97171020507812,136.04246624274225,134.0609732383368,134.37057477132078,16561500
2021-04-05,136.6924285888672,137.86698276565198,135.7848333548847,137.3864783924563,13508000
2021-04-06,135.73143005371094,137.27970227269196,135.126366579395,135.95388225645738,13071600
2021-04-07,137.85809326171875,138.12503866056466,135.8293299543411,136.22975484131342,16903500
2021-04-08,138.0271759033203,138.37420089076005,135.52681463774067,137.0305941091157,12335500
2021-04-09,139.059326171875,139.73557601088467,137.89367874925048,138.641114925641,12122400
2021-04-12,138.76571655273438,139.92247101588313,138.42759835143863,138.43649155393828,12273400
2021-04-13,137.11065673828125,138.09834520789136,135.6335706346469,137.69793389911038,16113600
2021-04-14,134.5480194091797,136.87931454989322,134.29886040806593,134.7793648519336,19939600
2021-04-15,135.4022216796875,135.42891486108562,132.86627440501968,134.58359910286302,17694100
2021-04-16,136.40771484375,137.4843760706382,135.8649308407826,136.9148988853451,13773400
2021-04-19,135.82933044433594,136.92380522581166,135.44671911395525,136.51448713578375,11900200
2021-04-20,132.82179260253906,135.02851511041231,132.27010179251494,135.01962190832126,13716700
2021-04-21,133.95181274414062,134.01410587820928,130.61502969516198,131.50483850822295,12236700
2021-04-22,131.13113403320312,133.73828118606122,131.03325451052095,133.6759880455333,15256100
2021-04-23,133.64041137695312,134.47683398113998,130.52607998194688,130.96207768770702,14041900
2021-04-26,133.9696044921875,135.66024927958833,133.80944543282965,134.16536350522765,10799100
2021-04-27,134.58360290527344,134.86834828477384,133.5692212512655,133.91624619665225,12821200
2021-04-28,135.45558166503906,136.04285869624974,134.7170387762264,135.63354069884122,8943700
2021-04-29,138.0894775390625,138.169557100144,136.31875252760668,136.6212843655209,12976900
2021-04-30,136.86151123046875,137.46658837142994,136.14966136121137,137.11956342706043,11705100
2021-05-03,136.4611358642578,138.3475269738478,136.25648355531808,137.7869564252381,11801100
2021-05-04,138.3474578857422,138.48983054147618,135.37549997866455,136.02505655152078,12977700
2021-05-05,140.16270446777344,140.8389543571178,137.59115723963413,138.81019111167814,10506700
2021-05-06,142.98338317871094,143.09906267147255,139.84235909250725,140.652088387028,13542400
2021-05-07,143.4727783203125,143.70412372451094,139.71778403215455,139.89574307979987,14257800
2021-05-10,143.4550018310547,145.68841743611455,143.36601550395926,143.7041472540332,14014300
2021-05-11,141.0703125,144.4960825715909,140.62540800121718,143.33043495716515,15451700
2021-05-12,140.10043334960938,143.06349913956373,139.72671517485054,142.02242417186227,14381700
2021-05-13,143.7041473388672,144.54946313714376,140.30507058744251,140.7499750683678,15395000
2021-05-14,145.93756103515625,146.3290791456313,144.14015673147648,144.4960748805954,10584000
2021-05-17,146.52481079101562,146.6849834323412,145.0655249287599,145.3680566566582,9886800
2021-05-18,144.4604949951172,147.2633878833847,144.36261546309538,146.53373799423883,11098100
2021-05-19,143.35711669921875,143.4193962638256,141.15928756445305,143.2592371742022,13278900
2021-05-20,143.10797119140625,144.02447329895233,141.94232367078396,143.10797119140625,10426000
2021-05-21,144.73631286621094,145.23460365694095,143.20584053616548,143.56175865028527,10249000
2021-05-24,145.51937866210938,146.13334913215274,144.25585133100134,145.35921953639883,9440300
2021-05-25,144.015625,147.4413822866136,143.75757272766612,145.7952434067845,12609100
2021-05-26,143.99778747558594,145.69732586959242,143.53508300876896,145.54605997373844,13058300
2021-05-27,146.24009704589844,146.5960151722586,144.65623830200525,145.8841653421321,15707500
2021-05-28,146.14224243164062,146.765106047629,145.2702197918484,146.53374700639864,10291300
2021-06-01,147.75277709960938,148.51801333057284,147.24557948700718,147.5926044302693,9445400
2021-06-02,147.76168823242188,148.9896290625511,147.2900905235131,148.82945637377364,10498600
2021-06-03,147.85955810546875,148.82055344308972,146.515951419649,147.18330816154628,13354400
2021-06-04,148.09982299804688,148.30447528138743,146.84518895742008,147.8951707147063,8510800
2021-06-07,147.40576171875,148.68708884696434,146.94305723858199,148.59810251629085,7267200
2021-06-08,146.8184814453125,147.49473138107268,145.18123618353044,146.3646837541664,10370700
2021-06-09,144.98544311523438,146.12439725432034,144.3981660686232,146.05321092345193,12377400
2021-06-10,142.72535705566406,147.0320429008984,142.64527750486664,146.2490066422362,12119400
2021-06-11,142.6274871826172,143.43721667971653,141.5330258487079,142.75205990698566,13683800
2021-06-14,140.20721435546875,142.6630823725567,139.39748488547448,142.50290968806823,19917900
2021-06-15,138.0805206298828,139.6287928024233,137.14623226829576,139.43303378368586,24485500
2021-06-16,139.05044555664062,140.25167946797606,136.23864607392724,137.6801321984925,25321200
2021-06-17,135.0373992919922,140.1093210910895,134.58360162232225,139.7889893309087,29722400
2021-06-18,131.62054443359375,133.20440335275492,131.3002126534596,132.8484851870093,43595700
2021-06-21,133.8539581298828,134.53911484505966,132.59933778892176,132.65272415525106,18664800
2021-06-22,133.658203125,134.33445301267932,132.27899659097162,134.0052280588285,14251200
2021-06-23,134.46795654296875,135.28657934470598,133.55145419007758,133.64933374123152,12733300
2021-06-24,135.7047576904297,136.24754169148125,134.55691012225546,135.17977367000145,13733200
2021-06-25,137.0750732421875,137.47548455940333,134.95732356892927,135.775946184266,15484900
2021-06-28,137.32418823242188,137.45765411611364,135.35770488913622,136.76360436610796,14125800
2021-06-29,137.15513610839844,139.0860196908247,136.6835385023287,137.92037226535405,14528700
2021-06-30,138.40087890625,138.8813833453661,136.77254046648758,136.80812685063347,12531000
2021-07-01,139.7711639404297,139.82455029451984,138.2940781160486,139.04151422811938,10479400
2021-07-02,139.63694763183594,139.8964868763201,138.82255210081703,139.5653510697592,11424000
2021-07-06,137.29222106933594,139.41321634861913,136.34359049979406,139.41321634861913,15083400
2021-07-07,137.45327758789062,138.07078588515162,135.62761335114325,136.03927644555347,12271800
2021-07-08,135.0817108154297,136.504656502713,134.27625981186898,135.68131660210292,17834600
2021-07-09,139.40426635742188,139.74433295116586,136.54941665705988,136.97003791636607,13694500
2021-07-12,141.3999786376953,142.43810834049222,137.76653833355448,138.13346560610918,19940400
2021-07-13,139.29685974121094,140.85405415582431,137.37275174258025,139.65484253197405,22671700
2021-07-14,138.8225555419922,140.7556217990376,136.88054483533344,139.5653545293471,14622800
2021-07-15,139.12681579589844,140.0843906226132,137.55171902575756,137.7307035708248,11539300
2021-07-16,135.94979858398438,139.86066647729365,135.15330569447264,139.57429391594212,14002700
2021-07-19,131.52879333496094,134.07936733427502,130.40117847671553,132.94279437312912,22172900
2021-07-20,133.98095703125,135.242807189609,130.95606711968225,131.1261072492411,15385200
2021-07-21,136.79998779296875,137.50698158773508,135.45758310325192,136.07509144542513,12356700
2021-07-22,135.07275390625,137.31905316966308,134.21362254829376,136.81789093491415,9913300
2021-07-23,134.81321716308594,136.78207448878427,134.46419251741963,135.5649604528833,9666100
2021-07-26,135.71710205078125,135.99454381053835,134.39259997842214,134.41050253032654,8208000
2021-07-27,135.53810119628906,136.46884260432486,134.06146174946633,134.59841534119988,11218700
2021-07-28,135.76185607910156,136.71944463069352,135.02801529457702,136.28986530469984,9217300
2021-07-29,136.92527770996094,137.703868056544,135.9498002506896,137.05056826752195,9063500
2021-07-30,135.83343505859375,137.5248641758643,135.31437034857888,136.5493868536365,9805200
2021-08-02,135.28753662109375,138.22292697861263,135.19805117271397,136.0571824865192,10203200
2021-08-03,136.82687377929688,137.21170366759847,133.81094142023454,135.9856310824823,10394800
2021-08-04,135.3502197265625,137.25642544697885,135.05488900240806,135.35916417675537,10155000
2021-08-05,137.05953979492188,137.54281322359955,136.0393125801737,136.28094929451257,9151500
2021-08-06,140.95249938964844,141.23888562565875,138.81360169116792,138.8851982501705,13328800
2021-08-09,140.8003692626953,141.8921929477951,139.52060289332672,140.97040939235566,9516900
2021-08-10,142.527587890625,143.17194328937342,139.88752783901163,140.27235765065342,8667000
2021-08-11,144.2279815673828,144.53225672523823,142.36651185447283,143.1898518640131,9156500
2021-08-12,144.79176330566406,145.31082808917265,143.6820508390875,144.87231796504997,8844200
2021-08-13,143.17193603515625,145.12290468686192,142.8050224520649,144.7917688992858,8980900
2021-08-16,142.23223876953125,142.3217378738486,140.30813092752288,142.24119687335062,8755800
2021-08-17,140.51397705078125,142.16961506280526,138.95679625710312,141.01515296902156,9347200
2021-08-18,139.23422241210938,141.40891155401417,139.01943273591678,139.88752223401343,8065500
2021-08-19,138.07080078125,139.21631839762853,136.93422761375123,137.0684762808306,9517700
2021-08-20,138.46458435058594,138.62566637515656,137.06848551504825,138.13346219631427,6974100
2021-08-23,140.23654174804688,140.58556642420058,138.92994215245477,139.01048315718714,7934600
2021-08-24,141.10464477539062,141.89219331241043,140.38869280134062,140.50503892312258,7670900
2021-08-25,144.01319885253906,144.7828448898317,141.22100097568634,141.8563983269616,11335000
2021-08-26,144.75599670410156,146.6174664920501,144.21902927570622,145.21240945928335,11027500
2021-08-27,145.91940307617188,146.01784664010987,144.31745904987625,144.7559828629905,8780200
2021-08-30,143.58360290527344,146.31316174583378,143.08244068975668,146.06258063807542,7937600
2021-08-31,143.14508056640625,144.41588867003878,142.60812689684613,143.58360433717974,12340800
2021-09-01,142.93927001953125,143.869998043629,142.26806759218772,143.38673830442693,8729900
2021-09-02,143.6015167236328,144.63068823583743,142.6797195659178,143.2077424789345,8813300
2021-09-03,142.73342895507812,143.9863346073383,142.42914016325997,143.5388663521529,7959700
2021-09-07,142.48287963867188,144.4248906611175,142.25914546112307,143.18092918017214,9285600
2021-09-08,141.84744262695312,142.81397573589658,141.43576580705857,142.1964673338787,7852700
2021-09-09,142.4649658203125,143.93266136279857,141.47158560428753,141.64162575068855,7904300
2021-09-10,140.82720947265625,143.83419668635042,140.70191890773765,143.69100356768703,8311600
2021-09-13,143.0645751953125,143.23461534583217,141.46264458036623,141.8743077973246,10052800
2021-09-14,140.56768798828125,144.38905715743303,139.84277792480015,143.59256418818256,11685600
2021-09-15,141.54318237304688,142.01749770017457,140.03073726533242,140.2544714255115,11691500
2021-09-16,141.4805145263672,143.95054811978838,140.70192410530072,142.6618373155074,10880900
2021-09-17,141.11355590820312,142.30382288221583,140.50500575010966,140.8450859300118,25581600
2021-09-20,136.88949584960938,138.3213860855213,134.679001556925,137.72178025692946,15819900
2021-09-21,136.9073944091797,138.31245139679353,136.54942523885245,137.39961226011602,8999900
2021-09-22,139.52957153320312,140.7287833252004,138.80467505678163,138.8941605252842,11236200
2021-09-23,144.24586486816406,144.72019379724995,141.1046425308514,141.39997322753604,12336100
2021-09-24,145.9104766845703,146.40269461124254,143.9237297312172,144.47858612729283,10102400
2021-09-27,149.43650817871094,149.81237990834646,147.31551282732175,147.6645375516725,13220900
2021-09-28,148.6310577392578,151.51275440398723,148.25518604242103,150.08085052072073,13387900
2021-09-29,148.51473999023438,149.36492710897056,147.70034433037495,148.74743226770855,7777100
2021-09-30,146.49217224121094,149.44546571206706,145.68672111880548,149.38281359621,13161200
2021-10-01,149.5707550048828,150.61782916494272,146.4116299695191,146.76959913930682,11285000
2021-10-04,149.40963745117188,152.53297057466932,148.3178138907812,149.42754000373552,14120000
2021-10-05,151.8495330810547,153.1820165110859,150.05787294584516,150.5440584292182,12292900
2021-10-06,152.1736602783203,152.24568826999482,149.45466197883073,151.24632220965512,8692600
2021-10-07,153.13697814941406,154.41544386316482,152.64179438121744,154.13634403143553,10195400
2021-10-08,153.2540283203125,154.26239256762275,152.42572715460298,153.07396523871174,8190100
2021-10-11,150.03086853027344,154.21739412740064,149.86881585639287,153.7762415787695,12154700
2021-10-12,148.87844848632812,150.07588806277064,148.34725751466897,149.22957635175604,13032600
2021-10-13,144.9530487060547,148.92350507641257,144.59292240320235,147.71706685012566,22753500
2021-10-14,147.17681884765625,147.66299058227818,144.10669290711425,145.62825148858835,15176800
2021-10-15,150.0038604736328,150.50804266760161,147.78004607400047,148.869450537203,14267400
2021-10-18,149.94984436035156,151.8045204794378,149.3736341705584,149.88681471653086,12672900
2021-10-19,151.76849365234375,151.8405078960272,149.97683367171322,150.71509644189734,8053900
2021-10-20,153.81224060058594,153.83924937814297,150.76913717971286,151.52541042717715,8185600
2021-10-21,152.60585021972656,154.25345485295227,151.86757343566282,153.74026044384388,8415200
2021-10-22,154.65858459472656,154.9376845131142,152.78589777768528,153.0830081308537,8817900
2021-10-25,153.90228271484375,155.72095162899706,153.48812521913072,155.49586931865898,10159200
2021-10-26,154.31642150878906,155.29779079112566,153.54213783661473,153.95629531900573,8015100
2021-10-27,151.10226440429688,153.68620503651383,150.66109811233576,153.34408925260362,9847000
2021-10-28,153.38009643554688,153.51514033214872,151.21931166230985,151.52542031989708,7212900
2021-10-29,152.9569549560547,155.07273445463179,152.50679027447964,154.11837378982656,8140100
2021-11-01,152.87588500976562,155.1537165498554,152.16461732248888,154.89261341576528,7435500
2021-11-02,153.47915649414062,154.57755947961908,152.08364315312093,152.8759374345642,7173800
2021-11-03,153.53314208984375,154.07334512159926,152.29068335956637,153.1730158939626,8402700
2021-11-04,151.51641845703125,153.2360507920958,149.8958366367367,153.05598767183366,9574200
2021-11-05,151.30035400390625,153.13701988163567,150.7241437542327,152.06562572882018,7975600
2021-11-08,152.2096710205078,153.88428408739512,151.92157278490157,152.2006726730603,6413700
2021-11-09,151.0572509765625,151.67848040035724,149.99486898185012,150.67011596633395,7990300
2021-11-10,150.9132080078125,152.11064774547864,150.4360345299825,150.76015366001195,6999200
2021-11-11,150.9042205810547,151.86756595468157,150.2649806229777,150.82319422716722,5815300
2021-11-12,150.2289276123047,151.0212216873073,149.20255289602088,150.9401816202307,8113400
2021-11-15,149.9588623046875,151.06626361739762,149.45468003997186,150.54408465603956,6492500
2021-11-16,148.87844848632812,150.41801758116407,148.66236451609,150.40900549619514,9706100
2021-11-17,148.07720947265625,149.05856543333184,147.10485186226543,148.74345831809237,9909600
2021-11-18,146.7987060546875,148.41930166307063,146.35753971914724,148.00514410950876,8122500
2021-11-19,144.88096618652344,145.95236008061391,143.55748122769785,145.22309566206363,12193600
2021-11-22,147.96913146972656,149.43665894167265,146.74468302653472,147.7980666982759,14549900
2021-11-23,151.50741577148438,151.7595068802208,148.88745417218593,149.0045013790761,12354400
2021-11-24,150.3189697265625,152.55178230262348,149.85079469454,151.66946353060425,9629800
2021-11-26,145.79031372070312,146.43855190135795,142.99030284823365,145.9793889142002,13619300
2021-11-29,145.16009521484375,148.3562671100349,143.89064129000658,147.03278188509077,12104400
2021-11-30,142.99929809570312,144.61989351221192,142.51311260178335,143.29640840022427,18922600
2021-12-01,142.15298461914062,146.99676037640043,142.0719582838097,144.9530091339156,12253400
2021-12-02,145.1421356201172,146.97880189310823,142.97233806535553,143.89967642083744,12969900
2021-12-03,142.51315307617188,145.70032725680028,141.5227988511039,145.40321686789844,12681800
2021-12-06,144.1967315673828,146.40253541483966,143.5665038592428,144.96200316371934,11186500
2021-12-07,146.36654663085938,147.1048095420635,145.0970789710085,145.74531719144574,9851600
2021-12-08,144.6919403076172,146.99678131602548,144.20575475050651,146.44757984621444,11705700
2021-12-09,144.4668426513672,144.88998477505703,142.83723511089087,143.73756439299652,11189600
2021-12-10,143.89065551757812,145.58326549736745,143.269426015309,145.2411496571417,10405400
2021-12-13,142.17999267578125,143.86360396724686,141.6037825086853,143.60251453097243,12069000
2021-12-14,143.26939392089844,144.85396841069493,141.62178979116553,141.7568336796954,12563600
2021-12-15,142.19802856445312,143.9176610268092,141.66683751208237,143.9176610268092,14014200
2021-12-16,144.4218292236328,145.6912968593471,142.8822600448826,144.4038187906477,19542800
2021-12-17,141.1356201171875,143.4944922917511,139.71309813437082,143.4404747302917,28082000
2021-12-20,138.5967254638672,139.28097093838628,136.70602801820368,139.109906135272,15148000
2021-12-21,140.5323944091797,141.51375003000638,139.63206512667418,139.92017709128456,11291300
2021-12-22,141.0815887451172,141.40570782008044,139.76711575182955,140.2262787172217,7273000
2021-12-23,141.5857696533203,143.26038256932688,141.54076418220257,141.90089037874716,8055200
2021-12-27,142.3960723876953,142.43207951171738,140.7574666170527,141.89189022378486,6188100
2021-12-28,142.82823181152344,144.18772403470962,142.32404962909501,142.43208474306277,6342300
2021-12-29,142.75625610351562,143.71961534897954,142.38711767835997,143.01735937513857,6398900
2021-12-30,142.68418884277344,144.26877726108273,142.58515206662912,143.2514007186851,6948200
2021-12-31,142.56715393066406,143.41345195524028,142.2160260438705,142.65717862029035,5805900
2022-01-03,145.58323669433594,146.4295483857598,143.61151344260037,143.92663417466127,13120900
2022-01-04,151.10226440429688,151.77751136292648,147.8610735077009,147.93310149850686,20195800
2022-01-05,148.33978271484375,152.48800888113996,148.29449365703377,151.99892298952042,17539400
2022-01-06,149.91578674316406,151.59137172259832,148.42133039794152,151.17474545928786,14047500
2022-01-07,151.40118408203125,151.7362983295757,149.49915366993315,150.05164716523524,13913300
2022-01-10,151.5460662841797,153.34845200472952,149.92480916175836,153.13108663075081,12922500
2022-01-11,151.70004272460938,152.63293933754792,150.6312789284496,152.3974417480769,11854100
2022-01-12,152.56048583984375,153.60206518570928,151.41926226337432,152.57860422907004,12568000
2022-01-13,152.37030029296875,153.8013492115644,152.0623567310679,152.469930718323,13623400
2022-01-14,143.00506591796875,145.84904477308868,142.10839227583585,145.604494903365,40158400
2022-01-18,137.00918579101562,141.09400537091457,136.34799581262993,141.09400537091457,32324800
2022-01-19,134.88975524902344,137.87865356275464,134.5455887956397,137.28088495623305,22380000
2022-01-20,133.739501953125,136.41139083864852,133.46778139419612,134.944119168827,14860800
2022-01-21,131.40274047851562,133.60364820466944,130.6691045697977,133.59459591923107,20705400
2022-01-24,131.2849884033203,131.76502210500166,126.41219164395159,128.8667015042041,28471400
2022-01-25,132.7160186767578,133.00585760647542,127.51714689226499,130.10752359042263,18915900
2022-01-26,133.9749755859375,136.3751575510209,132.19976053325192,134.69955908143967,20709100
2022-01-27,131.6110382080078,136.20307549982297,130.54228819942844,135.33357248955852,17536800
2022-01-28,132.7884979248047,132.92435130540036,128.76707201577858,130.59664252273646,14117000
2022-01-31,134.5908966064453,134.7629729469696,131.03138604212006,131.90994141655815,13985700
2022-02-01,136.9005126953125,137.19035171959857,134.3192012591558,134.6724339323261,14584900
2022-02-02,135.80453491210938,136.71026075378515,134.11083201066515,136.3117391722031,12441100
2022-02-03,134.6814422607422,137.35333097498565,134.31009131468738,135.8588887270999,12474900
2022-02-04,138.1775665283203,139.0289512422871,134.7448708163571,135.0437620768103,16654400
2022-02-07,138.63951110839844,139.13764944435127,136.6287979107018,138.8206535778617,12572300
2022-02-08,141.24795532226562,143.53944080823274,140.20637603601907,140.38751845706878,20411400
2022-02-09,141.83670043945312,142.58844087515521,141.13023524858244,141.827634334261,9131100
2022-02-10,141.24795532226562,144.0375928313301,140.58677926630773,141.8910268103151,16455600
2022-02-11,139.40936279296875,143.27681719674055,138.548925742649,140.94004214768395,16830000
2022-02-14,138.11416625976562,139.1919686183887,136.1487424477602,138.33153166036345,17026500
2022-02-15,140.13392639160156,141.23891320591656,139.34594920215534,139.94371785262393,9500000
2022-02-16,140.38754272460938,141.38384694302633,139.24633283647256,139.24633283647256,9076500
2022-02-17,137.1540985107422,139.2372713324645,136.46575164090262,138.57609514036312,11367500
2022-02-18,137.7971649169922,139.60861707250427,136.88238655376054,137.78811263151658,11733300
2022-02-22,137.5526123046875,138.7934664046346,136.2302599964942,136.4023501591332,11333500
2022-02-23,134.6724090576172,138.84780671555845,134.0202851937096,138.68476883944018,11799000
2022-02-24,130.92271423339844,131.32123593995007,126.60239674414953,129.4644946182167,25655100
2022-02-25,134.0203094482422,135.9766813940223,131.24878943519633,131.55673303213803,18367700
2022-02-28,128.4319610595703,131.38462310855166,127.59869472342127,130.0169817014402,31315300
2022-03-01,123.58628845214844,127.23636249201016,120.986859706514,126.83784091004259,36840400
2022-03-02,126.14952087402344,126.83786768436599,123.73123402236504,124.3471210915743,19405600
2022-03-03,125.2528305053711,127.689235424094,124.13879150137015,126.65670843544615,16640800
2022-03-04,121.72958374023438,122.65342824275395,119.9181315189792,122.21868357933212,21016000
2022-03-07,117.02885437011719,120.180776760375,116.79335678157886,119.70979540357936,27560100
2022-03-08,116.20464324951172,119.3656179999661,115.27173970765904,117.41831271713765,19207800
2022-03-09,120.8600845336914,122.49039416360826,119.95435849710233,120.37098473457509,17536200
2022-03-10,119.42902374267578,120.86912467934907,118.03421186733988,119.42902374267578,15604200
2022-03-11,116.73902893066406,121.43974929707444,116.31333658555636,119.99964820802461,20061800
2022-03-14,117.89834594726562,120.38909232443143,117.04696133800758,117.2552882583367,15786900
2022-03-15,119.99057006835938,120.95970346925697,118.76784832719213,119.37468305567327,15096600
2022-03-16,125.35244750976562,125.4339733366851,121.75671491165505,122.15523648226869,20354900
2022-03-17,126.93749237060547,126.97372914967754,123.10627529050502,123.95765993503443,17050500
2022-03-18,126.89219665527344,127.57149104032248,125.40680681944404,126.9737086646122,23656500
2022-03-21,126.48462677001953,127.48998315420155,125.65136053218207,127.11864600819032,12676100
2022-03-22,129.17462158203125,130.36112028276176,128.35947381183968,128.85762581374797,13548600
2022-03-23,126.6023941040039,128.24175614608106,126.07707130362121,127.68926266811681,12093200
2022-03-24,127.42658996582031,127.44470835504634,125.99554126316,127.07335738746174,10017600
2022-03-25,128.54063415527344,129.68184395678463,127.52622544281904,127.78887990576449,8383500
2022-03-28,127.589599609375,127.68017772500167,124.89959265456797,126.80162252048731,10818100
2022-03-29,127.87039947509766,130.0622687185686,127.01902858135664,129.8358372018721,11316500
2022-03-30,127.2907485961914,128.72179758911994,126.7201505125092,128.52253672806125,8771000
2022-03-31,123.46855926513672,127.11863347571553,123.41420410300653,126.64765214588206,17353900
2022-04-01,122.55378723144531,124.4558174275773,121.18614589783812,124.44675132227262,15721300
2022-04-04,123.09722900390625,124.03012571638128,120.36193250252339,121.4759716583395,17416400
2022-04-05,121.66466522216797,123.54428814258328,121.36355855199656,122.33075600287454,12110300
2022-04-06,119.97667694091797,120.95297998297751,119.49308511137706,120.05879315588405,12914700
2022-04-07,119.61170959472656,120.36903617000017,117.45835147790163,119.48396860147102,12994200
2022-04-08,121.80158233642578,122.17567203759488,119.97670290988829,120.1409353753686,13126900
2022-04-11,121.35446166992188,123.08809126754592,120.96211934141478,121.35446166992188,10466400
2022-04-12,120.02230072021484,122.79612494397738,119.25585478577662,120.5697700577985,12989900
2022-04-13,116.15357208251953,117.9328266438588,114.97652407987887,115.82509324637041,30838000
2022-04-14,115.07689666748047,117.06601547806174,114.07320743539078,115.42362124497174,18835200
2022-04-18,117.21199035644531,117.92369208942611,114.54766158805185,114.66627622309488,11834400
2022-04-19,119.63907623291016,119.82157529160169,117.00212633840935,117.2028641647913,15015400
2022-04-20,120.05879974365234,121.81980142281215,119.83980923567107,120.91649516317545,13430200
2022-04-21,119.12810516357422,121.18109414664883,118.58064978838787,120.64275815476269,12174200
2022-04-22,115.70645904541016,119.09161595859376,115.59697075284797,118.87262545074654,14318800
2022-04-25,115.66996765136719,115.98932708769678,112.33044225956453,114.97651855182636,17149000
2022-04-26,112.24832153320312,115.34149831955445,112.11146115619104,113.72647625719173,17209500
2022-04-27,110.78841400146484,112.74103417868942,110.6059288669316,111.61873737472287,17215200
2022-04-28,112.54029083251953,112.82315182693868,110.5329266056911,112.05669898450658,13015600
2022-04-29,108.9087905883789,112.78665886614154,108.48906921014918,112.27569492070737,14874800
2022-05-02,109.9033432006836,110.14057943758716,107.86860686204261,109.38325292528516,18545000
2022-05-03,112.2574462890625,113.29762690779594,110.20445712661041,110.88878684742777,15720900
2022-05-04,115.9710693359375,116.24480399474224,111.99283220644797,112.04758331502585,17128500
2022-05-05,113.06951141357422,115.05862998224637,111.46362276025769,114.28305772925032,15055400
2022-05-06,112.88702392578125,113.40711419859433,110.56942659880467,112.96002076159817,14417900
2022-05-09,111.18988800048828,112.53117529961764,109.94896961227073,111.41799789594941,14312300
2022-05-10,108.47994232177734,112.94177136093853,107.2663959960867,112.3304385062324,16382400
2022-05-11,107.79560852050781,112.12969640875676,107.6131233939682,108.85404174624942,14630300
2022-05-12,107.70436096191406,107.95984291176484,105.26814913265858,106.75542303292474,16318800
2022-05-13,108.66242980957031,109.72086309858621,107.63137555639733,108.9544171676672,10443200
2022-05-16,107.90512084960938,109.0000457048455,106.96530907261526,108.16060285174031,10269000
2022-05-17,111.48186492919922,112.20269301185418,110.231820234768,110.44168439507973,11160200
2022-05-18,109.57486724853516,111.29025813655853,109.06390330471287,110.67892528071948,12664900
2022-05-19,107.95073699951172,109.17340979839383,107.33027773471237,107.84124869248747,12765800
2022-05-20,107.06566619873047,109.19165227399658,104.94880646923177,109.00004078105394,13150100
2022-05-23,113.68997955322266,115.4874867863233,109.9033535949486,109.91247994067456,24376700
2022-05-24,115.2958755493164,116.32692985504482,112.33044666576684,113.47099623636282,19324900
2022-05-25,116.09880828857422,116.66452332490174,114.21005866768763,115.2228671416345,12780400
2022-05-26,118.1061782836914,118.79050795027085,116.9838815288635,117.12986127646452,15990900
2022-05-27,119.77595520019531,119.77595520019531,117.8324543156336,118.76314664492394,11177800
2022-05-31,120.65187072753906,121.49131339361824,118.35253322064814,118.78136697511225,17015000
2022-06-01,118.5350341796875,121.23584765369716,117.40360404057749,121.23584765369716,10768000
2022-06-02,120.44203186035156,120.451151244524,117.40360620405673,118.52590305712003,8374800
2022-06-03,118.76313018798828,120.23215835877947,118.60801714172113,119.72119445984724,8596000
2022-06-06,118.37079620361328,120.79788910238823,118.12444751351012,119.61171472967888,11323500
2022-06-07,118.6810302734375,118.90914018269892,117.35798166154213,117.54960011132026,6722200
2022-06-08,116.7922592163086,118.11529374319889,115.78857713094067,117.704698741436,8422100
2022-06-09,114.3377914428711,116.88350544293675,114.30129302753157,116.21742154537192,13560100
2022-06-10,109.0821533203125,112.595044270681,108.87228915632453,111.85596348564636,12945200
2022-06-13,105.8338623046875,107.62224300167676,104.98529323792286,106.6276872256484,16805600
2022-06-14,104.0728530883789,107.04740797750578,103.30640720604265,105.43239303323364,13357900
2022-06-15,105.30464172363281,106.70979237008633,103.26077231516095,105.49625317542193,14083500
2022-06-16,103.49803161621094,104.25535820988891,102.07462796456534,103.89038095113403,16724900
2022-06-17,103.13304138183594,104.59294327181658,102.33922342738217,103.59838750223523,30919900
2022-06-21,105.68788146972656,106.78280621482702,104.96705334401342,105.72437988941148,11680500
2022-06-22,105.09480285644531,106.02548826913221,104.37397467226594,104.82106816728675,9842700
2022-06-23,103.94510650634766,105.0947822292569,101.71875885285345,104.93966918448051,11851500
2022-06-24,107.04741668701172,107.5036365001956,102.95056471380178,103.31554195662126,14841100
2022-06-27,106.1897201538086,108.12409464854798,105.51451678619728,107.72261898930577,11280500
2022-06-28,105.67876434326172,108.84493117316808,105.47802649816437,107.36677637311129,11590900
2022-06-29,105.20429992675781,106.59120520422809,104.68420957753614,105.84300493058706,9338400
2022-06-30,102.74980926513672,104.09109639974383,101.21691067720869,103.26077314065915,15172600
2022-07-01,104.063720703125,104.40131883996193,101.42677128384183,102.7863040974727,10573600
2022-07-05,103.66792297363281,103.75076556994625,100.61182757102489,101.96497247138885,12514200
2022-07-06,102.99594116210938,104.00850152261526,101.98338080160347,102.84866310275143,10656200
2022-07-07,105.60099029541016,105.76668250494447,104.38591643313825,104.47796610000412,10347400
2022-07-08,105.26960754394531,106.45706722726226,104.57922449710566,106.00601893641675,8807800
2022-07-11,103.88883972167969,105.14994192784845,103.2997134266807,104.5239943615446,7939500
2022-07-12,103.99010467529297,106.02443267071921,103.33654285962625,103.63110603039068,11250900
2022-07-13,103.01435852050781,103.53904935240601,101.6059712131542,102.86707343361876,12979900
2022-07-14,99.41517639160156,99.62689698697392,97.62938301278174,99.405969316253,26204800
2022-07-15,103.97167205810547,104.82774721840833,99.11137709236226,100.48294297714064,18863900
2022-07-18,102.90389251708984,106.63195665721358,102.44363716475807,105.64701048414116,13977900
2022-07-19,105.4537124633789,105.80351105364419,103.71394765507391,104.13738177013302,11862300
2022-07-20,105.43528747558594,105.61938679079117,104.45954846370856,105.03026055460799,11667500
2022-07-21,106.1532974243164,106.34660383544937,104.35830430455357,105.34325050772028,11595900
2022-07-22,105.63782501220703,107.00938418501534,104.6344645537261,106.079666278576,7645500
2022-07-25,106.06124114990234,107.20267242104688,105.64700713218292,106.63195327400506,9394000
2022-07-26,104.4043197631836,106.39262620533853,104.04532115939548,105.47211552425328,10675100
2022-07-27,106.07965850830078,106.53991389043685,104.29387240121184,104.94743420109229,9337400
2022-07-28,105.683837890625,106.76084081504135,104.50558524392173,106.08886487153165,10384800
2022-07-29,106.19012451171875,107.23950624273088,105.66543364621269,106.40183805900826,12944500
2022-08-01,105.13152313232422,105.95998414270461,104.0821415268221,105.39847207027674,14740400
2022-08-02,103.49302673339844,105.30643408415578,103.34574163835994,104.86458582198014,14942900
2022-08-03,104.57921600341797,105.03026425763035,102.83024435555046,104.43193092771003,14394500
2022-08-04,103.42857360839844,104.31226295899486,102.19508572825393,103.87962184483087,18033900
2022-08-05,106.55831909179688,106.95413896811796,103.14322528583554,103.58506648274235,14174600
2022-08-08,105.26039123535156,107.42358985440924,105.10390611063575,107.0093628718229,10332500
2022-08-09,106.20852661132812,106.77003872434328,105.2788158208089,105.62860737361359,10233800
2022-08-10,108.97925567626953,109.88135920654632,108.16000175671337,108.58343581445507,12847300
2022-08-11,110.59017181396484,111.56591105753742,109.82614613085707,110.36925117867189,11684900
2022-08-12,112.42198944091797,112.53245327300283,109.94581998907888,111.07804442045133,9906700
2022-08-15,112.72573852539062,112.96507327178844,111.01358807604326,111.51066469258984,8456200
2022-08-16,113.802734375,114.36424645920825,112.18264061286597,112.56925341817482,9555000
2022-08-17,112.84541320800781,113.37011109490362,112.01695912392793,112.5784712618558,8149300
2022-08-18,111.97090911865234,112.73493460418065,110.96755593300607,112.52321407552708,9531800
2022-08-19,109.2001724243164,111.37257805138016,108.72150999156244,111.03199361634287,13464500
2022-08-22,107.39598846435547,107.84704379235089,106.3189925628606,107.4696310105106,8967600
2022-08-23,106.33739471435547,107.96670261286873,106.20852377608135,107.41439758841689,7607000
2022-08-24,106.59513092041016,107.1566429515704,105.35243598470035,106.1256685452073,9771300
2022-08-25,109.12654876708984,109.30144102845435,106.48468046996439,106.92652870607039,10758900
2022-08-26,105.5549545288086,110.45207090490814,105.4905190642391,109.96420138417629,11276200
2022-08-29,105.29721069335938,105.72985181431905,104.44113552418821,104.93821210850749,8117300
2022-08-30,105.31562042236328,106.39261613175432,104.34908148956303,105.8587183017706,10745400
2022-08-31,104.68968963623047,105.88634938544901,104.33068398623134,105.38007269179718,10738300
2022-09-01,105.40768432617188,105.5181411176942,103.01435786301593,104.28466012609869,9979800
2022-09-02,104.67127990722656,108.1139882565621,104.19261739192052,106.65958656220532,10666600
2022-09-06,104.69889068603516,105.6286085094917,103.16163941981212,105.24199568019124,9751900
2022-09-07,106.68717956542969,106.88048594799007,103.79677685353704,104.13736127964597,10647900
2022-09-08,109.17256927490234,109.34746855790151,105.5181406166825,106.11647398536539,11435000
2022-09-09,109.69725799560547,110.50731190305305,109.23700264744271,109.66964379838598,9299700
2022-09-12,110.99518585205078,111.88808238658153,110.26798153034986,111.03200712411736,8614600
2022-09-13,107.13824462890625,109.46713568096042,106.5767325148213,108.68470295536422,12904600
2022-09-14,106.88970947265625,108.47298204345559,105.7482711005089,107.42360036350111,9345700
2022-09-15,108.5006103515625,109.89057660083331,106.55833200481874,106.8897164541265,10821400
2022-09-16,107.77340698242188,108.06797015978077,106.19933434500962,108.0587630852864,14844100
2022-09-19,108.76753997802734,109.2922307589412,106.32818539124091,106.7792336358661,8201300
2022-09-20,106.62276458740234,108.33491518806623,105.52735451952064,108.07717329513873,9619000
2022-09-21,103.54824829101562,107.33154788883685,103.48381282192858,107.27631949331635,12606300
2022-09-22,102.3699951171875,104.5700151501213,102.24112417974747,104.36750167044718,11684500
2022-09-23,100.46453857421875,101.56914861975497,98.64193129679006,101.30220669338624,18138600
2022-09-26,98.30133819580078,100.89717808096239,97.62936229675792,99.41515529664942,15753600
2022-09-27,97.43605041503906,99.57163483153798,96.33144044968884,99.1850220459593,12793600
2022-09-28,99.40596008300781,100.08714313671499,97.24276109111317,97.52811719394664,12762600
2022-09-29,97.72142028808594,98.75238778800839,96.10131947300002,98.44861756837865,12713900
2022-09-30,96.19337463378906,99.06537073963037,96.10132496217244,97.62936917523983,15973400
2022-10-03,99.1666259765625,99.74654521957012,96.15655189762184,97.22434773636057,12248100
2022-10-04,103.80598449707031,104.00849796683595,101.12730211655519,101.81768511460761,16013600
2022-10-05,102.52432250976562,103.04441826680329,101.07548028043311,101.92992533435878,10943500
2022-10-06,100.43464660644531,102.33857977832898,100.24890013952796,101.66059171111097,11521400
2022-10-07,98.42855072021484,100.03527809160715,97.769134513063,99.8588140007547,11681100
2022-10-10,97.50908660888672,99.66377806310258,97.07257464900184,99.12511051387837,8931700
2022-10-11,94.69499206542969,97.09115973034018,94.59282938380977,96.93327452629975,12739700
2022-10-12,96.22742462158203,97.26762324370152,94.06344359421813,94.54639573818459,13181000
2022-10-13,101.5770034790039,102.0692379719777,94.50924230993819,94.71356766606465,22398700
2022-10-14,103.26732635498047,107.02874545592672,102.83081436307575,103.98245804745147,33387100
2022-10-17,107.60456848144531,108.67262835796275,106.17429804209279,107.18663539687357,22276300
2022-10-18,110.37223052978516,111.57960381268292,108.62618966270502,111.13380946123728,21539700
2022-10-19,108.208251953125,110.36294345519173,107.42810124273932,109.58279274480604,17072000
2022-10-20,107.8553237915039,110.25149135761384,107.4095294589742,108.8119385968441,12207400
2022-10-21,113.52069091796875,113.6692866774312,108.0410850009257,108.16181949834981,20593300
2022-10-24,113.65998840332031,114.32868698341615,112.6848088788248,113.37207927024636,12624200
2022-10-25,113.95718383789062,114.4865690182181,112.27615507129818,113.16775079154587,11289100
2022-10-26,115.2667236328125,116.27905387229795,114.12436237011123,114.23581449610772,11667000
2022-10-27,115.7218017578125,117.20779460293681,115.35959122324385,116.27904818901251,10727600
2022-10-28,117.09635162353516,117.28209807527126,115.21099750389915,116.36264109336352,11859500
2022-10-31,116.91059875488281,118.35015856427883,116.6412614382835,116.74342411305472,13295200
2022-11-01,119.01885986328125,119.13960144475571,117.3285485803745,117.83007254722781,13386900
2022-11-02,117.9229507446289,121.07140098646958,117.61646268213407,118.55449868290286,16546100
2022-11-03,118.13655090332031,119.04671849710228,116.93847416457494,117.30996709261544,12474400
2022-11-04,121.36857604980469,121.5078965165202,119.30677202356372,120.26337970785131,14953200
2022-11-07,122.00942993164062,122.86387505840675,121.18284606769475,121.66579824249222,12011200
2022-11-08,122.08372497558594,122.65026090923394,120.86706932419767,121.88869614603735,9884100
2022-11-09,120.49557495117188,122.06514461825732,120.01262280738962,121.96299610884148,9494000
2022-11-10,125.45509338378906,125.61297860640536,123.0867867014473,123.17966703077387,16351600
2022-11-11,125.65939331054688,126.46739816008925,124.24769478579654,125.55723063760679,10704700
2022-11-14,124.3684310913086,126.05874213294862,124.3684310913086,125.19501480227684,11085600
2022-11-15,123.46755981445312,126.04019154241703,122.22304292742675,125.08356962635266,14038300
2022-11-16,123.63471221923828,124.04336288941849,122.62238207727502,123.52326718975094,7893400
2022-11-17,123.09603881835938,123.42110571957771,121.92582348275452,122.59452200925588,8820200
2022-11-18,124.3034439086914,125.074305301949,122.8546014525634,124.98143914311056,9468500
2022-11-21,123.56971740722656,124.97211943816524,123.29109063926929,124.2105547220645,7800500
2022-11-22,125.41791534423828,125.63153723290664,124.16411612995175,124.45202526423503,9185700
2022-11-23,126.75533294677734,126.77391184694969,125.25076797843435,125.32506940757517,7316200
2022-11-25,126.99678802490234,127.36828091683162,126.36523310276806,126.75530489075743,3220500
2022-11-28,124.77710723876953,126.96894970891061,124.62850438652825,126.37455247149344,9906900
2022-11-29,126.82963562011719,126.9039370499869,124.83283606423268,125.06502271824476,7925300
2022-11-30,128.3341827392578,128.3341827392578,123.69974684007548,126.39310598308394,14761200
2022-12-01,126.53243255615234,128.77999746184702,125.78013596152066,128.33418892320287,8858500
2022-12-02,125.52935791015625,125.70582198107114,123.83903277986026,124.90709956693408,8931900
2022-12-05,122.00942993164062,124.9814302335809,121.29430529052354,124.67494217101027,10154500
2022-12-06,122.21376037597656,125.48295234078462,120.61631510746514,123.8855070722732,13966700
2022-12-07,122.13016510009766,123.59758627488979,121.04353339256836,121.9537009971443,11739400
2022-12-08,123.4118423461914,123.5047084954389,122.06514855240347,122.90102892491466,8907300
2022-12-09,122.74314880371094,124.229134797181,122.59454595289957,122.78029243063985,7957800
2022-12-12,124.6470718383789,125.05570838719136,122.22304294856372,122.9660287984385,8841600
2022-12-13,124.52633666992188,127.32185862855937,123.59759013822934,127.13611215653034,10025400
2022-12-14,123.90406799316406,126.04018767449816,123.30037429433798,124.2476996467037,9966100
2022-12-15,120.82991027832031,122.66882415138843,119.85472374039723,121.80508264469822,12087800
2022-12-16,120.07762908935547,120.64416502282072,119.2789065302331,119.94760514584937,21133700
2022-12-19,120.79276275634766,121.97227473283996,119.89187755317076,120.41197330520147,9017200
2022-12-20,121.37788391113281,122.64097973421485,120.92279301853182,121.63793180074849,8549900
2022-12-21,122.74314880371094,123.50471361391043,122.38093821207565,122.76171353140147,8051700
2022-12-22,121.35002136230469,121.94441855677087,119.2603417326357,121.75867209066524,8648200
2022-12-23,121.92584228515625,122.07444512986066,120.40269855580422,121.27572255400854,5091900
2022-12-27,122.35307312011719,122.79886748705289,121.24786248055901,122.19518791040136,5411000
2022-12-28,123.02176666259766,123.90407299638251,121.67507291090058,122.45523073517002,8827700
2022-12-29,123.72762298583984,123.77406315007451,122.88246018003359,123.45827853620783,6585200
2022-12-30,124.544921875,124.75852962007217,123.00319915315289,123.34683085238397,9292500
2023-01-03,125.49221801757812,126.99679692994762,124.34986383182529,125.6036772302088,11054800
2023-01-04,126.66244506835938,127.86980411309565,125.91016271319269,126.30023452062926,11687600
2023-01-05,126.63438415527344,126.97120316917527,125.09062439312898,126.92441997464485,8381300
2023-01-06,129.05758666992188,129.46925588995748,125.82974650551515,127.36414087714117,10029100
2023-01-09,128.5242919921875,129.93706729193678,128.06585383105624,129.67509854951157,8482300
2023-01-10,129.6750946044922,129.78736284033732,128.46815396425578,128.91724118386162,9048700
2023-01-11,130.6387481689453,130.75101638743402,129.20727127832205,129.95574510321083,8703700
2023-01-12,130.50779724121094,131.78957398459286,130.2551794087002,130.98495156819632,11001700
2023-01-13,133.80111694335938,134.25021846481084,126.11979347661118,126.8682817361375,20200000
2023-01-17,131.7334442138672,132.4257841296768,130.26453464158325,132.079614171772,14292900
2023-01-18,127.77581787109375,131.6679310149894,127.62611736811391,129.97448511917898,13392600
2023-01-19,126.072998046875,127.14894000060704,124.98769088971372,126.60630069825113,13303400
2023-01-20,126.38176727294922,126.76536948425635,124.95029002219499,126.45661752951354,13092500
2023-01-23,128.4307098388672,129.0762806160376,126.13847674079531,126.41914727328471,10487100
2023-01-24,129.53475952148438,131.25627261937325,126.306918893886,127.63547884614114,6945000
2023-01-25,130.16162109375,130.16162109375,128.4120408433662,129.16052918258035,8967000
2023-01-26,130.9662322998047,131.04108255491334,129.4505538934766,130.44229479027035,7487600
2023-01-27,131.28433227539062,132.16379053633688,130.7510296311053,131.5556519229611,7489900
2023-01-30,130.17098999023438,131.06916460177803,129.9651553342081,130.26454211264664,6729300
2023-01-31,130.94754028320312,131.05045760718295,129.3476462970128,130.87269002246984,9188700
2023-02-01,130.60134887695312,131.80828963524198,129.2260057484249,129.3102212097713,8841800
2023-02-02,129.99319458007812,131.41532073295403,129.1137220154868,130.98493537803006,11822100
2023-02-03,132.00474548339844,133.16490292738285,129.23535765433598,129.2821265682164,11501200
2023-02-06,132.7813262939453,133.08072734722717,131.01302986715476,131.20014838734193,8406200
2023-02-07,134.39991760253906,135.0454886099237,132.08896755279602,132.27610034281807,10447900
2023-02-08,133.4549560546875,134.76479989043915,133.11813702889035,133.46430698343318,6958000
2023-02-09,131.37789916992188,134.1098691885691,130.86331259807156,133.90403455982894,6443100
2023-02-10,131.95797729492188,132.18252806722197,129.66574348140426,130.77911786185686,6582900
2023-02-13,133.38946533203125,133.53915156673622,131.67730321334727,132.2012407253809,7134600
2023-02-14,133.9788818359375,134.5496025163554,132.48191962300058,133.32395997551347,9249400
2023-02-15,134.54025268554688,134.62445386623963,132.20123582479755,132.4912716313343,6728300
2023-02-16,132.687744140625,134.1566391816773,132.55674550229224,133.7075519796248,8165300
2023-02-17,133.08067321777344,133.6326776244822,131.05040883326836,131.901799895258,7948800
2023-02-21,130.6387481689453,132.23862738730162,129.81540983009995,131.63048883552372,9996300
2023-02-22,129.63768005371094,130.45165342724934,128.58980497272103,129.97449908349014,11107500
2023-02-23,130.6761932373047,131.14399661294172,129.0575975549438,129.79672060691087,8068000
2023-02-24,131.85504150390625,132.25735979672146,129.98382815889107,130.15224478357936,9126900
2023-02-27,133.00587463378906,134.08181681221623,132.59420533122392,132.95909143554707,10014700
2023-02-28,134.1192169189453,134.50280478959712,132.76257587639446,133.73561477206923,11019800
2023-03-01,133.37074279785156,134.2221483521554,132.66903774729417,132.9497226227623,7139200
2023-03-02,131.9860382080078,133.2584495587857,130.55454688593335,133.08069628564445,11106800
2023-03-03,134.40927124023438,134.48412149455592,131.99540407421262,132.39770813043643,9513100
2023-03-06,133.62335205078125,134.76477905908396,133.47365155662766,134.20342362034532,9261300
2023-03-07,129.6938018798828,133.1461930386579,128.93596270380553,132.86550816108925,11747600
2023-03-08,128.92665100097656,129.66577426976272,128.0752451812661,129.1137695508767,10002500
2023-03-09,121.94697570800781,128.50558791162854,120.89910075644895,127.95356910029439,25888100
2023-03-10,125.04383850097656,126.55016596450942,119.5892564829732,120.65585476272769,37599700
2023-03-13,122.7983627319336,125.25901258782972,121.07685006354714,122.76094475054404,42901100
2023-03-14,125.95137023925781,126.80277576832238,122.83579819399462,126.56887409173707,29648100
2023-03-15,120.00092315673828,122.55514000234989,118.56945303142079,122.54577479755473,34280600
2023-03-16,122.3305892944336,123.4533146009727,117.90516598262987,119.76702151891737,24558500
2023-03-17,117.70867919921875,120.20674742932513,117.37186020885466,120.11319532302852,38396000
2023-03-20,118.95304870605469,121.13301427649034,117.89581558533092,118.81270625757652,22875500
2023-03-21,122.14347076416016,123.24747993709805,121.8066517446453,122.18088875467211,17807800
2023-03-22,118.99047088623047,122.24638563016478,118.89691163560127,122.1528192414223,17250200
2023-03-23,118.67235565185547,121.18914007039585,117.90515840943861,119.6641036516477,16677600
2023-03-24,116.86665344238281,117.58706756614235,115.18255828044485,117.54028436904431,22311100
2023-03-27,120.21611785888672,121.04880730511766,118.15777870184358,118.62558208233797,18853900
2023-03-28,120.58098602294922,121.01135707442369,119.51438790670709,120.42193461034134,10820500
2023-03-29,120.82424926757812,121.83470622174822,119.54246551248572,121.72243798558222,14595300
2023-03-30,120.4593734741211,121.74115020017166,119.43020743905223,121.5820987599938,12134700
2023-03-31,121.91891479492188,121.94698185566602,120.55293691795241,121.31077611049695,13105200
2023-04-03,121.77857208251953,122.97614752216681,121.07686705415314,121.5446704063974,11775400
2023-04-04,120.15061950683594,122.18088448148947,119.20566181001996,122.09668329861232,11579900
2023-04-05,120.32978820800781,120.83897461536871,119.24539482672081,119.56600140283258,9614700
2023-04-06,120.19776916503906,120.77296891283402,119.62256941724412,119.7545817664954,8760200
2023-04-10,120.59381103515625,120.91441041212009,119.01908709602118,119.32083064839517,9477300
2023-04-11,121.1878662109375,121.5839032496469,120.26377259314896,120.98041618281354,10516300
2023-04-12,121.16900634765625,122.98889191016728,120.7541062806077,121.81020507799164,11821000
2023-04-13,121.63105773925781,121.67819370230855,119.59428342377058,121.13129566947629,12450200
2023-04-14,130.81536865234375,131.18311834961358,127.20387065696744,127.43960801132674,43931300
2023-04-17,131.8526153564453,132.06948968813182,129.8064169001238,131.96576467936595,16050500
2023-04-18,133.3330535888672,133.6913790032315,131.0982678773724,132.26753043753607,13760100
2023-04-19,133.163330078125,133.42735478812844,132.39010457863807,133.1727543933867,9158100
2023-04-20,132.77670288085938,133.36132690535828,131.86204081063403,131.92805417508572,10586200
2023-04-21,132.52210998535156,133.0595980807066,130.86252412544857,131.76776193247454,11842500
2023-04-24,132.70127868652344,133.0501797844417,132.05064123145874,132.44669268188136,7567500
2023-04-25,129.8158721923828,131.97523487518194,129.77816053849872,131.63577243714784,10629300
2023-04-26,127.51506805419922,129.9478797044321,126.35524409606256,129.76871698157586,14416100
2023-04-27,129.23121643066406,130.04215347942045,127.92051735760889,128.2411166961655,9041100
2023-04-28,130.3533477783203,130.4287854670644,127.92996058782079,128.76918509123036,9887300
2023-05-01,133.14447021484375,135.1906689599989,132.79558349441368,134.14399441044077,20415800
2023-05-02,130.99452209472656,134.2854205089996,130.5324717330302,133.33303245614235,14113400
2023-05-03,128.2222442626953,130.75878023082657,128.01479426162598,130.54190591635034,12930900
2023-05-04,126.46837615966797,127.97710104129636,124.29016522316377,127.26046463606963,17089200
2023-05-05,128.93890380859375,130.01386552966144,128.15625409412766,128.65601611604632,11261400
2023-05-08,129.2500762939453,130.09872496666,128.69372523382768,129.64611330042985,7484900
2023-05-09,128.62774658203125,129.136932988453,127.49621004355242,128.17512045602552,7343600
2023-05-10,128.6937255859375,130.1835873124645,127.1755765294603,130.07986230655868,8133400
2023-05-11,128.28826904296875,129.00490540884266,127.20386859751291,127.29816929303638,7057300
2023-05-12,126.44950103759766,129.17462381304267,125.53483910783541,129.01432416604754,9988600
2023-05-15,127.51506805419922,127.92996817275706,126.31753244358858,126.60984451213555,7639500
2023-05-16,126.6569595336914,128.18453282742362,126.31749720305481,127.73192118266311,6477200
2023-05-17,130.5513458251953,130.68335816998533,127.73193623540837,128.14682189884383,12711500
2023-05-18,131.5414581298828,131.75833249091602,129.90072078418527,130.3816342482053,10999600
2023-05-19,131.2397003173828,132.47497620912503,130.2496148845783,131.81490006956594,13492200
2023-05-22,130.15530395507812,133.55935184954785,129.80641728286687,132.95586481174857,11402500
2023-05-23,128.7974395751953,131.09823813611578,128.67486595198395,129.69323851961553,9514900
2023-05-24,127.61876678466797,128.5711548755301,127.373605123437,127.67534144585466,8578000
2023-05-25,127.9299545288086,128.49572997345905,126.90214304635194,127.12845610186557,8472500
2023-05-26,129.12750244140625,129.74985254342872,127.8922409405316,128.34485265642655,8579900
2023-05-30,129.6178436279297,129.8630053163132,128.25999405599887,128.99549350941683,7399900
2023-05-31,127.9676742553711,129.0331973337382,126.7323984084053,128.92947232027592,14219900
2023-06-01,129.7310028076172,130.34391426922116,127.72251563103093,128.73147857139236,12248100
2023-06-02,132.45611572265625,133.40848952570417,131.39057819703316,131.5980282354424,12922500
2023-06-05,131.15484619140625,132.11665873717845,130.2496227033707,132.11665873717845,8511900
2023-06-06,131.3905792236328,132.10723004856132,130.32505607795176,130.7682291035425,9329500
2023-06-07,132.66355895996094,133.21047136152305,130.90967242676746,131.58859717434342,9281400
2023-06-08,132.70127868652344,132.8521540592304,131.52259181525187,132.6447040188252,7368100
2023-06-09,132.9652862548828,133.7102243189308,132.21093826512137,132.34295060215618,7249100
2023-06-12,132.95587158203125,133.25762231042938,131.78660909188844,133.02188494946833,7596600
2023-06-13,133.91766357421875,134.7191618460177,132.1449142865102,132.46551359522977,7701600
2023-06-14,133.41793823242188,135.41698669250283,132.6730000236622,134.8417868861988,9068700
2023-06-15,134.92665100097656,135.21896306659968,132.0412276085735,132.56927706754024,9343100
2023-06-16,135.08692932128906,135.75642974325956,134.3702929387251,134.88891799965063,13813500
2023-06-20,134.39859008789062,134.8417775006675,132.993590163527,134.47402777392367,8428600
2023-06-21,134.2005615234375,135.8035725781131,133.60649881485895,134.74745949749948,9926500
2023-06-22,131.61688232421875,134.46459361332046,131.0228195828729,134.19113022294022,10075200
2023-06-23,130.92852783203125,131.23968846733484,129.7686897292003,130.63620143660617,9919500
2023-06-26,131.2491455078125,132.02235662946714,129.8347212330188,130.94739475615467,8429700
2023-06-27,131.25856018066406,131.86204725137853,130.63621009228976,131.0699731688658,8154000
2023-06-28,130.683349609375,131.26798800223304,130.08930129086716,131.2208376561253,7558600
2023-06-29,135.24722290039062,135.36981092424716,131.87147677583985,132.07892679085904,15423200
2023-06-30,137.14256286621094,137.67061222742646,135.4641140873762,136.35048882438767,14212800
2023-07-03,138.245849609375,139.06621120565688,137.67064974381867,137.84981248053998,8021600
2023-07-05,137.32485961914062,138.07489914884223,137.0590217235189,137.60969007504357,8934900
2023-07-06,135.96717834472656,136.13806791320198,134.28669181932986,135.78678525328405,9709500
2023-07-07,137.0400390625,138.46417695781037,135.76781268625524,136.631793152976,8981500
2023-07-10,137.80909729003906,138.60662567253524,137.19197654677242,137.19197654677242,9100100
2023-07-11,139.9643096923828,140.34408859608567,138.3408001511902,138.9389283830109,11260900
2023-07-12,140.6573486328125,142.29036126404046,139.56551536188823,139.99275383802905,11323200
2023-07-13,141.3409423828125,141.81565504157075,140.27759066305984,141.1795418172844,11234900
2023-07-14,142.1954345703125,145.15763693987807,140.9042155525643,143.88541048495756,27028400
2023-07-17,145.6228485107422,145.9741312150365,142.7460911813732,142.7460911813732,17262400
2023-07-18,145.88868713378906,146.5912525458151,145.09117340209914,145.62284922322576,13491700
2023-07-19,146.4488525390625,147.3603072014654,144.52152033884386,145.02471458892575,12510000
2023-07-20,148.2527618408203,148.67051131059247,146.60077101209728,146.71469741764201,9935900
2023-07-21,147.1134490966797,148.24326753512224,146.866603731077,147.92046640616167,10636400
2023-07-24,150.0092010498047,150.7592406807382,146.90457618688498,147.13244347977806,14381400
2023-07-25,148.88888549804688,149.74336249042176,148.07237914412127,149.34460559484143,9944700
2023-07-26,149.7813262939453,150.2465498944333,148.37618094215227,148.7844413440254,8728600
2023-07-27,148.12936401367188,150.74977306240436,147.68313288944486,149.79085856517332,10778400
2023-07-28,148.9743194580078,149.62942519845643,148.52808843153065,149.32560216465086,9103800
2023-07-31,149.9712371826172,151.31941946384197,149.20219046703477,149.2306720690473,8892700
2023-08-01,149.23068237304688,150.0092181806956,148.25277533754436,149.46803873092773,6853900
2023-08-02,147.54067993164062,147.8160213704071,146.15452716177566,147.6925914504718,8299400
2023-08-03,148.44264221191406,148.98380706595435,146.54379173008377,147.16091234184682,6084000
2023-08-04,148.12936401367188,149.81934016994674,147.82554091331187,148.4901358364959,6209400
2023-08-07,148.83192443847656,149.72438665609457,148.68002738062765,148.68002738062765,7251800
2023-08-08,147.9964141845703,148.09134801833522,144.87279696598554,146.5153130967039,8623400
2023-08-09,146.01210021972656,147.6546163036371,145.70829167842498,147.46473415443873,6277800
2023-08-10,145.7937469482422,147.57867115053412,145.3475158976692,146.57228264909904,5995100
2023-08-11,146.63873291015625,146.70519963414918,144.9107864183827,145.2905507389474,5180700
2023-08-14,146.94256591796875,147.08497392606475,145.18612322035193,145.84122903175583,5044300
2023-08-15,143.2018280029297,145.51842818657462,142.63216699521723,145.11967127600838,10300300
2023-08-16,142.59420776367188,143.3252694017396,142.1099915222519,142.98347566718297,6978200
2023-08-17,141.1131134033203,143.6100925587539,140.8947351127233,143.2493207284012,9953900
2023-08-18,141.43589782714844,141.93909211178894,139.9832781772117,140.18264939115832,8517500
2023-08-21,141.92010498046875,142.50875858070003,140.53395200684312,142.0815055602974,8327000
2023-08-22,138.97686767578125,142.071988662852,138.47367347055058,141.7112024451096,9673300
2023-08-23,139.9167938232422,140.125668536263,138.10340261413177,138.9483905033234,7858000
2023-08-24,139.7838592529297,141.8536135906271,139.55600649114578,140.0402080970145,6534000
2023-08-25,139.61297607421875,141.10356607842567,138.47366875189857,139.8313398099528,6695500
2023-08-28,140.09719848632812,141.09409797390742,139.688952550822,140.10670201129946,5094100
2023-08-29,141.23651123046875,141.3219705229853,139.73641742436376,140.23962619289455,6337000
2023-08-30,140.66685485839844,141.60677662654075,139.74591116541438,141.10358238032228,6277300
2023-08-31,138.92941284179688,140.84725610018026,138.57813009907855,140.76179680872136,10933900
2023-09-01,139.39462280273438,140.5908934079119,138.331256666608,138.7015319363353,7903500
2023-09-05,137.85653686523438,140.71431600394544,137.67614375835612,139.71741664130388,7854700
2023-09-06,137.62869262695312,138.17934653137564,136.82167535781971,137.38183278661216,8629200
2023-09-07,136.45140075683594,137.92301282052452,136.13808867976056,136.84066859384592,8373700
2023-09-08,136.55584716796875,136.83117413978792,135.43551774351775,136.11910514116357,7107900
2023-09-11,137.1539764404297,137.7141338547047,136.4229149498033,137.42930338550536,6854200
2023-09-12,138.9388885498047,139.86933573180843,136.76471108688352,137.19194955486336,8363200
2023-09-13,139.00537109375,140.23012343964277,138.4452136055929,139.88832972893852,8325900
2023-09-14,141.70172119140625,142.3188418205235,140.0592195348162,140.3630280871712,10034900
2023-09-15,141.28396606445312,142.157435537023,140.80925344976868,141.38840341916688,19863400
2023-09-18,141.57827758789062,141.59727014778974,140.27756973283203,140.66683753183213,6512400
2023-09-19,141.39788818359375,142.14794220489574,139.76489016653534,141.93906750177965,7943400
2023-09-20,140.79977416992188,142.65115059807147,140.6478626457967,142.08148962614223,7332000
2023-09-21,139.69845581054688,141.32197965412328,139.21425406138027,140.11620531355285,8052400
2023-09-22,138.35971069335938,140.04968615042657,137.84702753247203,139.84081147711922,7071700
2023-09-25,139.0433349609375,139.10980168701403,136.43241533573797,137.99897580310608,7044700
2023-09-26,137.60020446777344,138.46418498457916,136.93560964218466,137.28690686127354,7468400
2023-09-27,138.40721130371094,138.70153081225254,137.20143718403054,137.84705388506208,6717800
2023-09-28,140.12564086914062,141.34090378472516,138.62554753866797,138.881896360775,8868100
2023-09-29,137.6856689453125,141.23651049887772,137.5337574117158,141.08461345236222,11917800
2023-10-02,136.49888610839844,138.25531430699093,135.416541792985,137.50527465765012,9170600
2023-10-03,135.49249267578125,136.32797709928644,135.15069898391258,135.95770180701876,9431100
2023-10-04,136.10011291503906,136.21403930710827,134.75191633584978,135.94820140089388,8128700
2023-10-05,136.6739501953125,136.865248023093,134.6941461047667,135.85141915537227,8576200
2023-10-06,138.7781219482422,139.52413684251806,135.94708021546916,136.68353605509205,10270600
2023-10-09,138.46250915527344,139.06505071436536,137.24783779371216,137.4008702443295,6964900
2023-10-10,139.30413818359375,140.37535058812693,138.9502634627436,139.0841631890633,11288800
2023-10-11,139.78237915039062,140.81532633982758,138.70162208807335,140.12669488020296,8698200
2023-10-12,139.45716857910156,140.55707272367184,138.80680265902208,139.92582491137676,10484400
2023-10-13,141.55177307128906,146.43913554960415,141.39874062487365,142.02998852085423,29427000
2023-10-16,141.4083251953125,143.00556316894136,140.3275535257519,142.93860599572187,12663500
2023-10-17,141.1022491455078,142.80469497559815,140.39448502750164,141.14051455403643,11482700
2023-10-18,139.55284118652344,141.0544301651543,139.0363603091508,140.20320721701887,9620300
2023-10-19,138.95985412597656,140.61449027027763,138.5677285058278,139.14157835174203,11143600
2023-10-20,136.72181701660156,138.81640337163498,135.92797748605585,138.27124525666972,13332900
2023-10-23,134.85675048828125,137.41997817330432,134.59851007124556,136.71222868109956,10133400
2023-10-24,135.01934814453125,135.55494711247462,134.2446414520433,135.03848084880846,8881400
2023-10-25,134.2829132080078,135.02892825740943,133.43169015964034,134.44551932875652,8242600
2023-10-26,134.62721252441406,135.49756817373063,133.35515763556165,133.6707815939065,9109400
2023-10-27,129.77810668945312,133.03953944875872,129.29989125591192,132.89606606231024,17434700
2023-10-30,131.43272399902344,132.02570644847643,130.1128447725879,130.49542586415146,9855500
2023-10-31,133.0012664794922,133.17343161464632,131.4805449898481,131.71009363872827,9672500
2023-11-01,132.8865203857422,134.40724211494657,132.43699666543975,133.18301164935053,9432000
2023-11-02,135.25845336914062,135.31583688693433,133.16386740580762,133.98639854679735,10186200
2023-11-03,136.76962280273438,137.5060787041398,135.66973307233147,135.99491608553157,9538700
2023-11-06,137.8025665283203,137.90777451161767,136.56876248838046,136.93221090231273,7625100
2023-11-07,137.73561096191406,137.97471869091854,136.59747043079386,137.2573955039051,6297900
2023-11-08,138.41468811035156,138.52945515416152,137.36260822883332,137.83126464768748,7618200
2023-11-09,138.00338745117188,139.30413386393238,137.43909680732085,139.10329157766856,7992500
2023-11-10,140.0501708984375,140.0979953626484,137.80256702030007,138.6250981852041,7983300
2023-11-13,139.42849731445312,139.87802101103242,138.83551481853044,139.35198109014414,6676300
2023-11-14,141.9726104736328,142.74731719674958,140.13626482780626,140.2892826861417,9927700
2023-11-15,143.21597290039062,143.6176721402416,141.99174247589872,141.99174247589872,8365300
2023-11-16,144.85145568847656,144.92797191112115,143.5507090914729,143.5507090914729,8126200
2023-11-17,146.16177368164062,146.20002449538472,144.93752873217457,145.56877661377965,7812400
2023-11-20,146.61129760742188,147.05126227688535,145.3009918428977,145.45402430131793,7019000
2023-11-21,146.3052215576172,146.93646939211536,145.9226550728173,146.52519655667834,7083500
2023-11-22,146.64956665039062,147.1756066179995,146.23829373244956,146.72608288149544,5174500
2023-11-24,146.8503875732422,147.7111841021639,146.60172080389682,146.89821203495617,3496900
2023-11-27,146.51565551757812,146.84083852903916,146.05657276057562,146.74518959909054,6259100
2023-11-28,146.8503875732422,147.16601150778249,146.0661218582442,146.54433728743072,6582700
2023-11-29,147.596435546875,148.8493577931611,147.29037062877043,147.45296214377154,9126100
2023-11-30,149.2797393798828,149.3275638445614,147.65380973865382,148.1607169574962,9869800
2023-12-01,150.0066375732422,150.9822012992995,149.03108844116406,149.03108844116406,8916000
2023-12-04,151.10653686523438,151.1639203894084,149.08846689923547,149.22236665363442,9607500
2023-12-05,151.08740234375,151.59430959316785,150.13097136839878,150.40832992990008,9135600
2023-12-06,149.4997100830078,152.28292747550225,149.2032188421399,151.91947906722433,9366000
2023-12-07,149.95880126953125,150.4561494466625,149.34668604920742,149.86316693153012,8130900
2023-12-08,151.61341857910156,151.86208533995674,150.14050693486942,150.40830639855233,7369400
2023-12-11,152.1681671142578,152.35945038185653,151.2595460537026,151.613435422437,8093900
2023-12-12,153.5262908935547,153.6506169856291,151.95774481419468,152.29248687005938,10223000
2023-12-13,154.04275512695312,154.97049424764484,152.80896571367018,153.52628887334043,12379100
2023-12-14,156.84510803222656,157.65806553818322,154.66444675487165,154.7792137924238,13643000
2023-12-15,158.0310821533203,158.07890661972826,155.31482175149597,155.9747614435823,20309300
2023-12-18,158.9875030517578,159.8482996107325,158.41365327308523,158.69101181034705,8469600
2023-12-19,161.11077880859375,161.12991151250628,158.3371350943328,158.7675260715144,10345700
2023-12-20,159.2935791015625,162.02897222739736,159.19793016809442,160.67084201722457,10734700
2023-12-21,160.20216369628906,160.76645438227692,158.4614525841521,159.57091584722997,7601700
2023-12-22,160.10653686523438,160.90037631330594,159.94394535331296,160.20218579882498,6576300
2023-12-26,161.0534210205078,161.41686948302507,159.896133049533,160.1639471651632,4683600
2023-12-27,162.01939392089844,162.08635109119726,160.278697214841,160.52736400314126,6428600
2023-12-28,162.8801727294922,163.22448841091332,161.63680973580614,161.9715663627903,6320100
2023-12-29,162.68893432617188,163.25322516699265,162.23941054613357,162.593285379533,6435100
2024-01-02,164.5826416015625,164.6687168855403,161.5507572049703,161.72290777292585,9977400
2024-01-03,163.86529541015625,164.54435312498538,162.94711539450026,164.3722025811615,9852300
2024-01-04,164.95274353027344,166.8196633034986,164.1155076901761,164.21174642065995,11972500
2024-01-05,165.78036499023438,166.8485504070782,165.01049911327095,165.01049911327095,10066000
2024-01-08,165.5397491455078,165.8669373043667,163.10505926723127,165.5397491455078,11229900
2024-01-09,164.2310028076172,165.31842414321613,163.69210113971522,165.15483004288654,9923600
2024-01-10,164.57742309570312,164.6351604558874,162.58539606554118,163.59584392066822,9670200
2024-01-11,163.8845672607422,163.94230462862615,162.28709822409536,163.91343594468418,11919500
2024-01-12,162.68165588378906,169.66815636742214,162.53729778064167,167.252716821371,19436500
2024-01-16,161.6615753173828,161.75779936016653,158.11058068617544,158.65910031355008,17206400
2024-01-17,160.7954864501953,162.70090770042705,160.21809808549406,161.03606860647986,11107500
2024-01-18,161.11305236816406,161.2189091014691,159.01518306953383,160.82435085151675,9382300
2024-01-19,163.89418029785156,164.1443951297312,160.7858630544763,161.23815866783056,13115700
2024-01-22,163.7017059326172,165.50125557503034,163.3167803963043,164.03852678986695,12837500
2024-01-23,162.62393188476562,163.35529640867222,162.09464816432043,163.27830835079197,8360800
2024-01-24,164.0770263671875,164.56780866715957,162.4988080499,162.97997235009703,9967100
2024-01-25,166.42510986328125,166.4732292299102,164.47158398669134,165.81883814848814,8873500
2024-01-26,165.7899627685547,166.54057786894606,165.30879848963878,166.10753295471542,7443000
2024-01-29,166.2230224609375,166.328879199069,164.84689954919781,165.75149082341792,6971200
2024-01-30,169.62966918945312,170.1012008133738,166.3192564022344,166.3192564022344,10822100
2024-01-31,167.79159545898438,171.58317204444924,167.77234477774746,169.56227634962798,11521800
2024-02-01,167.1853485107422,168.25353387569092,164.97198972849165,167.09874245833353,9354800
2024-02-02,168.14767456054688,169.19662390929818,166.73305032368816,166.77155169125905,8607600
2024-02-05,167.92633056640625,168.49410088199127,166.40584970808408,167.31044088693116,7820200
2024-02-06,168.50372314453125,169.24470550353468,167.2141918182794,168.03217690191946,6764800
2024-02-07,168.82130432128906,169.24473126744437,167.40669474604408,169.07151916254605,7225500
2024-02-08,168.2150421142578,168.70582441372977,167.03138204849066,168.40750489734666,6060300
2024-02-09,168.41712951660156,168.50375025376985,167.12761266685683,168.40751151645827,6296700
2024-02-12,169.16775512695312,170.14933450906992,167.15649167506243,168.19580842954423,8539300
2024-02-13,167.6953582763672,169.59114658650472,166.117140131701,168.71543881574524,8397600
2024-02-14,169.3987274169922,169.4660974772931,167.8493775537562,168.47490004694652,7056700
2024-02-15,173.09402465820312,173.42122751191647,169.51416142083875,169.51416142083875,8723400
2024-02-16,172.28567504882812,173.19988421286885,171.4484539290391,172.84382735667683,8152600
2024-02-20,172.9593048095703,173.66181521796128,171.68903876929863,172.43965385763377,9668000
2024-02-21,174.08523559570312,174.1718563283898,171.79490354267645,173.1710263744216,7024000
2024-02-22,176.1735076904297,176.51031389738972,174.4124445519668,174.97059691420935,9296500
2024-02-23,177.05885314941406,178.22326258992948,176.2889872945781,176.88562635719032,7105800
2024-02-26,176.4525604248047,177.5111276848513,175.6057066167674,176.82786796537246,7145400
2024-02-27,176.53915405273438,176.6257600904741,175.37474483254346,176.40442865492798,5717100
2024-02-28,177.4341583251953,178.22326016980873,176.0676534263031,176.51993437525894,6131600
2024-02-29,179.05084228515625,179.406899139091,176.92410447656243,178.66591675030617,9643000
2024-03-01,178.30987548828125,179.41656228582747,178.1270453727632,178.7044337730752,6311800
2024-03-04,179.6475067138672,180.52322931624784,177.32830580936664,177.75173276805486,7063600
2024-03-05,181.44705200195312,182.1687984182823,179.33955011683693,179.33955011683693,6617800
2024-03-06,182.39013671875,182.90980238103012,180.5617182690242,182.12068588792658,7572900
2024-03-07,180.79266357421875,183.32359240976953,179.5993855462993,182.7558220781647,7618300
2024-03-08,181.12948608398438,183.28510738443455,180.84078457385738,181.3411995458129,6172200
2024-03-11,181.19683837890625,181.3411964735084,179.20482589231966,180.22489181804664,5762600
2024-03-12,182.68846130371094,182.9964135097539,180.83117411941103,181.83198942111187,5708400
2024-03-13,184.1704559326172,184.50726213912242,182.68846163529204,183.1888766290354,7795500
2024-03-14,180.88890075683594,184.4110268136827,180.05167960777032,183.83362380358804,10310900
2024-03-15,183.13111877441406,183.7470084347489,179.45501681018882,179.45501681018882,17214200
2024-03-18,185.4022216796875,185.44070836068175,182.73656748880944,183.4486959009339,9013800
2024-03-19,186.48965454101562,186.6243799588185,185.13278236313286,185.45035256594733,8478700
2024-03-20,188.93397521972656,189.15530668553535,186.31644026104934,186.87459260941117,9367000
2024-03-21,191.5611114501953,191.91716830113904,188.93395872119092,189.11680348809753,11203800
2024-03-22,189.21304321289062,192.92763216836758,189.13605516339223,191.51300796226826,8108800
2024-03-25,187.4808807373047,189.52101284276986,187.03820308296415,189.193824615284,8620000
2024-03-26,188.35655212402344,189.25152525960505,186.7494653002244,187.2594982276111,5961500
2024-03-27,192.00381469726562,192.0808027506755,188.98210334978447,189.0975780879144,8725800
2024-03-28,192.75442504882812,193.15860130615798,191.06071728405237,191.97494121797993,8628300
2024-04-01,191.44564819335938,193.37030533464744,191.08959132109106,192.45609612932935,7309000
2024-04-02,191.36866760253906,192.25400815995368,190.6180524629056,190.91637198199464,7014700
2024-04-03,190.82977294921875,192.04230175384012,190.25236988951156,191.54188674769188,9353400
2024-04-04,189.37783813476562,193.27864304311018,189.28105280075943,192.76563498704854,9243800
2024-04-05,191.12013244628906,191.76865177151936,188.85515185913454,189.87149384658753,6532300
2024-04-08,192.11712646484375,192.60109747099133,191.28469574348503,191.28469574348503,8001000
2024-04-09,190.82977294921875,192.5043233623118,188.66159216774386,191.72029264975177,7351500
2024-04-10,189.20362854003906,190.75234168569236,187.9549750585706,189.28106567428404,7681400
2024-04-11,189.16488647460938,190.26835446638705,187.0451060299163,189.7166204704982,10137700
2024-04-12,176.93011474609375,182.87327813825445,176.68812924190217,182.2828476868651,31532300
2024-04-15,177.0269012451172,181.45040301106297,176.35901894175802,178.58528836308125,14766600
2024-04-16,175.00392150878906,177.28826528425031,173.89077931549912,177.03659090456608,16451800
2024-04-17,174.30697631835938,176.5719567831886,173.45518273379275,175.55561485062543,9017100
2024-04-18,175.439453125,177.4818109356124,174.20048878932823,175.29426776129625,9557700
2024-04-19,179.84359741210938,179.92103453191623,175.59433331144407,176.5525862836104,13402300
2024-04-22,183.33787536621094,184.0347947026377,180.0178270316194,180.02751590299428,11529700
2024-04-23,185.98036193847656,186.06747316751373,184.4123007373203,185.00274590571965,9144400
2024-04-24,186.89024353027344,187.03542892273344,184.07352875956673,184.42198847109358,6964900
2024-04-25,187.17092895507812,187.72266295248846,185.0511337349175,186.08683870425045,9802300
2024-04-26,187.287109375,188.62285933785776,186.87088662039972,187.36454651003316,6413700
2024-04-29,187.0838165283203,188.03239549172775,186.2610599734651,187.27740196192687,5387800
2024-04-30,185.5931854248047,188.7389966032242,185.49638532685094,186.62887557872742,8153700
2024-05-01,185.7093505859375,188.2260056649916,184.67364556836887,186.1062103461062,7445300
2024-05-02,185.51576232910156,187.29677201700872,183.44436709499553,186.88056405750078,6501700
2024-05-03,184.40261840820312,186.35786531271233,182.4183491959402,185.84485725290688,8922800
2024-05-06,185.84486389160156,186.0384493375641,183.73475742225128,185.58351541625962,7911100
2024-05-07,185.6028594970703,186.745023850711,185.50605939913206,185.55445944810117,7688800
2024-05-08,189.37783813476562,190.34578009256074,184.8769139388672,184.8769139388672,9227600
2024-05-09,191.16854858398438,191.25565982090802,188.84549364828138,188.91324190934765,7977300
2024-05-10,192.39784240722656,192.94956168690013,191.91387138979,192.17520510507694,7529800
2024-05-13,192.3590850830078,193.44319002860294,191.6912028247305,192.42684810381667,7049200
2024-05-14,195.0499725341797,195.11773555853725,191.80737593815078,192.6204436127113,8596200
2024-05-15,195.63076782226562,196.19217598220274,193.36578697569496,195.53396770966066,8370000
2024-05-16,195.9792022705078,197.92476021806974,195.5145942831062,195.73721678983298,8497900
2024-05-17,198.22483825683594,198.47651263266445,196.30831720742958,197.27625922000576,9260500
2024-05-20,189.31008911132812,199.27989419017035,189.13585187942704,197.83765536183188,17373300
2024-05-21,193.12379455566406,193.49160247723455,190.29740565025773,190.6845765475813,14420800
2024-05-22,191.95257568359375,194.4982678702276,191.35245636978948,192.6204580268264,9425300
2024-05-23,190.60714721679688,191.9429119756025,189.7844053338992,191.468615052786,8069400
2024-05-24,194.27565002441406,194.32403530988782,191.22662378878633,191.4105351363807,7356200
2024-05-28,193.1044158935547,193.98524659848013,192.29134821344894,193.45287558068884,6910200
2024-05-29,191.75900268554688,192.61079642723908,190.57811218715497,191.65252846783537,6120000
2024-05-30,192.9398651123047,193.44319904731097,192.03967144451227,192.19454569676367,6829100
2024-05-31,196.1340789794922,196.7825983034691,191.9912886800189,192.9108305641765,14417900
2024-06-03,195.3500518798828,195.930808189422,192.80435981935085,195.82433398389654,6444300
2024-06-04,192.7753143310547,195.5049028369205,191.92352072401673,193.74325624100823,6848300
2024-06-05,190.9362335205078,193.4141774459212,190.60713678535936,193.35608851946316,8351600
2024-06-06,190.59744262695312,191.67185872421956,189.06809265618332,190.9362134293863,7640300
2024-06-07,193.5399932861328,194.4788981753938,190.69424154091888,191.10077539457484,6964500
2024-06-10,193.2108917236328,194.40145617735467,192.07840142331858,192.8527579312046,6070800
2024-06-11,188.12921142578125,191.59444562656412,187.39358080831894,191.56540854756057,9235300
2024-06-12,185.3899383544922,190.4135599218932,185.17698992341604,189.71664046921194,12751300
2024-06-13,187.45164489746094,188.34214973485805,184.76076741043292,186.15460620622747,8587800
2024-06-14,187.5677947998047,188.6131739055265,185.2834511472175,185.31248822490792,6874000
2024-06-17,188.7293243408203,189.310095440411,186.46434363773727,187.27741136146616,8725400
2024-06-18,190.6845703125,191.61380111316439,187.90658155250065,188.36151546527287,9023000
2024-06-20,192.301025390625,193.05601892988437,189.82309636232532,190.09411892669422,8731100
2024-06-21,190.0070037841797,190.84910853687336,187.99368279772966,190.40386352012888,20972100
2024-06-24,192.5043182373047,192.84308909057918,190.78138258234185,191.4686131618798,9785900
2024-06-25,191.72027587890625,193.65615984709413,191.40085325180053,191.73962408445988,6862500
2024-06-26,191.10076904296875,191.59442888213218,189.98764172611885,191.12013201715325,7758600
2024-06-27,192.7849884033203,193.45287068422454,190.5877561325711,191.1104530348533,7913500
2024-06-28,195.77593994140625,196.10505144016432,192.91083994597997,193.59807048213818,15307600
2024-07-01,198.86367797851562,200.45110224404223,196.16312633744886,196.33734880543008,10205800
2024-07-02,202.13531494140625,202.16435201772606,198.20547307016201,198.70879223945298,7802900
2024-07-03,201.9998016357422,203.63562584358286,200.9931337680149,202.83223227767678,5560900
2024-07-05,199.32322692871094,201.8343569023776,199.06044513660848,201.46451091115304,8093100
2024-07-08,199.6930694580078,201.3768836611792,198.5251059347182,199.5665350020686,8707000
2024-07-09,202.08740234375,204.1605327199737,199.96558887640106,200.14079156889778,9058900
2024-07-10,202.25286865234375,202.4183287910824,200.09212943817215,200.6371780955376,8328500
2024-07-11,201.91220092773438,202.54485834443793,199.8974664857853,200.70531174463153,10658100
2024-07-12,199.46920776367188,201.9121989308691,196.7050240375946,198.5542983265217,15443400
2024-07-15,204.4427947998047,205.96114879231186,201.20168615358614,201.6591408630545,10719700
2024-07-16,207.91749572753906,208.03430247505668,202.5253903220117,204.3941349162131,11557000
2024-07-17,211.08074951171875,211.75233265266107,207.57685878064,208.09270948425547,11572500
2024-07-18,204.37466430664062,210.85688185316707,203.6544278135567,209.87384874293699,12415100
2024-07-19,204.1800079345703,206.68140996958013,203.34296468703909,205.5620998360359,8095900
2024-07-22,204.6666717529297,206.50621848557168,204.1118953612886,204.84187445918562,7663200
2024-07-23,204.71533203125,205.8346273305569,203.76149687218643,205.38691515141903,5557300
2024-07-24,203.0217742919922,206.3699473179496,202.51566616590065,203.9561540312095,7119000
2024-07-25,203.0996551513672,204.57908365701886,202.49621049903934,203.08018488312536,6403800
2024-07-26,206.5743408203125,207.46977999477056,203.0509652180435,203.65442465737732,8027800
2024-07-29,205.22145080566406,207.9077683798284,204.9294562135575,206.97338865537975,6533600
2024-07-30,209.4456024169922,210.02957677682636,207.2751354192565,207.5379171980237,8850700
2024-07-31,207.11940002441406,210.61356297991412,206.99286556509915,209.04654063182772,9071600
2024-08-01,202.4086151123047,208.12191355444543,200.87079066445926,207.5087263466785,10918600
2024-08-02,193.82403564453125,199.2064132873845,191.63409850715638,198.43750856046046,18041700
2024-08-05,189.69723510742188,190.93333724495406,185.8040131259338,188.86993434723362,13927000
2024-08-06,194.99200439453125,197.19168414997648,188.8212515924086,190.18387324063494,10605800
2024-08-07,195.05039978027344,200.2575897059211,194.8557416670121,198.07738022359274,9204400
2024-08-08,198.61270141601562,199.44001696271343,196.40329395657514,197.0651493642258,7761200
2024-08-09,200.30625915527344,200.95837200693634,197.48366451584198,198.03845573601825,5540200
2024-08-12,200.68585205078125,201.61048925310052,198.2233904634164,200.89998043676624,6936000
2024-08-13,202.38912963867188,202.5351195098086,199.91692557670268,202.18472896761853,6387800
2024-08-14,204.62774658203125,205.1338547314555,201.59102342817175,202.1944829162742,6999800
2024-08-15,205.90277099609375,208.18030218560887,205.4647865137197,207.31406092883793,7001000
2024-08-16,208.25816345214844,208.37495535094791,205.94169178287726,206.03902826618497,7931200
2024-08-19,209.6986541748047,209.77652039221624,208.11217640586452,208.28736425644368,6090800
2024-08-20,208.79347229003906,210.23396008032844,207.97588449150496,209.2606547095862,5640000
2024-08-21,208.87135314941406,209.26066938442804,207.15832607184282,208.70587815549763,5202300
2024-08-22,210.84715270996094,211.0126128451228,208.61827503606966,208.85187367766028,5247100
2024-08-23,212.4822998046875,213.33881331039245,210.72061940437672,211.79126128650793,7214000
2024-08-26,213.3193359375,213.8157163291545,212.22923867670835,213.16360351411225,5105200
2024-08-27,214.30238342285156,214.53598207363984,213.33882054770734,213.65027056396275,5185200
2024-08-28,215.38275146484375,216.27820552721434,213.33881897846442,213.39721492786637,6506400
2024-08-29,216.27822875976562,217.027663326211,213.0955155123132,216.219817952627,6416100
2024-08-30,218.799072265625,219.46091285543187,216.0056754723349,216.56046671802255,8574100
2024-09-03,214.419189453125,218.11775306179587,213.38748807233762,216.36580031542942,8956100
2024-09-04,213.47506713867188,216.14192918093858,211.41166452071238,215.13941099328298,7389500
2024-09-05,211.82046508789062,214.90584151305464,210.26317046221325,214.2731840738585,8067900
2024-09-06,206.78848266601562,212.90083971053073,205.45504409907426,211.79127209038532,7777000
2024-09-09,211.02235412597656,212.32657987629256,208.46255601710973,209.44560403533967,8935100
2024-09-10,200.07266235351562,212.803499194385,195.25480343232988,212.76457351172357,28406900
2024-09-11,201.6980743408203,202.15552906797424,196.44223110949054,199.77093380286098,13658700
2024-09-12,201.08493041992188,203.20672936752584,199.4205714125785,202.10688935532048,9054400
2024-09-13,198.86578369140625,202.3015508630501,197.60048359145665,201.33797308701537,10226700
2024-09-16,202.311279296875,202.65194215820492,200.1018716810642,200.335470344673,8634900
2024-09-17,203.66416931152344,204.32600990149194,202.11661718074754,202.1847408407912,7573300
2024-09-18,201.9900665283203,205.69835769036825,201.18222127192604,203.43055434803625,8259900
2024-09-19,204.86134338378906,206.2531780116497,201.80516461979695,204.18003248445268,11635200
2024-09-20,205.4550323486328,205.77622491128707,203.9074803343127,204.325994525629,20885000
2024-09-23,205.7957000732422,206.14609061797663,204.38441018664537,205.36744331284876,7223500
2024-09-24,205.9416961669922,207.26539217026013,204.75426233237846,205.513439393661,7323200
2024-09-25,204.57907104492188,206.574350150001,203.04124668081326,206.02928663307486,8976500
2024-09-26,204.1800079345703,206.0487525415433,203.43055860967957,205.4939761800251,7807500
2024-09-27,204.8808135986328,206.7690286987689,203.7420479133006,205.02680348721498,7032500
2024-09-30,205.23118591308594,205.328522397785,199.7806695021104,200.8026431856011,8663800
2024-10-01,201.51315307617188,203.50843221146712,200.68585235765798,203.32350180042798,8540100
2024-10-02,201.7564697265625,203.37216025407412,200.19918999824844,201.55208390948727,5810900
2024-10-03,199.75146484375,200.97783916349206,198.88522362417538,200.66637430404583,7251300
2024-10-04,206.8413848876953,207.28205334443106,202.6207341030634,204.96118851447628,10211700
2024-10-07,206.55738830566406,208.90764497961635,205.34310321947092,206.65532127050594,6718900
2024-10-08,206.38111877441406,206.94909707469532,204.0602540352679,206.2146446947152,6021800
2024-10-09,208.99578857421875,209.79879709653196,205.0395445956133,205.35290320598602,7024000
2024-10-10,208.4278106689453,210.35697364823073,207.08621563128509,210.35697364823073,7927100
2024-10-11,217.681884765625,219.97338753283674,210.69970101199584,211.19912324790937,18320700
2024-10-14,216.88868713378906,219.06266744569965,214.34259443128457,218.5730325095481,9048900
2024-10-15,217.7798309326172,220.77639441475992,217.22165486362624,219.02350788076828,9235800
2024-10-16,219.00392150878906,219.04308573039975,216.45781377237907,217.72108032079964,6382500
2024-10-17,219.7677459716797,221.1681096784183,218.68075580077473,219.62086146580305,6470200
2024-10-18,220.6980438232422,221.23664523536294,218.47511199703732,220.33571875621197,7000500
2024-10-21,218.377197265625,221.02122312294728,218.27926429434606,220.55117773425016,5870000
2024-10-22,219.4739532470703,220.60990985536446,216.51656906880135,218.396765381251,9586800
2024-10-23,218.7786865234375,220.1398710530058,217.91692425120232,219.02350399237045,6180500
2024-10-24,220.31613159179688,220.394474974644,217.06496338723906,217.23143747236205,6002200
2024-10-25,217.70147705078125,220.942857849908,216.30112834353372,220.3357153270423,6369700
2024-10-28,220.8253631591797,220.96246034792105,218.32822191766556,218.71993884440727,6843000
2024-10-29,218.2792510986328,222.0494461278477,218.19112039529367,220.5413770816453,6580000
2024-10-30,219.75794982910156,221.61855656037676,216.986614370538,217.92670505535023,7110900
2024-10-31,217.31956481933594,221.01141636321765,217.22164679914314,220.04193382573413,7829900
2024-11-01,218.3184356689453,221.46188370567674,218.0834055117473,218.92557823028235,6923500
2024-11-04,215.22393798828125,219.12142801656032,214.6265827500234,218.03443782702462,8229600
2024-11-05,216.8984832763672,217.3587412987622,215.43936582851143,215.46874272845392,5600700
2024-11-06,241.93841552734375,242.85893161053414,229.90319520891288,230.12842309869163,23987800
2024-11-07,231.4798126220703,239.50003510853182,230.34385600645422,239.43147904643865,16451100
2024-11-08,232.06735229492188,234.37842961339885,230.89223152708826,234.37842961339885,9502100
2024-11-11,234.32948303222656,237.0812439469585,234.04550134168815,235.0247712217789,9017100
2024-11-12,234.59388732910156,236.45450904490977,233.8104684457335,235.5633698782977,6861000
2024-11-13,236.1607208251953,239.0299743158966,235.3283354749557,235.5927425185864,11472600
2024-11-14,236.8560028076172,239.22583414126578,236.05300927029342,237.3946042340084,10172200
2024-11-15,240.22467041015625,241.3116604775427,236.4544906744704,236.4544906744704,11518800
2024-11-18,239.95050048828125,242.79037719864746,237.6492102646422,242.62390311007164,9051400
2024-11-19,238.05072021484375,240.06801385033518,236.54265111939492,237.22813707187166,6792700
2024-11-20,235.78858947753906,239.5391947355304,233.69295263010096,239.3335414956658,9015300
2024-11-21,239.68609619140625,240.40097397951203,237.0910369242283,238.18781443451138,8783500
2024-11-22,243.3975372314453,243.98509020740502,237.99196318627313,238.5599415227652,7997300
2024-11-25,245.10145568847656,249.03812485418172,243.89695790032175,244.41596974978978,10295400
2024-11-26,244.7880859375,245.79673268899333,243.1918712982075,245.29731044409448,6212100
2024-11-27,244.61180114746094,245.98278785749332,243.61295669215443,244.18093497942152,5472300
2024-11-29,244.54327392578125,246.5507801542937,244.2788668761305,244.68037111032748,5494800
2024-12-02,241.1452178955078,245.0622975770592,239.95050739723678,244.37681162128234,8899700
2024-12-03,239.74485778808594,243.87736291037757,239.55879412118145,243.08415670302463,6657700
2024-12-04,238.35426330566406,240.2638513693419,237.20851943294014,239.62731703395883,7346300
2024-12-05,240.39117431640625,242.0559301817918,239.54900159262675,240.30304361033552,6572500
2024-12-06,242.23220825195312,242.60433560351794,239.76444386718453,240.60661659692846,5519700
2024-12-09,238.7557830810547,242.73161633693363,238.70681659937458,242.00696620096832,7076500
2024-12-10,237.8254852294922,242.81976762755573,237.1987530998406,238.83413201717414,9108300
2024-12-11,238.48158264160156,239.20624770158534,237.15956238226588,238.9418406612238,7884400
2024-12-12,236.52305603027344,239.03978682734456,236.04320840347538,237.9625839681949,6113800
2024-12-13,234.96600341796875,237.68837232699522,234.18258457208617,237.05185291985592,10392700
2024-12-16,234.61346435546875,235.68086486892074,232.5961709249165,235.6221110707449,9032000
2024-12-17,233.4187774658203,234.06509919571647,231.7246446972801,233.70275916639545,8083600
2024-12-18,225.59439086914062,234.11405052968323,224.7718077802173,234.04549446770358,11322400
2024-12-19,228.13072204589844,231.46023372259285,227.45502342538467,227.45502342538467,11790800
2024-12-20,232.67453002929688,234.25115513761958,226.78910847304047,227.11226932732094,32348400
2024-12-23,233.44813537597656,233.6733632541422,230.01090363429827,231.1762371287838,8611500
2024-12-24,237.28688049316406,237.46315684035804,234.114055668397,234.46657847784007,3729100
2024-12-26,238.09967041015625,238.21717801040668,235.79838028877134,236.42511239422714,4451800
2024-12-27,236.17051696777344,238.34449731335218,235.06393721334237,237.68838828184474,5730200
2024-12-30,234.35887145996094,235.8473508974243,232.19467848181526,233.82027004526657,5723800
2024-12-31,234.7407989501953,236.4349317268369,234.07488763492825,235.07374713659226,4871000
2025-01-02,235.02474975585938,238.23675347379177,234.48614838250796,235.9256761701603,9220900
2025-01-03,238.2367706298828,239.8036083847427,235.27937146525915,238.83412584289502,9491100
2025-01-06,237.0752716064453,241.83941284498218,236.80949899026749,239.88059581847392,9917800
2025-01-07,239.35890197753906,241.41614272410112,237.12447448141728,238.34504591508428,8753400
2025-01-08,239.3195343017578,240.421976223703,236.7307483389993,238.94548506982153,8675300
2025-01-10,236.11061096191406,239.98886335933202,234.99833120229488,239.28014642276608,10256800
2025-01-13,240.38262939453125,240.7074442576627,235.25427642531838,235.9137740589649,10005300
2025-01-14,243.5915069580078,243.83758881212796,238.3942594005622,238.8568944878796,12407400
2025-01-15,248.39503479003906,249.69433919695268,239.86090269206412,246.47558427174647,18448500
2025-01-16,250.28494262695312,253.01153384400604,248.3753449882823,250.0191700123843,15292300
2025-01-17,255.09829711914062,256.5354067376623,248.1883144429222,250.1569692778846,17678100
2025-01-21,258.9076232910156,260.10850386711076,255.43294892531785,255.9940227277619,13712100
2025-01-22,258.7206115722656,259.2521567820625,256.1712071975693,258.7796688134332,9021900
2025-01-23,261.7818908691406,262.67760239191387,259.67541575937634,260.54162870024055,10749700
2025-01-24,260.6893005371094,262.913890376841,258.88799436692057,259.55732988070605,7666300
2025-01-27,261.6834411621094,261.80155564195655,258.1497094566725,260.02977836567374,7522300
2025-01-28,262.9532470703125,263.14024164800065,260.6794230449138,261.6834562601186,7375400
2025-01-29,262.4019775390625,266.4377257710217,261.44717878691085,263.0221085895397,7684900
2025-01-30,264.0261535644531,265.473116067307,262.4413708045233,264.4198785229307,8753500
2025-01-31,263.1107177734375,266.5755696542428,262.7760500420943,265.01049259915686,7193800
2025-02-03,262.6283874511719,263.96708831653945,257.59848892765325,257.72642625482933,8381400
2025-02-04,263.74072265625,265.6109389686158,262.6481034697921,265.6109389686158,5626000
2025-02-05,266.191650390625,266.39838077199465,264.12455685194567,264.6954835634121,5704400
2025-02-06,272.5602722167969,272.6390352369144,266.93977073735846,268.1800329702387,7264400
2025-02-07,271.4775085449219,274.1844091306425,270.40459519020567,272.9244711504969,6857900
2025-02-10,266.7921447753906,271.8515727090942,265.36485782708667,271.8220440844745,8627400
2025-02-11,270.68017578125,271.8909092690704,265.4337240792701,266.0243265133115,7196400
2025-02-12,271.1330261230469,272.117353638412,268.9674935735268,269.78447219399146,6683900
2025-02-13,271.9893798828125,272.6291867449517,269.51870826455684,271.1822241296935,8398700
2025-02-14,272.255126953125,274.85376585107855,272.11733672996746,273.0229011658313,5688600
2025-02-18,275.5625,275.5821757361664,271.6940700339416,272.4224928221831,7919800
2025-02-19,274.8734436035156,275.8577710649427,272.87526005839027,274.0170835183605,7007200
2025-02-20,262.6185607910156,274.37143335649915,261.5751760608188,274.31237611058543,13846700
2025-02-21,260.0986633300781,264.98094887675643,258.72061097387393,264.1147359559171,12835600
2025-02-24,257.244140625,262.81543777965055,254.55691578411952,261.3290936687731,10372800
2025-02-25,253.3658905029297,258.8781304675106,249.37937617494492,258.120209112606,9608400
2025-02-26,254.7340850830078,256.82085427318486,252.90322057888935,253.12962668510175,5943600
2025-02-27,254.989990234375,259.50807924500594,253.81863827447617,256.1022849558997,8204400
2025-02-28,260.50225830078125,260.6597543003171,253.84822504631072,256.6437114496689,10467100
2025-03-03,256.5354309082031,262.14610973219465,253.77932589529357,259.86246269904575,9058300
2025-03-04,246.3279571533203,253.19857392522815,242.09534589460884,251.27912328234285,13465600
2025-03-05,247.587890625,249.0840726048274,243.94588194142335,247.31228013130092,7861400
2025-03-06,242.6760711669922,245.45188165105145,240.0282430711689,244.2214723981126,9983200
2025-03-07,238.4828643798828,242.85328086252775,235.66768714230088,241.3866274873343,20498700
2025-03-10,228.5805206298828,233.78760620871546,225.1156838157023,232.50799254508934,18887200
2025-03-11,225.54879760742188,229.66329427384025,223.1371982913278,228.11789292464056,18143000
2025-03-12,224.3282012939453,230.64759621758355,223.69823237883307,230.3326042502056,16054000
2025-03-13,221.66070556640625,225.90315456267533,220.71574458573545,225.70629207243212,16467900
2025-03-14,228.7970733642578,229.4860995707607,224.013241388188,224.54477159902027,11962100
2025-03-17,230.2637176513672,231.97645285477932,226.84811515145265,227.55681711117487,9586000
2025-03-18,231.28741455078125,232.46860444815488,229.8601427989696,230.64760773710017,10344900
2025-03-19,235.36253356933594,238.53206911141493,231.20867059231674,232.04535491987377,10120600
2025-03-20,235.2641143798828,237.97101505104354,232.49815646085827,232.85251496768697,8328500
2025-03-21,237.84304809570312,238.5025456891323,232.79344343809566,234.08291000283364,19326900
2025-03-24,244.17227172851562,244.79240284578717,240.57948244257165,241.63270503355284,9422700
2025-03-25,247.19415283203125,247.87334116333017,243.7391539327531,245.4026696961619,9287700
2025-03-26,247.09573364257812,250.6786851783206,245.86532425503404,248.64113504276347,12779300
2025-03-27,244.2313232421875,246.71183263341337,243.3060530316706,245.61922855796286,8022500
2025-03-28,239.04393005371094,245.599539532935,237.33119486348127,243.0698257668777,11978400
2025-03-31,241.45553588867188,242.00675687898743,233.63997322827274,235.65784758325657,13603000
2025-04-01,239.84121704101562,241.8394004543817,237.10478808025886,238.8175081376331,8054700
2025-04-02,241.96739196777344,243.37497307582964,237.67572348989717,237.8135287383757,7758800
2025-04-03,225.1058349609375,231.45474367154702,223.7376204790553,230.59838364191864,17188500
2025-04-04,208.25929260253906,215.607987574706,206.9222595144689,213.24095511751497,27170700
2025-04-07,212.37933349609375,219.91620553083897,200.217339808407,203.7926499875628,22914400
2025-04-08,214.7859649658203,225.65054905266808,211.20075649105397,221.37207030821745,19485700
2025-04-09,232.0880889892578,235.19791432492164,208.97238005467744,210.45796569487658,24022400
2025-04-10,224.92758178710938,228.1364523722699,217.98494998522446,227.7898096605314,18896400
2025-04-11,233.93020629882812,236.28734025489058,222.83783699103913,224.135245979575,20284500
2025-04-14,232.4644317626953,237.47580467962493,231.3849098728121,234.82156570866533,13017800
2025-04-15,230.8897247314453,236.3566689994213,230.58270611748736,233.83118550413695,10912900
2025-04-16,227.40354919433594,231.33540044425504,225.73968539929047,229.77058173792562,9322300
2025-04-17,229.73097229003906,232.08809125254,228.33451814771584,228.5821157568302,9557900
2025-04-21,226.7895050048828,229.58239809757103,224.1649613559644,228.41374466977848,8716200
2025-04-22,233.32608032226562,233.7222455658828,229.146631453097,229.75077022647423,10701400
2025-04-23,238.56524658203125,244.41844241462425,237.6936981861248,237.9115852851014,14126800
2025-04-24,242.2891082763672,243.11113412666035,235.29695442919305,237.43620133269152,9055200
2025-04-25,241.2095947265625,243.259695079398,239.42688891181936,242.2990151434575,8588600
2025-04-28,240.8827667236328,244.46797532069593,238.52563261414235,242.2098863011783,7394300
2025-04-29,242.26930236816406,242.89325317551487,239.3674656594956,239.86266087494008,7216800
2025-04-30,242.26930236816406,242.8635426715609,236.13878318301607,238.89208248407334,12991700
2025-05-01,244.51748657226562,246.06249318666562,239.84284265004308,240.50640240816827,8689600
2025-05-02,250.08348083496094,251.18281481145482,247.06280212773012,248.8454928034209,7165000
2025-05-05,250.1330108642578,252.70803209178587,248.18194045918935,248.76626720064505,5450700
2025-05-06,246.8548126220703,250.22213401116895,246.60721501663193,247.59760543838547,6369900
2025-05-07,246.99346923828125,250.02406154233302,246.43885301429253,247.44905548636268,8724100
2025-05-08,251.03427124023438,253.42111587703673,249.1327233694704,249.15253541008562,8320100
2025-05-09,250.6480255126953,253.05466713506053,249.915131114133,252.05437818656395,5087600
2025-05-12,257.551025390625,261.06692963579167,256.2140224576069,260.3736442284861,9603900
2025-05-13,260.48260498046875,261.13626631205113,257.8877868069351,258.52162098572154,8589000
2025-05-14,263.08734130859375,264.07773178744077,259.7695271595925,260.4726959367646,8643100
2025-05-15,264.9195251464844,266.9300165005274,262.21577862944,264.4045330061705,9214600
2025-05-16,264.9888610839844,265.8802064262929,262.1662423130763,264.9294400761183,8932900
2025-05-19,262.3346252441406,265.7415707842711,259.4129613490514,262.99816991499483,12145000
2025-05-20,263.1269226074219,264.09751611112114,259.77939811280237,259.9972852167219,8436300
2025-05-21,258.5315246582031,263.0972100036598,258.2245060448101,261.80971454261277,7464000
2025-05-22,258.16510009765625,259.77941119398804,256.38237909645915,256.94690892472084,6514100
2025-05-23,258.2046813964844,259.4723799421045,253.53995091856495,254.34216475157282,6671800
2025-05-27,262.7406921386719,262.75057549068066,259.4723855042117,259.5219231615278,7506600
2025-05-28,260.9579772949219,264.1569494186174,260.37365054000264,263.6815511085711,5535400
2025-05-29,261.82952880859375,262.85954338022884,260.00721393528187,262.25538946513706,5081200
2025-05-30,261.46307373046875,262.7802797047294,260.2052887641105,260.9183710832572,10977700
2025-06-02,262.1167297363281,262.48316935241536,259.3832425308735,260.49247495502414,6011200
2025-06-03,263.71124267578125,264.01826128387165,260.3538349141645,261.1956728046096,6998400
2025-06-04,261.68096923828125,264.55309553497005,261.64134515696793,263.3646451144359,5915700
2025-06-05,259.43280029296875,262.19596799161184,257.8085453857792,262.19596799161184,8173800
2025-06-06,263.17645263671875,264.0875948817465,261.7205775355199,261.7898818932406,7738100
2025-06-09,264.1767272949219,265.3255837931054,260.81931953433354,263.44384806606826,8285000
2025-06-10,266.0188903808594,266.3159954367044,263.2953165464439,263.3250270520284,7538100
2025-06-11,265.5732116699219,267.029086942071,263.23590455236,266.0981174361079,7434100
2025-06-12,265.6623229980469,265.71186065483215,262.5921368014331,264.2955793495838,6618000
2025-06-13,262.4039306640625,264.45401568169035,260.18543576691087,262.5326560188529,7098300
2025-06-16,267.7619323730469,269.1187926010441,264.28568264317573,264.4342351573897,8566000
2025-06-17,266.92999267578125,267.98971758992207,265.2265200876263,265.592989900642,6739300
2025-06-18,271.3273620605469,275.0512398633253,267.12811618035386,267.4054243002851,9586400
2025-06-20,272.35736083984375,274.6352466771413,271.1787938422642,272.9218906234205,13969700
2025-06-23,275.595947265625,275.8732553903245,269.4951382979165,272.416802295977,8094600
2025-06-24,278.5572204589844,279.99326843987956,276.8240372161571,277.51729237869773,9267900
2025-06-25,281.3302917480469,281.54817884280607,278.21056806460314,278.79489476774904,6826900
2025-06-26,285.9752197265625,286.6288809985696,281.73635014616826,281.96415081233175,8942100
2025-06-27,284.3509826660156,285.92573005163604,282.3008974405109,283.0634871930461,17868600
2025-06-30,287.12408447265625,289.83774449670244,286.1436076484999,287.60936609684416,12689200
2025-07-01,287.6192626953125,288.33234495014864,283.83596433703406,288.0946609399748,9338300
2025-07-02,289.19403076171875,290.00615823892747,286.91614466394003,289.23365484518064,8158700
2025-07-03,294.56787109375,294.9659297104321,289.8010379194307,290.73649237209275,6541600
2025-07-07,290.557373046875,294.6076885980012,288.6765027897454,293.8215023235984,8825700
2025-07-08,281.4118347167969,288.29836729820295,278.95378401211,287.8704246702362,15440900
2025-07-09,281.7900085449219,285.8104705722976,281.1133058346495,285.7905479002781,11273800
2025-07-10,286.7956848144531,286.91509937261486,281.63079258445833,281.63079258445833,8410900
2025-07-11,285.4720764160156,285.9895799471578,282.27761579845765,284.1385633556329,7384700
2025-07-14,287.30322265625,287.9002954379141,283.8798636483791,285.6811040695642,9079900
2025-07-15,285.1636047363281,290.53750281058245,284.0988046799193,286.6066015099572,12526100
2025-07-16,284.4371337890625,289.32338154204075,281.64073174918,287.0046376972024,9979800
2025-07-17,288.4974060058594,288.8954646605109,282.06866914194785,282.06866914194785,8509500
2025-07-18,289.8607482910156,291.08480816107146,286.83547847596185,288.1192152507357,12217000
2025-07-21,289.5622253417969,292.75668616305364,289.1740976686908,289.5920789805029,7898100
2025-07-22,290.0199890136719,292.2093570682598,287.7808750182681,290.08965762675587,6717500
2025-07-23,295.32421875,295.55308652202564,291.1345658012183,291.423171220215,7083500
2025-07-24,295.1152038574219,298.14050407118975,294.7669215419926,295.98102008785213,7001200
2025-07-25,297.1752014160156,297.45384549542877,294.52806747662726,295.2645078343046,5918500
2025-07-28,296.83685302734375,297.98128299458955,295.38392533944716,296.2198575860422,5840400
2025-07-29,295.6028747558594,299.832312479978,294.7669424736015,298.5485452319008,7635700
2025-07-30,298.1803283691406,299.15556747472186,295.9412143688823,295.9810293435777,8061700
2025-07-31,294.80670166015625,299.52378891963946,294.0702916971252,297.69269497782847,14749700
2025-08-01,287.969970703125,290.38820663449775,282.8647857124969,288.99498616189175,12007100
2025-08-04,292.8363037109375,292.8960109858209,288.8556567457698,288.8556567457698,6649500
2025-08-05,289.96026611328125,294.3588942877941,285.85024334176074,293.26421031948314,7182300
2025-08-06,289.9403991699219,291.8710155092677,288.75615418743877,290.8857846666577,6330200
2025-08-07,285.5517272949219,292.0401712516968,285.0242927594624,291.52269805254355,8057100
2025-08-08,287.3629150390625,289.82096576259374,283.33249175217816,287.58185183763345,6634100
2025-08-11,288.1590270996094,289.9105214566491,287.382802167726,287.99979757897614,5510100
2025-08-12,291.4331359863281,293.3239373114666,288.9352701775296,290.0896614971756,8570900
2025-08-13,289.1243591308594,293.1248986695454,285.770668693986,292.5278258801357,8420400
2025-08-14,292.7367858886719,292.77660086250484,288.2386656831993,289.1740897938242,6322400
2025-08-15,289.08453369140625,294.070303892013,288.4177923107223,293.4134934775076,7340500
2025-08-18,290.1195068359375,290.48771182814966,287.01460700223555,288.5969105571057,5386900
2025-08-19,289.25372314453125,291.0649248511568,288.12918548745137,289.4228836379399,6031500
2025-08-20,290.8260803222656,291.91080306079334,285.8801248660847,289.40300620960403,7374200
2025-08-21,290.059814453125,291.35351266028397,288.0694908298476,290.52754171939233,6624000
2025-08-22,294.80670166015625,295.7222638160247,288.72627805745185,291.78143186234297,8552800
2025-08-25,293.47320556640625,295.91136409796144,292.7169032581514,294.8067187195671,5856300
2025-08-26,297.1254577636719,297.2946182578716,292.0799802873029,292.73679070167583,6714700
2025-08-27,297.8320007324219,299.6133487290695,295.60284818014264,295.81182363943736,6056500
2025-08-28,299.6133728027344,299.78253330292296,297.2548441771251,298.5684346824493,6410500
2025-08-29,299.961669921875,301.4842661940908,298.27984412427315,300.57866535154164,6796400
2025-09-02,298.25,299.00630230729985,293.0751465546297,298.80728817166414,7221900
2025-09-03,298.0609130859375,299.1157821383293,294.9460518695642,299.1157821383293,6316900
2025-09-04,302.3500671386719,302.95710126266795,296.8368622307461,298.5485417515856,6605800
2025-09-05,292.9557189941406,303.67360004151425,292.8860503832935,302.1808574258392,9837700
2025-09-08,291.4928283691406,295.02564039164184,290.02993939924687,293.4632595438729,8188500
2025-09-09,296.408935546875,297.5533654940205,290.89573090671735,291.1843363199733,7848200
2025-09-10,299.0859375,300.081099305405,293.97079124265275,295.26451981163615,7787300
2025-09-11,304.0816345214844,304.2508253887744,299.3347237101347,299.7825282942652,7942500
2025-09-12,305.42510986328125,306.0619976191254,302.2306490078873,303.5243471922108,6846700
2025-09-15,307.40545654296875,308.4503945957688,305.68384616318764,305.68384616318764,7122000
2025-09-16,307.6940612792969,309.3957793536566,305.64403052143217,308.5001398603055,10525600
2025-09-17,310.2416687011719,311.39605995003245,307.27607581858564,308.8882633286686,8657800
2025-09-18,311.71453857421875,311.92351404664583,308.11202738183795,310.281503166292,8050700
2025-09-19,313.25701904296875,314.27207310967725,307.62439981099584,312.08273544953454,23568600
2025-09-22,310.9283447265625,312.182258270615,308.062273980115,308.30110308567663,7520200
2025-09-23,311.22686767578125,314.77960231730736,309.0773147087216,310.31133589735856,8584400
2025-09-24,311.90362548828125,315.04831005850303,310.1620923339846,312.53055191308846,7310500
2025-09-25,311.9334716796875,314.1228093708585,310.2914304489001,312.60021306425335,7083200
2025-09-26,314.53082275390625,316.2723558301295,312.1822555829643,313.3764314704185,7258100
2025-09-29,314.1626281738281,316.47141081731513,312.1424509532589,315.52599496806425,6462400
2025-09-30,313.90386962890625,315.8743008654659,308.6096017269858,314.71990956858593,11823300
2025-10-01,309.2066955566406,313.06792796484126,305.92267396447164,312.450932545579,9235200
2025-10-02,306.0619812011719,309.05742775902445,304.6588298723343,308.5001396138323,7600000
2025-10-03,308.5299987792969,310.15211730487346,306.71879709000723,307.0173638395194,6029900
2025-10-06,309.17999267578125,311.75,305.1300048828125,310.17999267578125,7214500
2025-10-07,307.69000244140625,310.010009765625,304.70001220703125,309.3500061035156,8454200
2025-10-08,304.0299987792969,308.7799987792969,303.54998779296875,308.2099914550781,6489900
2025-10-09,305.5299987792969,308.0400085449219,303.3900146484375,305.04998779296875,7060300
2025-10-10,300.8900146484375,310.4700012207031,300.80999755859375,305.6600036621094,8597400
2025-10-13,307.9700012207031,309.4599914550781,305.45001220703125,305.6000061035156,10788700
2025-10-14,302.0799865722656,307.0,294.2099914550781,305.8399963378906,16178800
2025-10-15,305.69000244140625,312.1199951171875,305.44000244140625,306.3900146484375,11354800
2025-10-16,298.5400085449219,308.67999267578125,297.07000732421875,305.3500061035156,10549400
2025-10-17,297.55999755859375,299.54998779296875,294.20001220703125,299.1600036621094,10153500
2025-10-20,302.3599853515625,303.69000244140625,298.1600036621094,298.5,6894900
2025-10-21,297.0899963378906,304.04998779296875,297.0,301.6600036621094,7372700
2025-10-22,294.1099853515625,298.05999755859375,290.5400085449219,297.7699890136719,8054100
2025-10-23,294.5400085449219,296.3699951171875,292.510009765625,294.3800048828125,5438800
2025-10-24,300.44000244140625,302.6000061035156,295.45001220703125,296.0799865722656,7228300
2025-10-27,304.1499938964844,304.5299987792969,301.010009765625,302.1600036621094,5642200
2025-10-28,305.3599853515625,307.9700012207031,303.1600036621094,304.8599853515625,6336000
2025-10-29,305.510009765625,308.25,303.010009765625,303.510009765625,7520300
2025-10-30,309.44000244140625,312.6099853515625,305.1000061035156,305.7900085449219,7514600
2025-10-31,311.1199951171875,312.8699951171875,307.25,308.5400085449219,7721300
2025-11-03,309.3500061035156,312.32000732421875,306.2099914550781,311.0,7770000
2025-11-04,309.25,312.2200012207031,305.1000061035156,306.7099914550781,7085200
2025-11-05,311.67999267578125,313.1000061035156,305.6300048828125,309.6099853515625,6865200
2025-11-06,313.4200134277344,314.8399963378906,310.260009765625,310.989990234375,7206100
2025-11-07,314.2099914550781,314.42999267578125,307.6400146484375,311.8900146484375,7302300
2025-11-10,316.8900146484375,319.55999755859375,314.2099914550781,315.0,5794100
2025-11-11,315.6199951171875,319.04998779296875,315.2799987792969,317.5,5030200
2025-11-12,320.4100036621094,322.25,316.2099914550781,316.260009765625,10578300
2025-11-13,309.4800109863281,320.6300048828125,309.1000061035156,319.2300109863281,8973300
2025-11-14,303.6099853515625,307.6400146484375,301.2300109863281,307.510009765625,10327000
2025-11-17,300.3699951171875,305.5899963378906,297.6700134277344,304.0,8344000
2025-11-18,299.4100036621094,302.95001220703125,297.0199890136719,299.5,8077300
2025-11-19,303.2699890136719,304.45001220703125,299.2699890136719,299.739990234375,5546600
2025-11-20,298.3800048828125,309.9200134277344,298.1600036621094,306.3399963378906,7501600
2025-11-21,298.0199890136719,301.67999267578125,292.80999755859375,301.2900085449219,11766800
2025-11-24,298.0,299.82000732421875,294.510009765625,298.239990234375,10940200
2025-11-25,303.0,304.5,295.55999755859375,300.04998779296875,8877200
2025-11-26,307.6400146484375,308.5299987792969,303.20001220703125,305.0,7910900
2025-11-28,313.0799865722656,313.7200012207031,308.239990234375,309.1000061035156,4322400
