Price,Close,High,Low,Open,Volume
Ticker,MSFT,MSFT,MSFT,MSFT,MSFT
Date,,,,,
2020-01-02,152.5056610107422,152.6101045190427,150.3313555044007,150.75861913365446,22622100
2020-01-03,150.60671997070312,151.86953184497025,150.0750127579454,150.32188716953644,21116200
2020-01-06,150.9960174560547,151.06248810455452,148.6033204049661,149.1445317269712,20813700
2020-01-07,149.61927795410156,151.60369056590727,149.3724180103726,151.27138077488013,21634100
2020-01-08,152.00247192382812,152.67661008398238,149.97058233307885,150.9010700366723,27746500
2020-01-09,153.90139770507812,154.02483489198275,152.89494999382345,153.66402741514324,21385000
2020-01-10,153.1893310546875,154.97436078640044,153.03741054817215,154.59457400804902,20725900
2020-01-13,155.03135681152344,155.05984010091498,153.11339989416706,153.58814070127926,21626500
2020-01-14,153.9394073486328,155.33514601452856,153.55011653968288,155.13574856742852,23477400
2020-01-15,154.93637084960938,155.65798599963676,154.35720109299407,154.40466357354921,21417900
2020-01-16,157.7753143310547,157.84178497982282,155.74342481976777,156.04726580624668,23865400
2020-01-17,158.6583251953125,159.00962862726476,157.07267873319398,158.96215166642233,34371700
2020-01-21,158.0886688232422,159.6932948669055,158.02219816442164,158.25956853803012,29517200
2020-01-22,157.32908630371094,159.0286663522028,157.3100926165268,158.94320200384328,24138800
2020-01-23,158.29750061035156,158.37346084192237,156.92075582197117,157.7942767531362,19680800
2020-01-24,156.70236206054688,159.06657533124223,156.14217166115534,159.04758165168906,24918100
2020-01-27,154.08180236816406,155.12623744531845,152.1068798055021,153.00888401508118,32078100
2020-01-28,157.10118103027344,157.38601382767297,154.83192132073702,155.50604492516229,24899900
2020-01-29,159.55084228515625,160.22498042935823,157.3195697689756,159.36094890964196,34754500
2020-01-30,164.0513916015625,165.2572370102274,162.16191844057855,165.2572370102274,51597500
2020-01-31,161.63018798828125,163.69056054766398,161.01303097531772,163.51017128130383,36142700
2020-02-03,165.570556640625,165.68448976248862,161.7916105688836,161.82009384934952,30107000
2020-02-04,171.0205841064453,171.51431848810714,167.4030623122053,168.1911336080325,36433300
2020-02-05,170.8116912841797,174.89446403969472,169.3969733266185,174.7330539466545,39186300
2020-02-06,174.35330200195312,174.53370581487442,170.96364590764588,171.8276775969327,27751400
2020-02-07,174.60008239746094,176.252184760215,173.26131054253605,173.61262840836807,33529100
2020-02-10,179.16709899902344,179.30002578710295,173.9924293723042,174.30575990590592,35844300
2020-02-11,175.1223602294922,181.06610886617437,174.22984535212527,181.01863189628392,53159900
2020-02-12,175.37869262695312,176.4611007006087,172.6631756017562,176.2047366998145,47062900
2020-02-13,174.42922973632812,176.82191236947082,173.6316543706779,173.83105183407446,35295800
2020-02-14,175.98634338378906,176.0433099368032,173.42273259468743,173.99242710069515,23149500
2020-02-18,177.77137756347656,178.2176349280417,176.12877899123126,176.23322251246853,27792200
2020-02-19,178.30453491210938,179.1613962650694,177.53335678894416,179.04715195867632,29997500
2020-02-20,175.58163452148438,178.2760079740867,172.42075371010682,177.99038262590284,36862400
2020-02-21,170.031005859375,174.705695811561,168.7552293329656,174.39150943819044,48572600
2020-02-24,162.70005798339844,166.18465515217062,155.40716170842933,159.72958932936746,68311100
2020-02-25,160.0152130126953,166.4607487234575,159.6153288264737,165.85142145386897,68073300
2020-02-26,162.01454162597656,164.95644881112133,160.14848344532092,161.5765954218968,56206100
2020-02-27,150.5991668701172,159.02503365288237,150.40875483840358,155.49284470294847,93174900
2020-02-28,154.24563598632812,155.86417479843206,144.7153722910139,145.10572645287465,97012700
2020-03-02,164.50900268554688,164.6327770616493,154.53126258325238,157.38748705939656,71030800
2020-03-03,156.62579345703125,166.6130616388873,154.48362552167413,165.47057497886473,71677000
2020-03-04,162.3763427734375,162.51914816724377,157.6826069544084,160.41507121846044,49814400
2020-03-05,158.3014678955078,162.6810028946942,157.74926281414156,158.0920102947307,47817300
2020-03-06,153.8267364501953,155.292925288608,148.523672701681,154.81688787610258,72821100
2020-03-09,143.40150451660156,150.1898026214483,142.8112227779223,143.7632975964418,70419300
2020-03-10,153.2078857421875,153.31261455858123,145.26758484382228,150.5801643410945,65354400
2020-03-11,146.2672576904297,150.14219461233048,143.90610170212486,149.5995195250043,56371600
2020-03-12,132.39549255371094,146.11489113015546,131.93850080995347,138.33644333258042,93226400
2020-03-13,151.218017578125,154.15040922743378,133.9854606961012,140.43101010915177,92727400
2020-03-16,128.92994689941406,142.19235428086998,128.53007729114236,133.29045052414764,87905900
2020-03-17,139.5456085205078,140.43103109931985,128.53009626039446,133.29047019596462,81059800
2020-03-18,133.6713104248047,139.00293568680965,128.54915733094282,131.38633647109404,81593200
2020-03-19,135.87054443359375,142.9539657882571,132.3383420066392,135.9276665733689,85922700
2020-03-20,130.76748657226562,140.0502163678412,129.34888981462817,139.00292822092638,84866200
2020-03-23,129.4630889892578,133.83312207113354,126.16891928985302,130.44372458134978,78975200
2020-03-24,141.230712890625,142.43033593121768,134.49955444258714,136.86069488490077,82516700
2020-03-25,139.8788299560547,146.9337078157321,137.51768848459022,141.77346406617644,75638200
2020-03-26,148.62835693359375,149.15200083578847,141.25929476840096,141.2878558423839,64568100
2020-03-27,142.5255584716797,147.46682775364604,142.0495211925308,144.47731422169113,57042300
2020-03-30,152.55093383789062,152.90321137574261,142.82072868520657,145.13427789282522,63420300
2020-03-31,150.1517333984375,156.88289514179772,149.05683858683773,151.76072771768509,77927200
2020-04-01,144.8201141357422,150.189816009761,143.59194390247364,145.66746021865882,57969900
2020-04-02,147.81912231445312,148.02857992428844,143.15396179177512,144.58207393473876,49630700
2020-04-03,146.4576416015625,149.83750943261026,144.89623979452293,147.6667804454456,41243300
2020-04-06,157.34938049316406,158.52042823766854,150.02792415586416,152.63661391051838,67111700
2020-04-07,155.65469360351562,161.8526944982216,155.4357059688015,161.46234039547727,62769000
2020-04-08,157.216064453125,158.6822527688212,155.6641783928235,157.7301782832382,48318200
2020-04-09,157.22561645507812,159.34873898293552,155.502363560662,158.38714875924393,51385100
2020-04-13,157.577880859375,157.63501754538458,154.52172915944234,156.47348523081303,41905300
2020-04-14,165.37535095214844,165.4229575864513,159.94852877423781,160.90060335027493,52874300
2020-04-15,163.64260864257812,165.2516172547934,161.12913194567304,162.99519027424256,40940800
2020-04-16,168.5552978515625,168.78380100859152,164.61370918973023,165.94662248113914,50479600
2020-04-17,170.04054260253906,171.37344133525505,167.44136828248293,170.8974039982127,52765600
2020-04-20,166.67019653320312,170.1833545401392,166.6035588577569,168.16496080222765,36669600
2020-04-21,159.77720642089844,165.34683551138266,158.1491520544436,165.18498453208747,56203700
2020-04-22,165.20399475097656,165.66098650812486,162.63339614169652,163.17607112940274,34620200
2020-04-23,163.20469665527344,166.67024911448806,162.71914362952913,165.7657807594686,32790800
2020-04-24,166.18467712402344,166.19419264314408,162.52871298530863,163.81400538707817,34277600
2020-04-27,165.70860290527344,168.42200705863056,164.9945468868889,168.12686622876606,33194400
2020-04-28,161.6717987060547,167.2509568988296,161.2719290846962,167.17478918130797,34392700
2020-04-29,168.92662048339844,169.1646391773293,163.64261710014011,164.9183938130075,51286600
2020-04-30,170.62136840820312,171.75432546350052,167.78417442734136,171.37350127167923,53875900
2020-05-01,166.2037353515625,170.07867294533432,165.6705611624768,167.37478350305727,39370500
2020-05-04,170.26902770996094,170.42136314126972,165.47057784378438,166.12751167973556,30372900
2020-05-05,172.09703063964844,174.84852615095244,171.27824575423404,171.96374075260462,36839200
2020-05-06,173.79171752929688,175.37216509231774,172.92534055240677,173.35377128207907,32139300
2020-05-07,174.80096435546875,175.70543264069235,173.82984385140765,175.34363951559865,28316000
2020-05-08,175.82916259765625,176.1338334990748,174.5724314480752,176.11478793585908,30877800
2020-05-11,177.7904510498047,178.52353817638254,174.0868807074852,174.37249152173197,30892700
2020-05-12,173.76315307617188,178.0760504243352,173.56322551904262,177.84756178761603,32038200
2020-05-13,171.13543701171875,175.2293613589471,168.07927065962855,173.80124922811217,44711500
2020-05-14,171.8780517578125,172.03038720290988,167.26048345491301,169.03134305352413,41873900
2020-05-15,174.38198852539062,178.0950736821285,168.51720545897413,170.4784768252257,46610400
2020-05-18,176.04812622070312,177.27629612153746,175.1436582128011,176.84786543647925,35264500
2020-05-19,174.8294677734375,177.65713056761624,174.6961779072391,176.16236643542155,26799100
2020-05-20,177.2545166015625,177.4359169583452,175.61238593843544,176.4429932900514,31261300
2020-05-21,175.1254425048828,178.21876103710082,174.99178140232837,177.0062545273779,29119500
2020-05-22,175.20181274414062,176.10881435595059,174.27572709584703,174.89630791276787,20826900
2020-05-26,173.3496856689453,178.0564799974318,172.90096307938558,177.90372027163076,36073600
2020-05-27,173.57879638671875,173.75065470607606,168.60468023193414,172.04168637143127,39517100
2020-05-28,173.18734741210938,175.8128447737856,172.2135370614424,172.55723911696234,33810200
2020-05-29,174.95359802246094,175.9274229472376,172.24217877179476,174.45713625736357,42130400
2020-06-01,174.55262756347656,174.71492930155677,173.24465707143892,174.27574875242263,22622400
2020-06-02,176.53846740722656,176.62438928948723,173.13964365231473,175.90834446804334,30794600
2020-06-03,176.9680633544922,177.52180634351802,175.26865174622563,176.45251757462225,27311000
2020-06-04,174.63851928710938,177.42631811528722,174.04659368949996,175.95604613904365,28761800
2020-06-05,178.72474670410156,179.2307504387571,173.76971525722357,174.35209883816228,39893600
2020-06-08,179.83226013183594,180.0136604735111,176.0897344992715,177.52182405822072,33211600
2020-06-09,181.20709228515625,182.06634030641075,178.78207882148823,179.488581674677,29783900
2020-06-10,187.92828369140625,189.53223112894727,182.3622287309746,182.47680577020458,43872300
2020-06-11,177.83685302734375,186.8971953252528,177.6459107012866,184.38627533006792,52854700
2020-06-12,179.2403106689453,183.040117049004,176.79619924208757,181.91353250337872,43373600
2020-06-15,180.38597106933594,182.18086099216418,175.6791633146743,176.22336424283785,32770200
2020-06-16,184.80638122558594,186.72537588920386,182.79190810253792,184.15715975098976,42556700
2020-06-17,185.44602966308594,187.43186198574108,184.92092731873566,186.20025698099536,25687800
2020-06-18,187.4318389892578,187.59414068160447,185.2168673968376,185.2168673968376,23061600
2020-06-19,186.3148193359375,190.2673853746656,185.57013403646454,189.59907992231373,44441100
2020-06-22,191.48947143554688,191.67085720535485,186.39122164361794,186.92586606992526,32818900
2020-06-23,192.76876831054688,194.71640332613381,192.31048925090775,192.9406120319374,30917400
2020-06-24,188.88308715820312,194.0481610166315,187.66103840432322,192.47286811969934,36740600
2020-06-25,191.26983642578125,191.5276165693965,186.62032466334824,188.84483837625638,27803900
2020-06-26,187.44140625,190.84022936621224,186.05705610227983,190.68746967003122,54675800
2020-06-29,189.45590209960938,189.5418239761008,184.7872907599883,186.91632647376247,26701600
2020-06-30,194.2963409423828,195.1460467529927,188.78758076895292,188.92124186608368,34310300
2020-07-01,195.4324493408203,197.00775630446134,192.63510858011978,193.9430788064438,32061200
2020-07-02,196.92185974121094,198.6021875092701,195.7189097355974,196.3681166874613,29315800
2020-07-06,201.16079711914062,201.57133693944718,198.66896128210104,199.37546387836824,31897600
2020-07-07,198.82179260253906,204.95113495286188,198.57356895828488,200.9221879781435,33600700
2020-07-08,203.19442749023438,203.60495286179227,199.24186065965517,200.55938779250462,33600000
2020-07-09,204.61692810058594,206.58366176020414,201.895952577815,206.53592253616213,33121700
2020-07-10,203.99636840820312,204.38780969065328,201.52363076769228,203.94862917922697,26177600
2020-07-13,197.6952362060547,206.02999501412967,197.1510350730332,204.76974895953543,38135600
2020-07-14,198.917236328125,199.39459949227412,192.88335894065565,196.7977427138655,37591800
2020-07-15,198.62124633789062,201.7623039169299,195.74752551635757,200.07243434393845,32179400
2020-07-16,194.68780517578125,196.3872169974201,193.1506950935159,196.10079616465617,29940700
2020-07-17,193.69483947753906,195.75703682072296,192.2722923172816,195.21285050881585,31635300
2020-07-20,202.0200958251953,202.6884013378712,193.81898563689114,195.71889626461106,36884800
2020-07-21,199.2991180419922,204.25414994239006,198.6117139304938,203.98682773991482,37990400
2020-07-22,202.16331481933594,202.68841725194093,198.95543353865747,199.72875959032635,49605700
2020-07-23,193.37025451660156,201.37086541200424,192.99791184978267,197.80974046340648,67457000
2020-07-24,192.18643188476562,193.6758027739354,188.56801058313243,191.3462679706825,39827000
2020-07-27,194.6209716796875,194.73553417958752,191.7663346574463,192.34871831188454,30160900
2020-07-28,192.87384033203125,195.43250020980508,192.60651809309874,194.39185188196288,23251400
2020-07-29,194.82144165039062,195.38472665720974,192.86424986998557,193.33207098993546,19632600
2020-07-30,194.668701171875,195.203360176597,190.53474880627297,191.9000005238427,25079600
2020-07-31,195.7283935546875,195.81432997579608,190.00003692430397,195.14601004787994,51044000
2020-08-03,206.73643493652344,207.78663973609935,200.91261301223892,201.94371920601316,78983000
2020-08-04,203.633544921875,205.04655018773857,200.78846492303626,204.47370864017597,49280100
2020-08-05,203.2993927001953,205.26612627690423,201.99142251078436,205.17064783284516,28806400
2020-08-06,206.55503845214844,206.57412248899215,201.9723493513592,202.726576709763,32656800
2020-08-07,202.86026000976562,205.93448016224156,201.38043118626211,205.12297146855607,27820400
2020-08-10,198.82179260253906,202.28745444146702,197.00781808905572,202.0869554675912,36716500
2020-08-11,194.17225646972656,198.24892763690127,193.94311689329845,197.78112103265053,36446500
2020-08-12,199.7191925048828,200.75984065200336,195.48020549800736,195.99575127842633,28013100
2020-08-13,199.25137329101562,201.7814066937135,198.72627091928837,199.95787598824566,22588900
2020-08-14,199.44235229492188,200.10111588527167,198.11528309406128,199.30869117281972,17958900
2020-08-17,200.7598419189453,201.62864633406465,199.46141358943777,200.11063503817505,20184800
2020-08-18,201.9150848388672,202.7456921173846,199.7383098849835,200.99854111556277,21336200
2020-08-19,200.6901092529297,202.98700055760023,200.25944669679956,202.4032089938549,27627600
2020-08-20,205.36038208007812,205.76233465586125,199.93400040223327,200.53692196431712,26981500
2020-08-21,203.867431640625,206.95864805211912,203.70473757719722,204.67133687280338,36249300
2020-08-24,204.50865173339844,206.26002616768562,203.30277922932777,205.56138064913605,25460100
2020-08-25,207.16920471191406,207.30318892242852,203.94400397105503,203.94400397105503,23043700
2020-08-26,211.6480712890625,212.5476856197044,208.02091871684053,208.51858050461317,39600800
2020-08-27,216.84478759765625,221.21842583025713,209.97327518288324,213.313329440823,57602200
2020-08-28,219.07473754882812,220.73040289288468,216.84484575091415,218.3760919558917,26292900
2020-08-31,215.83993530273438,218.87373215192653,214.6723523382902,217.24677683197146,28774200
2020-09-01,217.50515747070312,217.67741660984777,214.78716935990127,215.82076800431622,25725500
2020-09-02,221.69696044921875,222.85497822455,217.58172518572937,218.17508170027884,34080800
2020-09-03,207.9635467529297,219.45752291053657,205.7240900986162,219.4192479656968,58400300
2020-09-04,205.0445556640625,208.97796639418414,196.3738290656058,205.85804048929984,59664100
2020-09-08,193.9525604248047,201.00589802209439,193.51231825390303,197.62756836074408,52924300
2020-09-09,202.21176147460938,205.6092360032022,197.81897774542466,198.68031733752102,45679000
2020-09-10,196.54608154296875,205.51350067527326,195.34022387645345,204.23106392788355,35461500
2020-09-11,195.263671875,199.66603470298534,192.5935530845461,198.2974683069397,33620100
2020-09-14,196.58441162109375,200.211565055295,195.26369966410363,195.4646832848915,30375800
2020-09-15,199.80955505371094,200.76658904270397,198.0390363328019,199.46502223354625,21823900
2020-09-16,196.2399139404297,201.59929801787808,195.84752631706888,201.570588153065,26328100
2020-09-17,194.19180297851562,195.55078971981436,191.36855515523817,191.45468472401757,34011300
2020-09-18,191.78004455566406,194.89997016910021,187.81792434095533,194.0865000230347,55225300
2020-09-21,193.83770751953125,194.00041619027272,187.94238773071473,188.71758312450748,39839700
2020-09-22,198.5080108642578,199.15880164458324,193.39745228545732,196.2494098087427,33517100
2020-09-23,191.97145080566406,199.15878565083352,191.43551409030673,198.9673671640514,30803800
2020-09-24,194.4597625732422,196.73750842133498,190.64119122847163,191.2632721600438,31202500
2020-09-25,198.890869140625,200.05843751591576,193.83771475654646,194.80432871596318,29437300
2020-09-28,200.44125366210938,203.43677550782257,199.12054173723172,201.8193853049063,32004900
2020-09-29,198.3549041748047,201.04418255893373,197.92424170296624,200.355116762719,24221900
2020-09-30,201.2930145263672,202.8721151895252,197.66584655961745,198.80471964780773,33829100
2020-10-01,203.3314971923828,204.7957583835063,202.24047876364014,204.3172412725984,27158400
2020-10-02,197.33090209960938,201.92466960079273,196.70882105074978,199.06313182368098,33154800
2020-10-05,201.3408966064453,201.36960646945772,198.08697096757962,198.3166644748644,21331600
2020-10-06,197.06288146972656,201.14940628111484,196.01971787730272,199.8478540137694,28554300
2020-10-07,200.81451416015625,201.08248260289216,197.83813682538224,198.16352499110658,25681100
2020-10-08,201.53228759765625,202.11607911333277,199.3693953051289,201.46528818614652,19925800
2020-10-09,206.5375518798828,206.5854065113337,202.1543334169171,202.1543334169171,26458000
2020-10-12,211.88734436035156,214.24165467688056,207.49456133654485,209.38948476978237,40461400
2020-10-13,213.2846221923828,215.53365819061227,210.95902171302407,213.150638001202,28950800
2020-10-14,211.37059020996094,214.58622595275352,209.71492500584927,213.41864297093585,23421700
2020-10-15,210.22213745117188,210.8920584755525,206.72895383310072,207.77213221733243,22733100
2020-10-16,210.22213745117188,212.73912748585784,209.89674932549886,210.69107486664674,26057900
2020-10-19,205.01588439941406,212.74872312550434,204.5373672599519,210.94949400810776,27625800
2020-10-20,205.42735290527344,208.03048668843869,203.93438212440702,206.52795082422134,22753500
2020-10-21,205.57098388671875,207.59989206122313,203.963158564836,203.963158564836,22724900
2020-10-22,205.65707397460938,206.77680221075053,202.6041326095629,204.73831473811316,22351500
2020-10-23,206.9394989013672,206.98735353152378,204.00141153049333,205.7910607935234,18879600
2020-10-26,201.0537567138672,207.0447858534218,199.15883299038362,204.66177992026053,37111600
2020-10-27,204.0875701904297,205.4465571821057,201.29303170855135,202.49888970317474,36700300
2020-10-28,193.9716796875,199.86701371354707,193.41661271649156,198.74728548055538,51195600
2020-10-29,195.9240264892578,198.45059598547172,194.63202458417425,195.30196015165865,31432600
2020-10-30,193.7706756591797,195.5124699501188,191.04312291071582,194.75641951352446,36953700
2020-11-02,193.63671875,196.4599665343652,191.52166688119192,195.51249748130388,30842200
2020-11-03,197.56056213378906,199.1779522620544,194.39278128052757,195.12970170057392,27512000
2020-11-04,207.09266662597656,208.93975055271454,203.2932390109168,204.82449984334667,42311800
2020-11-05,213.6961669921875,214.49050715621627,211.64811432218954,212.4998742035629,36080100
2020-11-06,214.107666015625,214.72016724404165,208.66213975196808,212.71038983035956,25231900
2020-11-09,209.00669860839844,218.31863729684716,208.51861642294992,214.7967584460861,44395000
2020-11-10,201.94375610351562,207.1978784634997,200.70918856486028,205.28381030217406,44045100
2020-11-11,207.24575805664062,208.6717296625899,203.08265346292407,203.2644922966665,29440800
2020-11-12,206.1834259033203,209.69573924790384,205.24553658757185,207.87738032507988,21593900
2020-11-13,207.2074432373047,208.078347754169,204.95842191301892,207.06389396669238,18621100
2020-11-16,207.89657592773438,208.38467281144528,205.30302091514392,205.63797418888964,24953300
2020-11-17,205.2455596923828,208.327196362461,204.88188202560576,206.81509518658177,24154100
2020-11-18,202.53964233398438,206.46415620662827,202.39570259363785,205.0056517579843,28372800
2020-11-19,203.82546997070312,204.41078991307708,201.4362102764716,202.8275548867203,24792700
2020-11-20,201.87754821777344,204.6602073715696,201.5033283365193,203.61431265747638,22843100
2020-11-23,201.60890197753906,203.7006916515508,199.73780235137832,202.41491187166753,25683500
2020-11-24,205.2071990966797,205.5814190638113,200.4094997019583,201.10995971399097,33979700
2020-11-25,205.2167510986328,206.57929571662513,203.86381124815216,206.40658559838184,21012900
2020-11-27,206.521728515625,207.51965801723676,205.37987391349907,206.15711338051779,14512200
2020-11-30,205.40866088867188,206.07073095156065,202.30933726248776,205.43744590699689,33064800
2020-12-01,207.4620819091797,208.52717154607495,204.7177978221333,205.83085273018764,30904500
2020-12-02,206.6560821533203,206.75204198993873,204.190072479513,206.18591702157005,23724500
2020-12-03,205.57179260253906,207.62520699489636,205.00565304654657,205.9268176097469,25120900
2020-12-04,205.68692016601562,206.6656547095932,204.55465576434483,205.55258520053735,24666000
2020-12-07,205.61978149414062,206.81920626860725,204.3723914418279,205.69654643667639,24620000
2020-12-08,207.27020263671875,208.1721724597082,204.2764429190657,205.31274773858016,23284100
2020-12-09,203.2305450439453,206.52175973210288,202.66442004113244,206.45459955551615,32440600
2020-12-10,202.00234985351562,204.458769727923,201.84881995101082,203.20177476417683,26733300
2020-12-11,204.63140869140625,204.68899336587359,200.64932523003245,201.5512947916614,30979400
2020-12-14,205.533447265625,207.46213186904404,204.26686218889137,204.4779621419165,28798400
2020-12-15,205.46624755859375,206.70404737101398,203.65271805023914,206.4641624379437,27000600
2020-12-16,210.4078826904297,211.20430246821877,206.0323836174708,206.06116863968117,35023300
2020-12-17,210.54222106933594,211.95274574604827,209.1029113699491,210.9740110508689,32515800
2020-12-18,209.7457733154297,210.80127281082716,207.27976397278425,209.7457733154297,63354900
2020-12-21,213.58396911621094,214.93692380229916,208.4888149169169,208.74789477288223,37181900
2020-12-22,214.87936401367188,216.50098876062142,212.87392916960312,213.67993915840347,22612200
2020-12-23,212.07749938964844,214.51472413933894,211.86639945368123,214.08293413992092,18699600
2020-12-24,213.7375030517578,214.56270791406772,212.25021334578557,212.46131328554506,10550600
2020-12-28,215.8580780029297,216.8847779666073,213.99656846423386,215.36870333861185,17933500
2020-12-29,215.08084106445312,217.98824549729198,214.53391099007936,217.15345055362997,17403200
2020-12-30,212.71078491210938,216.50097899696252,212.50928974470457,216.11715427573614,20272300
2020-12-31,213.42083740234375,213.97737223508196,210.79169311832163,212.7299675852491,20942100
2021-01-04,208.88221740722656,213.9773713050936,206.1187381508586,213.52638643641092,37130100
2021-01-05,209.0836944580078,209.67861902727174,206.97271004947524,208.4695896365908,23823000
2021-01-06,203.66233825683594,207.7307925935126,203.36488323852208,203.58557330994583,35930700
2021-01-07,209.45791625976562,210.46543588069164,205.06323728487098,205.3798725038288,27694500
2021-01-08,210.73410034179688,211.6552648790283,208.24889607857534,209.83213069780732,22956200
2021-01-11,208.69032287597656,210.0528676774654,207.961063234746,209.63066780968265,23031300
2021-01-12,206.23385620117188,208.3160701892637,204.68901137357724,207.74034052523803,23249300
2021-01-13,207.58685302734375,207.9898580178423,205.27435841483444,205.36072813105426,20087100
2021-01-14,204.4011688232422,208.66152780549393,204.13249885511956,207.17423821247684,29480800
2021-01-15,204.04611206054688,205.8308564944321,203.4512021297231,204.88092155862176,31746500
2021-01-19,207.68275451660156,208.2008994612492,204.02691096298452,205.10159063568324,30480900
2021-01-20,215.2631072998047,216.6544367718072,208.49835028737814,208.89176503174247,37777300
2021-01-21,215.86766052246094,217.1438501575346,213.42083121134726,215.60858068821213,30709400
2021-01-22,216.80799865722656,220.76131229354894,216.66407355456315,217.89228323533874,30172700
2021-01-25,220.2431640625,220.48304900698852,215.14801018418993,219.8497492395992,33152100
2021-01-26,222.92990112304688,224.70504110859784,220.770936402289,222.4789162100641,49169600
2021-01-27,223.47682189941406,230.71176046047944,220.82849722353762,228.37048091852017,69870600
2021-01-28,229.26280212402344,232.82270067671087,225.57817337268278,226.0771380915351,49111200
2021-01-29,222.57485961914062,228.38966849505235,221.98953975241002,226.4418038621358,42503100
2021-02-01,229.9536895751953,232.68838365200105,223.02581157927415,225.54940574495873,33314200
2021-02-02,229.81936645507812,232.50608075588323,229.03255145237534,231.53695085313288,25916300
2021-02-03,233.1681671142578,235.1736017454573,229.57948305731,229.87695268863132,27158100
2021-02-04,232.21824645996094,233.39849108148437,230.64460160601337,232.84195618123965,25296100
2021-02-05,232.4005126953125,233.43681732954676,230.69253319854138,232.4292977150345,18054800
2021-02-08,232.6595916748047,233.82062650984076,231.0667522626685,233.31207164136814,22211900
2021-02-09,233.9070281982422,234.8569632583783,231.6137285927524,232.08389373842272,23565000
2021-02-10,232.9954376220703,235.97000191539507,231.14351838244667,235.08722714593918,22186700
2021-02-11,234.597900390625,235.23118555657192,232.3525660410124,234.8761605015727,15751100
2021-02-12,235.0777130126953,235.3751680740438,232.90914321320483,234.06058830031006,16561100
2021-02-16,233.83985900878906,236.17154846273206,233.0914190955274,235.1160487689445,26728500
2021-02-17,234.85928344726562,234.96507650561446,231.72398457959287,232.0894541766409,21653500
2021-02-18,234.46495056152344,234.5995949311717,231.647031012765,232.55107806974718,16925600
2021-02-19,231.75283813476562,234.53229432170122,230.993047615162,234.42650126233121,25262600
2021-02-22,225.53990173339844,228.82908372572433,223.51060941552996,228.338596694678,36446900
2021-02-23,224.34738159179688,225.84770894272074,219.9810292498646,221.51983481114613,30228700
2021-02-24,225.57843017578125,226.20356170801335,220.24071557506963,221.21207764018945,26339700
2021-02-25,220.2310791015625,225.61686886141217,219.16353629900811,223.20288228767947,39542200
2021-02-26,223.49139404296875,226.36701617746488,220.76001381444942,222.67390094963855,37819200
2021-03-01,227.8769989013672,228.38672511898815,224.23195895822414,226.87677089593706,25324000
2021-03-02,224.9244384765625,228.2232481775111,224.52050529024729,227.94433249579967,22812500
2021-03-03,218.85574340820312,224.64548028860872,218.56721558423757,223.2797975753155,34029500
2021-03-04,218.0574951171875,223.59718252075484,215.68197229589236,218.0671220058217,44727800
2021-03-05,222.74122619628906,224.3473463607686,217.79783355152915,220.74078515082306,41872800
2021-03-08,218.6922607421875,224.44351976146905,218.44221110661374,222.52002038744914,35267400
2021-03-09,224.83786010742188,226.37666560982453,222.8085675052576,223.97229118428092,33080500
2021-03-10,223.5298614501953,227.93467679656288,223.16439187152451,227.93467679656288,29746800
2021-03-11,228.05972290039062,230.02168593321738,225.3475815614815,225.9727277040274,29907600
2021-03-12,226.7324981689453,226.7998276939092,224.30888474756043,225.05904836070448,22653700
2021-03-15,225.8284454345703,226.19391501778802,222.94319632529994,225.97271669511534,26034900
2021-03-16,228.6175537109375,230.87765695855205,226.9152524388038,227.24224385205463,28092200
2021-03-17,227.97317504882812,229.42542669569994,224.30891051557515,227.1172182803652,29562100
2021-03-18,221.89492797851562,225.23220115327058,221.51984612163352,223.66454419174724,34833000
2021-03-19,221.53907775878906,223.57798268898384,220.57732793509152,222.18344837964992,46430700
2021-03-22,226.9633331298828,227.83851426603098,221.3370911146356,221.46212328057254,30127000
2021-03-23,228.49249267578125,231.8297652677323,228.0020056178648,228.40593872587874,31638400
2021-03-24,226.45361328125,228.8964513044981,226.3189688968999,228.75219470524345,25620100
2021-03-25,223.4529571533203,227.8770123437966,222.71242033317537,226.2997431730868,34061900
2021-03-26,227.43458557128906,227.65579858844697,222.69316616439068,222.69316616439068,25479900
2021-03-29,226.2420196533203,227.74234693638846,223.0105398608901,227.54037302898925,25227500
2021-03-30,222.981689453125,224.90518898802316,222.2603771275382,224.59742201837378,24792000
2021-03-31,226.75173950195312,229.95436788577308,223.50102069627698,224.00113466833557,43623500
2021-04-01,233.080078125,233.55132615154153,228.94455090403778,229.34848407327533,30338000
2021-04-05,239.54299926757812,240.39895589372134,233.41664384156837,233.4743464742084,36910600
2021-04-06,238.3792724609375,239.86036048740036,237.43676189864294,238.13883504478127,22931900
2021-04-07,240.34124755859375,241.3318485895909,237.73491405281382,238.3311941792023,22719800
2021-04-08,243.56312561035156,244.41908230584644,242.3609384158286,243.10148983669302,23625200
2021-04-09,246.0636749267578,246.1983193023005,242.7841048169457,243.19765015784952,24326800
2021-04-12,246.1213836669922,247.81407263023797,244.8807182632371,244.96728689441156,27148700
2021-04-13,248.6027069091797,249.27594353772244,247.0061986517212,247.41977338939648,23837500
2021-04-14,245.8135986328125,248.92965822222618,245.40005331204884,247.63131962681794,23070900
2021-04-15,249.5740966796875,249.98764208869324,247.87180993895484,248.06414230696154,25627500
2021-04-16,250.76661682128906,251.0166811447849,247.74673791180396,249.54520522242984,24878600
2021-04-19,248.8431396484375,251.47835411992395,247.95834624800946,250.23768863098698,23209300
2021-04-20,248.38153076171875,250.24732785711595,247.015833032508,247.958358470993,19722900
2021-04-21,250.61276245117188,250.7089433060169,247.41014837179262,249.03550796276252,24030400
2021-04-22,247.33322143554688,251.76687414868886,245.8617306663179,250.25691984258333,25606200
2021-04-23,251.1609344482422,251.50717961088,247.4293408246283,248.01602341816627,21462600
2021-04-26,251.5457000732422,252.4016716590404,250.21850973110088,251.65150783509938,19763300
2021-04-27,251.94956970214844,253.1229055083856,250.17032688978372,251.57447323158507,31014200
2021-04-28,244.82301330566406,246.72728837126857,243.2745956256258,246.2848623553483,46903100
2021-04-29,242.85142517089844,246.3041179418775,239.47568881641504,245.68859868614197,40589000
2021-04-30,242.53402709960938,243.3996106161242,240.0527258409525,240.18737020905894,30945100
2021-05-03,242.226318359375,244.6210807743758,241.51461818570527,243.70740667468556,19626600
2021-05-04,238.3119659423828,241.6011630269946,236.35961510876282,241.37033780215654,32756100
2021-05-05,237.04246520996094,239.95656581721718,236.41733373419922,239.53339357356575,21901300
2021-05-06,240.17774963378906,240.30278179143735,235.3305375794011,237.0232117765403,26491100
2021-05-07,242.80335998535156,244.57297608817822,241.56269453028074,242.50520522143927,27032900
2021-05-10,237.72531127929688,242.1012758551177,237.66760863864906,241.27417043051173,29299900
2021-05-11,236.8116455078125,237.16750290744034,233.29165244697984,235.19591291269418,33641600
2021-05-12,229.8582000732422,235.0324186454118,228.96377981158372,232.90694515001726,36684400
2021-05-13,233.73403930664062,236.20574319486232,232.18562163049452,232.5510912295652,29624300
2021-05-14,238.658203125,239.64880422890522,236.09995985164096,236.18651381020268,23901100
2021-05-17,235.8018341064453,237.15790499132316,234.2053404210247,237.11944145227523,24970200
2021-05-18,233.78213500976562,236.9847634933357,233.6090124207186,236.85011911302658,20168000
2021-05-19,234.36053466796875,234.46657202554343,230.0033980144126,230.68780892410186,25739800
2021-05-20,237.59942626953125,239.01646397120606,235.07382846255607,235.17023138867845,21800700
2021-05-21,236.33663940429688,239.38278963306004,235.92213916070435,238.65017736788573,21863100
2021-05-24,241.74456787109375,242.11088143928728,238.59237960396484,238.86229021978363,21411500
2021-05-25,242.65066528320312,243.64355376177159,241.78309768160725,242.6988667519636,17704300
2021-05-26,242.42897033691406,243.8267247584653,241.71562680105612,242.37111974560884,17771600
2021-05-27,240.32748413085938,242.41929836060615,240.2696482540312,242.12046985764556,24426200
2021-05-28,240.6841278076172,242.99766564489747,240.56845606391062,241.95657582447453,18270200
2021-06-01,238.4862823486328,242.23612679351132,238.0621477081634,242.17829092022103,23213300
2021-06-02,238.3899383544922,240.28896166127075,236.98253477090591,239.1900357378223,19406700
2021-06-03,236.85720825195312,237.46449969103423,234.24484161220892,236.38485739131391,25307700
2021-06-04,241.7541961669922,242.58321152575672,238.59237356822155,238.83336623403653,25281100
2021-06-07,244.6653594970703,244.935270070548,240.80947735136266,240.97335057747247,23079200
2021-06-08,243.47006225585938,246.78612348356629,243.41221166410014,245.96674258742073,22455000
2021-06-09,244.4532928466797,246.32339810233208,244.0869940329192,244.6653675483943,17937600
2021-06-10,247.9717559814453,248.1838306630145,244.53038902874928,245.12804601734126,24563600
2021-06-11,248.598388671875,249.17674748933388,247.36447807983552,248.69476219608634,18999700
2021-06-14,250.52627563476562,250.5841115039967,247.54758127915835,248.6079545784637,19150500
2021-06-15,249.05140686035156,250.62268349864868,248.39591397383663,250.41060880971204,18038900
2021-06-16,248.1067657470703,251.19145411585617,245.25340620695536,250.0539758314548,27220000
2021-06-17,251.49996948242188,252.31935052533163,246.78616768690088,246.84400357999536,27565500
2021-06-18,250.08285522460938,252.84944580260748,249.42736235681394,250.27566108833486,37202200
2021-06-21,253.1676025390625,254.02552107281122,248.62730926528494,250.45884751555622,26696100
2021-06-22,255.94378662109375,256.2136971524737,252.94582342301248,253.25430100688712,24694100
2021-06-23,255.7124481201172,257.2162397712295,254.90271641706022,256.4065080681725,19518700
2021-06-24,257.08135986328125,258.1995694555849,255.9053143798285,256.5704565460958,21446900
2021-06-25,255.47145080566406,257.62111560683655,255.22083848043877,256.63787628931044,25611100
2021-06-28,259.0381774902344,259.21168513568006,256.3294224923796,256.59933308019987,19590000
2021-06-29,261.6216125488281,261.8626051966104,258.3248496012734,259.1827681299934,19937800
2021-06-30,261.1396484375,261.58306670833707,259.88649833459294,260.93722283399507,21656500
2021-07-01,261.8143310546875,262.0456745055731,259.88639051587245,259.8960102143007,16725300
2021-07-02,267.6463928222656,267.98378836748816,262.6819508278436,262.99042843593526,26458000
2021-07-06,267.6560974121094,269.30447900628104,264.41714069196416,268.0127618499895,31565600
2021-07-07,269.84423828125,270.57686522962035,267.1644016340529,269.3333351246347,23260000
2021-07-08,267.4247131347656,268.687512155592,264.96657067142803,266.92342963956736,24618600
2021-07-09,267.92596435546875,268.0319869902947,265.4003663407423,265.78594865890636,23916700
2021-07-12,267.32830810546875,269.6900181971794,266.6149499259008,269.1020103084746,18931700
2021-07-13,270.8564453125,272.6590654647847,267.3957947012604,267.52108615678264,26120100
2021-07-14,272.3313293457031,273.43988959398905,270.44192588774035,272.1770905276217,23113700
2021-07-15,270.9046325683594,272.33131952060614,269.7478561835057,271.83968514433656,22604200
2021-07-16,270.63470458984375,273.8640114899297,269.39117446883466,271.9071526477115,26186800
2021-07-19,267.0295104980469,270.2684376561935,264.56174806763556,268.88031761183106,32935600
2021-07-20,269.2562561035156,270.84680159797193,266.3065086285469,268.01272587997516,26259700
2021-07-21,271.2613220214844,271.3769937870509,267.29941696059126,268.85139551202195,24364300
2021-07-22,275.83056640625,276.1004770022266,273.20856515188495,273.61341633682554,23384100
2021-07-23,279.2332763671875,279.5417244907005,276.1774777186502,277.0161271325852,22768100
2021-07-26,278.63568115234375,279.2526364370559,276.3125379693512,278.58749439112125,23176100
2021-07-27,276.21612548828125,279.14657473530417,272.7554747958883,279.00198503858365,33604100
2021-07-28,275.90765380859375,279.69605103462703,273.60375005831014,278.57784165912227,33566900
2021-07-29,276.1775817871094,278.2211947883845,275.7727011840036,275.92694001289874,18168300
2021-07-30,274.6448974609375,276.3318461969554,273.6809267546416,274.8955392583509,20944800
2021-08-02,274.5580749511719,276.43779970743464,273.5169703746794,276.0425682865481,16267400
2021-08-03,276.7752380371094,276.88129010205466,273.76765442774865,275.13650564382874,17879000
2021-08-04,276.1871643066406,277.2282393780746,274.39416409389577,275.90760465805386,16191300
2021-08-05,279.0887756347656,279.19482770503356,275.7920124429079,276.5439083829851,13900200
2021-08-06,279.0308837890625,279.06945084488444,277.2571816558268,278.1151294941113,16589300
2021-08-09,277.94158935546875,281.04557540856166,277.44033530754433,279.31044035047853,16117600
2021-08-10,276.1197204589844,278.82847528986053,274.92440641775676,278.3946767849397,18616600
2021-08-11,276.61138916015625,278.25977073088046,275.5606352661451,276.86200152431667,13955900
2021-08-12,279.3682861328125,279.5225249418082,276.0233073464592,276.3028670263916,14561300
2021-08-13,282.298828125,282.34701489324834,278.8767144558767,279.05025154128384,18249000
2021-08-16,283.9857177734375,284.19779246209333,279.5707163690693,282.62651582587677,22507600
2021-08-17,282.5204162597656,282.85781176471016,280.5924755664143,281.85530378515654,20075300
2021-08-18,280.79168701171875,284.741870784257,280.34739044485804,282.05690357195914,21813000
2021-08-19,286.6251525878906,287.3012354570532,278.77309466681965,278.82137366846274,29850500
2021-08-20,293.95574951171875,295.3851678311773,287.8711203793521,289.47437850845176,40817600
2021-08-23,294.2358093261719,294.9601712543379,291.5315365840969,292.8836729551344,22830200
2021-08-24,292.2752685546875,295.2016902096625,291.67646727816117,294.59322134017,18175800
2021-08-25,291.68603515625,294.1778269170745,290.15039159240854,293.89773208612723,20006100
2021-08-26,288.86590576171875,292.0917276855508,288.7307068475188,290.7009502786529,17666100
2021-08-27,289.474365234375,290.5850477108611,286.6831429186562,288.7693089617846,22605700
2021-08-30,293.2120361328125,293.8205048461803,290.76852316321674,290.82646975740784,16348100
2021-08-31,291.5605163574219,294.0909493667815,291.19350158976886,294.01369706144754,26285300
2021-09-01,291.51214599609375,294.7573021441546,291.1837721879944,292.51660259839315,18983800
2021-09-02,290.85540771484375,292.98985227317246,289.9185652567679,291.869531938692,16285600
2021-09-03,290.8458251953125,292.25590820944143,289.9959024554989,290.70092922538174,14747900
2021-09-07,289.9186706542969,290.7975668447377,288.00637363441695,290.7203145252385,17180400
2021-09-08,289.9476013183594,290.3339218077792,287.3012750177518,289.53230752909224,15046800
2021-09-09,287.08880615234375,291.8116605425452,286.8473521522156,290.5367763480211,19927000
2021-09-10,285.6014709472656,289.6675779536418,285.2827646026874,288.21885380227684,19633400
2021-09-13,286.8376770019531,288.3347094479184,284.02714897759813,287.37853159003885,23652900
2021-09-14,289.5419921875,291.0873037106312,287.90976075970315,289.31984389266626,21853400
2021-09-15,294.4000244140625,294.88293238817874,291.50257656936515,292.89335389276897,28356300
2021-09-16,294.7864074707031,294.87332738757027,290.478875680079,293.3763241397972,19550800
2021-09-17,289.6192626953125,294.0909958539162,289.2908887656017,293.77228951678643,41372500
2021-09-20,284.2395935058594,288.5085125411991,279.62299491142915,286.20019850680364,38278700
2021-09-21,284.7225341796875,287.3688899615911,284.0175073900998,285.58212453468485,22364100
2021-09-22,288.3733215332031,289.9572738836684,284.44247290611344,286.5865855546917,26626300
2021-09-23,289.3197937011719,290.61398340339673,287.35918870442185,288.6340727004144,18604600
2021-09-24,289.1170654296875,289.55166500509824,286.7797774181247,288.0353560761729,14999000
2021-09-27,284.1141357421875,286.3355009874164,282.92617132575367,286.01679464242454,23571700
2021-09-28,273.828125,280.83995816392877,273.0844573361507,279.89344793091414,43186200
2021-09-29,274.2917175292969,276.9670169803439,273.3355692133675,275.354120921642,26353700
2021-09-30,272.2828674316406,277.99081421651636,271.99310493878147,275.9432889541892,32343600
2021-10-01,279.2173767089844,280.06729939899645,271.6743570466697,272.475971258081,30086300
2021-10-04,273.4320983886719,277.9134978712827,270.6698793342379,277.57545644468206,31350700
2021-10-05,278.8890686035156,280.4729916929737,274.34005351613433,274.34005351613433,24993000
2021-10-06,283.09033203125,283.5925752475216,275.75015353316195,276.01091325935647,28002600
2021-10-07,284.7707824707031,286.49960093234387,283.87258088856964,285.08948870249446,20430500
2021-10-08,284.7707824707031,286.49960093234387,283.71804683018786,286.093945344797,17685700
2021-10-11,284.1720275878906,287.7841696820927,282.7426094213775,282.90681109582425,19298600
2021-10-12,282.8681335449219,285.3406196115918,282.3562523547369,285.2440321376334,17974100
2021-10-13,286.1809997558594,287.11784266157446,283.45739096097157,284.8288629523458,23416300
2021-10-14,292.40069580078125,292.9029093413474,287.64886970790354,288.98170005618715,27262900
2021-10-15,293.81085205078125,294.0426679135802,290.2469889567608,292.0047810007027,25384800
2021-10-18,296.7856140136719,297.67414824934616,292.3428544122026,293.19277722849347,22729300
2021-10-19,297.6934814453125,298.7268821826882,296.7179978366252,297.80937465142074,17682100
2021-10-20,296.9014892578125,299.1132160698903,295.6459108190313,298.6399462045998,16537100
2021-10-21,300.136962890625,300.38805498571867,295.8873492891924,296.66968729600904,16918100
2021-10-22,298.5916748046875,300.4556925902874,297.27814973250037,299.789277199686,17449300
2021-10-25,297.596923828125,298.82349968174236,295.9839979495355,298.7848587843714,17554500
2021-10-26,299.5091247558594,301.7208511992869,298.0507629347483,300.3687149688969,28107300
2021-10-27,312.122802734375,314.95263684013287,305.19788831248667,305.19788831248667,52588700
2021-10-28,313.2623596191406,313.764573222759,310.3745503438478,313.24302443961284,26297900
2021-10-29,320.28387451171875,320.65088928161384,312.82777434101513,313.0499226160472,34766000
2021-11-01,318.11083984375,320.1583652321911,315.2133915828915,320.03280442498834,27073200
2021-11-02,321.7422790527344,322.05134723722267,318.71927034838023,319.0186709413644,26487100
2021-11-03,322.58251953125,323.45174797044365,319.3470302817975,322.4859320437034,21500100
2021-11-04,324.9391174316406,325.0357049205787,318.24602003675443,321.51048263206366,23992200
2021-11-05,324.57208251953125,327.20877048468907,322.98815980180524,326.9383432170597,22570100
2021-11-08,325.4703369140625,326.1077790354794,323.00751780917733,325.76973752761745,20897000
2021-11-09,324.4658508300781,327.141150158709,323.09437933646785,325.5861712932559,21307400
2021-11-10,319.4919128417969,323.19100453286666,318.6420195419929,323.1330579322974,25500900
2021-11-11,321.0661926269531,322.3603824769051,319.21184248871543,319.92653686758166,16849800
2021-11-12,325.20953369140625,325.7021092362378,322.3797001550684,322.5052609389951,23831000
2021-11-15,324.581787109375,326.3299116948135,322.61151423527605,326.0015377948578,16723000
2021-11-16,327.9041748046875,329.0245248169212,324.0409110967214,324.2050832986667,20886800
2021-11-17,328.1267395019531,331.0972263739965,327.04305127550737,327.95258165019357,19053400
2021-11-18,330.2069396972656,331.3487097327063,326.1914773699716,327.2171126768482,22463500
2021-11-19,331.9873962402344,333.9129065317172,331.10692167581175,331.5326605674157,21963400
2021-11-22,328.8136901855469,338.3347320880204,328.5427681495114,333.44842063285876,31031100
2021-11-23,326.7333984375,328.44603913072973,322.74696146941744,326.1238164638615,30427600
2021-11-24,326.9559631347656,327.1978588759329,323.0856312760888,325.3787981778286,21661300
2021-11-26,318.99273681640625,326.97529607751204,317.4833097911147,323.5113621421092,24217200
2021-11-29,325.7174377441406,328.03963080841186,323.88869188174414,324.08222027388626,28563500
2021-11-30,319.87322998046875,326.8301534505589,318.32509142216554,324.4499077650363,42885600
2021-12-01,319.3797302246094,328.2815041469173,318.7121252323069,324.2660412742455,33337600
2021-12-02,318.80889892578125,322.6792307522383,317.17368136684007,319.59263875837576,30766000
2021-12-03,312.5389404296875,321.91482044651934,307.7203672897264,321.2278153745193,41779300
2021-12-06,315.6158447265625,316.83500853773074,308.8814765180251,313.4484686429607,30032600
2021-12-07,324.06292724609375,324.91437552408956,319.3991698705705,320.8892560315728,31021900
2021-12-08,324.1112976074219,324.6241154462202,320.0764632694871,324.44027230322723,24761000
2021-12-09,322.3018493652344,325.5819398325856,321.35360755345357,323.5693805212305,22214200
2021-12-10,331.43585205078125,331.8809319131235,323.93708463875004,324.1209277504692,38095700
2021-12-13,328.3976135253906,332.64531641229195,328.0879799264692,329.63611839279116,28899400
2021-12-14,317.6961669921875,323.79195700121716,313.6032806801942,322.4179762857992,44438700
2021-12-15,323.8016662597656,324.3241693819211,313.98070407195604,317.957456288933,35381100
2021-12-16,314.36773681640625,325.8432875010157,312.5486759013055,324.82730754994316,35034800
2021-12-17,313.3033752441406,314.3870930482203,306.9657181696841,310.4780493148756,47750300
2021-12-20,309.5394287109375,312.33572775319794,307.2752884173399,309.6748749533144,28326500
2021-12-21,316.6802062988281,317.10594512457476,309.4329905116543,312.8098748126121,24740600
2021-12-22,322.3986511230469,322.7953341481106,315.19014632592007,317.6574710399496,24831500
2021-12-23,323.8403015136719,325.4852041450204,321.9438474243752,321.963188450899,19617800
2021-12-27,331.3487548828125,331.3777811868385,324.55630445788313,324.5853307619091,19947000
2021-12-28,330.18768310546875,332.664693105843,329.2878380448936,332.02608481270596,15661500
2021-12-29,330.8649597167969,333.1387557390819,328.6685277999919,330.2360072562147,15042000
2021-12-30,328.32025146484375,332.00674011719934,327.83645999310903,330.8262877450351,15994500
2021-12-31,325.41748046875,328.35891115617534,324.962715335164,327.5364893328757,18000800
2022-01-03,323.8984069824219,327.04305171040653,319.0895183249568,324.4789626840154,28865100
2022-01-04,318.3444519042969,324.33379227694843,315.5481232153685,323.975761808593,32674300
2022-01-05,306.12384033203125,315.4997196999097,305.73681313116083,315.2965060586195,40054300
2022-01-06,303.7049255371094,308.3686822043641,301.392388231309,302.9985793895527,39646100
2022-01-07,303.8597412109375,306.23998686939547,300.037776956861,303.9661611560191,32720000
2022-01-10,304.0823059082031,304.5177300797264,294.8128735433539,299.45726024091306,44289500
2022-01-11,304.7693176269531,306.34645318386146,299.84432347965804,303.2211788519228,29386800
2022-01-12,307.95257568359375,312.92596558737677,306.80114975733375,309.30721526386515,34372200
2022-01-13,294.9192199707031,310.4779676320496,294.1451655568667,310.08125514826645,45366000
2022-01-14,300.144287109375,300.7441839022073,293.90336435133815,294.3871558975955,39846400
2022-01-18,292.8389587402344,299.7571705686531,291.95845475795755,294.21293945049706,42333200
2022-01-19,293.49688720703125,303.7339300973706,292.8873348271103,296.3609536478612,45933900
2022-01-20,291.8230285644531,301.54722556520954,291.37794866784134,299.0508745044083,35380700
2022-01-21,286.43359375,294.25165138229846,286.0271958983454,292.8777000608215,57984400
2022-01-24,286.76251220703125,287.4785140362115,267.1012224531404,282.72770843175715,85731500
2022-01-25,279.1379699707031,285.42725856382043,275.9256173154079,282.06974485682485,72848600
2022-01-26,287.091552734375,298.4993649327911,283.53085426864396,298.00588813814414,90428900
2022-01-27,290.1199951171875,297.33815383835616,288.2719086047379,292.8485854357747,53481300
2022-01-28,298.26708984375,298.47995924549656,284.90477344830566,290.4974009724275,49743700
2022-01-31,300.8990478515625,302.2536584875132,296.43847374197446,298.93485504735963,46444500
2022-02-01,298.75091552734375,300.5602908856212,295.2385847597286,300.347421459454,40950400
2022-02-02,303.29852294921875,304.9047140821634,298.8670063271222,299.5926934910757,36636000
2022-02-03,291.4843444824219,301.140832317367,290.2361542912409,299.4572180160596,43730000
2022-02-04,296.0222473144531,298.78951960411746,290.2457775369809,290.47798793100026,35096500
2022-02-07,291.1940612792969,297.860691549558,290.17808160206255,296.24484477716817,28533300
2022-02-08,294.6871032714844,295.6546863606417,290.2265594040496,291.48440560863713,32421200
2022-02-09,301.12152099609375,301.81818199236665,297.42537608504114,299.82496321686494,31284700
2022-02-10,292.5777282714844,299.0992277076315,290.95219605157683,294.18391946316234,45386200
2022-02-11,285.4756774902344,294.4258196414898,284.6822523965232,293.3614725070343,39175600
2022-02-14,285.4369201660156,287.13987530826006,281.9052489238554,284.24678271615846,36359500
2022-02-15,290.7296447753906,291.04893415052186,287.3914718484893,290.28456489456636,27058300
2022-02-16,290.3903503417969,291.7186754237556,284.74736548078954,289.2947159050428,29982100
2022-02-17,281.8869934082031,287.77234217655547,281.17918687184704,287.3457231120857,32461600
2022-02-18,279.1722412109375,284.9218657300005,277.60152027487555,284.13650526196955,34264000
2022-02-22,278.9685363769531,282.67235205770277,275.8464766527058,276.33126835156816,41736100
2022-02-23,271.74517822265625,282.8275409854315,271.5803655847503,281.35375501257334,37811200
2022-02-24,285.629638671875,286.1823084436964,263.2613371745761,264.2212450912512,56989700
2022-02-25,288.26690673828125,288.57718060139933,282.7790598404249,286.16292683070213,32546700
2022-02-28,289.701904296875,290.04126448899723,284.0880067320678,285.35815893426843,34627500
2022-03-01,285.97869873046875,290.84599781965625,283.26384685818056,287.3845772168943,31217800
2022-03-02,291.059326171875,292.3003920940344,284.7667375809277,286.37622044505133,31873000
2022-03-03,286.9191589355469,293.90984760260005,285.1060129570107,293.67715703394936,27314500
2022-03-04,281.0435485839844,286.6671524279959,278.43539536081005,285.33882734438663,32356500
2022-03-07,270.42657470703125,280.8786850901457,270.0581281920922,279.75396452482715,43157200
2022-03-08,267.4595947265625,275.32290213049015,261.78752575076174,269.3502646589374,48159500
2022-03-09,279.724853515625,280.79140133597923,272.2396673436956,274.8187631313371,35204500
2022-03-10,276.9033203125,277.8826090174122,272.0456979983827,274.4114838671448,30628000
2022-03-11,271.5513610839844,280.7042351674719,270.93081320541165,279.20136241806375,27209300
2022-03-14,268.03173828125,276.71920052795855,267.4306010814308,271.8131090457165,30660700
2022-03-15,278.4158935546875,279.0655275130415,270.2520171295623,271.8227376508679,34245100
2022-03-16,285.43572998046875,285.61024792688795,274.58608713792756,280.3163001707601,37826300
2022-03-17,286.2405090332031,286.61863130022596,280.5684383130834,284.3692195417673,30816600
2022-03-18,291.2920227050781,291.8446925132739,283.826245999044,286.38593157017544,43390600
2022-03-21,290.0606689453125,291.0108716421582,285.9302328335173,289.79889199333064,28351200
2022-03-22,294.8115539550781,295.72296480391606,289.6824490018245,290.6811188141461,27599700
2022-03-23,290.38055419921875,294.0068166256151,288.66440204897714,291.3695483106634,25715400
2022-03-24,294.850341796875,294.947306062615,289.2461504734421,290.0412160274347,24484500
2022-03-25,294.44317626953125,296.20782573706765,290.18671913558006,295.9460487854715,22566500
2022-03-28,301.2496643066406,301.34659900415994,295.073391346538,295.073391346538,29578200
2022-03-29,305.8164367675781,306.21396968521594,299.64986827481255,304.36206103495937,30393400
2022-03-30,304.3134765625,306.33993220572023,302.10282726832855,304.21654187968613,28163600
2022-03-31,298.9323425292969,305.5546156451536,298.52513395302805,304.3523117591246,33422100
2022-04-01,300.0085754394531,300.69697152169914,296.246586275612,299.96007850505373,27110500
2022-04-04,305.3897399902344,305.52546630436024,300.28972091399,300.6581674070127,24289600
2022-04-05,301.4241943359375,305.29282394515957,300.4449053012834,303.74148406124976,23156700
2022-04-06,290.3903503417969,297.6622288979354,287.6852032338955,295.90728457353526,40110400
2022-04-07,292.20343017578125,294.414079792204,287.3361307332164,287.63669930817355,31411200
2022-04-08,287.93719482421875,291.9609601748586,287.2681798847174,291.30165053832746,24361900
2022-04-11,276.5833740234375,283.70978844170367,276.3312728673214,282.91475253047315,34569300
2022-04-12,273.4807434082031,281.89672181810613,271.95849007947834,280.44234644172155,30966700
2022-04-13,278.8716125488281,279.80240446057144,272.74383748539003,274.130364433045,21907200
2022-04-14,271.3186340332031,279.540715682065,270.8241663935471,279.327406052822,28221600
2022-04-18,271.98760986328125,273.8686046152855,269.8739244910196,270.42659430347726,20778000
2022-04-19,276.6222229003906,277.4657855900737,269.94180647005487,270.8823038600572,22297700
2022-04-20,277.6499938964844,280.8884297236705,276.69011543373637,280.59753683935253,22906700
2022-04-21,272.2687683105469,284.37885800425323,271.5415806106492,279.8024222293234,29454600
2022-04-22,265.6949768066406,274.5860709052862,265.06475342226594,273.112284984401,29405800
2022-04-25,272.1815185546875,272.5596407849809,262.5341495736,264.9775192651805,35678900
2022-04-26,262.0008850097656,269.89328023075717,261.7875754313959,269.0594525267125,46518400
2022-04-27,274.6054992675781,282.1197730129034,270.6689917758845,273.5195702477104,63477700
2022-04-28,280.8205261230469,282.1294700096168,272.89901443389357,276.51557221439435,33646600
2022-04-29,269.0788269042969,281.0628954479974,268.08986229591125,279.8315053530754,37073900
2022-05-02,275.8174133300781,276.27311874857577,267.8183496319424,269.263019546411,35151100
2022-05-03,273.2093200683594,275.4878479002829,271.62889375112417,275.3230056361228,25978600
2022-05-04,281.15985107421875,282.0324703593983,268.31286891823476,273.99461437075183,33599300
2022-05-05,268.91400146484375,277.64025334846656,265.99554553295394,276.8548930460878,43260400
2022-05-06,266.3736877441406,270.7561945471367,263.018907502902,266.4512414054531,37780300
2022-05-09,256.5323791503906,264.07573729511194,255.31072411000343,261.8457071700406,47726000
2022-05-10,261.3027648925781,265.42349495118094,257.00751689764115,263.42615521933493,39336400
2022-05-11,252.62498474121094,263.1061806584497,251.41300529112004,257.5989531386787,48975900
2022-05-12,247.58319091796875,251.9754036684089,242.41530828868,249.8520131079963,51033800
2022-05-13,253.17770385742188,255.03931767520342,247.58321627668954,249.52238377509423,34925100
2022-05-16,253.5460968017578,257.7347048140357,248.00007774550323,252.0529298587127,32550900
2022-05-17,258.7043151855469,260.16836636831925,254.4769151081099,258.0158894934678,28828800
2022-05-18,246.9255828857422,256.1775215944614,245.65247241501044,255.59441054369825,31356000
2022-05-19,246.01205444335938,250.4145118299985,244.7875390054142,246.75064893827593,32692300
2022-05-20,245.44837951660156,251.260004557282,239.5007120368587,249.99659233543315,39199300
2022-05-23,253.31057739257812,254.1366489134325,246.29387790737587,248.2958846153238,33175400
2022-05-24,252.30955505371094,253.97139617261885,246.36188817908726,250.6282877764163,29043900
2022-05-25,255.12791442871094,257.12990628779517,249.88970222522656,250.87127199454082,28547900
2022-05-26,258.4126892089844,259.58860930301927,254.06855584033516,254.88489926862619,25002100
2022-05-27,265.5460510253906,265.643241139635,260.0259965721128,260.92010410159867,26910800
2022-05-31,264.2146911621094,267.0330271517111,261.3574731865208,264.8561104686971,37827700
2022-06-01,264.74920654296875,269.87080312577604,262.43621787387394,267.4509260743222,25292200
2022-06-02,266.8482666015625,266.9163026348889,254.2337809944825,257.0035356223452,44008200
2022-06-03,262.4167175292969,265.75015751179075,260.8520664352407,262.69855996137693,28059000
2022-06-06,261.1825256347656,266.4596203370496,259.6956086286452,264.39932013596905,22400300
2022-06-07,264.8269348144531,265.439199996227,258.45165391231484,259.13195514945534,22860700
2022-06-08,262.7957763671875,265.3128433735348,262.01828503853517,264.0591589961378,17372300
2022-06-09,257.33404541015625,265.03101725984766,257.17854713483496,260.23984343092275,26439700
2022-06-10,245.8662567138672,253.2425174195424,245.4192029712448,253.2425174195424,31422800
2022-06-13,235.43838500976562,242.00804495345096,234.72894466033569,238.2081400229515,46135800
2022-06-14,237.60562133789062,238.82042366109098,234.70952192240742,236.99335622167607,28651500
2022-06-15,244.67086791992188,248.11119593878215,239.48123665527143,241.31801692665346,33111700
2022-06-16,238.07211303710938,240.453122742363,236.17702428513732,239.05366802425112,33169200
2022-06-17,240.6766357421875,243.44639103289649,237.1585728805667,237.80970516091955,43084800
2022-06-21,246.5951690673828,247.57672404798697,242.48426715302713,243.2131485780948,29928300
2022-06-22,246.00230407714844,249.92855300604273,243.3200113875342,244.79721498260233,25939900
2022-06-23,251.57098388671875,252.06663275402386,246.4882696524393,248.37364534024357,25861400
2022-06-24,260.16204833984375,260.43416284351514,254.350423997837,254.4378861963467,33923200
2022-06-27,257.43121337890625,260.74516813613343,255.86653250823528,260.65770592471864,24615100
2022-06-28,249.25802612304688,259.39433022271277,249.10252785697745,256.54684051732926,27295500
2022-06-29,252.9315643310547,254.59340555712373,248.558261264079,250.33673359363198,20069800
2022-06-30,249.59812927246094,252.22211413062385,245.77879792014835,249.81193566577983,31730900
2022-07-01,252.27069091796875,252.4553432396003,247.4406506324261,249.17054274453085,22837700
2022-07-05,255.44866943359375,255.57501363585047,247.567030411664,248.9470442386843,22941000
2022-07-06,258.7139892578125,260.4438664218845,255.01127448719635,256.3232668081978,23824400
2022-07-07,260.84234619140625,261.4837653703721,257.5575159983353,257.65470611483187,20859900
2022-07-08,260.1231994628906,260.55081225996196,255.87625522031703,257.3340180308074,19658800
2022-07-11,257.06195068359375,259.0250609517988,254.7975420936426,258.169835200655,19455200
2022-07-12,246.52711486816406,258.45161825659886,244.94300794231012,258.39331011954675,35868500
2022-07-13,245.6038818359375,246.41051237825036,241.12369016254638,243.14512305849968,29497400
2022-07-14,246.9255828857422,247.95573289017767,239.01479069630014,243.51442327742907,25102800
2022-07-15,249.49122619628906,253.0384428078221,247.59613766644088,248.51938440363574,29774100
2022-07-18,247.09078979492188,253.4952240127195,246.16754300536857,252.4359199576439,20975000
2022-07-19,252.22215270996094,252.4068050623558,246.53687108650638,250.32704894938806,25012600
2022-07-20,254.8849334716797,257.4117280363677,251.61955932033453,252.58167319380988,22788300
2022-07-21,257.38262939453125,257.4312392890504,249.79254581579903,252.47483920219835,22404700
2022-07-22,253.0287322998047,257.8587875277804,251.77507765501488,257.7713253194178,21881300
2022-07-25,251.54180908203125,254.13663983089467,249.5786992524714,253.65071891343598,21056000
2022-07-26,244.8069610595703,252.56226985718692,242.5425825526762,252.5428140385053,39348000
2022-07-27,261.17279052734375,262.4459010817631,251.56128927114813,253.80624175463643,45994000
2022-07-28,268.6268310546875,270.01655789466145,260.32729267977885,262.15436025094607,33459300
2022-07-29,272.8348693847656,274.05939959701226,268.84061364788005,269.88049153738285,32152800
2022-08-01,270.1817626953125,273.3596748735574,268.0728528273835,269.9971103708195,21539600
2022-08-02,267.08160400390625,270.0651658211096,264.71030734261404,268.22837035337625,22754200
2022-08-03,274.5161437988281,275.5171396277238,268.82113564913254,268.9669356400914,23518900
2022-08-04,275.6629638671875,275.8087342283953,272.28097285411656,273.86505032359116,18098700
2022-08-05,274.94378662109375,275.6629401132576,270.83288483969574,271.2896517042955,16774600
2022-08-08,272.4267578125,277.86907896921457,271.4549158080247,276.0517095079037,18739200
2022-08-09,274.3509216308594,275.1089570301665,269.7929813266096,271.7658486047469,23405200
2022-08-10,281.0178527832031,281.6495441886496,278.8603622301629,280.0557386373426,24687800
2022-08-11,278.9380187988281,283.0100382556766,278.44239965548013,282.6601894486074,20065900
2022-08-12,283.69036865234375,283.69036865234375,278.8603132900209,280.35695809957093,22619700
2022-08-15,285.2064514160156,285.89645087966176,281.9410471199956,282.8060006707274,18085700
2022-08-16,284.4677734375,285.7603394968302,282.24227731616503,283.76804623274165,18102900
2022-08-17,283.7179260253906,285.69495138930665,281.91619637542664,282.1791399463547,18253400
2022-08-18,282.5979309082031,284.2925155216381,281.53634866422476,282.61739830194875,17186200
2022-08-19,278.6828308105469,281.7019413989966,278.1082305899692,281.3610688013757,20570000
2022-08-22,270.5020751953125,275.08915876957286,269.9859068077309,274.71907016692614,25061100
2022-08-23,269.2261962890625,271.5830288322253,268.21332715946977,269.2261962890625,17527400
2022-08-24,268.5931701660156,269.99559523146576,267.93089241978953,268.22308164579806,18137000
2022-08-25,271.57330322265625,271.73885036051576,267.3562796674805,270.09294921143464,16583400
2022-08-26,261.0941162109375,273.02444918596143,260.98700095652805,271.79731971202773,27549300
2022-08-29,258.3087463378906,260.4221028280278,256.9647531378231,258.91256247792984,20338500
2022-08-30,256.1076965332031,260.08121426548763,253.8579792613374,259.711155479428,22767100
2022-08-31,254.6468505859375,260.1396573690213,254.51048966845536,258.4645698996899,24791800
2022-09-01,253.60479736328125,254.08203091326465,248.7450220487838,252.11472424698195,23263400
2022-09-02,249.3780517578125,257.8315379852467,247.8295467479486,254.87088889880724,22855400
2022-09-06,246.64138793945312,251.1018587980026,245.36557504291272,249.51441895694776,21328200
2022-09-07,251.35508728027344,252.07576732439404,246.61217564051898,248.05355058936814,24126700
2022-09-08,251.77381896972656,253.63398041445726,248.1411587926692,250.79019548540293,20319900
2022-09-09,257.55877685546875,258.30870234526543,253.497611716883,253.70212334082444,22084700
2022-09-12,259.6917419433594,260.4708837150001,258.2406331179316,258.844449415191,18747700
2022-09-13,245.41424560546875,253.60477266828747,245.02467481719648,252.08548374554073,33353300
2022-09-14,245.63824462890625,247.59578772613622,243.3398289424253,246.91405740824067,23913000
2022-09-15,238.97677612304688,244.83967260261343,237.65226493664272,243.25221780714563,31530900
2022-09-16,238.35342407226562,238.89880828639917,235.74335194099112,237.8859391510609,39791800
2022-09-19,238.13922119140625,238.7430374508931,234.5649921285248,236.14271325072406,26826900
2022-09-20,236.12315368652344,237.15549012531744,233.38648429597592,235.75308006506768,26660300
2022-09-21,232.71449279785156,241.1972080963269,232.6657945974884,237.89567221592281,28625600
2022-09-22,234.69155883789062,237.49640922958957,231.37055498618827,231.66271451815115,31061200
2022-09-23,231.71141052246094,234.83765123018225,229.0623884800835,233.28913142247737,34176000
2022-09-26,231.25367736816406,235.14929632525457,230.71802678944272,230.8641214166978,27694200
2022-09-27,230.24081420898438,235.49015995931182,228.38065266127452,233.71764626825262,27018700
2022-09-28,234.77920532226562,236.00631985347113,228.60463843638797,230.6303619280171,29029700
2022-09-29,231.3023681640625,233.68843172668625,228.29300618270508,232.65609511384054,27484200
2022-09-30,226.82235717773438,234.2629871296902,226.65679519230463,232.07170195569086,35694800
2022-10-03,234.45782470703125,235.30511704742838,228.53648230029808,229.2669108311526,28880400
2022-10-04,242.3854217529297,243.8267966387145,238.58718426741393,238.6943143855835,34888400
2022-10-05,242.69708251953125,244.04107595060205,237.7301767649195,239.57085631326893,20347100
2022-10-06,240.34991455078125,243.80727892274643,239.6584505927513,241.46016522278586,20239900
2022-10-07,228.12745666503906,235.02270415917158,227.08537143722725,234.61365108204038,37769600
2022-10-10,223.26763916015625,228.43907043105446,220.81339530154835,226.96847977157327,29743600
2022-10-11,219.52786254882812,223.08260876857707,218.26178346350437,221.68018361933272,30474000
2022-10-12,219.8589630126953,221.91390230903218,218.1156803208289,219.51809045913137,21903900
2022-10-13,228.12745666503906,229.93892011570614,213.4117551255457,214.1129677426173,42551800
2022-10-14,222.5956573486328,231.04915792889818,222.38139712434594,229.39350803929838,30198600
2022-10-17,231.33155822753906,232.7242495317194,229.00392683019308,229.66618968507316,28142300
2022-10-18,232.27627563476562,237.56457112933387,229.22794910689007,236.89258935569006,26329600
2022-10-19,230.30897521972656,233.35730163218065,228.17612158677025,230.854359464379,19985700
2022-10-20,229.9875946044922,235.01294654635635,228.74099774675008,229.61752091462319,21811000
2022-10-21,235.80181884765625,236.65885980316088,228.3806692339145,228.6144117292178,26299700
2022-10-24,240.7979278564453,241.37252804090215,235.00319808540834,237.3989952337496,24911200
2022-10-25,244.11900329589844,244.48907704888708,239.4150408938877,240.80771775350638,34775500
2022-10-26,225.2836456298828,232.0814963742718,224.05651617915876,225.13755100638363,82543200
2022-10-27,220.8328857421875,227.59178658537854,219.8881970156547,225.01093027224846,40424600
2022-10-28,229.71490478515625,230.42586594040267,220.15116802762412,220.33621230472642,40647700
2022-10-31,226.07254028320312,228.78972830845453,225.11810281917732,227.6599951024294,28357300
2022-11-01,222.2158660888672,229.5883328783212,221.39778958786448,228.47808195250082,30592300
2022-11-02,214.35643005371094,225.26415970324368,214.2979832888999,223.47217862480318,38407000
2022-11-03,208.65908813476562,214.6583448304135,208.3961296970331,214.34668818412212,36633900
2022-11-04,215.61276245117188,215.80754042041704,207.86047444612015,211.87297194348153,36789100
2022-11-07,221.92367553710938,222.44959243568516,215.5056466591579,216.1971255856238,33498000
2022-11-08,222.89755249023438,225.60500622838748,219.94662258958112,222.73199048300697,28192500
2022-11-09,218.6513214111328,222.6638185603741,218.47602571220258,221.43668922544174,27852900
2022-11-10,236.6393585205078,236.98023110784243,228.86760321897782,229.2863751045428,46268000
2022-11-11,240.66156005859375,241.518600839759,235.6167266339227,236.6490779660556,34620200
2022-11-14,235.24671936035156,237.5451353995129,232.96778557914993,235.67523987181346,31123300
2022-11-15,235.65573120117188,240.5544708560725,233.76635362727728,239.24944207060548,31390100
2022-11-16,236.08543395996094,238.10710518850516,234.80602574594815,237.12067984603283,24093300
2022-11-17,236.03660583496094,237.5699524551827,232.08118792162216,232.22767936193608,23123500
2022-11-18,235.5873565673828,238.0485170933891,233.44849211403692,237.82387701389203,27613500
2022-11-21,236.3979949951172,238.95681170567795,235.55807589816013,235.79246222127256,26394700
2022-11-22,239.30838012695312,239.5818407425711,235.08926284135723,237.90200273092586,19665700
2022-11-23,241.798828125,242.48247963370116,238.5661214247604,239.38650323520181,19508500
2022-11-25,241.71092224121094,242.89265945895485,240.9686592920648,241.53511763128728,9200800
2022-11-28,236.11474609375,240.89056091224674,235.17717104486601,240.33387852118813,24778200
2022-11-29,234.7181396484375,237.12068869969116,232.64764779898533,235.76314670175077,17956300
2022-11-30,249.18231201171875,249.36787777071672,234.2591112887046,234.95253887719915,47594200
2022-12-01,248.74282836914062,250.13942980347773,245.0608561020454,247.94196873918125,26041500
2022-12-02,249.0651397705078,250.08084861229074,243.85959656296245,243.98656575661812,21528500
2022-12-05,244.35765075683594,247.8931313402829,242.2676218605377,246.12538359731664,23435300
2022-12-06,239.39627075195312,245.97889237423144,238.08756427144374,244.9631836631235,22463700
2022-12-07,238.66380310058594,240.41201382796567,236.55425177558644,239.11306837036958,20481500
2022-12-08,241.623046875,242.93176834963776,237.38439220863714,239.1228268856705,22611800
2022-12-09,239.68930053710938,242.51181678446366,238.4587276242361,238.9861117576139,20609700
2022-12-12,246.6137237548828,246.64302204339194,241.39841976544412,241.67188039318714,30665100
2022-12-13,250.92074584960938,257.7572908019212,247.16064016484373,255.579352180181,42196900
2022-12-14,251.21372985839844,256.4583317412534,248.3716768672205,251.1258349994924,35410900
2022-12-15,243.19544982910156,248.26426235147312,241.564447199208,247.7954748351082,35560400
2022-12-16,238.97633361816406,244.0060718471809,237.82387962727623,242.74620073337888,86102000
2022-12-19,234.83534240722656,239.48420303255193,233.13598200938617,239.14236978569437,29696400
2022-12-20,236.15380859375,237.23788993522047,232.85272912283375,233.8098412838887,25150800
2022-12-21,238.72238159179688,239.88459664487903,234.5032643589745,236.04637204350925,23690600
2022-12-22,232.6280975341797,236.33936782887625,228.40896543431774,235.62640311504308,28651700
2022-12-23,233.15550231933594,233.2922326364392,228.47735834613724,230.5966857124809,21207000
2022-12-27,231.42681884765625,233.35080420983945,230.32320039769817,233.1261790492013,16688600
2022-12-28,229.05355834960938,234.122370583587,228.70196400671827,231.35845128578754,17457100
2022-12-29,235.38226318359375,236.27101770155872,230.14742187789756,230.14742187789756,19770700
2022-12-30,234.2200469970703,234.35677730572505,231.13383157030836,232.64764099629804,21938500
2023-01-03,233.98562622070312,240.01155023066832,231.85652313264055,237.40389855359157,25740000
2023-01-04,223.75035095214844,227.43230792474532,220.683672878356,226.85608843916458,50623400
2023-01-05,217.11891174316406,222.2365596343891,216.58175162726957,221.89472640541456,39585600
2023-01-06,219.67771911621094,220.4883398206325,214.22802915573828,217.79279312709332,43613600
2023-01-09,221.81658935546875,225.8403946978241,221.12317668189198,221.1622360976978,27369800
2023-01-10,223.5061798095703,225.90872854378355,222.0216688234605,222.4416208345891,27033900
2023-01-11,230.26458740234375,230.44037710617866,225.71339852715076,225.8891882309857,28669300
2023-01-12,232.94065856933594,234.29820072980252,228.106246697314,229.76654780758065,27269500
2023-01-13,233.64381408691406,233.78054439645499,229.4344578762405,231.46589026262427,21333300
2023-01-17,234.73764038085938,235.28456154659764,231.5537544621222,232.41321052398757,29831300
2023-01-18,230.30368041992188,236.72027379093637,230.0204586660314,235.9291902032741,30028700
2023-01-19,226.51426696777344,230.02044931118633,225.2934553321454,228.32107414949724,28623000
2023-01-20,234.61068725585938,235.11854904554423,229.03401340452106,229.37584660771927,35389800
2023-01-23,236.9155731201172,239.44509106116212,234.05398311341634,235.47013642558932,31934000
2023-01-24,236.38821411132812,238.25361804107612,234.82558401353157,236.83747939221803,40234400
2023-01-25,234.99159240722656,237.61878145041626,225.5083209962778,229.00472733419514,66526600
2023-01-26,242.20904541015625,242.51180433252105,236.34914915023313,237.96061466071725,33454500
2023-01-27,242.3653106689453,243.99631332473226,241.0663652215849,243.1759314324478,26498900
2023-01-30,237.04257202148438,239.86508806743547,236.54447131176642,238.8005289422948,25867400
2023-01-31,242.02345275878906,242.1601830602323,237.27693671942308,237.765261353504,26541100
2023-02-01,246.84811401367188,249.22136469253888,239.7381082028261,242.20902977404796,31259900
2023-02-02,258.4214172363281,258.50931209894077,251.24303873990777,252.77638533264104,39940400
2023-02-03,252.3173828125,258.0307878622556,251.0965710413973,253.47959800298776,29077300
2023-02-06,250.7742156982422,252.26848784963838,248.83069323991478,251.42858380602922,22518000
2023-02-07,261.31231689453125,262.4940543494354,254.00696849017606,254.446472651946,50841400
2023-02-08,260.501708984375,270.29750141679074,259.99383221379736,266.82063188656974,54686000
2023-02-09,257.4642639160156,267.58236538521874,256.66340439835324,267.4065458729489,42375100
2023-02-10,256.9564208984375,257.9232941080463,254.57339436942814,255.4230744390807,25818500
2023-02-13,264.9844970703125,268.187905604371,260.9118563468283,261.39043477453396,44630900
2023-02-14,265.8146667480469,268.5492730065141,262.9921358196889,266.3029914231284,37047900
2023-02-15,263.6900329589844,265.07056133423544,260.6156584468026,262.71093736345534,28922400
2023-02-16,256.669921875,261.1639673790336,256.42514795944504,258.50082598261054,29603600
2023-02-17,252.66537475585938,254.6529373660176,250.6484404767677,253.96758846436245,30000100
2023-02-21,247.38807678222656,250.14913347081608,246.33065176998883,249.16023738002588,28397400
2023-02-22,246.25233459472656,249.02317699870756,245.10679450937417,248.7784030931242,22491100
2023-02-23,249.44418334960938,251.47090341728688,245.24385497458428,250.21766227886485,29219100
2023-02-24,244.0101776123047,245.75296637788725,242.91359545143786,244.73471364848396,24990900
2023-02-27,244.93055725097656,247.53495511519347,244.17664946084787,247.18248010394746,21190000
2023-02-28,244.20599365234375,246.23272847388787,243.53041537849572,243.86331919707501,22491000
2023-03-01,241.1219024658203,245.68447707817194,240.65192577267874,245.5180326017815,27565300
2023-03-02,245.8607177734375,246.14464894824056,240.47569151216896,241.39604384537427,24808200
2023-03-03,249.95327758789062,250.27638088786867,246.1348112059888,246.91809057504366,30760100
2023-03-06,251.50025939941406,254.6823198135749,250.62886499128248,251.06945498374236,24109800
2023-03-07,248.8371124267578,252.30311882234795,248.09300523382876,250.94216175111166,21473200
2023-03-08,248.39654541015625,249.21898211098042,245.56695978437247,248.72943432146894,17340200
2023-03-09,247.04539489746094,254.1340370763852,246.32085881638,250.47222930235247,26653400
2023-03-10,243.39332580566406,247.50552356368178,242.42403090559034,245.8312787691124,28333900
2023-03-13,248.6119384765625,252.51853507132006,240.5931435893199,242.2282313532918,33339700
2023-03-14,255.33836364746094,255.61250923504636,250.51141431069084,251.38280884404745,33620300
2023-03-15,259.89111328125,260.9093809729157,253.79133752741032,254.5452601893461,46028000
2023-03-16,270.4262390136719,270.7786991165704,257.7763096695362,259.665957162543,54768800
2023-03-17,273.58868408203125,277.4071510542046,270.54371102205045,272.4431589301929,69527400
2023-03-20,266.5391540527344,271.67940495199,264.2089021976658,271.189857247299,43466600
2023-03-21,268.0567626953125,269.2512603911417,263.8858063365012,269.1337737128017,34558700
2023-03-22,266.59796142578125,275.1650483157533,266.49024536747226,267.68474324903065,34873300
2023-03-23,271.8556823730469,275.184601369669,269.44711561214615,272.12982794030694,36610900
2023-03-24,274.704833984375,274.76357732451373,269.5254103782394,271.44442920855886,28172000
2023-03-27,270.6023864746094,275.5761778684438,269.7603489086351,274.6362546679593,26840200
2023-03-28,269.4764709472656,270.3674514567512,266.3629244825979,270.02476204854537,21878600
2023-03-29,274.6460876464844,275.26292259083164,272.58998112520123,273.12847169713626,25087000
2023-03-30,278.11212158203125,278.513554404513,275.5958683420122,278.2883815165173,25053400
2023-03-31,282.27325439453125,283.22297833808955,277.0840595769203,277.7988101339081,32766000
2023-04-03,281.2256164550781,282.243854280698,278.01418435050056,280.5304371238125,24883300
2023-04-04,281.1766052246094,284.37826625345787,279.6981915128131,281.22557792158455,25824300
2023-04-05,278.39599609375,281.1472519122107,277.0056972902033,279.8744397816824,22064800
2023-04-06,285.5042724609375,285.9742192087345,276.1343207416053,277.2896463361067,29770300
2023-04-10,283.3404541015625,283.5460557851989,278.75826456602096,283.16419420739436,23103000
2023-04-11,276.9176330566406,280.0018085197326,275.7525366234654,279.77660574444366,27276600
2023-04-12,277.56378173828125,281.01021712063323,276.0657667752644,278.83662385276324,27403400
2023-04-13,283.781005859375,283.8397491927381,277.25045630367333,277.66165963721517,24222700
2023-04-14,280.1584167480469,282.4494967636299,277.7596206838942,281.0004245840228,20987900
2023-04-17,282.7627868652344,285.5042723715686,280.17799011428394,283.86916963303577,23836200
2023-04-18,282.341796875,285.6609453421748,281.01024118479097,285.47491478550927,20161800
2023-04-19,282.42010498046875,283.00753836856154,278.591838043408,280.01150857079625,17150300
2023-04-20,280.1290283203125,282.988000624926,279.12056104553,279.2870204448904,23244400
2023-04-21,279.786376953125,280.285695406569,277.1428067987354,279.0520552301976,21676400
2023-04-24,275.8796691894531,278.9932149210967,272.8934405059035,276.1929868534553,26611000
2023-04-25,269.66253662109375,275.7133405569095,269.6135639108985,273.6670342373716,45772200
2023-04-26,289.1954650878906,293.307678595242,286.61066821898174,290.4976789797235,64599200
2023-04-27,298.45770263671875,298.8199931125039,289.0779798089215,289.78292984563893,46462600
2023-04-28,300.8369445800781,302.47201761342075,296.96950473874074,297.65488365834915,36469600
2023-05-01,299.17236328125,302.1488214172829,298.77093061490854,300.5528912665848,21294100
2023-05-02,299.02557373046875,302.7167531753242,297.556930414214,301.32645423519284,26404400
2023-05-03,298.03668212890625,302.1586660652437,297.733164896042,300.21027546467184,22360800
2023-05-04,299.02557373046875,301.32645423519284,297.05758212520743,299.83820988509484,22519900
2023-05-05,304.1560363769531,305.448449715473,297.9094017870665,299.32910233190466,28197100
2023-05-08,302.19775390625,303.7153695266084,299.69127236563486,303.6468256855125,21318600
2023-05-09,300.5823059082031,303.55876446980983,299.90672765113413,301.5614013671875,21340800
2023-05-10,305.7812805175781,306.45685873070875,301.2382934207618,302.1684161185302,30078000
2023-05-11,303.62725830078125,304.6161542102312,299.8577649374575,303.61748766498266,31680200
2023-05-12,302.5111083984375,304.15598150729573,300.19065706993734,304.05806599089743,19774700
2023-05-15,302.99090576171875,303.42171020151784,301.16000183238515,302.6384456998606,16336500
2023-05-16,305.2232360839844,307.15205550564514,303.35316000473966,303.35316000473966,26730300
2023-05-17,308.1081237792969,308.5300480995956,304.9092846315615,306.4302184961671,24315000
2023-05-18,312.5433044433594,313.05356636812974,307.83338325207785,308.6281820787948,27276000
2023-05-19,312.3666076660156,312.7689179460215,310.43357190083395,310.7966243634161,27546700
2023-05-22,315.1533203125,316.5368664420845,312.04281946483945,312.6217450177961,24115700
2023-05-23,309.3444519042969,316.664463629214,309.33462996251853,314.0249365560636,30797200
2023-05-24,307.9609069824219,310.5611762447715,306.7441540494219,308.8243994042462,23384900
2023-05-25,319.8044738769531,320.76606606309167,313.9955431528481,317.17473844488717,43301700
2023-05-26,326.6435852050781,327.14399507810526,317.8026414606866,317.9399988951654,36630600
2023-05-30,324.9951477050781,329.44014532098214,324.31809251004455,328.939735353525,29503100
2023-05-31,322.2280578613281,329.63637661307075,321.1879203022461,326.05487171947954,45950600
2023-06-01,326.3394470214844,327.2716331746607,318.62694664026094,319.81423378408647,26773900
2023-06-02,329.1065368652344,331.1671383819332,326.31000837435346,327.97812149381093,25873800
2023-06-05,329.63641357421875,332.20724701987933,328.3804327326386,328.92992247927083,21307100
2023-06-06,327.4188232421875,329.0771144876542,325.9371772359314,329.0378566628356,20396200
2023-06-07,317.3120422363281,328.21355775333575,316.44854992905215,325.4268516357255,40717100
2023-06-08,319.15679931640625,320.51090965341575,317.28263514872793,317.8615607379673,23277700
2023-06-09,320.6581115722656,323.79804871469764,318.32276516845866,318.8918688562613,22529000
2023-06-12,325.6231384277344,325.8684474019989,319.05866788081994,322.4144778795906,24260300
2023-06-13,328.017333984375,330.6568607625825,324.1905202364905,328.19394924698327,22951300
2023-06-14,331.0101013183594,332.678214257829,326.5651040717086,328.06639373925447,26003800
2023-06-15,341.5682373046875,343.2755782609129,330.87277152883553,331.1475163947217,38899100
2023-06-16,335.90643310546875,344.8749425539983,335.5335886609157,344.72776317523534,46552000
2023-06-20,331.7068176269531,335.6611975068298,329.55790839262113,332.94318456860884,26375400
2023-06-21,327.30108642578125,331.39285382983815,325.83905432947427,330.05835726315127,25117800
2023-06-22,333.33563232421875,333.7379426283081,327.0851645614221,327.85052734982696,23556800
2023-06-23,328.7336730957031,331.6185093238912,327.19315533781804,328.0860537439725,23146900
2023-06-26,322.43414306640625,329.80320477764576,322.3261915392268,327.4580664000975,21520600
2023-06-27,328.2921142578125,329.8424538607447,323.120981710903,325.63294331118817,24354100
2023-06-28,329.5480651855469,331.63810233073093,327.54633567319496,328.38039213208674,20259500
2023-06-29,328.7630920410156,329.80319974916614,326.37869587676175,328.4294754124527,16997000
2023-06-30,334.15008544921875,336.2989944894714,330.8727611005321,331.41242887349597,26832800
2023-07-03,331.64788818359375,334.5032880387074,330.25455007590733,332.8253831560942,12508700
2023-07-05,331.804931640625,335.23925747739463,328.4491214492935,328.80235201893055,18172400
2023-07-06,334.8663330078125,336.55405979331294,329.20461318273215,330.9708256570031,28161200
2023-07-07,330.892333984375,335.37658872716156,330.67646091298434,332.9529351303875,21214800
2023-07-10,325.6034851074219,328.9397110166737,321.4430546068671,328.32152762825416,32791400
2023-07-11,326.2314758300781,326.6141422303351,320.8641146712657,324.8479297238825,26698200
2023-07-12,330.872802734375,335.2392851199154,329.3715127997373,330.28405512482254,29995300
2023-07-13,336.23028564453125,337.2900072046909,332.6585727165139,333.18844846906484,20567200
2023-07-14,338.7618713378906,344.8357239330472,337.84932914089796,341.06778168374007,28352700
2023-07-17,339.24267578125,340.4790125699391,335.7789144838815,339.193596022569,20363900
2023-07-18,352.74444580078125,359.89766311953025,335.74946461658294,339.3407612690202,64738600
2023-07-19,348.4172668457031,355.65879334061907,345.8268193685884,354.96212416292167,39732900
2023-07-20,340.3612976074219,351.25302227091294,338.88944373248916,346.9355902267656,33778400
2023-07-21,337.3194274902344,343.72689620518594,333.4533559589221,342.59848099973897,69405400
2023-07-24,338.6343078613281,340.4103723937978,335.8868593129291,339.3604427915747,26678100
2023-07-25,344.3941650390625,345.2870932446145,338.5950576458234,340.59675719404197,41637700
2023-07-26,331.43206787109375,338.20262012350594,326.8595045876303,335.03321711179626,58383700
2023-07-27,324.51434326171875,334.92524195448044,322.87566610660525,334.0912153820297,39635300
2023-07-28,332.02081298828125,333.63005436530796,326.91840387112984,327.40902185998743,28484900
2023-07-31,329.6167907714844,331.36338955022967,327.10479921092735,330.5980267133625,25446000
2023-08-01,330.0289001464844,332.1876312426991,327.4384527759718,328.9004847782133,18311900
2023-08-02,321.354736328125,327.3697167947092,320.23611310138045,327.3697167947092,27761300
2023-08-03,320.5304870605469,323.69006750515837,319.8338180335655,319.88286784513633,18253700
2023-08-04,321.6295166015625,328.85142872245865,321.0996408070944,325.65258996189004,23741500
2023-08-07,323.915771484375,324.89700739318704,321.374374073945,322.20843058542397,17741500
2023-08-08,319.9319763183594,322.58132541763825,316.9392185852385,320.82490464522823,22327600
2023-08-09,316.18365478515625,320.9720608226161,315.0257736651899,320.3440854180899,22373300
2023-08-10,316.8704833984375,322.1004872075801,315.153320674243,319.90249855805087,20113700
2023-08-11,314.9865417480469,316.3602660012063,313.22029918403376,314.25061483261044,24355500
2023-08-14,317.959716796875,317.9793307363842,314.0740007379562,315.3594474269808,18836100
2023-08-15,315.8205261230469,318.98992839581194,314.8785481816596,316.93914925870706,16966300
2023-08-16,315.0535888671875,319.0065277085212,314.46359486014677,315.4469082024341,20698900
2023-08-17,311.59234619140625,316.4990703161301,310.93351302834594,315.19127673474406,21257200
2023-08-18,311.19903564453125,313.0673251029197,306.35127777604174,309.24222157279775,24755000
2023-08-21,316.5089111328125,317.384044424445,311.7496780411196,312.6248113327521,24040000
2023-08-22,317.07928466796875,320.6388749820411,316.0959711001764,320.068566316395,16084600
2023-08-23,321.54345703125,323.70675834794656,318.0625194610532,318.4165278621223,21166400
2023-08-24,314.63079833984375,327.42371562381226,314.62095560290663,327.29588007700687,23281400
2023-08-25,317.590576171875,319.93083688219207,313.4803033090538,316.1057633191369,21684100
2023-08-28,318.29852294921875,320.70762249694076,316.351551838299,320.22580858906434,14808500
2023-08-29,322.92999267578125,323.4904885771926,316.50895667061496,316.50895667061496,19284600
2023-08-30,323.3035888671875,324.30655763191555,321.0026393422181,323.1855960723184,15222100
2023-08-31,322.290771484375,325.3882023265176,321.3271136632982,323.70674501364135,26411000
2023-09-01,323.1757507324219,326.45017079701614,321.3271169387943,325.7815249592522,14942000
2023-09-05,327.9841613769531,329.2624867583471,323.17577461933763,323.5100975629304,18553900
2023-09-06,327.3253479003906,328.87896976670504,324.67038989138393,327.8170045681073,17535800
2023-09-07,324.4049377441406,327.5220245169093,323.5396171232003,325.7619150807658,18381000
2023-09-08,328.6921691894531,330.5506459747243,323.9624339954705,324.58192625722756,19530100
2023-09-11,332.3009338378906,332.7729350743732,329.83280759348713,331.6126024523964,16583300
2023-09-12,326.23388671875,331.1701393555617,325.9487474293145,330.2163241256409,17565500
2023-09-13,330.4523010253906,331.2291270189504,325.64391407139624,325.7815623439832,16544400
2023-09-14,333.0482482910156,335.1721787492822,330.9537860249842,333.4907212996785,20267000
2023-09-15,324.70977783203125,331.76996140047095,324.14928194769504,331.2979901364791,37679800
2023-09-18,323.5691223144531,324.8867587399462,320.91416398907404,322.33013776149687,16834200
2023-09-19,323.16595458984375,323.8936269378206,319.0950525710311,320.7273564750353,16505900
2023-09-20,315.41741943359375,324.09025057389067,315.1617783626277,324.01159870782635,21436500
2023-09-21,314.1981201171875,319.92101113625847,309.74371174856566,313.93263631012064,35560400
2023-09-22,311.7201843261719,316.0860981358559,310.8745192146817,315.9582625950678,21447900
2023-09-25,312.2413330078125,312.36916854605823,309.7437086689083,311.3071733116646,17836000
2023-09-26,306.93145751953125,310.60904001416407,304.8468079151213,309.87155496791354,26297600
2023-09-27,307.57061767578125,309.0554005566663,304.522340026209,307.08877368705123,19410100
2023-09-28,308.40643310546875,310.2157261834966,304.2863475063599,305.8006285556267,19683600
2023-09-29,310.481201171875,314.1391281627372,309.7240606687745,312.4478279409763,24147300
2023-10-02,316.4302062988281,316.51873090270954,309.9206770878558,311.0023277139253,20570000
2023-10-03,308.1606140136719,316.02712155021527,306.0169679036218,315.47643841498,21033500
2023-10-04,313.6376647949219,314.69966017701324,308.76043824911994,308.7899364537143,20720100
2023-10-05,314.0309753417969,314.6406549001424,309.6454056684001,313.76549150792954,16965600
2023-10-06,321.79913330078125,323.6969208452724,311.0219974867104,311.2678258217484,25673600
2023-10-09,324.3164367675781,324.7884080000268,317.78722130749577,319.3310305664322,19891200
2023-10-10,322.9103088378906,325.57507980738603,322.202321974192,325.4374015243932,20557100
2023-10-11,326.873046875,327.2663662252011,323.64778019000204,325.6832160795872,20063200
2023-10-12,325.63409423828125,328.0628797237766,323.23480695672527,325.05394288857616,19313100
2023-10-13,322.2612609863281,328.2594477815925,320.9140966320036,326.83366157957835,21072400
2023-10-16,327.08935546875,330.53095207086227,325.0833879040406,325.52586089073617,22158000
2023-10-17,326.51904296875,327.8956757176601,321.9466416917106,324.09025768703805,18338500
2023-10-18,324.6015625,329.9901305761364,322.8217676991399,326.94185312433785,23153600
2023-10-19,325.7913513183594,331.25857055625,325.3881892871773,326.6074881074966,25052100
2023-10-20,321.2190246582031,326.38142037907215,320.01938102368644,326.1847456816056,25027700
2023-10-23,323.82476806640625,327.1778702783257,318.9770403265237,320.0390055685396,24374700
2023-10-24,325.0145568847656,326.3026949587647,322.13345600220845,325.77169735313146,31153600
2023-10-25,334.9853820800781,340.42310386646625,331.9862582686526,339.2627712727239,55053800
2023-10-26,322.41864013671875,335.9293564408089,321.48448041784866,334.8575484524091,37828500
2023-10-27,324.3066101074219,331.1013097225857,322.92013452668544,324.9162596517857,29856500
2023-10-30,331.6814270019531,333.78573199598327,326.2928589871081,327.84651090030354,22828100
2023-10-31,332.4681091308594,333.3432725394677,329.105193805489,333.1957815178894,20265300
2023-11-01,340.29522705078125,341.62270595329534,333.9823427186433,334.1200209790302,28158800
2023-11-02,342.50775146484375,343.00922092358684,339.016970678104,341.4457561237559,24348100
2023-11-03,346.9129943847656,348.47648927328174,341.53426828379986,343.7959073621998,23637700
2023-11-06,350.58074951171875,351.57390571697306,347.45381988578487,347.5521572342444,23828300
2023-11-07,354.5140075683594,356.41179538181575,351.66240447944193,353.40285853517474,25833900
2023-11-08,357.1394348144531,357.798237980275,354.5336303274662,355.64477925814185,26767800
2023-11-09,354.67132568359375,358.7029167734547,354.3468154449931,356.2544459117808,24847300
2023-11-10,363.50146484375,363.92428238869843,355.0449639030692,355.45793871169803,28042100
2023-11-13,360.5613708496094,362.32151033821305,359.79438755425144,362.07568197420926,19986500
2023-11-14,364.0914001464844,365.74338927576326,361.22014215175847,364.8190723848794,27683900
2023-11-15,364.23919677734375,367.6483575495915,361.7167780354336,365.8255298581335,26860100
2023-11-16,370.643798828125,370.821147278909,364.74177589351456,365.51031591616425,27182300
2023-11-17,364.4166564941406,368.8702437770121,361.60851893001586,368.12139907477774,40157000
2023-11-20,371.8951110839844,373.304096039392,365.54971735826314,365.766486587499,52465100
2023-11-21,367.58929443359375,370.6930122644204,365.66792954966576,370.151104255748,28423100
2023-11-22,372.2991027832031,374.2106051165785,369.4614073576045,372.4468931555256,23345300
2023-11-24,371.88519287109375,372.4172681851317,369.6288567640138,371.786655950828,10176600
2023-11-27,373.04791259765625,375.0481191981454,370.67334381773094,371.24480993983406,22179200
2023-11-28,377.0778503417969,377.3734310799554,372.60453806574077,372.79174922299154,20453100
2023-11-29,373.28436279296875,378.65427940747446,371.89507333786327,378.12223413728344,28963400
2023-11-30,373.3435363769531,374.50619409044,369.95407010737097,372.9296932561048,30554400
2023-12-01,369.0081481933594,372.6045206628206,365.85514681042775,371.22509383375666,33040500
2023-12-04,363.717041015625,364.0914332416113,357.568691355028,363.6776202294819,32063300
2023-12-05,367.04736328125,367.59913401406357,360.2487359832438,361.0665594377977,23065000
2023-12-06,363.3819885253906,368.68295635972305,362.62331133398067,368.0523741639695,21182100
2023-12-07,365.50042724609375,365.9930818022582,360.9384412449314,362.82038525778927,23118900
2023-12-08,368.7322692871094,368.95887115666653,362.8204141424842,363.776165260302,20154400
2023-12-11,365.8453063964844,366.140917208106,360.72171642347627,363.0667572104508,27708800
2023-12-12,368.8800354003906,368.9194561848198,365.01761039602826,365.40189538840474,24838300
2023-12-13,368.87017822265625,372.09215835732533,365.3230593019992,370.4959322910932,30955500
2023-12-14,360.5541687011719,368.269156155742,358.78062426547126,367.8257550121924,43277500
2023-12-15,365.2836608886719,366.92911028032063,360.89902327689896,361.4606566919279,78502300
2023-12-18,367.1754150390625,367.52027922376516,363.2637368697555,364.02244408995057,21802900
2023-12-19,367.7765197753906,367.7765197753906,364.4067490977682,366.03250325578983,20603700
2023-12-20,365.17529296875,370.5058193793613,365.086618748556,369.49095210036234,26316700
2023-12-21,368.05242919921875,368.90964344387123,364.6038467910981,367.08681530001417,17708000
2023-12-22,369.07708740234375,369.66827890495347,367.2345641067885,368.19031518305366,17107500
2023-12-26,369.15594482421875,371.4024485751995,368.01298255522846,369.4909463405908,12673100
2023-12-27,368.5746154785156,369.55006195328735,367.3331162784424,368.20019317568403,14905400
2023-12-28,369.7668151855469,370.92947276145065,368.66327375287557,369.8554894003956,14327000
2023-12-29,370.51568603515625,371.6192275460888,367.9932968475244,370.4762652471226,18730800
2024-01-02,365.421630859375,370.3777351043963,361.3818569854959,368.36769584733304,25258600
2024-01-03,365.15557861328125,367.7765045721429,363.09628608901477,363.58894066618615,23083500
2024-01-04,362.5346374511719,367.6188360826796,361.7759602590735,365.2245421546535,20901500
2024-01-05,362.3475036621094,366.59418444020923,361.11586700792134,363.549582239367,21004600
2024-01-08,369.1855163574219,369.6880336849266,363.5889671694232,363.8746851951502,23134000
2024-01-09,370.2693176269531,370.46636140674497,365.73688972227416,366.5448504063893,20830000
2024-01-10,377.1467590332031,378.5262158492707,370.7915332845255,370.8407867125645,25514200
2024-01-11,378.9794921875,384.9406009736396,374.79192797943045,380.3293610152563,27850800
2024-01-12,382.7630310058594,382.9699374994843,378.99914299059964,379.82679903434695,21661200
2024-01-16,384.53662109375,388.24139340844187,381.925557656747,387.8768338056293,27202300
2024-01-17,383.7483825683594,384.37896483224864,379.1568380014038,382.28028145481545,22234100
2024-01-18,388.0837097167969,388.2019420036005,384.3888004079398,385.9653010602353,23392100
2024-01-19,392.813232421875,392.813232421875,387.71917062186213,389.94597903844516,29331100
2024-01-22,390.6849670410156,394.73457348742886,387.8078508984798,394.14338194370225,27016900
2024-01-23,393.0398254394531,393.51278467024315,388.1428376176736,389.9361075398463,20525900
2024-01-24,396.6460876464844,399.6709942481896,394.5670995707582,395.64108304053997,24867000
2024-01-25,398.9221496582031,401.03072587810215,396.6165296306349,398.38024160054783,21021200
2024-01-26,397.9959716796875,400.20308492188695,396.5180077543924,398.429510169981,17803300
2024-01-29,403.7008972167969,403.9570872376775,398.39006605624104,400.09466184188676,24510200
2024-01-30,402.58746337890625,406.9819337836752,400.47891742664234,406.2035612023494,33477600
2024-01-31,391.7392272949219,409.21863334219495,391.3746676938224,400.98143260936786,47871100
2024-02-01,397.8481750488281,402.00618136275216,395.89725187316617,395.92680994843744,30657700
2024-02-02,405.17889404296875,406.5878791340213,397.63142115019764,397.877748476714,28256700
2024-02-05,399.6907043457031,405.1197681132632,398.0550873287971,403.87826879542115,25352300
2024-02-06,399.5329895019531,401.97656696928505,396.9909051770198,399.91727449589274,18382600
2024-02-07,407.96722412109375,408.21355139808253,401.41492456704214,401.4543453507497,22340500
2024-02-08,408.0263977050781,409.4551081404497,406.4696223258111,407.9672815558181,21225300
2024-02-09,414.37176513671875,414.6378178606117,408.9919854136341,409.1496384913206,22032800
2024-02-12,409.1595153808594,414.55899064975375,408.65699805765166,414.3816422071808,21202900
2024-02-13,400.350830078125,404.04573947399683,397.4638814201037,398.9910986093642,27824900
2024-02-14,404.22039794921875,404.56589993906414,399.3637286843402,402.81868833307914,20401200
2024-02-15,401.3280944824219,403.86502912534854,399.08731730113595,402.8877787891035,21825500
2024-02-16,398.8602294921875,403.03580530507566,398.2482129693453,402.71003513978644,22296500
2024-02-20,397.60662841796875,399.284733568485,392.8881419655763,398.0508194321391,24307900
2024-02-21,397.00445556640625,397.11305567339133,392.10829279576154,395.020342155489,18518900
2024-02-22,406.3525695800781,407.51737721520215,403.3122186108832,404.9113664023,27009900
2024-02-23,405.0594177246094,410.5083711673126,403.70705278478863,410.3208439519873,16295900
2024-02-26,402.29547119140625,406.8560126685655,402.1177646745505,406.1650087554213,16193500
2024-02-27,402.2362365722656,403.06542317425317,398.6529454575257,402.7396530048111,14835800
2024-02-28,402.47314453125,404.03279861285756,400.10403561463596,402.9272164600946,13183100
2024-02-29,408.3169860839844,408.8697771758562,400.6963316033454,403.3813298173751,31947300
2024-03-01,410.1530456542969,410.51827940686405,405.5925039738578,405.9774695070198,17823400
2024-03-04,409.58050537109375,411.97922704270553,407.0139581345592,408.11954029802524,17596000
2024-03-05,397.4683532714844,408.9190806868407,395.4842401361531,408.63280421712244,26919200
2024-03-06,396.9156188964844,399.94611920290095,393.26325117893276,397.784299256291,22344100
2024-03-07,403.8749084472656,404.5066568048068,397.0636784801651,400.8937526863445,18718500
2024-03-08,400.9924621582031,405.1384255054804,399.12676961447175,402.71006091285966,18002200
2024-03-11,399.3143310546875,400.45940694447387,396.09630359488256,398.5641317733387,16120800
2024-03-12,409.93585205078125,410.22212853968995,401.55511762855593,402.3744232866482,22457000
2024-03-13,409.7581787109375,412.7985296378199,406.1551557542081,412.7195723945268,17115900
2024-03-14,419.7479553222656,422.31450262164736,412.6109854719372,414.8320308055619,34157300
2024-03-15,411.06121826171875,417.16168230340674,407.4779269181007,413.8942801973478,45079900
2024-03-18,411.94964599609375,415.31576738207366,408.45519271968817,408.9191456409196,20106000
2024-03-19,415.98699951171875,416.2436632864421,410.20239450160744,412.4530526322829,19837900
2024-03-20,419.7578125,420.4783989986328,415.2466156701396,416.569367867818,17860100
2024-03-21,423.84454345703125,425.27589583117316,421.6629918116586,424.29861540078343,21296200
2024-03-22,423.22265625,424.3282384659813,420.58703259669744,424.17032397071773,17648500
2024-03-25,417.4183349609375,421.90980053588714,416.18442081257615,419.76771231939466,18060500
2024-03-26,416.223876953125,420.5080228747841,415.9277496341745,420.1329081875438,16725600
2024-03-27,416.0067138671875,418.9878695106981,413.61787312123863,418.9779885582823,16705000
2024-03-28,415.30584716796875,416.4410420434957,413.7264311944793,415.54274902029323,21871200
2024-04-01,419.1063537597656,422.3836369877504,416.78658912173853,418.494337158426,16316000
2024-04-02,416.0166320800781,416.944537944627,412.4629532504076,414.7037305350885,17912000
2024-04-03,415.03936767578125,417.8132042224073,413.6968534411064,414.32863193386083,16502300
2024-04-04,412.50238037109375,423.1535341879721,412.19637211672654,419.52086856783245,19370900
2024-04-05,420.0440673828125,421.0213477789878,412.9367406484567,414.6049948261761,16554800
2024-04-08,419.1260986328125,421.78148438919783,417.8526907492084,419.69865168894506,14272400
2024-04-09,420.7943115234375,422.23551472539157,416.1942762454294,420.9522561397257,12496900
2024-04-10,417.8132019042969,418.5732821571219,414.29901690120346,416.75696418781513,16216600
2024-04-11,422.423095703125,423.8445672043753,416.9247670576537,420.34026309183247,17966400
2024-04-12,416.470703125,419.70849269035864,414.3681085669582,418.59302946474156,19253800
2024-04-15,408.3169860839844,421.32736877280126,408.10966683089106,421.1101986920762,20273500
2024-04-16,409.244873046875,413.0157217686464,408.4058355582689,409.23502221897127,16765600
2024-04-17,406.5401306152344,413.4895430541291,405.04955278693666,411.88051429574114,15855500
2024-04-18,399.0675354003906,406.5895007512514,398.7516762985985,405.34570574936373,21029900
2024-04-19,393.9838562011719,400.2620271980646,392.65122286516964,398.83067470294037,30565800
2024-04-22,395.8001403808594,397.6658329165628,390.65719496673063,394.93146005470254,20286900
2024-04-23,402.32513427734375,402.9470318520377,397.87316221870356,399.0379699896353,15734500
2024-04-24,403.7958679199219,407.16198877400103,401.54521009115024,404.28943349750205,15065300
2024-04-25,393.90484619140625,394.7439137442764,383.0365219371324,388.959309192893,40586500
2024-04-26,401.0911560058594,407.68518518518516,400.5383649444101,406.86587954495434,29694700
2024-04-29,397.0735778808594,401.09120962785465,394.0529584180936,400.03497187375575,19582100
2024-04-30,384.3197937011719,396.9847044226994,384.16187921211525,396.32331323474864,28781400
2024-05-01,389.85760498046875,396.55035342207367,385.28718262896496,387.5575723765422,23562500
2024-05-02,392.72027587890625,394.78337648708447,389.57132491777804,392.54259949156545,17709400
2024-05-03,401.4267883300781,401.9104729912864,396.68854036623503,397.1031487364524,17446700
2024-05-06,408.2182922363281,408.60325778406036,401.1405474563734,403.4998057579773,16996600
2024-05-07,404.0722961425781,409.33372249534176,403.8255133338143,409.32384154303776,20018200
2024-05-08,405.25689697265625,406.92515129872777,401.47616718048914,402.91740058487204,11792300
2024-05-09,407.0139465332031,407.4087929910644,403.8353828414113,405.2864669208131,14689700
2024-05-10,409.40277099609375,410.0345494035734,406.5006029520457,407.6259469435492,13402300
2024-05-13,408.39593505859375,412.96635748889184,405.53326050690544,412.63073648454196,15440200
2024-05-14,411.19940185546875,412.117426712038,406.25386452353786,406.71781742817865,15109300
2024-05-15,418.3887939453125,419.1107104287916,412.64321876209584,413.26623802905556,22239500
2024-05-16,416.32196044921875,420.7028625691673,415.6890726034355,417.1229765763839,17530100
2024-05-17,415.5505676269531,418.2305400024772,413.39474741262023,417.8547487362892,15352200
2024-05-20,420.6237487792969,422.03788543513167,415.3330645205205,415.55062632751003,16272100
2024-05-21,424.28271484375,428.1691308622737,420.1391721073256,422.09719809997813,21453300
2024-05-22,425.7463073730469,427.61536520540614,422.393911984686,425.32108253196407,18073700
2024-05-23,422.26531982421875,428.792143449846,420.7028525285379,428.1691242148773,17211700
2024-05-24,425.3902893066406,426.28030386108634,419.704046646492,422.45322015153533,11855300
2024-05-28,425.5485534667969,426.0430093905557,421.8698001868635,424.86620187767414,15718000
2024-05-29,424.4112548828125,426.1616177574726,420.9698312429892,420.9698312429892,15517100
2024-05-30,410.0720520019531,419.5952468817441,409.64679700979286,419.5952468817441,28394500
2024-05-31,410.5269775390625,412.1290098934204,400.0247386123212,412.1290098934204,47995300
2024-06-03,408.9347839355469,411.81252080542527,404.38581394057536,410.92250624898264,17484700
2024-06-04,411.4565124511719,411.82240496411936,405.1373519842431,407.85685925302585,14348900
2024-06-05,419.3085021972656,419.3777030871155,411.6839704862112,413.17723696234333,16988000
2024-06-06,419.81280517578125,420.5940539083252,415.9164904670929,419.3084807052153,14861300
2024-06-07,419.1502380371094,421.55328627071816,418.3096570403155,421.47418661206035,13621700
2024-06-10,423.12567138671875,423.33333440686357,419.1898218829819,419.9908379970184,13982900
2024-06-11,427.8823547363281,428.0208168757502,420.53474723054455,420.76220781136936,14551100
2024-06-12,436.16949462890625,438.4835449299555,428.4460948487385,430.4931497924657,22366200
2024-06-13,436.6836853027344,438.47364353190966,434.4981985450977,435.9617989605403,15960600
2024-06-14,437.6626892089844,438.2263761607837,431.877549319742,433.42024926631433,13582000
2024-06-17,443.3983459472656,445.9398563271766,435.83317727597375,437.68243737571277,20790000
2024-06-18,441.390869140625,445.14875191744164,439.95696520327493,444.7234969265718,17112500
2024-06-20,440.75799560546875,441.57877910996035,436.37709345219747,441.35131853440595,19877400
2024-06-21,444.7927551269531,445.58387250760194,441.5590243550793,442.4193728058131,34187100
2024-06-24,442.7061462402344,447.72980476303803,441.4601077502006,444.812502964026,15913700
2024-06-25,445.94976806640625,446.4145577985047,441.79632662300793,443.27969425576566,16413400
2024-06-26,447.1463317871094,448.5703670936918,443.2203510089548,444.0213670965085,16507000
2024-06-27,447.8287048339844,451.11189918090986,446.76066321308457,447.1661206636861,14806300
2024-06-28,441.994140625,450.3306598473802,441.4601198033777,448.0462760060759,28362300
2024-07-01,451.66571044921875,452.29859832649356,440.718449260987,443.6851847474979,17662800
2024-07-02,454.1874084472656,454.4939686896818,448.08580938726794,448.17483800659534,13979800
2024-07-03,455.660888671875,455.90811662700247,452.8029492037819,453.1095094538045,9932800
2024-07-05,462.3755798339844,463.15682857412344,453.88083144181417,454.5137192746822,16000300
2024-07-08,461.0702209472656,462.5140538822785,459.30995917726233,461.37678118625774,12962300
2024-07-09,454.44451904296875,462.14811993117183,452.9215864810465,461.8217923289273,17207200
2024-07-10,461.08013916015625,461.2878021935715,453.7720662754438,456.1059138794407,18196100
2024-07-11,449.658203125,459.6264206924659,446.54310684217364,457.84639154158754,23111200
2024-07-12,448.5209045410156,451.2997440970952,445.653066550447,449.2922544857781,16324300
2024-07-15,448.9263610839844,452.1897879047396,446.4244156110008,448.2736757198333,14429400
2024-07-16,444.5356140136719,449.26261113120097,441.70734079913353,449.18351146737297,17175700
2024-07-17,438.6021728515625,439.9174425124237,434.310299044026,437.6824920740607,21778000
2024-07-18,435.487060546875,439.7196016105417,429.5832562189407,439.4130413837652,20794800
2024-07-19,432.26318359375,436.2485267618823,427.209859235563,428.2976681537138,20940400
2024-07-22,438.0285339355469,439.67013091580066,434.0432211452645,436.8912915602017,15808800
2024-07-23,439.91741943359375,443.41817564914504,438.1868237868677,438.97794115369385,13107100
2024-07-24,424.144287109375,436.5848151026753,422.848814998133,435.5662371027095,26805800
2024-07-25,413.7607421875,425.0343320640556,412.8806262699778,424.0454201419157,29943800
2024-07-26,420.5544738769531,424.16402577751,412.6431801625324,413.56289099301864,23583800
2024-07-29,421.99835205078125,427.35823721785147,419.9908622622184,426.7945502371275,15125800
2024-07-30,418.2305908203125,424.2925947905347,412.732213459478,422.97735537825565,32687600
2024-07-31,413.71124267578125,417.10320278469345,407.6393099563061,415.8373969334193,42891400
2024-08-01,412.4849853515625,422.72022849108816,408.5095707902921,416.1242037023935,30296400
2024-08-02,403.9605712890625,410.3983967606497,399.8565933572946,407.91621848675555,29437900
2024-08-05,390.76849365234375,396.59319866894845,381.30460043688157,384.8548203739987,40709200
2024-08-06,395.1790466308594,401.17188015725634,394.08136897243253,395.5647367351895,24946500
2024-08-07,394.0120849609375,405.5329003345715,393.062738170502,404.1088952385133,20650900
2024-08-08,398.2248840332031,401.3597174512935,395.50537665916386,397.97765609010867,20203000
2024-08-09,401.5179748535156,403.52546468375385,397.7996868528818,399.55004994709526,19276700
2024-08-12,402.2991943359375,404.22758435718055,399.75768384658,402.54642227818954,16762900
2024-08-13,409.41937255859375,410.34895203900766,405.0286018746959,405.0483692456352,19414300
2024-08-14,412.2377624511719,413.0882423005823,407.87668792866015,410.200606537794,18267000
2024-08-15,417.11199951171875,417.19124174906176,413.7733647214418,415.8934346982465,20752100
2024-08-16,414.5757751464844,417.4190624715108,413.41664970781534,416.6859584876603,22775600
2024-08-19,417.6072998046875,417.8252537249248,412.58447325666395,415.06120860773046,15234000
2024-08-20,420.8468933105469,421.8970267669262,417.7163261753405,417.7757654099591,16387600
2024-08-21,420.1930236816406,422.43197186124524,417.79553057929155,420.13355421881863,16067300
2024-08-22,411.6829528808594,422.8183759816575,410.7516979364214,420.4109661556474,19361900
2024-08-23,412.91143798828125,415.3584538355035,408.255163223579,413.0996723021897,18493800
2024-08-26,409.6421203613281,413.396859709793,407.51213395459416,412.4953243921623,13152800
2024-08-27,409.9888916015625,410.5040417108967,406.43230298651787,409.01800038370646,13492900
2024-08-28,406.7790222167969,411.13807041057737,403.5196300124752,411.019191950483,14882700
2024-08-29,409.2755432128906,418.12243430135214,406.7790049560858,411.07861373737535,17045200
2024-08-30,413.2582092285156,413.604928025177,408.2948214180594,411.73253163556785,24308300
2024-09-03,405.62982177734375,415.97267128987687,403.2422452090673,414.0210025733613,20313600
2024-09-04,405.0948486328125,407.4130694116055,400.60700515715166,402.1326826766194,15135800
2024-09-05,404.589599609375,409.25576060406553,402.35062114910426,403.8267457621573,14195500
2024-09-06,397.9618835449219,406.8285787467922,397.070234552708,405.2533785520499,19609500
2024-09-09,401.9444580078125,404.84718480089737,398.40767240518096,403.4503023301037,15295100
2024-09-10,410.3455810546875,412.4557344655397,403.90606826316616,404.4014154009755,19594300
2024-09-11,419.1033020019531,420.0444433948456,405.76853569187716,411.6334589269,19266900
2024-09-12,423.02642822265625,423.39298024346107,415.84389519077274,419.37076416429335,17395700
2024-09-13,426.5830078125,427.8114589338371,421.5007417784194,421.8672937914901,15874600
2024-09-16,427.3260498046875,429.4956726087264,424.2350886136153,426.59294574191983,13834700
2024-09-17,431.1006164550781,437.73828032551546,428.24741204788825,436.13336040486877,18874200
2024-09-18,426.80096435546875,431.9723892702998,426.40469272360485,430.95197545729616,18898000
2024-09-19,434.607666015625,437.3915144590669,432.83431483021604,437.12403789377305,21706600
2024-09-20,431.2194519042969,435.1525090726311,430.17923509170157,433.15131768035957,55167100
2024-09-23,429.4758605957031,432.3983904018878,426.38489946949306,430.23868426031646,15128900
2024-09-24,425.1762390136719,429.31733347364775,422.1348005929618,428.9705844602765,17015800
2024-09-25,428.0888366699219,429.08944744090394,424.58180113051003,425.8300552065777,13396400
2024-09-26,427.29632568359375,431.24918598433425,425.13661951946307,431.04114866155544,14492000
2024-09-27,424.03692626953125,427.8313020370733,423.49205654568107,427.5043560158928,14896100
2024-09-30,426.2956848144531,426.4145935098266,421.41156986331913,424.225137648764,16807300
2024-10-01,416.7751770019531,424.4926938702289,414.9126669274289,424.46297425132013,19092900
2024-10-02,413.24822998046875,418.88528176281716,412.8321251605145,418.6474946227358,16582300
2024-10-03,412.663818359375,415.6457876881329,410.4347561510362,413.7436715344948,13686400
2024-10-04,412.1882019042969,415.84386570343804,411.10834891858866,414.3479078757133,19169700
2024-10-07,405.7288818359375,413.2284134108737,405.19389854116383,412.1287574404014,20919800
2024-10-08,410.85076904296875,411.791940593935,404.37165096666996,407.0762266898708,19229300
2024-10-09,413.5751953125,416.46803570058375,410.4445979894132,411.99007853410836,14974300
2024-10-10,411.9702453613281,413.46620317952954,409.3052757201966,411.3659364512592,13848400
2024-10-11,412.44580078125,413.2482606337857,409.4043624478393,412.2674830881502,14144900
2024-10-14,415.23956298828125,420.0939583051494,413.63461305961806,413.8822865985765,16653100
2024-10-15,414.8432922363281,418.5485092157335,411.3956956650851,418.25128280655105,18900200
2024-10-16,412.2476501464844,412.48540707078536,406.660150790306,411.3065088320687,15508900
2024-10-17,412.84210205078125,418.5683135090887,411.722612729939,418.429601804324,14820000
2024-10-18,414.2686767578125,415.74480139281076,412.3863638860618,413.25817959093666,17145300
2024-10-21,414.8829040527344,415.0612217475957,409.89971357797583,412.24765392774344,14206100
2024-10-22,423.5317077636719,426.57311612841215,414.1498320229674,414.595626294547,25482200
2024-10-23,420.6487731933594,427.06845240983137,418.59802889539156,426.8504984713963,19654400
2024-10-24,420.777587890625,422.01595572726984,418.46925331230875,421.3719802653427,13581600
2024-10-25,424.16571044921875,428.4950392124222,422.6004269353124,422.78866124967664,16899100
2024-10-28,422.6202392578125,427.9204593260478,422.33292947161533,427.64306615669506,14882400
2024-10-29,427.93035888671875,429.1390069836367,421.8375655534697,424.01710482121905,17644100
2024-10-30,428.50494384765625,434.41938919264413,428.07895261488494,433.3692558016521,29749100
2024-10-31,402.5685729980469,412.2872801691042,402.51902015050615,411.49470671072675,53971000
2024-11-01,406.5511474609375,411.6334132123408,403.7078601300334,405.2038179490663,24230400
2024-11-04,404.658935546875,406.6007179042562,401.79584509345045,405.9864621175824,19672300
2024-11-05,407.6310729980469,411.0390638487428,404.2825213873615,404.5698312031398,17626000
2024-11-06,416.2698669433594,416.5373737173725,406.6997576825849,408.5821007827268,26681800
2024-11-07,421.47100830078125,422.87780730764854,415.97266781837374,417.3596335925896,19901800
2024-11-08,418.6079406738281,422.5310812867246,417.8550033981939,421.3620693729889,16891400
2024-11-11,414.1200866699219,420.8567950462537,412.1287816798458,418.58809689323664,24503300
2024-11-12,419.0933532714844,420.49023567836724,413.3176195666668,414.35783635110096,19401200
2024-11-13,421.2431945800781,425.3347363138495,414.31822142109314,417.7163255743709,21502200
2024-11-14,422.9174499511719,424.1855372830497,416.0915525882571,421.04502345240303,30246900
2024-11-15,411.1380920410156,418.86549468955633,409.79076244428035,415.91324532993855,28247600
2024-11-18,411.8910217285156,414.5064386408341,408.26507740364855,411.00928939667125,24727000
2024-11-19,413.90216064453125,414.0507587358417,407.7202079437107,409.2656885605185,18133500
2024-11-20,411.62353515625,413.40680290697327,406.7592228682752,412.9906980283946,19191700
2024-11-21,409.8466491699219,416.70605256605285,407.28555520801666,416.4281041493026,20780200
2024-11-22,413.9463806152344,414.3434454251094,408.04987579157546,408.35760329128635,24814600
2024-11-25,415.7232971191406,417.99650611752486,411.812146489521,415.3162958278843,27691100
2024-11-26,424.8559265136719,425.89825580258685,415.78287220202776,416.5174436728799,23458900
2024-11-27,419.89251708984375,424.10148899734514,418.929618998767,421.9969878965425,18332400
2024-11-29,420.3591003417969,421.76871536801127,414.7405434642979,417.0137828520631,16271900
2024-12-02,427.82403564453125,429.82923270647603,418.22483367708463,418.48293944626425,20207200
2024-12-03,428.04241943359375,429.30310856781665,424.6077345204632,426.69236269283573,18302000
2024-12-04,434.2168884277344,436.45041220115866,429.4619560010729,429.8590208353051,26009400
2024-12-05,439.3788146972656,441.40388483943747,432.9760643904688,434.71324963786515,21697800
2024-12-06,440.32183837890625,442.8333105145372,438.5350012201072,439.0611189309198,18821000
2024-12-09,442.7538757324219,445.0469576507044,437.2743084708553,439.35893665859504,19144400
2024-12-10,440.0835876464844,446.32753597079886,438.3662754088612,441.1358533918597,18469500
2024-12-11,445.7021484375,447.05220524938716,440.79832040277716,440.79832040277716,19200200
2024-12-12,446.2679748535156,452.8196506561494,445.8212579806136,445.8212579806136,20834800
2024-12-13,443.9947204589844,448.124261247401,442.3170935669994,445.15616611270633,20177800
2024-12-16,448.2831115722656,448.86878750909034,442.01932060586137,443.99473862109255,23598800
2024-12-17,451.1321105957031,451.95604970720296,446.277934423515,447.70739213787743,22733500
2024-12-18,434.1871032714844,449.3353370303597,433.8197872534811,448.0150896587636,24444500
2024-12-19,433.8297119140625,439.9346705847199,433.12491959024413,438.38609658906347,22963700
2024-12-20,433.4029235839844,440.4906238895222,425.49128413888167,429.93845914028344,64263700
2024-12-23,432.0627746582031,434.44519400818086,429.6604823749245,433.54185407205193,19152500
2024-12-24,436.1128845214844,436.3809267682004,431.0105391906017,431.4671622449362,7164500
2024-12-26,434.9018249511719,437.7111185947039,433.4326819773249,435.86472311645826,8194200
2024-12-27,427.3773193359375,432.0329778888151,423.2279358558446,431.4175228637617,18117700
2024-12-30,421.71905517578125,424.41913845880714,418.8105181563676,422.9400590771193,13158700
2024-12-31,418.4134521484375,423.6051649635355,417.5796069111211,422.97977346202197,13246500
2025-01-02,415.51483154296875,422.9500047735069,411.81216477472935,422.4139505741353,16896500
2025-01-03,420.2499084472656,420.9249216883709,416.46781065088146,417.99651176266025,16662900
2025-01-06,424.7169189453125,431.13954123076036,422.36427897867014,424.8658144569793,20573600
2025-01-07,419.277099609375,427.49646630939253,417.7185890028598,425.85855484956164,18139100
2025-01-08,421.4510498046875,423.84340560662326,418.4531754229048,420.35909877353964,15054600
2025-01-10,415.88214111328125,421.5999414060332,411.98089654314987,421.52054055637365,20201100
2025-01-13,414.135009765625,415.4354144937977,409.2708974707551,412.19927707865725,17604800
2025-01-14,412.62615966796875,416.6663329915462,407.7123952362894,414.7504731982745,16935900
2025-01-15,423.188232421875,425.01475491103537,415.20709891745935,416.06081709812753,19637800
2025-01-16,421.4708557128906,426.34490420898106,421.2822749228641,425.56071106349873,15300000
2025-01-17,425.8883056640625,431.29840862027794,425.0346177976779,430.91124996405387,26197500
2025-01-21,425.3621826171875,427.74460185190514,422.4834247796493,427.04974598441896,26085700
2025-01-22,442.9325866699219,443.9947282693763,432.8072669314077,434.3558409675422,27803800
2025-01-23,443.4388427734375,443.4785583455101,438.2670028193458,438.76334144088526,18389300
2025-01-24,440.8082580566406,443.37928850377745,438.16773293128523,441.9002090925553,15549500
2025-01-27,431.3778076171875,432.01313557520695,420.39880005578783,420.90507512895306,35647800
2025-01-28,443.92529296875,445.0966448918235,428.2211310848717,431.4175531471292,23491700
2025-01-29,439.0909118652344,443.60761150041753,437.17505205552743,443.41900040059096,23581400
2025-01-30,411.9510803222656,419.7634446369454,410.1344944692085,415.7033987332922,54586300
2025-01-31,412.02056884765625,417.60934595958213,411.87167333636467,415.91187654265417,34161900
2025-02-03,407.91094970703125,412.36806087424213,405.6674894234756,408.5859629677824,25679100
2025-02-04,409.35028076171875,410.8889485554991,406.7395349510832,409.66794472749183,20532100
2025-02-05,410.2635803222656,410.7996042139957,407.39472859021873,409.33046130378085,16316700
2025-02-06,412.77508544921875,415.1376622891217,410.9684054782215,410.9684054782215,16309800
2025-02-07,406.7494812011719,415.58430218979566,405.1115698860282,413.4302096384315,22886800
2025-02-10,409.2013854980469,412.4176498447071,407.91091729068654,410.6804647918203,20817900
2025-02-11,408.4271240234375,409.4694230026259,406.30278019920314,406.64031711794166,18140600
2025-02-12,406.044677734375,407.7421472112012,401.40886202523427,404.22806155020925,19121700
2025-02-13,407.5337219238281,407.99034497113007,403.38430804391083,404.01963601763975,23891700
2025-02-14,405.43914794921875,405.91564391864586,402.9078331667541,404.80385028408716,22758500
2025-02-18,406.6402893066406,407.59325090478893,403.52326846051176,405.01228421128855,21423100
2025-02-19,411.73272705078125,412.44745587382107,404.66486996411237,404.89319663470326,24114200
2025-02-20,413.91107177734375,417.07410775463984,410.3402184035009,413.0755545581438,23508700
2025-02-21,406.03326416015625,415.8207899827264,405.71499358869687,415.11458446579724,27524800
2025-02-24,401.845703125,407.1870631835248,397.1906661264377,406.3316636333371,26443700
2025-02-25,395.77825927734375,399.77684273234365,394.58467628789543,398.9612079589026,29387400
2025-02-26,397.5985107421875,401.4478696916858,392.1477210913464,395.8876811696496,19619000
2025-02-27,390.4368896484375,403.5764407452776,390.0788238664077,399.13027515598884,21127400
2025-02-28,394.87310791015625,395.50970978817173,384.50868780557136,390.5662102627109,32845700
2025-03-03,386.41845703125,396.69339168929787,384.10089457458224,396.69339168929787,23007700
2025-03-04,386.53778076171875,390.48661254503907,378.9683745181786,381.3555708063787,29342900
2025-03-05,398.8816223144531,399.52818059067016,386.73673843465946,387.2639110911412,23433100
2025-03-06,394.7736511230469,400.00558222724027,390.5860785359009,392.1775528184261,23304600
2025-03-07,391.2127380371094,392.6947831487431,383.4841811851977,390.2280267594304,22034100
2025-03-10,378.13287353515625,384.3395902213564,375.20854809150063,383.7825787420743,32840100
2025-03-11,378.42132568359375,383.9417190881288,374.900193646485,376.9790454259089,30380200
2025-03-12,381.22625732421875,383.1658713736677,376.92931616803475,380.9079867475423,24253600
2025-03-13,376.7502746582031,383.2653663209318,375.4373363609022,381.11688044146297,20473000
2025-03-14,386.4880676269531,388.1491759928466,377.48633735073093,377.7548866940246,19952800
2025-03-17,386.6273193359375,390.61591588488574,383.5140048019888,384.6379840789578,22474300
2025-03-18,381.4749450683594,385.3044217812384,379.06786623501773,385.0060336134189,19486900
2025-03-19,385.75201416015625,387.6020814133235,381.9523764633006,383.47421674907764,19185500
2025-03-20,384.7772521972656,389.70086948967395,381.2362375881449,383.68311164841384,18470500
2025-03-21,389.1736755371094,389.65109658333733,380.7587653391681,381.1765391094654,39675900
2025-03-24,390.9839782714844,393.2916146921325,387.7314257194749,393.2916146921325,21004500
2025-03-25,393.0528564453125,394.2464393645113,390.5463049956332,391.8194783223531,15775000
2025-03-26,387.8905334472656,393.2020549018058,386.4980048485776,392.89371036762657,16108400
2025-03-27,388.497314453125,390.1484665522675,385.3342783094565,388.0497321808232,13766800
2025-03-28,376.7801208496094,387.0550554138024,374.9200970667492,386.01063609307533,21632000
2025-03-31,373.3883056640625,375.0593400396717,365.28173999012597,370.5534967757106,35184700
2025-04-01,380.15203857421875,380.80852287787553,371.2398247656492,372.65223585591366,19689500
2025-04-02,380.1023254394531,383.0266205201498,374.6117403662579,375.95454781806535,16092600
2025-04-03,371.1204528808594,375.4671762502354,367.3805229509676,372.7915176951189,30198000
2025-04-04,357.92120361328125,372.5925514540549,357.5631378295283,362.1883363320907,49209900
2025-04-07,355.9517822265625,369.021730877009,342.9514979578054,349.00902084094025,50425000
2025-04-08,352.6694030761719,371.65760721529676,348.38238740402795,366.2963637047226,35868900
2025-04-09,388.4077453613281,391.1331552543464,351.21713920354574,351.6547953803853,50199700
2025-04-10,379.3165283203125,381.85291877896515,365.838762955237,380.02273387837465,38024400
2025-04-11,386.378662109375,387.97010607095405,376.86964177115533,378.61031016462425,23839200
2025-04-14,385.7420654296875,392.54558862795363,382.1612557582716,391.1232211496066,19251200
2025-04-15,383.67315673828125,389.80031299588615,382.11152127039287,386.4383315419063,17199900
2025-04-16,369.6284484863281,379.5751254610235,366.0377126687907,378.6401657518634,21967800
2025-04-17,365.81884765625,372.32398224080106,364.9336092793292,371.757014425277,21120200
2025-04-21,357.2050476074219,362.5364820854384,353.7734623702264,360.88533011613976,20807300
2025-04-22,364.864013671875,365.80892977570767,357.94110461161955,361.44235434917846,19485000
2025-04-23,372.3936462402344,378.3616523034824,371.0309260243866,374.05472426245655,20545500
2025-04-24,385.2347412109375,386.37863321068227,373.18933139938025,373.696621578229,22232300
2025-04-25,389.7605285644531,390.068873110604,382.54918803088736,384.93638434344297,18973200
2025-04-28,389.0741882324219,390.6457497092271,384.5783015368256,389.86991018310994,16579400
2025-04-29,391.9388427734375,392.99318803647833,388.2983555925269,389.2134328165618,14974000
2025-04-30,393.15234375,394.54487238441686,382.39003252749313,388.21877036685504,36461100
2025-05-01,423.1316223144531,434.65981700987567,422.6342884776108,428.81116623183453,58938100
2025-05-02,432.95892333984375,437.0967443095362,427.69712309519423,429.43779144193553,30757400
2025-05-05,433.8442077636719,437.15643772408293,429.80582912695047,430.5617862640975,20136100
2025-05-06,430.99945068359375,435.39589519237757,428.8708776295015,429.8953841273505,15104200
2025-05-07,431.03924560546875,435.7837995157977,428.8111693588705,431.5266230555768,23295300
2025-05-08,435.8335266113281,441.3041985489404,433.3369011589759,435.5947857400273,23491300
2025-05-09,436.39056396484375,438.38982536855053,433.55575499424157,437.6537809958818,15324200
2025-05-12,446.8644104003906,446.9738092745622,437.43494989219903,443.5621064267163,22821900
2025-05-13,446.74505615234375,448.2668964878236,442.9851831830833,445.392292323668,23618800
2025-05-14,450.5247497558594,451.47962216221697,445.75035736922496,445.75035736922496,19902800
2025-05-15,451.5412292480469,454.5904977674882,448.85068389062144,449.1894881249397,21992300
2025-05-16,452.67718505859375,452.7668658429008,447.15663182075053,450.4649678139624,23849800
2025-05-19,457.26104736328125,457.9785240250479,449.2193361148497,449.29907263869796,21336500
2025-05-20,456.56353759765625,456.73292449884485,452.72703072274504,453.9925667897047,15441800
2025-05-21,450.9831848144531,456.1749087494066,450.2258398312579,452.97617231921885,19216900
2025-05-22,453.26513671875,458.63625267798704,452.30851122486644,453.3548479183862,18025600
2025-05-23,448.6015319824219,452.09923464302557,447.33599591595265,448.402251486361,16883500
2025-05-27,459.07470703125,459.33380513701957,454.5207233060155,454.87947686866386,20974300
2025-05-28,455.75634765625,460.8982588383752,455.3278626603832,459.60282918231184,17086300
2025-05-29,457.0717468261719,460.10109634693043,453.71356774793736,459.93167902845283,13974800
2025-05-30,458.7458190917969,460.06119805700706,453.942742633105,458.1080789456966,34770500
2025-06-02,460.3502197265625,460.48971303831235,455.2880448481698,455.53716828611505,16626500
2025-06-03,461.3466796875,462.51259067234093,459.2440622117471,459.85193916930956,15743800
2025-06-04,462.2435302734375,464.05715611586317,461.3965045417047,462.3730793208357,14162700
2025-06-05,466.0401611328125,468.00325491639626,462.4029652503908,463.3296970825432,20131700
2025-06-06,468.7307434082031,471.6803564462113,467.13634729745564,468.4417517005521,15285600
2025-06-09,471.0924072265625,471.77001565920176,466.9768832876908,468.05311353771793,16469900
2025-06-10,469.26885986328125,471.14224260725143,465.3227226358238,469.53790223355384,15375900
2025-06-11,470.9628601074219,473.80287330978865,468.01324719222674,468.37197033665615,16399200
2025-06-12,477.1909484863281,478.73553201697933,471.8597009390277,473.3544415367432,18950600
2025-06-13,473.2946472167969,477.4998519181197,471.1023792861798,474.7395752703882,16814500
2025-06-16,477.46002197265625,479.00457509504827,473.3345233196989,473.5437784887318,15626100
2025-06-17,476.3638610839844,477.06138843382047,472.4177241014044,473.7331030955977,15414100
2025-06-18,478.5561218261719,479.313466764918,472.7963894918646,476.3239856832242,17526500
2025-06-20,475.7261047363281,481.76485435953526,475.1979642712812,480.53918652379775,37576200
2025-06-23,484.29595947265625,486.0398235242553,470.853268600571,476.53326469371973,24864000
2025-06-24,488.3915100097656,490.1254297173699,485.0931183138473,487.23560408546166,22305600
2025-06-25,490.5439758300781,492.8259550719198,487.67409932543603,490.3148017263918,17495100
2025-06-26,495.705810546875,496.29373818928514,491.08206511354325,491.2514824256969,21578900
2025-06-27,494.20111083984375,497.54931522943417,491.30131038962224,495.80545117387857,34539200
2025-06-30,495.66595458984375,499.0042146991214,493.5932305818623,495.2972567719388,28369000
2025-07-01,490.32470703125,496.30366915943387,489.2584818970934,494.729222512998,19945400
2025-07-02,489.36810302734375,491.76965656989233,486.98649882219644,488.2719538404123,16319600
2025-07-03,497.0909423828125,498.3764278450543,491.7098821739863,492.07857999859937,13984800
2025-07-07,495.974853515625,497.0012408266234,493.4935938943106,495.6360493014733,13981600
2025-07-08,494.8786926269531,496.4531696907806,492.3774837277821,495.4965138505155,11846600
2025-07-09,501.74456787109375,505.003091421344,497.98776704512187,498.54580110123976,18659500
2025-07-10,499.7216796875,502.67129257213526,496.0047471787155,501.2861517097084,16492100
2025-07-11,501.5552062988281,503.25920197660867,496.05454172265075,496.72220586888017,16459500
2025-07-14,501.2562561035156,502.2029372942231,499.273243347857,499.7615155353931,12058800
2025-07-15,504.04644775390625,506.51773265302506,501.027073076573,501.2562471634966,14927200
2025-07-16,503.84716796875,504.9433171823036,500.1302657221866,503.40870828332856,15154400
2025-07-17,509.9058532714844,511.5699807689203,503.84715436950415,503.9069415603956,17503100
2025-07-18,508.2615966796875,512.8355294984256,505.6507880659733,512.6760564474737,21209700
2025-07-21,508.2716064453125,510.29451797884275,503.777409841716,504.93334625634344,14066800
2025-07-22,503.4983825683594,509.40761357627605,503.4983825683594,509.1784090675831,13868600
2025-07-23,504.09625244140625,505.01304000657746,498.94439715180334,504.97317174446385,16396600
2025-07-24,509.0887451171875,511.86894085644093,505.5212803694045,506.98612743645725,16107000
2025-07-25,511.9088439941406,516.4727417364818,508.57055332296227,510.67314061143924,19125700
2025-07-28,510.7030334472656,513.1942677567645,508.3313735189307,512.2775105607909,14308000
2025-07-29,510.7727966308594,515.8050777848653,509.7663282358281,513.7224399565682,16469200
2025-07-30,511.4404296875,514.1409495778635,507.6537656967309,513.3636552782116,26380400
2025-07-31,531.62939453125,553.5024436401114,530.0350289229713,553.2831833968122,51617300
2025-08-01,522.2722778320312,533.9212911566675,519.0336734352546,533.1241083924594,28977600
2025-08-04,533.7619018554688,536.3627358241171,526.2782244119826,526.4177481275262,25349000
2025-08-05,525.8995361328125,535.41603854948,525.3913146279989,535.2964641743647,19171600
2025-08-06,523.0994262695312,529.8357336828143,522.1926437275052,529.0385508551038,21355700
2025-08-07,519.0137939453125,526.2383731099006,515.735290819572,524.9528573399085,16079100
2025-08-08,520.2095947265625,522.8204035830947,517.5888112007746,520.7676288144971,15531000
2025-08-11,519.9405517578125,525.7401525514866,517.8976909591346,520.4686618064882,20194400
2025-08-12,527.3843383789062,529.1182277589118,520.8672912006765,521.9135974657331,18667000
2025-08-13,518.7546997070312,530.8321983067945,517.5489204522431,530.244240271181,19619200
2025-08-14,520.6480102539062,524.1058750288076,518.3162490497452,520.7277467800332,20269100
2025-08-15,518.3461303710938,524.255330935539,517.2599862571353,520.9370505811125,25213300
2025-08-18,515.286865234375,520.9868407954262,512.2177084457264,519.7611730136332,23760600
2025-08-19,507.98260498046875,513.3536904476517,506.7668813962475,513.1942782099028,21481000
2025-08-20,503.9468078613281,509.2082935133009,502.6712971096552,508.0822507382742,27723000
2025-08-21,503.2980041503906,506.68168580920974,501.7808546744913,502.74904380636957,18443300
2025-08-22,506.2824401855469,509.77590173606455,501.471437254012,503.3079962424447,24324200
2025-08-25,503.3179931640625,507.2406441544574,503.1782400793436,505.6835608535286,21638600
2025-08-26,501.1021423339844,504.0366525259624,497.5787379824689,503.4177851675948,30835700
2025-08-27,505.7933349609375,506.34232576675964,498.96611661319633,501.06219963605827,17277900
2025-08-28,508.68792724609375,510.1352001425548,504.5556467937143,506.1426727693108,18015600
2025-08-29,505.7434387207031,508.64800611235046,503.5475364264987,507.7097597194238,20961600
2025-09-02,504.1763610839844,505.0547219959289,495.88188775050133,499.53505401941584,18128000
2025-09-03,504.40594482421875,506.8413890153064,501.3816064871684,502.8488615493355,16345100
2025-09-04,507.02105712890625,507.20071355848035,502.2100541109688,503.3578996917829,15509500
2025-09-05,494.0752868652344,511.0135863020471,491.4501951138555,508.11900990545524,31994800
2025-09-08,497.2693176269531,500.26371328397477,494.10522614671714,497.1794589519428,16771000
2025-09-09,497.4789123535156,501.3117351050236,496.77024724997165,500.4932596555404,14410500
2025-09-10,499.43524169921875,502.2899147028095,495.7920664455459,502.04038173392,21611800
2025-09-11,500.0740661621094,502.2300346920423,496.9499084839274,501.31173995388707,18881600
2025-09-12,508.94744873046875,511.59249216822343,502.9087629314118,505.70352006176233,23624900
2025-09-15,514.397216796875,514.5069966795595,506.05284913244947,507.8395136770829,17143800
2025-09-16,508.08905029296875,516.2637221986186,507.64986983793983,515.9144004162443,19711900
2025-09-17,509.06719970703125,510.33484666258875,504.9848440594251,509.6660849144807,15816600
2025-09-18,507.5001525878906,512.1115168727503,506.71161989545686,510.5344514878828,18913700
2025-09-19,516.96240234375,518.3298380532008,509.35664280609984,509.6061757592278,52474100
2025-09-22,513.4889526367188,516.772784556969,511.5824866494396,514.6268375894382,20009300
2025-09-23,508.2787170410156,513.6287198501773,506.3622903955001,512.8401566617626,19799600
2025-09-24,509.19696044921875,511.5225942719762,505.9730140478167,509.4265417419943,13533700
2025-09-25,506.0827941894531,509.0572380888419,504.09652154158834,507.3504106819217,15786500
2025-09-26,510.5045166015625,512.9798945996346,505.67356201643696,509.1071380786861,16213100
2025-09-29,513.6386108398438,515.8844074376258,507.9293260645142,510.5444265624633,17617800
2025-09-30,516.982421875,517.1919905812645,508.70790002171145,512.2811987663596,19728200
2025-10-01,518.7391357421875,519.5376290534263,510.7340986553811,513.8382741479315,22632300
2025-10-02,514.7765502929688,520.625588764222,509.7260051791023,516.6730253227585,21222900
2025-10-03,516.3834838867188,519.5176324904353,514.0378984273964,516.1339509263171,15112300
2025-10-06,527.5825805664062,530.0380069481532,517.2319577376861,517.6411650074094,21388600
2025-10-07,523.0010986328125,528.8102332144322,520.4658657072805,527.3030443984364,14615200
2025-10-08,523.8695068359375,525.9656203925812,522.1128458539913,522.3024933531,13363400
2025-10-09,521.4241333007812,523.3505205733983,516.4334737589328,521.3642478231245,18343600
2025-10-10,510.0054626464844,522.6019127014883,508.6779606337136,518.6692706129455,24133800
2025-10-13,513.0896606445312,515.4452371680482,510.7240930552238,515.4452371680482,14284200
2025-10-14,512.610595703125,514.3174231454748,505.05473007895694,509.2768388871209,14684300
2025-10-15,512.4708251953125,516.2238106749688,509.04724028199115,513.9979961583023,14694700
2025-10-16,510.65423583984375,515.884437136842,507.1807563967364,511.62245544117155,15559600
2025-10-17,512.62060546875,514.5170195527368,506.3622988729776,508.0890780500653,19867800
2025-10-20,515.8245239257812,517.730989827423,512.4708156147512,513.6486038577511,14665600
2025-10-21,516.6929321289062,517.7210372272165,512.0815676283437,516.533257830336,15586200
2025-10-22,519.5675659179688,524.2488070435115,516.7428964573043,520.1764726871388,18962700
2025-10-23,519.5875244140625,522.9712060783663,517.6411550810741,521.4839993377199,14023500
2025-10-24,522.6318359375,524.3685757173844,519.7372899447384,521.8133604589415,15532400
2025-10-27,530.527099609375,533.5813808592218,528.0217787333662,530.7866236569336,18734700
2025-10-28,541.057373046875,552.6855732732587,539.7598137450263,548.9725518014023,29986700
2025-10-29,540.538330078125,545.2495444281135,535.7273269044096,543.9220119141725,36023000
2025-10-30,524.77783203125,533.9705877450752,521.1446173319796,529.4889853080866,41023100
2025-10-31,516.8426513671875,528.3311587204174,514.137692119172,527.8919782690999,34006400
2025-11-03,516.0641479492188,523.9793263365088,513.628703759196,518.8389228578652,22374700
2025-11-04,513.3692016601562,514.5868933466259,506.8913048594995,510.80399534425794,20958700
2025-11-05,506.2125549316406,513.8682396575209,505.6336213981725,512.3410686781482,23024300
2025-11-06,496.1713562011719,504.75529633258907,494.88375756631746,504.7153625290288,27406500
2025-11-07,495.8918762207031,498.4470913363115,492.32853818272196,496.02163823572937,24019800
2025-11-10,505.0547180175781,505.9031361854127,497.8681564860657,499.10586069795033,26101500
2025-11-11,507.7297058105469,508.64800052182136,501.411544557113,503.85694933091565,17980000
2025-11-12,510.1851501464844,510.7141588310794,498.18758530403636,508.4084461357136,26574900
2025-11-13,502.34979248046875,512.54071024479,500.3535287599438,509.3566671737073,25273100
2025-11-14,509.2268981933594,510.644258818196,496.51070821491913,497.2992409027003,28505700
2025-11-17,506.54193115234375,511.16328656765256,503.9667643395777,507.5001596757347,19092800
2025-11-18,492.8675537109375,502.0403882023454,485.87063942574486,494.44458869198826,33815100
2025-11-19,486.2099914550781,494.264922953439,481.9279972054541,489.18443539234676,23245300
2025-11-20,478.42999267578125,493.57000732421875,475.5,492.7099914550781,26802500
2025-11-21,472.1199951171875,478.9200134277344,468.2699890136719,478.5,31769200
2025-11-24,474.0,476.8999938964844,468.0199890136719,475.0,34421000
2025-11-25,476.989990234375,479.1499938964844,464.8900146484375,474.07000732421875,28019800
2025-11-26,485.5,488.30999755859375,481.20001220703125,486.30999755859375,25709100
2025-11-28,492.010009765625,492.6300048828125,486.6499938964844,487.6000061035156,14386700
